"id","dam","sire","Year"
1131601,6843599,6843691,1979
1131602,6843571,6843744,1979
1131603,6843551,6843718,1979
1131604,5079712,6843600,1979
1131605,6843574,6843675,1979
1131606,5054036,6843665,1979
1131607,6808971,6843774,1979
1131608,5092166,6843673,1979
1131609,5054038,6843543,1979
1131610,6808989,6843533,1979
1131611,6843527,6843579,1979
1131612,5079704,5079782,1979
1131613,6843510,6843782,1979
1131614,5079741,5079795,1979
1131615,5079743,5079794,1979
1131616,5087515,6808770,1979
1131617,6808986,NA,1979
1131618,1131192,5078543,1979
1131619,6843565,6843752,1979
1131620,6843603,6843666,1979
1131621,5087676,6843676,1979
1131622,6843544,6843763,1979
1131623,6802816,6843519,1979
1131624,6843535,6843669,1979
1131625,6843528,6843682,1979
1131626,6843532,6843671,1979
1131627,6843520,6843670,1979
1131628,1333570,1405780,1979
1131629,6843511,6843656,1979
1131630,6809100,6843630,1979
1131631,2869732,6809002,1979
1131632,2811671,6843773,1979
1131634,5078532,5079726,1979
1131635,5087521,5087756,1979
1131638,5078505,5079727,1979
1131639,6843602,6843753,1979
1131640,NA,NA,1979
1131641,6843609,6843713,1979
1131642,6843640,6843705,1979
1131643,6843626,6843741,1979
1131644,5078510,5087523,1979
1131645,5078539,5079734,1979
1131646,1131194,5092169,1979
1131647,5087524,5087681,1979
1131649,6843624,6843732,1979
1131650,2869720,5054048,1979
1131651,5092059,6843573,1979
1131653,5079719,5079785,1979
1131654,5079713,6843549,1979
1131655,6843594,6843689,1979
1131656,2869635,5078524,1979
1131657,5079784,6843668,1979
1131658,6843575,6843683,1979
1131659,5079710,6843595,1979
1131660,6843678,6843792,1979
1131661,6843537,6843587,1979
1131662,6843531,6843710,1979
1131663,5079787,5087508,1979
1131664,5054031,5054033,1979
1131665,1371802,6843546,1979
1131666,6843518,6843663,1979
1131667,6843504,6843749,1979
1131668,5079718,5079786,1979
1131669,6808772,6843529,1979
1131670,6843597,6843788,1979
1131671,5092058,6843562,1979
1131672,2869669,5092060,1979
1131673,5087675,6843556,1979
1131674,1131193,5092075,1979
1131675,6843553,6843693,1979
1131676,6843620,6843754,1979
1131677,6808773,6843661,1979
1131678,5079749,5087757,1979
1131679,5092002,6802570,1979
1131680,2869642,6843653,1979
1131682,6843649,6843729,1979
1131683,6843648,6843768,1979
1131684,5087526,6808775,1979
1131685,5078529,5092044,1979
1131686,6843654,6843739,1979
1131687,6843601,6843638,1979
1131688,6843611,6843785,1979
1131689,NA,NA,1979
1134872,5078522,5079707,1979
1134873,6843585,6843727,1979
1138957,NA,NA,1981
1138959,1138032,5092098,1981
1138960,6843740,6843772,1981
1138961,2869698,5079728,1981
1138962,5078504,6843722,1981
1138963,5087524,5087681,1981
1138964,2869720,5054048,1981
1138965,5078514,5079751,1981
1138966,2869642,6843653,1981
1138967,5078529,5092044,1981
1138968,6808767,6843714,1981
1138969,6833052,6843552,1981
1138970,5092047,5092170,1981
1138971,6808909,6843757,1981
1138972,5087675,6843556,1981
1138973,NA,NA,1981
1138974,6808753,6843702,1981
1138976,1405786,6808986,1981
1138978,6843502,6843561,1981
1138979,1138956,5087526,1981
1138980,6843510,6843782,1981
1138982,5079709,5092167,1981
1138984,1147757,5092062,1981
1138987,2869629,5087671,1981
1138988,6843559,6843746,1981
1138989,5079713,6843549,1981
1138991,6843599,6843691,1981
1139711,5087501,6843554,1982
1139712,5079704,5079782,1982
1139713,5078520,5079703,1982
1139715,5087517,6843519,1982
1139716,1138515,5078545,1982
1139717,6833052,6843751,1982
1139718,5079723,6843656,1982
1139719,1138026,5078538,1982
1139720,1141201,NA,1982
1139721,1436920,6843582,1982
1139722,2869762,6843566,1982
1139723,5079722,6843511,1982
1139724,6809100,6843630,1982
1139725,1138032,5092098,1982
1139726,5078510,5087523,1982
1139727,2869722,NA,1982
1139728,6843640,6843705,1982
1139729,2869732,6843535,1982
1139730,6843649,6843729,1982
1139731,5087503,5087667,1982
1139732,5054041,6843581,1982
1139733,5079702,5079797,1982
1139734,5054039,6831942,1982
1139735,1141221,5087518,1982
1139736,6843516,6843700,1982
1139737,1333570,1405780,1982
1139738,6843626,6843741,1982
1139739,5087520,6843602,1982
1139740,5092046,6843762,1982
1139741,5078537,5079732,1982
1139742,5078511,5078540,1982
1139743,5079736,6843629,1982
1139744,6843621,6843704,1982
1139745,6809052,6843725,1982
1139746,6831933,6843643,1982
1139747,1141202,1141227,1982
1139748,6843624,6843732,1982
1139749,2869720,5054048,1982
1139750,6808773,6843661,1982
1139751,5078504,6843722,1982
1139752,1141222,5087678,1982
1139753,2869698,5079728,1982
1139757,1141203,6843642,1982
1139758,1141224,6843743,1982
1139759,1405771,6843739,1982
1139760,6843583,6843760,1982
1139761,1138952,5079755,1982
1139762,5087528,NA,1982
1139763,5078529,5092044,1982
1139764,1138029,1141204,1982
1139765,2869756,6843550,1982
1139766,1147757,5092062,1982
1139767,2867113,6808984,1982
1139768,2869635,5078524,1982
1139769,6843594,6843689,1982
1139770,5079713,6843549,1982
1139771,5079749,6843617,1982
1139772,6843558,6843780,1982
1139773,6843510,6843782,1982
1139774,6843530,6843727,1982
1139775,6843537,6843587,1982
1139776,6843591,6843664,1982
1139777,6843527,6843579,1982
1139779,6843555,6843690,1982
1139780,1141205,1141226,1982
1139781,6808772,6843529,1982
1139782,1141209,NA,1982
1139783,5079710,6843557,1982
1139785,6843559,6843746,1982
1139787,6843551,6843744,1982
1139788,6843599,6843691,1982
1139789,2869651,6843505,1982
1139790,1141225,5078528,1982
1139791,5079784,6843668,1982
1141579,5079740,5092056,1983
1141591,5079704,5079782,1983
1141592,1436920,6843582,1983
1141593,5078520,5079703,1983
1141594,5054041,6843581,1983
1141595,1141551,1141585,1983
1141596,5087503,5087667,1983
1141597,1405762,6843679,1983
1141598,5079702,5079797,1983
1141599,5054039,6831942,1983
1141600,2869762,6843566,1983
1141932,6843544,6843763,1983
1141933,6843516,6843700,1983
1141934,1138515,5078545,1983
1141935,6843670,6843751,1983
1141936,1333570,1405780,1983
1141937,1138026,5078538,1983
1141938,1138061,5092045,1983
1141939,6843625,6843631,1983
1141940,5079800,6843657,1983
1141941,1371803,6843731,1983
1141942,1141581,2869722,1983
1141943,5078503,5078541,1983
1141945,5087521,5092055,1983
1141947,5079736,6843629,1983
1141948,5079735,5087523,1983
1141949,5092168,5092169,1983
1141951,6843740,6843772,1983
1141952,2869720,5054048,1983
1141953,1141202,1141227,1983
1141954,1141229,5092097,1983
1141955,6843641,6843724,1983
1141956,6831933,6843643,1983
1141957,5087524,5087681,1983
1141958,5079749,6843617,1983
1141959,5078529,5092044,1983
1141960,1138952,5079755,1983
1141961,5054027,6843648,1983
1141962,1141208,1141586,1983
1141963,1141224,6843743,1983
1141964,6843583,6843760,1983
1141965,6843615,6843730,1983
1141966,6843611,6843785,1983
1141967,5092064,6843620,1983
1141968,1141561,5079791,1983
1141969,5078527,5079747,1983
1141972,5079721,5092063,1983
1141973,5087675,6843556,1983
1141974,6843603,6843666,1983
1141975,1138063,6843542,1983
1141976,1141562,1141583,1983
1141977,6843545,6843735,1983
1141978,1141209,5087668,1983
1141979,6808772,6843529,1983
1141980,6808753,6843702,1983
1141981,1131192,5078543,1983
1141982,6843565,6843752,1983
1141983,5079741,5079795,1983
1141984,5079793,6843561,1983
1141985,5087515,6808770,1983
1141986,1436692,NA,1983
1141987,6843510,6843782,1983
1141988,6843530,6843727,1983
1141989,6843537,6843587,1983
1141990,6843527,6843579,1983
1141991,5079705,5092061,1983
1141992,5054038,6808973,1983
1141993,6843555,6843690,1983
1141994,6843678,6843792,1983
1141995,2869756,6843550,1983
1141996,1147757,6843514,1983
1141997,5079710,6843557,1983
1141998,1141564,5087512,1983
1141999,6843597,6843788,1983
1142000,5087671,6843575,1983
1145001,5054034,5087514,1983
1145002,6843594,6843689,1983
1145003,6843559,6843746,1983
1145004,6843574,6843675,1983
1145005,5079713,6843549,1983
1145006,2869635,5078524,1983
1145007,1141205,1141226,1983
1145008,1141225,5078528,1983
1145009,1138031,1141210,1983
1145783,5079723,6843656,1984
1145784,5078537,5079732,1984
1145786,5078511,5079724,1984
1145791,1141222,5087678,1984
1145792,1145754,6843704,1984
1145795,2869698,5079728,1984
1145797,5078507,5079729,1984
1145799,5079726,5079731,1984
1145851,1146947,6843616,1984
1145852,5087521,5092055,1984
1145854,2869720,5054048,1984
1145858,6843591,6843664,1984
1145861,1141568,1141574,1984
1145863,6808989,6843676,1984
1145864,6843551,6843744,1984
1146951,5079740,5092056,1985
1146952,5079704,5079782,1985
1146953,1436920,6843582,1985
1146954,1141551,1141585,1985
1146955,5078520,5079703,1985
1146956,5054041,6843581,1985
1146957,5087503,5087667,1985
1146959,5054039,6831942,1985
1146960,6843536,6843706,1985
1146961,1141211,1145752,1985
1146962,2869762,6843566,1985
1146963,5079723,6843656,1985
1146964,6843630,6843751,1985
1146965,5079722,6843511,1985
1146966,6843625,6843631,1985
1146967,5079800,6843657,1985
1146969,5092045,6843703,1985
1146970,5078537,5079732,1985
1146971,1138032,5092098,1985
1146973,1141581,2869722,1985
1146974,1371803,6843731,1985
1146975,5079727,6843619,1985
1146976,5078505,5087679,1985
1146977,1145754,6843704,1985
1146978,2869698,5079728,1985
1146979,5092046,6843762,1985
1146980,5078504,6843722,1985
1146981,1141556,6808953,1985
1146982,5078507,5079729,1985
1146983,6809052,6843725,1985
1146984,5078503,5078532,1985
1146985,5078533,5087522,1985
1146986,5079726,5079731,1985
1146987,1146947,6843616,1985
1146988,1141232,5087521,1985
1146989,1145758,1146948,1985
1146990,5092168,5092169,1985
1146991,6843740,6843772,1985
1146992,1141202,1141227,1985
1146993,1141236,1146886,1985
1146994,6843624,6843732,1985
1146995,1141557,6843777,1985
1146996,5092002,6808775,1985
1146997,6843649,6843729,1985
1146998,5079735,6843643,1985
1146999,1138053,1141590,1985
1147000,1141234,1145757,1985
1147001,5087524,5087681,1985
1147002,6843601,6843633,1985
1147003,5078529,5092044,1985
1147004,6843583,6843760,1985
1147005,6843553,6843714,1985
1147006,1145777,6843592,1985
1147007,1141560,1141582,1985
1147008,5078527,5079747,1985
1147009,1141228,1141559,1985
1147010,5079721,5092063,1985
1147011,6843603,6843666,1985
1147012,5092170,6808909,1985
1147013,5087675,6843556,1985
1147014,1131193,5092075,1985
1147016,1141235,1145767,1985
1147017,5079798,6843521,1985
1147018,1131192,5078543,1985
1147019,5079741,5079795,1985
1147020,5079793,6843561,1985
1147021,1405786,6808986,1985
1147022,1141587,1436692,1985
1147023,1138956,6843558,1985
1147024,1138029,1141204,1985
1147025,2869756,6843550,1985
1147026,5092062,NA,1985
1147027,1141564,5087512,1985
1147028,1141209,5087668,1985
1147029,2869669,6843531,1985
1147030,5054030,5078522,1985
1147031,1371802,6843534,1985
1147032,5087671,6843557,1985
1147033,1141250,6843702,1985
1147034,5087507,5087670,1985
1147035,2867113,6808984,1985
1147036,1145770,1145778,1985
1147037,6843530,6843727,1985
1147038,5079709,5092167,1985
1147039,5087504,5087669,1985
1147040,1141565,1145771,1985
1147041,1141239,6843579,1985
1147042,5079705,5092061,1985
1147043,5079708,6843543,1985
1147045,1141566,1141589,1985
1147046,1141205,1141226,1985
1147047,5054034,5087514,1985
1147048,1141206,1145763,1985
1147049,2869635,5078524,1985
1147050,6843594,6843689,1985
1147051,6843559,6843746,1985
1147052,1141567,6843570,1985
1147053,5079713,6843549,1985
1147054,6843574,6843675,1985
1147055,1141568,1141574,1985
1147056,6843551,6843744,1985
1147057,6808989,6843676,1985
1147058,2869651,6843505,1985
1147059,5087511,6843580,1985
1147060,5087509,6843560,1985
1147061,1141225,5078528,1985
1147062,5078525,6843660,1985
1147063,1141242,1141570,1985
1147064,1141562,1141583,1985
1147065,1146950,6843563,1985
1147910,6843538,6843568,1986
1147911,1436920,6843582,1986
1147912,5079704,5079782,1986
1147913,5078520,5079703,1986
1147914,5054041,6843581,1986
1147915,1405762,6843679,1986
1147916,6843544,6843763,1986
1147917,5087517,6843519,1986
1147918,1138515,5078545,1986
1147919,6843625,6843631,1986
1147920,6843630,6843751,1986
1147921,5092045,6843703,1986
1147922,5078537,5079732,1986
1147923,5078539,6843741,1986
1147924,1141222,5087678,1986
1147925,1145779,5087510,1986
1147926,2869698,5079728,1986
1147927,5078507,5079729,1986
1147928,6809052,6843725,1986
1147929,1141232,5087521,1986
1147930,1141581,2869722,1986
1147931,1145758,1146948,1986
1147932,5079735,6843643,1986
1147933,6843740,6843772,1986
1147934,1141202,1141227,1986
1147935,1138027,5078515,1986
1147937,5079753,5087528,1986
1147938,1436923,6808770,1986
1147939,5079793,6843561,1986
1147940,5079741,5079795,1986
1147941,1131192,5078543,1986
1147942,1141220,6843776,1986
1147943,2869754,6843598,1986
1147944,5092170,6808909,1986
1147945,1138029,1141204,1986
1147946,1141587,1436692,1986
1147947,1147757,5092062,1986
1147948,2869669,6843531,1986
1147949,5054030,5078522,1986
1147950,1146945,1463852,1986
1148051,1141209,5087668,1986
1148052,5087507,5087670,1986
1148053,1141205,1141226,1986
1148054,1141246,6843792,1986
1148055,5087504,5087669,1986
1148056,1145756,1145776,1986
1148057,5079708,6843543,1986
1148058,1146887,1146949,1986
1148059,1146950,6843563,1986
1148060,2869635,5078524,1986
1148061,5079713,6843549,1986
1148062,1141242,1141570,1986
1148064,6808989,6843676,1986
1148065,1145772,2869741,1986
1148066,2869651,6843505,1986
1148067,5087511,6843580,1986
1148639,1141564,5087512,1986
1181151,5087503,5087667,1987
1181152,6843516,6843700,1987
1181153,1138515,5078545,1987
1181154,1141243,1146882,1987
1181155,5079800,6843657,1987
1181156,5087520,6843602,1987
1181157,1145754,6843704,1987
1181158,1141581,2869722,1987
1181159,6809052,6843725,1987
1181160,5087524,5087681,1987
1181161,1138053,1141590,1987
1181162,6843601,6843633,1987
1181163,5092002,6808775,1987
1181164,1141557,6843777,1987
1181165,6843624,6843732,1987
1181167,5078932,5092169,1987
1181620,2869698,5078505,1988
1230806,1436692,6843782,1989
1230807,5078520,5079703,1989
1230808,1146945,1463852,1989
1230809,1141564,6843563,1989
1230810,1141209,5087668,1989
1230811,1145763,1146921,1989
1230812,1138956,5087671,1989
1230813,5087507,5087670,1989
1230814,5054034,6843555,1989
1230815,1145779,5087504,1989
1230816,1141242,1141570,1989
1230817,5078525,6843660,1989
1230818,1141568,1141574,1989
1230819,5079713,6843600,1989
1230820,1145772,2869741,1989
1230821,1141225,5078528,1989
1230822,2869651,6843505,1989
1230823,5087511,6843580,1989
1230824,1141201,1145764,1989
1230825,1141240,5092169,1989
1230826,1138032,5092045,1989
1230827,5078539,6843741,1989
1230828,1141218,5078903,1989
1230829,1141581,2869722,1989
1230830,5078504,6843762,1989
1230831,1146907,5079729,1989
1230832,5078533,9999997,1989
1230833,1141238,5078863,1989
1230834,5087755,6843643,1989
1230835,1138053,2869755,1989
1230836,1138027,5078515,1989
1230837,5078514,6843633,1989
1230838,1145773,5092002,1989
1230839,1141557,6843777,1989
1230840,1141236,1146886,1989
1230841,1141208,6843743,1989
1230842,1145777,6843592,1989
1230843,1141586,1405768,1989
1230844,1141558,1145761,1989
1254952,5054040,6843547,1990
1254953,1436692,6843782,1990
1254955,1145769,6808975,1990
1254956,5079705,5087669,1990
1254957,5079740,5092056,1990
1254958,1146945,1463852,1990
1254959,1141564,6843530,1990
1254960,1138028,1147757,1990
1254961,5054030,5078522,1990
1254962,1138956,5087671,1990
1254963,1141209,5087668,1990
1254965,5087507,5087670,1990
1254966,5054034,6843555,1990
1254967,1141566,5078525,1990
1254968,6843543,6843690,1990
1254969,1146887,1146949,1990
1254970,6843594,6843689,1990
1254971,1141237,1146883,1990
1254972,2869635,5078524,1990
1254973,1141242,1141570,1990
1254974,1141568,1141574,1990
1254975,1141210,6808989,1990
1254976,6843549,6843746,1990
1254977,1131609,1141588,1990
1254978,1138984,6843589,1990
1254979,2869651,6843505,1990
1254980,1141225,5078528,1990
1254981,1145772,2869741,1990
1254982,1141205,1141226,1990
1254985,5054031,5054033,1990
1254986,1146946,6843749,1990
1254987,1139745,1146919,1990
1254990,5079746,6843598,1990
1254991,1145774,1145778,1990
1254992,1146916,1146931,1990
1254994,1145762,1145768,1990
1254996,1146882,5078545,1990
1254997,6843630,6843751,1990
1254998,5079800,6843657,1990
1254999,5078531,6843625,1990
1255000,1141222,6843613,1990
1255251,6843601,6843633,1990
1255252,1141240,5092169,1990
1255254,1138032,5092045,1990
1255255,5078537,5079732,1990
1255256,1146888,1146923,1990
1255257,1141218,5078903,1990
1255258,1141581,2869722,1990
1255259,2869698,5078505,1990
1255260,6843602,NA,1990
1255261,5079727,6843619,1990
1255262,5078533,9999997,1990
1255264,1141232,5087521,1990
1255265,5079735,NA,1990
1255267,1141234,1145757,1990
1255270,1131685,5078987,1990
1255271,1141236,1146886,1990
1255272,1141557,6843777,1990
1255273,6843542,6843649,1990
1255274,5078514,6843615,1990
1255275,1131640,5078977,1990
1255276,1141208,6843743,1990
1255277,1141586,1405768,1990
1255278,1141224,1146728,1990
1255279,1138062,1141217,1990
1255280,1405771,6843583,1990
1255282,1147756,0,1990
1261936,1254447,1254495,1996
1261937,1141357,1333227,1996
1261938,1254490,1301164,1996
1261939,1141525,1254491,1996
1261940,1141229,5079777,1996
1261941,1301101,1301130,1996
1261942,1318928,1320029,1996
1261943,1141375,1141397,1996
1261944,1254452,1254507,1996
1261945,1254433,1254477,1996
1261946,1131703,1320013,1996
1261947,1318926,6843601,1996
1261948,1318925,1320027,1996
1261949,1318870,1320081,1996
1261950,1139543,1254461,1996
1261951,1141387,1301600,1996
1261952,1138719,1301561,1996
1261953,1141526,1254467,1996
1261954,1254468,1301016,1996
1261955,1147221,1318289,1996
1261956,1131735,1318894,1996
1261957,1141538,1181699,1996
1261958,1254448,1254494,1996
1261959,1301168,1301565,1996
1261960,1141504,1254450,1996
1261961,1318288,1318290,1996
1261962,1301598,1301601,1996
1261963,1301171,1301722,1996
1261964,1301193,1301567,1996
1261965,1131853,1301097,1996
1261966,1131722,1301154,1996
1261967,1301142,1301172,1996
1261968,1301173,1301188,1996
1261969,1318896,1318951,1996
1261970,1301117,1318905,1996
1261971,1145282,1318898,1996
1261972,1301181,1320015,1996
1261973,1131713,1301179,1996
1261974,1139502,1141105,1996
1261975,1131746,1301020,1996
1261976,1301155,1301200,1996
1261977,1141384,1318953,1996
1261978,1318867,1318876,1996
1261979,1318912,1320021,1996
1261980,1141524,NA,1996
1261981,1318903,1318954,1996
1261982,1318904,1318906,1996
1261983,1141120,1145285,1996
1261984,1318910,1320046,1996
1261985,1318907,1320016,1996
1261986,1146000,NA,1996
1261987,1320001,1320091,1996
1261988,1147252,1320072,1996
1261989,1320003,1320071,1996
1261990,1319000,1320070,1996
1261991,1139605,1301685,1996
1261992,1145155,1145281,1996
1261993,1139539,1148096,1996
1261994,1320005,1320092,1996
1261995,1318887,NA,1996
1261996,1139547,1301682,1996
1261997,1320006,1320076,1996
1261998,1254408,1320077,1996
1261999,1320007,NA,1996
1262000,1131855,1181698,1996
1271001,1145172,6807580,1996
1271002,1138119,1318931,1996
1271003,1301665,6841320,1996
1271004,1318932,1320082,1996
1271005,1318930,1320030,1996
1271006,1301688,1320033,1996
1271007,1148632,NA,1996
1271008,1318937,1320034,1996
1271009,1318880,1318939,1996
1271010,1318940,1320035,1996
1271011,1318941,1320036,1996
1271012,1318942,1318963,1996
1271013,1318933,1318960,1996
1271014,1318872,1318879,1996
1271015,1131938,1301681,1996
1271016,1138138,1139654,1996
1271017,1131915,1301692,1996
1271018,1318357,5087855,1996
1271019,1320050,1479454,1996
1271020,1318970,1320053,1996
1271021,1318971,1320084,1996
1271022,1141530,1318968,1996
1271023,1131792,1254405,1996
1271024,1131902,1145083,1996
1271025,1318946,1320051,1996
1271026,1139606,1148571,1996
1271027,1318976,1320085,1996
1271028,1301590,1320059,1996
1271029,1318882,1320043,1996
1271030,1318883,1318973,1996
1271031,1131875,1318972,1996
1271032,1145122,1318983,1996
1271033,1139980,1318982,1996
1271034,1318984,NA,1996
1271035,1318985,1405765,1996
1271036,1318979,1320055,1996
1271037,1318873,1320062,1996
1271038,1318987,NA,1996
1271039,1254407,1320088,1996
1271040,1139982,1301125,1996
1271041,1318981,1320058,1996
1271042,1181821,1320057,1996
1271043,1318992,1320066,1996
1271044,1139538,1301667,1996
1271045,1145251,1318996,1996
1271046,1318995,1320089,1996
1271047,1131750,1147091,1996
1271048,1141139,1301669,1996
1271049,1301100,1301195,1996
1271050,1141236,1146886,1996
1271051,1145250,1301671,1996
1271052,1139595,1254418,1996
1271053,1320009,1320078,1996
1271054,1320011,NA,1996
1271055,1320010,1320093,1996
1271056,1318999,1320069,1996
1271057,1301670,NA,1996
1271058,1139679,NA,1996
1271059,1318998,1320090,1996
1271060,1318997,1320068,1996
1271061,1436692,1436920,1996
1271062,1141566,6843570,1996
1271063,1146887,1146949,1996
1271064,1146911,1405786,1996
1271065,2869635,5078524,1996
1271066,5054034,5087514,1996
1271067,1141568,1141574,1996
1271068,1141225,1147760,1996
1271069,1141242,1141570,1996
1271070,1131676,5079000,1996
1271071,1333570,1405780,1996
1271072,1141555,6843703,1996
1271073,1139722,1141591,1996
1271074,2869669,6843530,1996
1271075,5079705,5079732,1996
1271076,1371803,5087679,1996
1271077,1145776,1318262,1996
1271078,1141581,1146938,1996
1271079,1138987,1146914,1996
1271080,1146913,5087521,1996
1271081,1141948,6843619,1996
1271082,1141556,5092046,1996
1271083,5078504,6843762,1996
1271084,1146977,1318889,1996
1271085,1141593,1147018,1996
1271086,1147948,1318261,1996
1271087,1131630,1147012,1996
1271088,1147006,1148055,1996
1271089,1141234,5078952,1996
1271090,5078951,6843649,1996
1271091,1131640,5078997,1996
1271092,1141224,1146942,1996
1271093,5079721,5092063,1996
1271094,5079798,6843521,1996
1271095,1405771,6843583,1996
1271096,1146929,6843522,1996
1271701,1146887,1146949,1997
1271702,1141566,6843570,1997
1271703,2869635,5078524,1997
1271704,1141210,6808989,1997
1271705,6843505,6843580,1997
1271706,1146931,NA,1997
1271707,1131676,5079000,1997
1271708,1145763,5087671,1997
1271709,1138028,5054030,1997
1271710,1405771,6843583,1997
1271711,1141586,1145761,1997
1271712,1146728,1301565,1997
1271713,2869736,NA,1997
1271714,5078951,6843649,1997
1271715,1138027,5092002,1997
1271716,1145765,5078990,1997
1271717,5092097,6843556,1997
1271718,1141201,6843741,1997
1271719,5079705,5079732,1997
1271720,1141590,5078532,1997
1271721,1141234,1145757,1997
1271722,1145776,1318262,1997
1271723,1146996,5078991,1997
1271724,1141555,6843703,1997
1271725,1138987,1146914,1997
1271726,1146913,5087521,1997
1271727,5079726,5092171,1997
1271728,1141556,5092046,1997
1271729,5078504,6843762,1997
1271730,1141387,1301600,1997
1271731,1301127,1301573,1997
1271733,1301562,1301693,1997
1271734,1254447,1254495,1997
1271735,1141538,1181699,1997
1271736,1254444,1254501,1997
1271737,1301100,1301195,1997
1271738,1301146,1301596,1997
1271740,1318288,1318290,1997
1271741,1301115,1301175,1997
1271742,1145128,1254411,1997
1271743,1318896,1318951,1997
1271744,1131703,1320013,1997
1271745,1301118,1318897,1997
1271746,1301178,1301201,1997
1271747,1131713,1301179,1997
1271749,1131702,1318358,1997
1271750,1139502,1141105,1997
1271751,1318876,1320079,1997
1271752,1139587,1254409,1997
1271753,1139669,1301674,1997
1271754,1271647,1320115,1997
1271755,1141120,1145285,1997
1271756,1139676,1318869,1997
1271757,1318904,1318906,1997
1271759,1254433,1254477,1997
1271760,1254428,1254458,1997
1271762,1271677,1320129,1997
1271763,1141520,1320048,1997
1271764,1145896,1301690,1997
1271765,1138138,1139654,1997
1271766,1131923,6806952,1997
1271767,1131907,1147281,1997
1271768,1148104,1320032,1997
1271769,1318933,1318960,1997
1271770,1148429,1181168,1997
1271771,1318872,1318879,1997
1271772,1131821,1301688,1997
1271773,1131909,1138713,1997
1271774,1301096,1320031,1997
1271776,1320026,1320130,1997
1271777,1318925,1320027,1997
1271778,1301133,1318926,1997
1271779,1145041,1301691,1997
1271780,1141513,1320028,1997
1271781,1139665,1141109,1997
1271782,1131807,1301123,1997
1271783,1318928,1320029,1997
1271784,1131872,1318878,1997
1271785,1318880,1318929,1997
1271786,1139984,1141366,1997
1271788,1318934,1318961,1997
1271789,1148632,1271648,1997
1271790,1148579,1318936,1997
1271791,1318938,1318962,1997
1271792,1318942,1318963,1997
1271794,1320050,1479454,1997
1271795,1141388,1301651,1997
1271796,1318970,1320053,1997
1271797,1318971,1320084,1997
1271798,1141530,1318968,1997
1271800,1318945,1320039,1997
1271801,1131915,1301692,1997
1271802,1301652,1463839,1997
1271803,1318946,1320051,1997
1271804,1131792,1254405,1997
1271805,1145103,1147242,1997
1271806,1318884,1320116,1997
1271808,1131875,1318972,1997
1271809,1145122,1318983,1997
1271810,1318985,1405765,1997
1271811,1145254,1320060,1997
1271812,1131901,1254486,1997
1271813,1320061,1320122,1997
1271814,1320112,1320143,1997
1271815,1138103,1301587,1997
1271817,1318873,1320062,1997
1271818,1254407,1320088,1997
1271819,1271652,1320113,1997
1271820,1318989,1320087,1997
1271821,1318874,1318886,1997
1271822,1254419,1318993,1997
1271823,1131750,1147091,1997
1271824,1318995,1320089,1997
1271825,1139992,1301670,1997
1271826,1318999,1320069,1997
1271828,1145274,1148572,1997
1271829,1271649,1271657,1997
1271830,1145155,1145281,1997
1271841,1139508,1320070,1997
1271842,1131852,1147225,1997
1271843,1320003,NA,1997
1271844,1320002,1320073,1997
1271845,1320005,1320092,1997
1271846,1139539,1148096,1997
1271847,1320012,1320075,1997
1271848,1131916,1148072,1997
1271849,1131855,1181698,1997
1271850,1271646,1320011,1997
1301203,1301124,1479454,1992
1301208,1138138,1181829,1992
1301212,1131807,1301123,1992
1301307,1139973,1301140,1992
1301311,1139651,1254409,1992
1301314,1139595,1254418,1992
1301331,1141224,1146728,1992
1301335,1145710,6843732,1992
1301336,1141586,1405768,1992
1301337,1141568,1141574,1992
1301340,1131602,1141206,1992
1301341,1436692,6843782,1992
1301343,1141240,5092169,1992
1301344,1141234,1145757,1992
1301345,1146888,1146923,1992
1301346,1146938,1146941,1992
1301347,1145776,1146948,1992
1301348,1146913,5087521,1992
1301349,5078504,6843762,1992
1301350,1141555,6843703,1992
1301352,5087755,6843643,1992
1301353,1138053,2869755,1992
1301354,1131685,1301122,1992
1301732,1141204,5092062,1993
1301733,1138028,5054030,1993
1301734,1145774,1145778,1993
1301735,1141583,1146950,1993
1301736,1146919,6843537,1993
1301737,1141250,6843702,1993
1301738,1141242,1141570,1993
1301739,1141246,1146917,1993
1301740,5079713,6843600,1993
1301742,1141210,6808989,1993
1301743,1131609,1141588,1993
1301744,6843505,6843580,1993
1301745,1146916,1146931,1993
1301747,6843594,6843689,1993
1301748,1146887,1146949,1993
1301749,1436692,6843782,1993
1301750,5079798,6843521,1993
1301751,1146942,5078997,1993
1301752,1141224,1146728,1993
1301753,1141203,6843743,1993
1301754,1141586,1405768,1993
1301755,1141217,5078990,1993
1301756,1131640,5078977,1993
1301757,1146907,5078991,1993
1301758,1138053,2869755,1993
1301759,6843542,6843649,1993
1301760,1145751,1145765,1993
1301761,5079721,5092002,1993
1301762,2869669,6843530,1993
1301763,1141236,1146886,1993
1301764,1131685,1301122,1993
1301765,1141201,6843741,1993
1301766,1141240,5092169,1993
1301767,1145776,1146948,1993
1301768,1141590,5078532,1993
1301770,5079726,5079731,1993
1301771,1146913,5087521,1993
1301772,1146888,1146923,1993
1301773,1145762,1145768,1993
1301775,1146882,6843740,1993
1301776,5078531,6843625,1993
1301777,5092171,6843613,1993
1301778,1145754,1371803,1993
1301779,1141581,1147759,1993
1301780,2869698,5078505,1993
1301782,1141556,5092046,1993
1301783,5078504,6843762,1993
1301785,5078903,5078946,1993
1318296,2869635,5078524,1994
1318297,1141556,5092046,1994
1318298,5078504,6843762,1994
1318397,1131711,NA,1994
1318663,1139572,NA,1995
1320474,1301132,5079777,1998
1320476,1318925,1320027,1998
1320477,1318918,1318956,1998
1320478,1318996,1320068,1998
1320481,1255077,1318909,1998
1320482,6843505,6843580,1998
1320483,1146913,5087521,1998
1320486,1146996,5078991,1998
1320487,1145765,5078990,1998
1320488,1141586,1145761,1998
1320544,1131806,1181697,1993
1320561,1139611,1254484,1993
1320565,1131856,1254464,1993
1320566,1131881,1141189,1993
1320583,1131755,1141192,1993
1320585,1145041,1301691,1993
1320586,1131807,1301123,1993
1320593,1131872,1301687,1993
1320594,1131703,1141508,1993
1320600,1141548,1301674,1993
1320602,1139919,1139984,1993
1320609,1131821,1301688,1993
1320611,1131909,1131923,1993
1320612,1131907,1138713,1993
1320623,1131901,1254406,1993
1320624,1145075,1301590,1993
1320626,1131929,1181821,1993
1320629,1301124,1479454,1993
1320631,1145116,1301675,1993
1320656,1139672,1145117,1993
1320672,1139538,1301667,1993
1320675,1145155,1145281,1993
1320676,1139605,1301685,1993
1320694,1131862,1301678,1993
1320704,1139546,1139558,1993
1320709,1131852,1301139,1993
1332099,1254444,1254501,1999
1332100,1141538,1318289,1999
1332101,1301100,1301195,1999
1332102,1301146,1320752,1999
1332103,1254448,1254494,1999
1332106,1301134,6843950,1999
1332108,1301570,1301593,1999
1332109,1131853,1301154,1999
1332110,1301173,1301680,1999
1332111,1230735,1320454,1999
1332113,1301012,1301116,1999
1332114,1145035,1301176,1999
1332115,1301118,1318897,1999
1332116,1131703,1320013,1999
1332117,1318899,1320014,1999
1332118,1181222,1320441,1999
1332120,1181689,1318875,1999
1332121,1131702,1318358,1999
1332122,1139502,1141105,1999
1332123,1131746,1301020,1999
1332125,1301149,1301183,1999
1332126,1139571,1320446,1999
1332127,1255438,1320447,1999
1332128,1145058,1301679,1999
1332129,1271654,1404479,1999
1332130,1141384,1318953,1999
1332131,1254407,1320088,1999
1332132,1271660,1318987,1999
1332135,1181821,1320057,1999
1332137,1301588,1320146,1999
1332138,1320052,1320083,1999
1332139,1139606,1148571,1999
1332140,1148438,1254412,1999
1332141,1139698,1147086,1999
1332142,1139973,1147140,1999
1332143,1318975,1320086,1999
1332144,1145103,1147242,1999
1332145,1145298,1318354,1999
1332146,1131902,1145083,1999
1332147,1318970,1320053,1999
1332148,1320050,1479454,1999
1332149,1318941,1320036,1999
1332150,1230547,1320452,1999
1332151,1181202,1254413,1999
1332153,1131722,1301109,1999
1332155,1254433,1254477,1999
1332157,1139611,1301150,1999
1332159,1147164,1318917,1999
1332160,1254453,1301571,1999
1332161,1301131,1320047,1999
1332162,1181691,1254490,1999
1332163,1254509,1436938,1999
1332164,1301101,1320023,1999
1332165,1145112,1301664,1999
1332166,1141398,1301143,1999
1332167,1271671,5078877,1999
1332169,1131807,1301123,1999
1332170,1141192,1320029,1999
1332171,1145928,1146056,1999
1332172,1318900,1318952,1999
1332173,1254481,6867364,1999
1332174,1318880,1318929,1999
1332175,1318924,1318959,1999
1332176,1147283,1230744,1999
1332177,1131763,1181688,1999
1332178,1318934,1318961,1999
1332179,1301691,NA,1999
1332180,1301096,1320031,1999
1332201,1139587,1254409,1999
1332202,1141524,1332073,1999
1332203,1318903,1318954,1999
1332204,1141120,1145285,1999
1332205,1148633,1320145,1999
1332206,1318955,1320016,1999
1332207,1320002,1320073,1999
1332208,1318908,1320017,1999
1332209,1147252,1320072,1999
1332210,1131852,1147225,1999
1332211,1255185,1271644,1999
1332212,1145075,1146893,1999
1332213,1139605,1301685,1999
1332214,1139579,1145303,1999
1332215,1139508,1146891,1999
1332216,1139539,1148096,1999
1332217,1271650,1320007,1999
1332218,1131916,1148072,1999
1332219,1320010,1320046,1999
1332220,1301141,1320149,1999
1332221,1139669,1148410,1999
1332222,1320005,1320092,1999
1332224,1181629,1254408,1999
1332225,1139927,1148508,1999
1332226,1271642,1332071,1999
1332227,1318995,1320089,1999
1332228,1131750,NA,1999
1332229,1254419,1318993,1999
1332230,1145299,1318991,1999
1332231,1139656,1145175,1999
1332232,1271649,1271657,1999
1332233,1139504,1318885,1999
1332234,1145155,1145281,1999
1332236,1318872,1318879,1999
1332237,1131821,1301688,1999
1332238,1148429,1181168,1999
1332239,1318933,1318960,1999
1332240,1131909,1138713,1999
1332241,1301665,1318931,1999
1332242,1141566,6843570,1999
1332243,1146887,1146949,1999
1332244,2869635,5078524,1999
1332245,1141568,1141574,1999
1332246,1146916,1146931,1999
1332247,6843505,6843580,1999
1332248,1141570,1320430,1999
1332249,1141225,1147760,1999
1332250,5087503,6843690,1999
1332251,1146882,6843740,1999
1332252,1147759,6843625,1999
1332253,1145776,1318262,1999
1332254,1146729,1146938,1999
1332255,1146913,5087521,1999
1332256,1141556,5092046,1999
1332257,5078504,6843762,1999
1332258,5079726,5092171,1999
1332259,1141948,1147930,1999
1332260,1147948,1320453,1999
1332263,1146996,5078991,1999
1332266,1141590,5078532,1999
1332268,1138027,5092002,1999
1332269,1131685,1301122,1999
1332271,1131676,5079000,1999
1332272,1141978,6843555,1999
1332273,1138515,5087517,1999
1332274,1405762,6831942,1999
1332275,1255000,5079721,1999
1332276,1146728,1405768,1999
1332277,1405771,6843583,1999
1332278,1141224,1146942,1999
1332279,5078520,5078886,1999
1332280,1141586,1145761,1999
1332281,1146929,6843522,1999
1332282,1141238,6843732,1999
1332283,1131640,5078997,1999
1332284,1141240,5078951,1999
1332285,1139722,1141591,1999
1332286,1301568,1320443,1999
1333291,1254444,1254501,2000
1333292,1301158,1301562,2000
1333295,1301566,1318356,2000
1333296,1254448,1254494,2000
1333297,1301146,1320752,2000
1333298,1301134,6843950,2000
1333299,1147251,1301594,2000
1333300,1301193,1301567,2000
1333302,1181691,1254490,2000
1333303,1254460,1254489,2000
1333306,1271658,1318280,2000
1333307,1254433,1254477,2000
1333308,1139611,1301150,2000
1333310,1138138,1139654,2000
1333311,1131938,1301681,2000
1333312,1318933,1318960,2000
1333314,1131821,1301688,2000
1333316,1147283,1230744,2000
1333319,1301173,1301680,2000
1333320,1148128,1320126,2000
1333321,1301570,1301593,2000
1333322,1147276,1320080,2000
1333323,1301188,1318896,2000
1333324,1301201,1333213,2000
1333325,1131807,1301123,2000
1333327,1131763,1181688,2000
1333328,1230495,1318357,2000
1333329,1147167,1333231,2000
1333330,1318880,1318929,2000
1333331,1141109,1318928,2000
1333332,1145928,1146056,2000
1333333,1318900,1318952,2000
1333334,1181689,1318875,2000
1333335,1181222,1320441,2000
1333336,1131746,1301020,2000
1333337,1148604,1308355,2000
1333339,1230544,1320144,2000
1333340,1141384,1318953,2000
1333341,1318904,1318906,2000
1333342,1318903,1318954,2000
1333343,1141524,1332073,2000
1333344,1141120,1145285,2000
1333345,1230736,1320038,2000
1333346,1318955,1320016,2000
1333347,1148110,1230585,2000
1333348,1318942,1318963,2000
1333349,1271650,1320007,2000
1333350,1139539,1148096,2000
1333351,1320005,1320092,2000
1333352,1139547,1301682,2000
1333355,1271660,1318987,2000
1333357,1271649,1271657,2000
1333358,1145155,1145281,2000
1333359,1301568,1320443,2000
1333360,1301587,1320440,2000
1333361,1181821,1320057,2000
1333362,1230726,1320003,2000
1333363,1318967,1332075,2000
1333364,1138028,5054030,2000
1333365,1463852,6843518,2000
1333366,1138515,1141207,2000
1333367,1131676,5079000,2000
1333368,1145774,1145778,2000
1333370,1141570,1320430,2000
1333371,2869635,5078524,2000
1333372,5087503,6843690,2000
1333373,1147002,5087501,2000
1333374,1146887,1146949,2000
1333375,1333570,1405780,2000
1333376,1141555,6843703,2000
1333377,1320433,1333221,2000
1333378,1255254,1333216,2000
1333379,2869669,6843530,2000
1333380,1146996,5078991,2000
1333381,1145776,1318262,2000
1333382,1146913,5087521,2000
1333383,1141556,5092046,2000
1333384,5078504,6843762,2000
1333385,1146917,5078946,2000
1333386,5079726,5092171,2000
1333388,1146929,6843522,2000
1333389,1141238,6843732,2000
1333390,1255000,5079721,2000
1333391,1131685,1301122,2000
1333392,1146910,1301352,2000
1333393,1138027,5092002,2000
1333394,1301760,5092170,2000
1333395,1254982,1333206,2000
1333396,1320141,2869736,2000
1333397,1141240,5078951,2000
1333398,1139722,1141591,2000
1333401,1405771,6843583,2000
1333833,1301146,1320752,2001
1333838,1301134,6843950,2001
1333839,1301168,1318288,2001
1333841,1301570,1301593,2001
1333842,1131703,1320013,2001
1333843,1145035,1301176,2001
1333845,1131722,1230518,2001
1333846,1254481,6867364,2001
1333849,1318941,1320036,2001
1333851,1145997,1318932,2001
1333853,1141192,1320029,2001
1333855,1145178,1147188,2001
1333856,1271671,5078877,2001
1333857,1301201,1333213,2001
1333859,1181689,1318875,2001
1333860,1271654,1404479,2001
1333861,1230544,1320144,2001
1333865,1230642,1255051,2001
1333866,1255083,1318867,2001
1333867,1148449,1320114,2001
1333868,1148136,1230721,2001
1333869,1139646,1320686,2001
1333870,1318904,1318906,2001
1333871,1141120,1145285,2001
1333873,1255077,1320001,2001
1333874,1181273,1255165,2001
1333875,1318955,1320016,2001
1333876,1318908,1320017,2001
1333878,1301141,1320149,2001
1333879,1320010,1320046,2001
1333880,1271646,1320011,2001
1333881,1320012,1320075,2001
1333882,1320006,1320069,2001
1333883,1145232,1255009,2001
1333884,1148540,1320445,2001
1333885,1320004,1320074,2001
1333886,1230577,1255101,2001
1333887,1139679,1148508,2001
1333888,1271642,1332071,2001
1333889,1318996,1320068,2001
1333891,1145299,1318991,2001
1333892,1139504,1318885,2001
1333893,1145155,1145281,2001
1333894,1139508,1139605,2001
1333895,1145075,1146893,2001
1333896,1131852,1333585,2001
1333897,1139722,1141591,2001
1333898,1141586,1145761,2001
1333899,5078520,5078886,2001
1333900,1301754,1333568,2001
1333901,1301751,1333573,2001
1333902,1255000,5079721,2001
1333903,1146728,1405768,2001
1333904,1141240,5078951,2001
1333905,1131640,5078997,2001
1333906,1254982,1333206,2001
1333907,1138027,5092002,2001
1333908,1131685,1301122,2001
1333909,1141238,6843732,2001
1333910,1146929,6843522,2001
1333911,1255254,1333216,2001
1333912,1146996,5078991,2001
1333913,1131630,1147012,2001
1333914,1141590,5078532,2001
1333915,1141948,1147930,2001
1333916,1146917,5078946,2001
1333917,1145776,1318262,2001
1333918,1146913,5087521,2001
1333919,1138987,1146914,2001
1333920,5078504,6843762,2001
1333921,1141556,5092046,2001
1333922,1371803,5087679,2001
1333923,1147759,6843625,2001
1333924,1146882,6843740,2001
1333925,1145770,6843502,2001
1333926,1138981,6808973,2001
1333927,1436692,1436920,2001
1333928,1138028,5054030,2001
1333929,1463852,5087668,2001
1333930,1405786,5087671,2001
1333931,1141568,6843505,2001
1333932,1141225,1147760,2001
1333933,1318903,1318954,2001
1353451,1146916,1146931,2002
1353452,1141568,6843505,2002
1353453,1141225,1147760,2002
1353454,1141570,1320430,2002
1353455,1131676,5079000,2002
1353456,1145774,1145778,2002
1353458,1141583,1146887,2002
1353459,1141566,1333571,2002
1353460,1463852,5087668,2002
1353461,1138515,5087517,2002
1353462,1405762,1436923,2002
1353463,1436692,1436920,2002
1353464,5079791,6843664,2002
1353465,1138981,6808973,2002
1353466,1145770,6843502,2002
1353468,1146942,1405771,2002
1353469,1255000,5079721,2002
1353470,1141240,5078951,2002
1353471,1141586,1145761,2002
1353472,1139722,1141591,2002
1353473,1131640,5078997,2002
1353474,1254982,1333206,2002
1353475,1333984,1333990,2002
1353476,1138027,5092002,2002
1353477,1301760,5092170,2002
1353478,1301777,1333574,2002
1353479,1131685,1301122,2002
1353480,1301748,1333581,2002
1353481,1141238,6843732,2002
1353482,1146929,6843522,2002
1353483,1255254,1333216,2002
1353484,1141590,5078532,2002
1353485,1131630,1147012,2002
1353486,1320450,1333600,2002
1353487,1146996,5078991,2002
1353488,1141948,1147930,2002
1353489,1146917,5078946,2002
1353490,5079726,5092171,2002
1353491,1141593,1147018,2002
1353492,1145776,1318262,2002
1353493,1255264,1333992,2002
1353494,1371803,5087679,2002
1353495,1320433,1333986,2002
1353496,1333570,1405780,2002
1353497,1147759,6843625,2002
1353498,1138987,1146914,2002
1353499,1146913,5087521,2002
1353500,1141556,5092046,2002
1353501,5078504,6843762,2002
1353502,1301573,1320442,2002
1353503,1301168,1318288,2002
1353504,1141504,1254450,2002
1353506,1230795,1320532,2002
1353507,1145282,1255131,2002
1353509,1147276,1320080,2002
1353510,1301193,1301567,2002
1353512,1301131,1320047,2002
1353513,1181691,1254490,2002
1353516,1255003,1320117,2002
1353519,1301101,1318877,2002
1353520,1148107,1333232,2002
1353521,1145112,1301664,2002
1353522,1141398,1301143,2002
1353525,1139611,1301150,2002
1353528,1139635,1139670,2002
1353529,1318925,1320027,2002
1353531,1301683,1320048,2002
1353532,1138138,1139654,2002
1353533,1318921,1320438,2002
1353534,1318870,1320081,2002
1353535,1141377,1318958,2002
1353536,1301212,1320449,2002
1353537,1318880,1318929,2002
1353538,1146055,1147223,2002
1353539,1131763,1181688,2002
1353541,1145041,1301691,2002
1353542,1131909,1320031,2002
1353543,1131938,1301681,2002
1353544,1318927,1320034,2002
1353545,1131907,1147281,2002
1353546,1332072,1479454,2002
1353547,1301587,1320440,2002
1353548,1139504,1318885,2002
1353549,1318941,1320036,2002
1353551,1318872,1318879,2002
1353552,1145228,1230646,2002
1353553,1148632,1318918,2002
1353554,1333211,1333220,2002
1353555,1318961,1320142,2002
1353556,1318947,1320040,2002
1353557,1139665,1145205,2002
1353558,1131807,1301123,2002
1353559,1141513,1320028,2002
1353561,1131856,1320147,2002
1353562,1141192,1320029,2002
1353563,1141109,1318928,2002
1353565,1301201,1318898,2002
1353566,1301180,1320015,2002
1353568,1148604,1308355,2002
1353569,1301157,1320637,2002
1353570,1301149,1301183,2002
1353572,1148449,1320114,2002
1353573,1139587,1254409,2002
1353575,1318903,1318954,2002
1353576,1148136,1230721,2002
1353577,1230751,1333995,2002
1353578,1318904,1318906,2002
1353579,1148633,1318358,2002
1353580,1255069,1320711,2002
1353581,1255077,1320001,2002
1353582,1318955,1320016,2002
1353583,1148110,1230585,2002
1353584,1318942,1318963,2002
1353585,1255185,1271644,2002
1353586,1145075,1146893,2002
1353587,1139579,1145303,2002
1353588,1145155,1145281,2002
1353589,1271649,1271657,2002
1353590,1139679,1148508,2002
1353592,1320005,1320092,2002
1353593,1320012,1320075,2002
1353594,1301141,1320149,2002
1353595,1320010,1320046,2002
1353596,1271646,1320011,2002
1353597,1148576,1301204,2002
1370695,1301145,1301579,2003
1370696,1255167,1320515,2003
1371072,1139973,1147140,2003
1371073,1301675,1318945,2003
1371074,1318976,1320085,2003
1371075,1148438,1181825,2003
1371077,1139504,1318885,2003
1371078,1148632,1318918,2003
1371079,1318961,1320142,2003
1371081,1147283,1230744,2003
1371082,1139992,1147188,2003
1371083,1148149,1332073,2003
1371085,1131746,1301020,2003
1371086,1148136,1230721,2003
1371087,1148403,1320078,2003
1371089,1148633,1318358,2003
1371091,1320452,1333584,2003
1371092,1145155,1145281,2003
1371093,1145299,1318991,2003
1371094,1131750,1147091,2003
1371097,1139595,1148420,2003
1371098,1141566,1333571,2003
1371100,1141225,1147760,2003
1371101,1131676,5079000,2003
1371102,1145774,1145778,2003
1371103,1405786,5087671,2003
1371107,1141240,5078951,2003
1371108,1131640,5078997,2003
1371110,1320141,2869736,2003
1371112,1131630,1147012,2003
1371115,1145776,1318262,2003
1371116,5078504,6843762,2003
1371117,1141556,5092046,2003
1404079,1301145,1301579,2004
1404081,1255167,1320515,2004
1404090,1301168,1318288,2004
1404091,1147251,1370681,2004
1404093,1141504,1254450,2004
1404094,1131853,1148128,2004
1404095,1301173,1301680,2004
1404096,1230795,1320532,2004
1404097,1145282,1255131,2004
1404098,1255220,1301118,2004
1404152,1254473,1271640,2004
1404156,1147164,1318917,2004
1404159,1148104,1230656,2004
1404160,1320559,1333212,2004
1404161,1141515,1301187,2004
1404162,1318921,1320438,2004
1404164,1131907,1147281,2004
1404165,1148429,1181168,2004
1404166,1318933,1320432,2004
1404168,1320044,1479454,2004
1404169,1301587,1320440,2004
1404171,1138116,1255143,2004
1404172,1333211,1333220,2004
1404173,1318961,1320142,2004
1404174,1271659,1333988,2004
1404175,1318880,1318929,2004
1404176,1141192,1141513,2004
1404177,1318928,1320029,2004
1404178,1131856,1320147,2004
1404179,1301180,1320015,2004
1404180,1301201,1318898,2004
1404182,1271654,1404479,2004
1404183,1139502,1353187,2004
1404184,1145058,1320451,2004
1404185,1255205,1320715,2004
1404187,1141105,1320114,2004
1404188,1139992,1147188,2004
1404189,1139587,1254409,2004
1404191,1318903,1318954,2004
1404192,1148149,1332073,2004
1404193,1148136,1230721,2004
1404194,1141120,1318911,2004
1404195,1148403,1320078,2004
1404197,1230751,1333995,2004
1404198,1145254,1320060,2004
1404199,1318955,1320016,2004
1404200,1254407,1320088,2004
1404201,1318942,1371665,2004
1404202,1320003,1320071,2004
1404203,1255091,1301677,2004
1404204,1181621,1230771,2004
1404205,1145075,1146893,2004
1404207,1145155,1145281,2004
1404208,1271660,1320443,2004
1404209,1131750,1147091,2004
1404210,1271642,1332071,2004
1404211,1181629,1254408,2004
1404212,1320005,1320092,2004
1404214,1148540,1320445,2004
1404215,1139547,1371748,2004
1404216,1141566,1333571,2004
1404217,1147002,1371661,2004
1404219,1463852,5087668,2004
1404221,1436692,1436920,2004
1404223,1147759,6843625,2004
1404224,1141238,1320433,2004
1404225,1255254,1333216,2004
1404226,1141593,1147018,2004
1404227,1146996,1320453,2004
1404228,1320450,1333600,2004
1404229,1131630,1371703,2004
1404230,1141590,5078532,2004
1404231,1146929,1333985,2004
1404232,1131685,1255000,2004
1404233,1141240,5078951,2004
1404234,1146728,1405768,2004
1404409,1255077,1320001,2004
1404708,1181202,1254413,2005
1404715,1301134,1301722,2005
1404716,1141504,1254450,2005
1404721,1230795,1320532,2005
1404730,1255089,1255177,2005
1404732,1141515,1301187,2005
1404734,1301223,1318934,2005
1404735,1301688,1318932,2005
1404736,1131909,1320031,2005
1404737,1138138,1139654,2005
1404739,1320032,1320566,2005
1404741,1230726,1255084,2005
1404742,1271660,1320443,2005
1404743,1320003,1320071,2005
1404744,1138116,1255143,2005
1404745,1318961,1320142,2005
1404746,1318930,1320030,2005
1404747,1145928,5078877,2005
1404749,1141192,1141513,2005
1404752,1261995,1301059,2005
1404753,1301201,1318898,2005
1404754,1230544,1320144,2005
1404755,1139502,1353187,2005
1404757,1320600,1333994,2005
1404758,1147079,1147207,2005
1404759,1139587,1254409,2005
1404760,1255083,1318867,2005
1404761,1141105,1320114,2005
1404762,1148149,1332073,2005
1404763,1148136,1230721,2005
1404764,1148403,1320078,2005
1404765,1181273,1255165,2005
1404766,1318955,1320016,2005
1404767,1320452,1333584,2005
1404768,1255041,1405765,2005
1404770,1145075,1146893,2005
1404771,1271642,1332071,2005
1404772,1139679,1148508,2005
1404773,1320006,1320069,2005
1404774,1320012,1320075,2005
1404778,1141225,1147760,2005
1404779,1131676,5079000,2005
1404780,1145774,1145778,2005
1404781,1463852,5087668,2005
1404783,1371663,1371701,2005
1404784,1436692,1436920,2005
1404785,1333570,1405780,2005
1404786,1147759,6843625,2005
1404787,1141238,1320433,2005
1404788,1147945,1271074,2005
1404789,1371702,5087521,2005
1404790,1146996,1320453,2005
1404791,1141593,1147018,2005
1404793,1141556,5092046,2005
1404794,1146917,5078946,2005
1404795,1271728,1404494,2005
1404796,1320450,1333600,2005
1404797,1131640,1301777,2005
1404798,1141948,1301760,2005
1404806,5078520,5078886,2005
1405154,1141397,1301143,2006
1405155,1254460,1254489,2006
1405158,1255069,1320711,2006
1405266,1255077,1320001,2006
1405267,1145271,1230528,2006
1405268,1181283,1320690,2006
1405269,1320006,1320069,2006
1405270,1301766,1333219,2006
1405273,1255254,1333216,2006
1405275,1141593,1147018,2006
1405280,1333984,1333990,2006
1405282,1131640,1301777,2006
1405284,5078520,5078886,2006
1405289,1318955,1320016,2006
1405290,1255185,1271644,2006
1405291,1148540,1320445,2006
1405292,1255091,1301677,2006
1405293,1139539,1148096,2006
1405294,1320010,1320046,2006
1405297,1301134,1301722,2006
1405298,1131722,1230518,2006
1405303,1145035,1147242,2006
1405307,1254473,1271640,2006
1405312,1254509,1436938,2006
1405313,1181691,1254490,2006
1405314,1254452,1301724,2006
1405315,1230641,1301578,2006
1405316,1318921,1320438,2006
1405318,1318870,1318940,2006
1405319,1131909,1320031,2006
1405320,1138138,1139654,2006
1405321,1131938,1301681,2006
1405322,1148576,1301204,2006
1405324,1230791,1320701,2006
1405325,1333211,1333220,2006
1405326,1131763,1181688,2006
1405328,1145928,5078877,2006
1405329,1131856,1320147,2006
1405330,1301180,1320015,2006
1405332,1301191,1371834,2006
1405333,1320600,1333994,2006
1405334,1145058,1320451,2006
1405335,1141105,1320114,2006
1405337,1230782,1318869,2006
1405338,1320659,1333228,2006
1405339,1318903,1318954,2006
1405341,1148403,1320078,2006
1405342,1230751,1333995,2006
1405343,1181273,1255165,2006
1405344,1147167,1333231,2006
1405346,1230585,1320073,2006
1405347,1261990,1301089,2006
1405348,1181621,1230771,2006
1405349,1320003,1320071,2006
1405350,1145075,1146893,2006
1405351,1320004,1320074,2006
1405352,1145251,1181629,2006
1405354,1139613,1301141,2006
1405371,1139504,1318885,2006
1411601,1255958,1333230,2007
1411602,1254495,1301100,2007
1411603,1230607,1318360,2007
1411605,1301134,1301722,2007
1411606,1131722,1230518,2007
1411607,1301695,1332116,2007
1411608,1230663,1332109,2007
1411609,1301570,1320454,2007
1411610,1147251,1370681,2007
1411611,1301168,1318288,2007
1411612,1145282,1255131,2007
1411613,1301594,1371659,2007
1411614,1254433,1333583,2007
1411615,1301173,1301680,2007
1411616,1271049,1301042,2007
1411618,1230682,1254481,2007
1411619,1254499,1255160,2007
1411620,1318917,1320602,2007
1411621,1255177,1301187,2007
1411622,1181691,1254490,2007
1411625,1301101,1318877,2007
1411626,1254491,1333232,2007
1411629,1255103,1320694,2007
1411630,1301688,1318932,2007
1411631,1318870,1318940,2007
1411632,1131938,1301681,2007
1411633,1181168,1405791,2007
1411634,1147301,1148549,2007
1411635,1181077,1332075,2007
1411636,1145083,1230618,2007
1411637,1230723,1254405,2007
1411638,1147099,1318965,2007
1411639,1301684,1479454,2007
1411640,1139973,1147140,2007
1411641,1139698,1147086,2007
1411642,1318976,1320085,2007
1411643,1148571,1318971,2007
1411644,1318882,1320604,2007
1411645,1131875,1318982,2007
1411646,1141530,1404493,2007
1411647,1230554,1318950,2007
1411648,1131901,1254486,2007
1411649,1145122,1271673,2007
1411650,1148541,1271638,2007
1411652,1318980,1320056,2007
1411653,1145299,1318991,2007
1411654,1139508,1318937,2007
1411655,1230726,1255084,2007
1411656,1318987,1320061,2007
1411657,1318872,1318879,2007
1411658,1146085,1230646,2007
1411659,1147110,1320059,2007
1411660,1230791,1320701,2007
1411661,1138116,1255143,2007
1411662,1333211,1333220,2007
1411663,1301675,1318945,2007
1411664,1146055,1181146,2007
1411665,1230799,1271841,2007
1411666,1147283,1230744,2007
1411667,1141192,1141513,2007
1411668,1131872,1371826,2007
1411669,1139670,1146056,2007
1411670,1145928,5078877,2007
1411671,1271007,1301370,2007
1411672,1139947,1301201,2007
1411673,1271822,1301090,2007
1411674,1301209,1332201,2007
1411675,1181222,1320441,2007
1411677,1139502,1353187,2007
1411678,1301157,1320637,2007
1411679,1145058,1320451,2007
1411680,1147079,1147207,2007
1411681,1254409,1255083,2007
1411682,1141105,1320114,2007
1411683,1320659,1333228,2007
1411684,1230782,1318869,2007
1411685,1318904,1318906,2007
1411686,1230751,1333995,2007
1411688,1320667,1371830,2007
1411689,1255077,1320001,2007
1411690,1255150,1333576,2007
1411691,1145943,1230720,2007
1411692,1318955,1463851,2007
1411693,1139564,1145187,2007
1411694,1318908,1320017,2007
1411695,1318942,1371665,2007
1411696,1230585,1320073,2007
1411697,1255185,1271644,2007
1411698,1320003,1320071,2007
1411699,1255091,1301677,2007
1411700,1261990,1301089,2007
1411701,1145075,1146893,2007
1411702,1148440,1301685,2007
1411703,1271812,1371835,2007
1411704,1139539,1148096,2007
1411705,1271650,1320007,2007
1411706,1320005,1320092,2007
1411707,1145251,1181629,2007
1411708,1139679,1148508,2007
1411709,1271642,1332071,2007
1411710,1271656,1320118,2007
1411711,1139538,1255026,2007
1411712,1181052,1320065,2007
1411713,1139982,1320123,2007
1411714,1139547,1371748,2007
1411715,1148540,1320445,2007
1411716,1131750,1147091,2007
1411717,1139595,1271646,2007
1411718,1139613,1301141,2007
1411719,1320010,1320046,2007
1411720,1146942,1405771,2007
1411721,1146728,1405768,2007
1411722,1301751,1333573,2007
1411723,1255000,5078951,2007
1411724,1254982,1333206,2007
1411726,1131640,1301777,2007
1411727,1333984,1333990,2007
1411728,1271079,1405004,2007
1411729,1139722,1405000,2007
1411730,1333985,1405778,2007
1411731,1147945,1271074,2007
1411732,1146914,1271095,2007
1411733,1141590,5078532,2007
1411734,1131630,1146996,2007
1411735,1145776,1318262,2007
1411736,1141593,1147018,2007
1411737,1255264,1333992,2007
1411739,1371702,5087521,2007
1411740,1255254,1333216,2007
1411741,1147006,1148055,2007
1411742,1332254,1405764,2007
1411743,1405786,5087671,2007
1411744,1145774,1145778,2007
1411745,1141225,1147760,2007
1411746,1301766,1333219,2007
1411747,1141583,1146887,2007
1434366,1271049,1301042,2008
1434371,1181691,1254490,2008
1434372,1254509,1436938,2008
1434373,1320146,1320539,2008
1434374,1230641,1301578,2008
1434375,1131735,1320560,2008
1434379,1320592,1333575,2008
1434380,1147242,1318380,2008
1434381,1139947,1301201,2008
1434382,1261995,1301059,2008
1434383,1139670,1146056,2008
1434384,1145928,5078877,2008
1434386,1131856,1318928,2008
1434387,1141192,1141513,2008
1434388,1131872,1371826,2008
1434390,1131763,1181688,2008
1434393,1230799,1271841,2008
1434394,1318961,1320142,2008
1434395,1146055,1181146,2008
1434396,1333211,1333220,2008
1434397,1138116,1255143,2008
1434398,1318947,1320040,2008
1434399,1230791,1320701,2008
1434501,1147110,1320059,2008
1434502,1145155,1145281,2008
1434503,1318872,1318879,2008
1434504,1318987,1320061,2008
1434505,1230726,1255084,2008
1434506,1148549,1320031,2008
1434508,1131907,1318874,2008
1434511,1255033,1320564,2008
1434512,1301688,1318932,2008
1434513,1131909,1318918,2008
1434514,1148576,1301204,2008
1434515,1181077,1332075,2008
1434518,1301675,1318945,2008
1434519,1139973,1147140,2008
1434520,1255027,1332072,2008
1434521,1139698,1147086,2008
1434522,1318976,1320085,2008
1434523,1131875,1318982,2008
1434524,1145122,1271673,2008
1434525,1318980,1320440,2008
1434526,1145299,1318991,2008
1434527,1318885,1333585,2008
1434528,1145175,1145274,2008
1434529,1148440,1301685,2008
1434531,1145075,1146893,2008
1434532,1255041,1405765,2008
1434535,1271812,1371835,2008
1434537,1271656,1320118,2008
1434538,1139538,1255026,2008
1434539,1181052,1320065,2008
1434540,1139982,1320123,2008
1434541,1145251,1181629,2008
1434543,1148540,1320445,2008
1434544,1139539,1148096,2008
1434545,1131750,1147091,2008
1434546,1145271,1230528,2008
1434549,1255185,1271644,2008
1434550,1318942,1371665,2008
1434753,1255150,1333576,2008
1434754,1320667,1371830,2008
1434755,1148633,1254407,2008
1434757,1181273,1255165,2008
1434758,1230751,1333995,2008
1434759,1148072,1320013,2008
1434760,1320010,1320046,2008
1434761,1139613,1301141,2008
1434763,1318903,1318954,2008
1434764,1271009,1371660,2008
1434765,1148149,1332073,2008
1434766,1181098,1261945,2008
1434767,1141105,1320114,2008
1434768,1254409,1255083,2008
1434769,1147079,1147207,2008
1434771,1320617,1320715,2008
1434772,1145058,1320451,2008
1434773,1139502,1353187,2008
1434774,1301191,1371834,2008
1434775,1301157,1320637,2008
1434776,1332163,1434076,2008
1434777,1261980,1333346,2008
1434778,1181689,1371828,2008
1434780,1271672,1320014,2008
1434781,1271822,1301090,2008
1434785,1147276,1320080,2008
1434786,1301193,1301567,2008
1434787,1301580,1333320,2008
1434791,1301168,1318288,2008
1434792,1181202,1254413,2008
1434795,1131853,1148128,2008
1434796,1131722,1230518,2008
1434797,1254495,1301100,2008
1434798,1230607,1318360,2008
1434800,1433814,1434230,2008
1434801,1433004,1433951,2008
1434802,1425895,1433470,2008
1434804,1433471,1433959,2008
1434806,1433474,1433681,2008
1434807,1425674,1434485,2008
1434809,1433478,1433825,2008
1434810,1433683,1433964,2008
1434811,1433483,1433966,2008
1434812,1425868,1433563,2008
1434813,1433244,1434237,2008
1434814,1433242,1433243,2008
1434815,1425863,1433517,2008
1434816,1433300,1433968,2008
1434817,1433518,1434239,2008
1434818,1433298,1434238,2008
1434819,1425862,1433519,2008
1434820,1433827,1433970,2008
1434821,1425864,1433972,2008
1434823,1425865,1433299,2008
1434824,1433512,1433829,2008
1434825,1433240,1433511,2008
1434826,1433513,1434241,2008
1434827,1433853,1434242,2008
1434829,1433484,1433485,2008
1434830,1433507,1433508,2008
1434832,1433488,1433506,2008
1434833,1433486,1434244,2008
1434834,1433487,1433505,2008
1434835,1433237,1433976,2008
1434837,1425802,1425839,2008
1434838,1433467,1433956,2008
1434840,1425894,1433818,2008
1434841,1425842,1433819,2008
1434843,1433502,1434231,2008
1434844,1433464,1433954,2008
1434845,1425576,1433462,2008
1434847,1434130,NA,2008
1434848,1433387,1434416,2008
1434849,1433725,1433993,2008
1434852,1131685,1301760,2008
1434853,1138027,5092002,2008
1434854,1254982,1333206,2008
1434855,1146728,1405768,2008
1434856,1255000,5078951,2008
1434857,1333984,1333990,2008
1434858,1320141,2869736,2008
1434860,1146914,1271095,2008
1434862,1271724,1320453,2008
1434864,1271728,1434071,2008
1434865,1141593,1147018,2008
1434866,1145776,1318262,2008
1434867,1255264,1333992,2008
1434869,1141556,5092046,2008
1434870,1141238,1320433,2008
1434871,1332255,1371837,2008
1434873,1371663,1371701,2008
1434874,1333374,1405787,2008
1434875,1405786,5087671,2008
1434876,1138981,1333577,2008
1434877,1333581,1463852,2008
1434878,1131676,5079000,2008
1434879,1333365,1434073,2008
1434880,1147002,1371661,2008
1434881,1301766,1333219,2008
1434882,1404467,NA,2008
1434883,1141225,1147760,2008
1434884,1271722,1332242,2008
1434885,1141250,5078524,2008
1434887,1433863,1434252,2008
1434888,1433022,1433995,2008
1434889,1425899,1433844,2008
1434890,1425812,1434257,2008
1434892,1425811,NA,2008
1434894,1425934,1433987,2008
1434895,1433862,1433988,2008
1434898,1425676,1433499,2008
1434899,1433498,1434453,2008
1434900,1425933,1433497,2008
1434901,1433014,1433883,2008
1434902,1433882,1434109,2008
1434903,1433013,1434108,2008
1434904,1433015,1434459,2008
1434905,1425885,1434464,2008
1434906,1433012,1463838,2008
1434907,1433984,1434249,2008
1434908,1405035,1434248,2008
1434909,1433293,1433857,2008
1434910,1433834,1433982,2008
1434911,1433543,1433699,2008
1434912,1433295,1433833,2008
1434913,1433447,1433878,2008
1434914,1433542,1433696,2008
1434915,1433491,1433877,2008
1434916,1433250,1433539,2008
1434917,1433290,1433697,2008
1434918,1433489,1433831,2008
1434919,1425857,1434449,2008
1434920,1433547,1434245,2008
1434921,1433445,1433873,2008
1434922,1433490,1433874,2008
1434923,1433441,1433876,2008
1434924,1433692,1433693,2008
1434926,1433289,1434124,2008
1434928,1425855,1433872,2008
1434930,1433444,1433529,2008
1434931,1425572,1425891,2008
1434932,1433528,1434127,2008
1434933,1425892,1433526,2008
1434934,1425573,1434128,2008
1434935,1433524,1433688,2008
1434936,1433246,1434129,2008
1434937,1433522,1434423,2008
1434938,1434132,1434275,2008
1434939,1433523,1434276,2008
1434940,1433868,1434131,2008
1434941,1433531,1433740,2008
1434942,1433005,1433869,2008
1434943,1433871,1434460,2008
1434944,1425990,1433870,2008
1434945,1425989,1434279,2008
1434946,1425575,1433533,2008
1434947,1434137,9999101,2008
1434948,1433248,1434136,2008
1434949,1425849,1425850,2008
1434950,1425847,1433247,2008
1434951,1425987,1434134,2008
1434952,1433452,1433564,2008
1434954,1433456,1433632,2008
1434955,1425853,1433155,2008
1434956,1425985,1425986,2008
1434957,1425852,1434138,2008
1434958,1425929,1425984,2008
1434960,1433008,1433154,2008
1434963,1425983,1434282,2008
1434964,1433737,1434140,2008
1434965,1433010,1434489,2008
1434966,1425577,1425926,2008
1434967,1425991,1434490,2008
1434968,1425993,1434141,2008
1434969,1425994,1433736,2008
1434970,1433458,1434283,2008
1434971,1433157,1433440,2008
1434972,1425997,1433249,2008
1434973,1425571,1434121,2008
1434974,1425874,1434120,2008
1434975,1433540,1433849,2008
1434977,1433285,1434118,2008
1434978,1433292,NA,2008
1434979,1433437,1433879,2008
1434980,1425877,1433880,2008
1434981,1433430,1433431,2008
1434982,1433709,1434262,2008
1434984,1425932,1434455,2008
1434985,1433888,1434452,2008
1434986,1433500,1434260,2008
1434987,1433427,1433847,2008
1434988,1425809,1434000,2008
1434989,1433017,1433889,2008
1434990,1433560,1433890,2008
1434991,1433308,1434258,2008
1434993,1433842,1433997,2008
1434994,1433027,1434255,2008
1434995,1433024,NA,2008
1434996,1433168,1433841,2008
1434998,1425591,1433898,2008
1434999,1425588,1434445,2008
1435000,1433578,1434403,2008
1435001,1425593,1433896,2008
1435002,1425592,1433414,2008
1435004,1433720,1434159,2008
1435005,1433895,1434158,2008
1435006,1433577,1433894,2008
1435007,1433719,1434402,2008
1435008,1434156,1434401,2008
1435009,1424157,1425586,2008
1435010,1425594,1425915,2008
1435012,1425814,1434465,2008
1435013,1425914,1434299,2008
1435014,1433750,1434298,2008
1435017,1424296,1433416,2008
1435018,1425584,1434295,2008
1435019,1425582,1425918,2008
1435020,1425919,1434293,2008
1435021,1425917,1434151,2008
1435022,1425813,1434294,2008
1435023,1433718,1434292,2008
1435024,1433426,1434290,2008
1435025,1425920,1434291,2008
1435026,1433419,1434147,2008
1435027,1433420,1434462,2008
1435028,1425923,1434146,2008
1435029,1425580,1433423,2008
1435030,1425579,1433557,2008
1435031,1433421,1433556,2008
1435032,1433716,1433717,2008
1435033,1434144,1434288,2008
1435034,1433425,1434103,2008
1435036,1425900,1433162,2008
1435038,1425883,1434457,2008
1435039,1433432,1433554,2008
1435040,1434266,1434458,2008
1435041,1425808,1433552,2008
1435042,1433704,1447984,2008
1435043,1425876,1433551,2008
1435045,1434112,1434268,2008
1435046,1433807,1434269,2008
1435047,1433160,1433711,2008
1435048,1145188,1433159,2008
1435049,1433555,1434270,2008
1435050,1434114,1434271,2008
1435051,1434143,1434287,2008
1435052,1425578,1433403,2008
1435053,1433714,1434495,2008
1435054,1434192,1434193,2008
1435055,1433713,1433901,2008
1435056,1433735,1434473,2008
1435057,1425998,1433571,2008
1435058,1433811,1434286,2008
1435059,1425675,1425872,2008
1435060,1425995,1434194,2008
1435061,1434196,1434475,2008
1435062,1434195,1434474,2008
1435064,1425981,1425982,2008
1435065,1433567,1433903,2008
1435066,1433902,1434197,2008
1435067,1433232,1434198,2008
1435068,1425980,1434477,2008
1435069,1434199,1434424,2008
1435070,1425848,1434425,2008
1435071,1434201,1434427,2008
1435072,1425846,1433905,2008
1435073,1425843,1425844,2008
1435074,1433451,1434202,2008
1435075,1434203,1434428,2008
1435076,1433635,1433906,2008
1435077,1433230,1434204,2008
1435078,1425976,1433636,2008
1435079,1433228,1434358,2008
1435080,1433227,NA,2008
1435081,1433637,1433907,2008
1435082,1433226,1433908,2008
1435083,1425975,1434357,2008
1435084,1433225,1433909,2008
1435085,1433639,1434433,2008
1435087,1433913,1434355,2008
1435088,1433645,1434431,2008
1435089,1433641,1434432,2008
1435090,1145936,1425687,2008
1435091,1433644,1433734,2008
1435092,1434211,1434352,2008
1435093,1425973,1434212,2008
1435094,1433651,1434210,2008
1435095,1434207,1434353,2008
1435097,1434435,NA,2008
1435098,1433649,1434436,2008
1435099,1425815,1434437,2008
1435100,1434214,1434438,2008
1435101,1433915,1434217,2008
1435103,1433653,1434479,2008
1435104,1425816,NA,2008
1435105,1433654,1433655,2008
1435106,1433743,1433919,2008
1435108,1434099,1434219,2008
1435109,1433661,1433921,2008
1435110,1433744,1434098,2008
1435111,1433173,1434443,2008
1435112,1433037,1433747,2008
1435113,1425819,1434175,2008
1435114,1425596,1434096,2008
1435116,1434169,1434172,2008
1435117,1433388,1434165,2008
1435118,1433171,1434177,2008
1435119,1425937,1433172,2008
1435120,1433748,1434417,2008
1435122,1425910,1425911,2008
1435124,1433041,1433924,2008
1435125,1434091,1434467,2008
1435126,1433394,1433925,2008
1435127,1434090,1434229,2008
1435128,1433926,1434228,2008
1435130,1433033,1434163,2008
1435135,1433049,1434414,2008
1435136,1425909,1434492,2008
1435137,1433035,1434413,2008
1435139,1433219,1433726,2008
1435140,1425801,1433955,2008
1435141,1433095,1433817,2008
1435143,1425924,1433405,2008
1435144,1434494,1463717,2008
1435145,1433406,1433802,2008
1435146,1433408,1434187,2008
1435147,1433407,1434185,2008
1435148,1433730,1434420,2008
1435149,1434186,1434493,2008
1435150,1425600,1433222,2008
1435153,1433220,1434496,2008
1435154,1405023,1434181,2008
1435155,1433412,1434418,2008
1435156,1425598,1433034,2008
1435157,1433728,1434180,2008
1435158,1433036,1434178,2008
1435253,1254495,1301100,2009
1435827,1255958,1333230,2009
1435828,1271049,1301042,2009
1435829,1255167,1301145,2009
1435830,1271100,1320591,2009
1435831,1255177,1301187,2009
1435833,1271846,1333303,2009
1435834,1181691,1254490,2009
1435835,1254509,1436938,2009
1435836,1320146,1320539,2009
1435837,1230641,1301578,2009
1435840,1254491,1333232,2009
1435841,1301101,1318877,2009
1435842,1255003,1320117,2009
1435843,1320592,1333575,2009
1435844,1301173,1320126,2009
1435845,1147242,1318380,2009
1435846,1301118,1320143,2009
1435847,1131856,1318928,2009
1435848,1131872,1371826,2009
1435849,1145928,5078877,2009
1435850,1147283,1230744,2009
1435901,1255103,1320694,2009
1435902,1255033,1320564,2009
1435903,1131881,1141189,2009
1435904,1230799,1271841,2009
1435905,1318961,1320142,2009
1435906,1146055,1181146,2009
1435907,1333211,1333220,2009
1435908,1318947,1320040,2009
1435909,1181822,1320566,2009
1435910,1145155,1145281,2009
1435911,1230726,1255084,2009
1435912,1148549,1320031,2009
1435913,1131938,1301681,2009
1435914,1138138,1320438,2009
1435915,1301688,1318932,2009
1435917,1131909,1318918,2009
1435918,1145083,1230618,2009
1435919,1230723,1254405,2009
1435920,1301675,1318945,2009
1435921,1255027,1332072,2009
1435922,1139698,1147086,2009
1435926,1131875,1318982,2009
1435927,1230554,1318964,2009
1435928,1139508,1318937,2009
1435929,1320003,1320071,2009
1435930,1181621,1230771,2009
1435931,1261990,1301089,2009
1435932,1318885,1333585,2009
1435933,1271043,1333355,2009
1435934,1301670,1320068,2009
1435935,1139538,1255026,2009
1435936,1271656,1320118,2009
1435937,1181052,1320065,2009
1435938,1139982,1320123,2009
1435939,1301198,1320004,2009
1435940,1145251,1181629,2009
1435941,1271642,1320445,2009
1435942,1320012,1320075,2009
1435943,1131750,1147091,2009
1435944,1320005,1320092,2009
1435945,1320056,1320069,2009
1435946,1139663,1333363,2009
1435947,1145075,1146893,2009
1435948,1145271,1230528,2009
1435949,1230585,1320073,2009
1435950,1255041,1405765,2009
1435952,1318942,1371665,2009
1435953,1318908,1320017,2009
1435954,1147167,1333231,2009
1435955,1145943,1230720,2009
1435956,1255150,1333576,2009
1435957,1148633,1254407,2009
1435958,1255051,1333994,2009
1435959,1181273,1255165,2009
1435960,1320667,1371830,2009
1435961,1230751,1318906,2009
1435962,1141120,1318911,2009
1435963,1148403,1320078,2009
1435964,1320010,1320046,2009
1435965,1139613,1301141,2009
1435966,1139595,1271646,2009
1435967,1318903,1318954,2009
1435968,1271009,1371660,2009
1435969,1148149,1332073,2009
1435970,1131713,1318869,2009
1435971,1181098,1261945,2009
1435972,1320659,1333228,2009
1435973,1147188,1301679,2009
1435974,1141105,1320114,2009
1435975,1131746,1301020,2009
1435976,1301149,1301183,2009
1435977,1332163,1434076,2009
1435978,1301191,1371834,2009
1435979,1301157,1320637,2009
1435980,1145058,1320451,2009
1435981,1139502,1353187,2009
1435982,1181689,1371828,2009
1435983,1261953,1404479,2009
1435984,1261980,1333346,2009
1435985,1271672,1320014,2009
1435986,1181222,1320441,2009
1435987,1301209,1332201,2009
1435988,1254433,1333583,2009
1435989,1301594,1371659,2009
1435992,1131853,1148128,2009
1435993,1301580,1333320,2009
1435995,1230666,1320570,2009
1435996,1230638,1255446,2009
1435997,1181202,1254413,2009
1435998,1301134,1301722,2009
1435999,1301158,1301573,2009
1436000,1131722,1230518,2009
1436251,1145883,1301566,2009
1436252,1230607,1318360,2009
1436254,1433814,1434230,2009
1436255,1433004,1433951,2009
1436256,1433466,1433952,2009
1436257,1433468,1433469,2009
1436258,1433471,1433959,2009
1436259,1433097,1433473,2009
1436260,1433483,1433966,2009
1436261,1436694,1436742,2009
1436262,1425867,1433516,2009
1436263,1425868,1433563,2009
1436264,1433241,1433549,2009
1436265,1425865,1433299,2009
1436266,1433507,1433508,2009
1436267,1425889,1433488,2009
1436268,1433486,1434244,2009
1436270,1433467,1433956,2009
1436271,1433235,1433236,2009
1436272,1433520,1433820,2009
1436273,1433234,1433504,2009
1436274,1425894,1433818,2009
1436275,1425673,1436695,2009
1436276,1425801,1433955,2009
1436279,1433465,1436696,2009
1436280,1433815,1434484,2009
1436281,1434130,1436697,2009
1436282,1433094,1433689,2009
1436283,1433246,1434129,2009
1436284,1433523,1434276,2009
1436285,1434132,1434275,2009
1436286,1425988,1434277,2009
1436287,1433868,1434131,2009
1436288,1425573,1434128,2009
1436291,1433461,1433530,2009
1436293,1433739,1435818,2009
1436294,1433442,1434274,2009
1436295,1433460,1436699,2009
1436296,1433548,1434126,2009
1436297,1433445,1433873,2009
1436298,1433547,1434245,2009
1436299,1433853,1434242,2009
1436300,1433240,1433511,2009
1436301,1433512,1433829,2009
1436302,1433973,1434448,2009
1436303,1425864,1433972,2009
1436304,1425863,1433517,2009
1436305,1433298,1434238,2009
1436306,1433300,1433968,2009
1436307,1433687,1433969,2009
1436308,1433828,1433971,2009
1436309,1433449,1433835,2009
1436310,1425888,1433450,2009
1436311,1405035,1434248,2009
1436312,1433295,1433833,2009
1436313,1425807,NA,2009
1436314,1433489,NA,2009
1436315,1433875,NA,2009
1436316,1425857,1434449,2009
1436317,1433296,1434246,2009
1436318,1433490,1433874,2009
1436319,1433290,1433697,2009
1436320,1433441,1433876,2009
1436321,1425897,1425898,2009
1436322,1433491,1433877,2009
1436323,1425858,1436743,2009
1436324,1433541,1433978,2009
1436325,1433542,1433696,2009
1436326,1433292,1436744,2009
1436327,1433553,1434110,2009
1436328,1425808,1433552,2009
1436329,1425885,1434464,2009
1436330,1433012,1463838,2009
1436332,1436702,NA,2009
1436334,1433015,1434459,2009
1436335,1425886,1433165,2009
1436336,1425934,1433987,2009
1436337,1433988,NA,2009
1436338,1425811,1436745,2009
1436339,1433863,1434252,2009
1436340,1433581,1433990,2009
1436341,1433023,1434254,2009
1436342,1433022,1433995,2009
1436343,1433026,1433996,2009
1436344,1433018,1433310,2009
1436346,1433309,1433845,2009
1436347,1425810,1433166,2009
1436348,1433709,1434262,2009
1436350,1433430,1433431,2009
1436352,1433558,1434102,2009
1436353,1425900,1433162,2009
1436355,1425882,1434107,2009
1436356,1433432,1433554,2009
1436357,1425876,NA,2009
1436358,1433695,1434117,2009
1436359,1433285,1434118,2009
1436360,1433540,1433849,2009
1436361,1425873,1433438,2009
1436362,1425874,1434120,2009
1436363,1433439,1433538,2009
1436364,1425997,1433249,2009
1436365,1434123,1434272,2009
1436366,1433458,1433691,2009
1436367,1425983,1434282,2009
1436368,1425870,1433537,2009
1436369,1433633,1434139,2009
1436371,1425851,1433009,2009
1436372,1425852,1434138,2009
1436373,1433456,1433632,2009
1436375,1433007,1434133,2009
1436376,1425989,1434279,2009
1436377,1425575,1433533,2009
1436378,1433152,1434280,2009
1436379,1433521,1433561,2009
1436380,1425843,1425844,2009
1436381,1425846,1433905,2009
1436382,1425987,1434134,2009
1436383,1433247,NA,2009
1436384,1433248,1434136,2009
1436385,1425849,1425850,2009
1436386,1433534,9999101,2009
1436387,1433008,1433154,2009
1436390,1425978,1434426,2009
1436391,1425848,1434425,2009
1436392,1425979,1436706,2009
1436393,1434199,1434424,2009
1436394,1433232,1434198,2009
1436395,1433230,1434204,2009
1436396,1433567,1433903,2009
1436397,1433902,1434197,2009
1436398,1433737,1434140,2009
1436399,1425991,1434490,2009
1436400,1434196,1434475,2009
1436401,1435820,1436708,2009
1436402,1434195,1434474,2009
1436403,1425996,1434285,2009
1436404,1425995,1434194,2009
1436405,1425675,1425872,2009
1436406,1433811,1434286,2009
1436407,1425999,1434142,2009
1436408,1433401,1433712,2009
1436409,1433714,1434495,2009
1436410,1433735,NA,2009
1436411,1433160,1433711,2009
1436412,1433493,1436710,2009
1436413,1433433,1434113,2009
1436414,1425680,1436711,2009
1436415,1433716,1433717,2009
1436416,1425924,1433405,2009
1436417,1433421,1433556,2009
1436418,1425579,1433557,2009
1436419,1425580,1433423,2009
1436420,1433425,1434103,2009
1436422,1425932,NA,2009
1436423,1433708,1433886,2009
1436424,1433429,1434261,2009
1436425,1433427,1433847,2009
1436426,1433500,1434260,2009
1436427,1433428,1433846,2009
1436428,1433560,1433890,2009
1436429,1433017,1433889,2009
1436430,1425809,1434000,2009
1436431,1433891,1434259,2009
1436432,1433308,1434258,2009
1436433,1433029,1434256,2009
1436434,1433024,NA,2009
1436435,1433027,1434255,2009
1436436,1425902,1434253,2009
1436437,1433864,1434451,2009
1436438,1433840,1433865,2009
1436439,1433168,1433841,2009
1436440,1433724,1433866,2009
1436442,1433578,1434403,2009
1436443,1425592,1433414,2009
1436444,1425906,1434409,2009
1436445,1425593,1433896,2009
1436446,1434410,1710065,2009
1436447,1433579,1434411,2009
1436448,1433720,1434159,2009
1436449,1433577,1433894,2009
1436450,1433719,1434402,2009
1436451,1425594,1425915,2009
1436452,1434155,1434300,2009
1436453,1425914,1434299,2009
1436454,1425814,1434465,2009
1436455,1433032,1436653,2009
1436456,1434154,1434297,2009
1436458,1425584,1434295,2009
1436460,1433284,1434149,2009
1436461,1425917,1434151,2009
1436462,1433718,1434292,2009
1436463,1433426,1434290,2009
1436464,1425920,1434291,2009
1436465,1433419,1434147,2009
1436466,1433420,1434462,2009
1436467,1425581,1433575,2009
1436468,1425923,1434146,2009
1436469,1433732,1433803,2009
1436470,1433408,1434187,2009
1436471,1433641,1434432,2009
1436472,1433912,1434430,2009
1436473,1433911,1434206,2009
1436474,1433224,1433910,2009
1436475,1433909,NA,2009
1436476,1425975,1434357,2009
1436477,1433227,1434205,2009
1436479,1433228,1434358,2009
1436480,1433229,1435805,2009
1436481,1425976,1433636,2009
1436482,1434203,1434428,2009
1436483,1425977,1433634,2009
1436484,1434355,NA,2009
1436485,1433639,1434433,2009
1436486,1433646,1434354,2009
1436488,1145936,1425687,2009
1436489,1434435,1435806,2009
1436490,1434207,1434353,2009
1436491,1433650,1434351,2009
1436492,1435803,NA,2009
1436493,1433644,1433734,2009
1436494,1433804,1435809,2009
1436495,1425972,1435807,2009
1436496,1433649,1434436,2009
1436497,1425050,1435808,2009
1436499,1434214,1434438,2009
1436500,1425971,1433916,2009
1437097,1131630,1146996,2010
1437099,1131722,1230518,2010
1437251,1425970,1434216,2009
1437252,1433742,1433918,2009
1437253,1425817,1434439,2009
1437254,1425816,NA,2009
1437256,1433741,1434440,2009
1437257,1434218,1434441,2009
1437258,1433743,1433919,2009
1437259,1434099,1434219,2009
1437260,1433659,1435821,2009
1437261,1434222,1434444,2009
1437263,1425938,1434174,2009
1437264,1433173,1434443,2009
1437265,1433171,1434177,2009
1437266,1425596,1434096,2009
1437267,1433038,1434171,2009
1437268,1434169,1434172,2009
1437269,1434095,1434167,2009
1437271,1433385,NA,2009
1437273,1433926,1434228,2009
1437274,1425589,1434162,2009
1437275,1425908,1434415,2009
1437277,1425909,1434492,2009
1437279,1433415,1435811,2009
1437280,1425595,1425912,2009
1437281,1433727,1434412,2009
1437282,1425913,1433411,2009
1437283,1433412,1434418,2009
1437284,1433221,1434184,2009
1437285,1433730,1434420,2009
1437286,1434186,1434493,2009
1437288,1433223,1434421,2009
1437291,1145776,1318262,2009
1437293,1271728,1434071,2009
1437295,1271724,1320453,2009
1437296,1141590,5078532,2009
1437299,1254982,1333206,2009
1437300,1255000,5078951,2009
1437301,1146942,1405771,2009
1437302,1271074,NA,2009
1437303,1353490,1436691,2009
1437304,1333984,1333990,2009
1437306,1141238,1320433,2009
1437307,1332255,1371837,2009
1437308,1333985,1405778,2009
1437310,1333581,1463852,2009
1437311,1138981,1333577,2009
1437312,1131676,5079000,2009
1437313,1145774,1145778,2009
1437315,1301766,1333219,2009
1437316,1404467,NA,2009
1437317,1147002,1371661,2009
1437318,1353459,NA,2009
1437319,1141583,1146887,2009
1437320,1141566,1333571,2009
1441101,1145058,1320451,2012
1441102,1320715,1333933,2012
1441103,1371834,1434076,2012
1441104,1141105,1320114,2012
1441105,1271009,1371660,2012
1441106,1181098,1261945,2012
1441107,1131713,1230721,2012
1441108,1230751,1318906,2012
1441109,1181273,1255165,2012
1441110,1145943,1230720,2012
1441111,1230585,1320073,2012
1441112,1333880,1333893,2012
1441113,1255185,1271644,2012
1441114,1141192,1318909,2012
1441115,1301217,1436921,2012
1441116,1301059,1332121,2012
1441117,1147283,1230744,2012
1441118,1230799,1271841,2012
1441119,1146055,1181146,2012
1441120,1318961,1320142,2012
1441121,1320711,1333295,2012
1441122,1333211,5078877,2012
1441123,1138116,1255143,2012
1441124,1131763,1456109,2012
1441125,1230791,1320701,2012
1441126,1181603,1320030,2012
1441127,1181822,1320566,2012
1441128,1255084,1405791,2012
1441129,1181825,1320604,2012
1441130,1145122,1404493,2012
1441132,1131875,1318982,2012
1441133,1301652,1463839,2012
1441134,1255027,1332072,2012
1441135,1230723,1254405,2012
1441136,1318980,1320440,2012
1441137,1332117,1353585,2012
1441138,1318885,1333585,2012
1441139,1271812,1371835,2012
1441140,1145075,1146893,2012
1441141,1148096,1451025,2012
1441142,1145251,1181629,2012
1441143,1271642,1320445,2012
1441144,1139547,1139679,2012
1441145,1320056,1320070,2012
1441146,1131852,1139508,2012
1441147,1139722,1434051,2012
1441148,1271074,1436934,2012
1441149,1255000,5078951,2012
1441150,1301352,1436700,2012
1441180,1433036,1434179,2012
1441182,1425811,1436745,2012
1441183,1434262,1480137,2012
1441185,1425676,1433499,2012
1441186,1433497,1434250,2012
1441187,1433015,1434459,2012
1441188,1433301,1434266,2012
1441189,1433704,1447984,2012
1441190,1433695,1451003,2012
1441191,1433285,1434118,2012
1441193,1433295,1433833,2012
1441194,1425859,1436743,2012
1441195,1433491,1433877,2012
1441196,1425807,1433545,2012
1441197,1433490,1433874,2012
1441198,1433157,1433446,2012
1441199,1425857,1434449,2012
1441200,1433489,1433831,2012
1441216,1434237,1436742,2012
1441231,1433923,1434224,2012
1441233,1433039,1434176,2012
1441234,1425820,1437105,2012
1441236,1425909,1434492,2012
1441238,1433395,1437137,2012
1441239,1433049,1433749,2012
1441242,1433728,1434180,2012
1441245,1434099,1434219,2012
1441247,1433392,1451011,2012
1441248,1425948,1433174,2012
1441250,1425971,1433916,2012
1441251,1433445,1433873,2012
1441254,1433513,1434241,2012
1441255,1433514,1433699,2012
1441256,1433241,1433299,2012
1441257,1433298,1434238,2012
1441259,1425868,1433563,2012
1441262,1433481,1433966,2012
1441263,1437005,1447999,2012
1441264,1433506,1437107,2012
1441265,1433487,1433505,2012
1441266,1433484,1433976,2012
1441267,1425890,1437014,2012
1441268,1433238,1433962,2012
1441269,1425674,1434485,2012
1441270,1434235,1436693,2012
1441271,1433821,1437004,2012
1441272,1433236,1456020,2012
1441273,1425802,1433520,2012
1441274,1433234,1433504,2012
1441275,1437003,1447979,2012
1441276,1425894,1433818,2012
1441277,1433095,1433817,2012
1441278,1425895,1434447,2012
1441279,1456022,1456045,2012
1441280,1433685,1437131,2012
1441281,1434411,1456106,2012
1441283,1425913,1433282,2012
1441285,1434186,1434493,2012
1441286,1425600,1433407,2012
1441287,1353490,1436691,2012
1441288,1148055,1333216,2012
1441290,1255264,1333992,2012
1441337,1433027,1434255,2012
1441338,1433895,1434158,2012
1441339,1433578,1434403,2012
1441341,1433019,1433998,2012
1441343,1433017,1433310,2012
1441344,1433308,1434258,2012
1441345,1433560,1433890,2012
1441346,1433306,1436750,2012
1441347,1433888,1434452,2012
1441348,1433891,1434259,2012
1441349,1425901,1433893,2012
1441350,1433848,1433887,2012
1441351,1433558,1434102,2012
1441352,1433426,1434290,2012
1441353,1433430,1433431,2012
1441355,1433576,1434148,2012
1441356,1425580,1433423,2012
1441357,1433716,1433717,2012
1441358,1425581,1433575,2012
1441360,1456036,1456116,2012
1441361,1433807,1434269,2012
1441362,1433303,1434106,2012
1441363,1434105,1434265,2012
1441365,1433159,1434112,2012
1441366,1433555,1451023,2012
1441368,1433403,1434495,2012
1441371,1456039,NA,2012
1441372,1434192,1434193,2012
1441373,1433402,1433713,2012
1441374,1433715,1456041,2012
1441375,1437020,1451005,2012
1441376,1425675,1425872,2012
1441377,1425996,1434285,2012
1441378,1425994,1433736,2012
1441379,1425993,1434141,2012
1441380,1425992,1436707,2012
1441381,1434116,1434475,2012
1441382,1435820,1436708,2012
1441383,1433458,1433691,2012
1441385,1433537,1433738,2012
1441386,1425981,1425982,2012
1441387,1434197,1451002,2012
1441388,1433567,1433903,2012
1441389,1433459,1436747,2012
1441390,1433633,1434139,2012
1441391,1425927,1425928,2012
1441392,1425852,1434138,2012
1441394,1425849,1425850,2012
1441395,1433442,1434274,2012
1441396,1433441,1433522,2012
1441397,1447983,1456030,2012
1441398,1433815,1434484,2012
1441399,1433004,1433954,2012
1441400,1433814,1434230,2012
1441401,1437113,1437128,2012
1441402,1425815,1434437,2012
1441403,1433646,1434354,2012
1441405,1433731,1434189,2012
1441406,1447990,1456104,2012
1441407,1437114,1437129,2012
1441408,1433641,1451013,2012
1441409,1425975,1434358,2012
1441410,1433911,1434206,2012
1441411,1433229,1435805,2012
1441412,1425979,1436706,2012
1441413,1435804,1437136,2012
1441415,1433868,1434131,2012
1441416,1433531,1433688,2012
1441417,1433521,1433561,2012
1441418,1433452,1456119,2012
1441419,1425575,1433533,2012
1441420,1425990,1433870,2012
1441421,1433007,1433869,2012
1441422,1433526,1433528,2012
1441423,1433689,1434130,2012
1441424,1433444,1433529,2012
1441425,1433461,1433530,2012
1441426,1433581,1433990,2012
1441427,1433439,1433538,2012
1441429,1433284,1433417,2012
1441430,1425813,1437123,2012
1441431,1424296,1433416,2012
1441432,1434298,1437012,2012
1441433,1425914,1434299,2012
1441434,1433719,1434402,2012
1441435,1433577,1433894,2012
1441436,1433415,1435811,2012
1441437,1433412,1434418,2012
1441438,1425599,1433409,2012
1441439,1434153,1456108,2012
1441440,1433408,1434187,2012
1441441,1333921,1437044,2012
1441549,1433658,1434442,2012
1441644,1139973,1147140,2012
1441744,1333374,1405000,2013
1441951,1333925,1436933,2013
1441952,1138981,1437101,2013
1441953,1333984,1333990,2013
1441955,1353490,1436691,2013
1441956,1146914,1271095,2013
1441957,1148055,1333216,2013
1441958,1371837,1451014,2013
1441959,1333985,1405778,2013
1441960,1353454,1436690,2013
1441961,1456011,1456013,2013
1441962,1147002,1371661,2013
1441963,1145774,1145778,2013
1441965,1255428,1437042,2013
1441966,1255031,1261944,2013
1441967,1255167,1301145,2013
1441968,1318917,1320602,2013
1441969,1320592,1333575,2013
1441970,1271789,1320517,2013
1441971,1301134,1301722,2013
1441972,1131722,1230518,2013
1441973,1230666,1320570,2013
1441974,1332116,1436947,2013
1441975,1131853,1148128,2013
1441976,1147251,1370681,2013
1441977,1301193,1333299,2013
1441978,1145282,1255131,2013
1441979,1145128,1433001,2013
1441980,1301594,1371659,2013
1441981,1271776,1271822,2013
1441982,1301209,1332201,2013
1441983,1271019,1333333,2013
1441984,1333346,1405792,2013
1441985,1353594,1436942,2013
1441988,1181689,1371828,2013
1441990,1230544,1320144,2013
1441991,1145058,1320451,2013
1441992,1141120,1301149,2013
1441993,1371834,1434076,2013
1441994,1441702,1441703,2013
1441995,1131746,1320684,2013
1441996,1141105,1320114,2013
1441998,1254409,1255083,2013
1441999,1320659,1441707,2013
1442000,1271009,1371660,2013
1442001,1254407,1255077,2013
1442002,1145943,1230720,2013
1442003,1320667,1371830,2013
1442004,1333880,1333893,2013
1442005,1131750,1333363,2013
1442006,1145251,1181629,2013
1442007,1271642,1320445,2013
1442008,1139547,1139679,2013
1442009,1181052,1320065,2013
1442010,1139982,1320123,2013
1442011,1271812,1371835,2013
1442012,1148440,1301685,2013
1442013,1145299,1320068,2013
1442014,1145075,1146893,2013
1442015,1433002,1434359,2013
1442016,1139579,1255041,2013
1442017,1255185,1271644,2013
1442018,1230585,1320073,2013
1442019,1145122,1404493,2013
1442020,1261990,1301089,2013
1442021,1131901,1301692,2013
1442022,1333321,1333853,2013
1442023,1181077,1332075,2013
1442024,1139973,1147140,2013
1442025,1441708,1441709,2013
1442027,1255027,1332072,2013
1442028,1145281,1436941,2013
1442029,1181825,1320604,2013
1442030,1181603,1320030,2013
1442031,1181822,1320566,2013
1442032,1318961,1320142,2013
1442033,1320711,1333295,2013
1442035,1131763,1456109,2013
1442036,1301688,1320564,2013
1442037,1301059,1332121,2013
1442038,1301217,1436921,2013
1442040,1433851,1433965,2013
1442041,1433238,1433962,2013
1442042,1433483,1434236,2013
1442043,1433243,1437130,2013
1442044,1433241,1433299,2013
1442045,1433300,1433968,2013
1442046,1433298,1434238,2013
1442047,1433513,1434241,2013
1442048,1433518,1434239,2013
1442049,1425860,1425878,2013
1442050,1433517,1433827,2013
1442052,1433550,1433858,2013
1442055,1433294,1433448,2013
1442056,1433295,1433833,2013
1442057,1433542,1433544,2013
1442058,1425859,1436743,2013
1442061,1433973,1434448,2013
1442062,1437013,1456124,2013
1442063,1433830,1433854,2013
1442064,1437005,1447999,2013
1442065,1425889,1433959,2013
1442066,1433486,1434244,2013
1442067,1425894,1433818,2013
1442068,1433467,1433956,2013
1442069,1433004,1433954,2013
1442070,1433815,1434484,2013
1442071,1441739,1456026,2013
1442072,1433526,1433528,2013
1442074,1433461,1433530,2013
1442075,1433442,1434274,2013
1442076,1425931,1437116,2013
1442077,1433490,1433874,2013
1442078,1433287,1433446,2013
1442080,1433445,1433873,2013
1442081,1433489,1433831,2013
1442082,1433296,1434246,2013
1442083,1433832,1433875,2013
1442084,1433290,1456114,2013
1442085,1433441,1433522,2013
1442086,1434111,1441726,2013
1442087,1433704,1447984,2013
1442090,1425885,1434464,2013
1442091,1441727,1441737,2013
1442092,1425900,1433162,2013
1442094,1433495,1436704,2013
1442095,1433303,1434106,2013
1442096,1425882,1434107,2013
1442097,1425876,1433551,2013
1442098,1433436,1437103,2013
1442100,1434122,1456032,2013
1442101,1433439,1433538,2013
1442102,1425571,1437117,2013
1442103,1433692,1433693,2013
1442105,1433452,1456119,2013
1442106,1425990,1433870,2013
1442108,1433007,1433869,2013
1442109,1433246,1434129,2013
1442110,1433570,1441713,2013
1442111,1425849,1425850,2013
1442113,1425852,1434138,2013
1442114,1425929,1425984,2013
1442115,1433633,1434139,2013
1442117,1425927,1425928,2013
1442119,1425996,1434285,2013
1442121,1433811,1434286,2013
1442122,1433493,1457348,2013
1442123,1433807,1434269,2013
1442124,1433403,1434495,2013
1442126,1433402,1433713,2013
1442128,1435820,1436708,2013
1442129,1437019,1437121,2013
1442131,1434196,1434475,2013
1442132,1425981,1425982,2013
1442133,1425978,1434426,2013
1442134,1425979,1436706,2013
1442135,1433230,1433906,2013
1442136,1433229,1435805,2013
1442137,1435804,1437136,2013
1442138,1433913,1434355,2013
1442139,1433911,1434206,2013
1442140,1433225,1433909,2013
1442141,1437114,1437129,2013
1442142,1145936,1434422,2013
1442143,1433735,1434473,2013
1442144,1433642,1434356,2013
1442145,1425973,1451029,2013
1442146,1434207,1434435,2013
1442147,1433651,1434351,2013
1442148,1425972,1435807,2013
1442149,1425815,1434437,2013
1442151,1433654,1433917,2013
1442152,1433392,1451011,2013
1442153,1425817,1434439,2013
1442155,1425597,1434470,2013
1442156,1437125,1437134,2013
1442157,1433039,1434176,2013
1442158,1433033,1434163,2013
1442159,1425911,1441731,2013
1442160,1434413,1441732,2013
1442161,1425937,1447988,2013
1442162,1433396,1434480,2013
1442163,1433412,1434418,2013
1442164,1433220,1434496,2013
1442165,1425599,1433409,2013
1442166,1434153,1456108,2013
1442167,1434184,1447987,2013
1442168,1433730,1441717,2013
1442169,1433408,1434187,2013
1442170,1433406,1435810,2013
1442171,1441718,1456040,2013
1442172,1456112,1463717,2013
1442173,1433732,1433803,2013
1442174,1433718,1434292,2013
1442175,1456035,1456115,2013
1442176,1433031,1435802,2013
1442177,1425584,1434295,2013
1442178,1434154,1441753,2013
1442179,1433284,1433417,2013
1442180,1434300,1451027,2013
1442181,1424157,1425586,2013
1442182,1433219,1433726,2013
1442183,1433049,1433749,2013
1442184,1433395,1437137,2013
1442185,1425593,1433896,2013
1442186,1433866,1441735,2013
1442187,1433720,1434159,2013
1442188,1433304,1434456,2013
1442190,1433708,1433886,2013
1442191,1433848,1433887,2013
1442192,1433427,1433847,2013
1442193,1425901,1433893,2013
1442194,1433577,1433894,2013
1442195,1433022,1433995,2013
1442196,1425679,1434488,2013
1442197,1433019,1433998,2013
1442199,1425588,1425810,2013
1442200,1433836,1434249,2013
1442356,1230666,1320570,2014
1442358,1301580,1333320,2014
1442359,1332108,1456014,2014
1442360,1131853,1148128,2014
1442369,1333880,1333893,2014
1442391,1254407,1255077,2014
1442393,1371083,1404762,2014
1442394,1141105,1320114,2014
1442395,1441702,1441703,2014
1442396,1433851,1433965,2014
1442397,1433509,1433823,2014
1442399,1433728,1434180,2014
1442400,1434099,1434219,2014
1442455,1301193,1333299,2014
1442456,1271035,1332111,2014
1442457,1271789,1320517,2014
1442458,1145282,1255131,2014
1442459,1145128,1433001,2014
1442460,1333876,1441701,2014
1442682,1456011,1456013,2015
1442683,1141583,1146887,2015
1442684,1147002,1371661,2015
1442685,1145774,5087517,2015
1442686,1447997,1447998,2015
1442687,1333985,1405778,2015
1442688,1371837,1451014,2015
1442689,1147018,1333992,2015
1442690,1333921,1437044,2015
1442691,1333374,1405787,2015
1442693,1333581,1463852,2015
1442695,1139722,1434051,2015
1442696,1332258,1404789,2015
1442697,1301352,1436700,2015
1442698,1271074,1436934,2015
1442699,1255000,1333386,2015
1442700,1332249,1437043,2015
1442701,1131852,1139508,2015
1442711,1145128,1433001,2015
1442712,1301059,1320711,2015
1442713,1145282,1255131,2015
1442714,1320667,1371830,2015
1442716,1333876,1441701,2015
1442717,1332116,1436947,2015
1442720,1333346,1405792,2015
1442721,1301580,1333320,2015
1442725,1181098,1332073,2015
1442726,1301209,1332201,2015
1442727,1254407,1255077,2015
1442728,1271776,1271822,2015
1442729,1320715,1333933,2015
1442730,1230544,1320144,2015
1442731,1320659,1441707,2015
1442734,1301173,1320126,2015
1442735,1131853,1148128,2015
1442737,1437005,1447999,2015
1442738,1145943,1230720,2015
1442741,1271004,1333232,2015
1442742,1371659,1463741,2015
1442743,1456598,1463684,2015
1442744,1332108,1456014,2015
1442745,1141105,1320114,2015
1442746,1371083,1404762,2015
1442747,1456447,1463704,2015
1442748,1131875,1463702,2015
1442749,1230554,1463734,2015
1442751,1436925,1441705,2015
1442755,1131763,1456109,2015
1442757,1230791,1320701,2015
1442758,1333211,1456352,2015
1442759,1230618,1301675,2015
1442761,1181822,1320566,2015
1442762,1301217,1436921,2015
1442763,1318955,1463851,2015
1442771,1181077,1332075,2015
1442773,1456364,1463722,2015
1442775,1435801,1451021,2015
1442776,1271035,1332111,2015
1442777,1139538,1181698,2015
1442778,1456036,1456116,2015
1442779,1433395,1437137,2015
1442780,1131722,1230518,2015
1442781,1433429,1434101,2015
1442782,1425809,1436750,2015
1442783,1434108,1437030,2015
1442785,1433029,1434256,2015
1442786,1433866,1441735,2015
1442787,1425811,1437031,2015
1442788,1433720,1434159,2015
1442789,1425588,1425810,2015
1442790,1434262,1480137,2015
1442791,1433708,1433886,2015
1442792,1425581,1433575,2015
1442793,1433750,1434298,2015
1442794,1434300,1451027,2015
1442795,1436713,1441736,2015
1442797,1433284,1433417,2015
1442798,1435802,1456115,2015
1442799,1441751,1456039,2015
1442800,1433032,1436653,2015
1442826,1434469,1437111,2015
1442827,1433039,1434176,2015
1442828,1437112,1437135,2015
1442888,1433425,1434103,2015
1442889,1433807,1434269,2015
1442890,1434144,1434288,2015
1442897,1425580,1433423,2015
1442900,1447985,1451006,2015
1447524,1255958,1333230,2010
1447527,1254452,1301724,2010
1447533,1318917,1320602,2010
1447535,1320592,1333575,2010
1447536,1301173,1320126,2010
1447537,1139947,1301201,2010
1447538,1131856,1318928,2010
1447540,1261995,1301059,2010
1447541,1146056,1254481,2010
1447542,1131763,1318880,2010
1447544,1230799,1271841,2010
1447545,1318961,1320142,2010
1447546,1333211,1333220,2010
1447547,1138116,1255143,2010
1447548,1181603,1320030,2010
1447549,1181822,1320566,2010
1447551,1301134,1301722,2010
1447553,1261971,1320517,2010
1447554,1230666,1320570,2010
1447555,1230638,1318288,2010
1447556,1181202,1254413,2010
1447557,1147251,1370681,2010
1447559,1301580,1333320,2010
1447560,1145282,1255131,2010
1447563,1271672,1320014,2010
1447564,1301209,1332201,2010
1447566,1353594,1436942,2010
1447568,1230544,1320144,2010
1447570,1320715,1333933,2010
1447571,1254409,1255083,2010
1447572,1141105,1320114,2010
1447574,1320684,1332153,2010
1447575,1148149,1332073,2010
1447576,1271009,1371660,2010
1447578,1320010,1320046,2010
1447579,1139613,1301141,2010
1447580,1148136,1230721,2010
1447582,1320667,1371830,2010
1447583,1181273,1255165,2010
1447584,1255051,1333994,2010
1447585,1148633,1254407,2010
1447586,1255077,1320001,2010
1447587,1145943,1230720,2010
1447588,1318942,1371665,2010
1447589,1230585,1320073,2010
1447590,1255185,1271644,2010
1447592,1145271,1230528,2010
1447593,1255091,1301677,2010
1447594,1145075,1146893,2010
1447595,1139663,1333363,2010
1447596,1320012,1320075,2010
1447597,1271642,1320445,2010
1447598,1139547,1139679,2010
1447599,1139982,1320123,2010
1447600,1271656,1320118,2010
1447601,1131938,1301681,2010
1447602,1433466,1433952,2010
1447603,1433474,1433681,2010
1447604,1425674,1434485,2010
1447605,1433238,1433962,2010
1447610,1433243,1437130,2010
1447611,1433513,1434241,2010
1447612,1433507,1433508,2010
1447614,1433506,1437107,2010
1447615,1433237,1433976,2010
1447616,1433486,1434244,2010
1447617,1425894,1433818,2010
1447619,1433467,1433956,2010
1447621,1425801,1433955,2010
1447622,1433502,1434231,2010
1447623,1433815,1434484,2010
1447624,1433465,1436696,2010
1447626,1433868,1434131,2010
1447628,1425892,1433526,2010
1447629,1433007,1434133,2010
1447630,1433871,1434460,2010
1447631,1433444,1433529,2010
1447633,1433443,1433856,2010
1447634,1433739,1435818,2010
1447635,1433445,1433873,2010
1447636,1425931,1437116,2010
1447637,1425864,1433972,2010
1447638,1433298,1434238,2010
1447639,1433518,1434239,2010
1447641,1433836,1434249,2010
1447643,1433295,1433833,2010
1447647,1433290,1433697,2010
1447648,1425857,1434449,2010
1447649,1433490,1433874,2010
1447650,1433289,1434124,2010
1447652,1271812,1371835,2010
1447653,1148440,1301685,2010
1447655,1145299,1318991,2010
1447656,1318885,1333585,2010
1447657,1131852,1139508,2010
1447658,1318980,1320440,2010
1447660,1230554,1318964,2010
1447662,1139973,1147140,2010
1447663,1230723,1254405,2010
1447664,1255027,1332072,2010
1447665,1139698,1147086,2010
1447668,1425979,1436706,2010
1447669,1433230,1434204,2010
1447670,1433637,1433907,2010
1447671,1433225,1433909,2010
1447672,1433913,1434355,2010
1447674,1433639,1434433,2010
1447675,1434213,1434434,2010
1447677,1433644,1433734,2010
1447678,1425972,1435807,2010
1447679,1425050,1435808,2010
1447681,1425970,1434216,2010
1447687,1433658,1434442,2010
1447689,1433659,1435821,2010
1447690,1433661,1433921,2010
1447691,1425938,1434174,2010
1447692,1434097,1434173,2010
1447696,1433384,1434223,2010
1447698,1434225,1434226,2010
1447701,1433460,1436699,2010
1447702,1425990,1433870,2010
1447703,1425849,1425850,2010
1447705,1425989,1434279,2010
1447708,1434135,1434278,2010
1447709,1425847,1433247,2010
1447710,1425978,1434426,2010
1447713,1425852,1434138,2010
1447714,1425927,1425928,2010
1447715,1425981,1425982,2010
1447716,1425983,1434282,2010
1447718,1425577,1425926,2010
1447719,1433458,1433691,2010
1447720,1433692,1433693,2010
1447723,1433434,1437117,2010
1447724,1433439,1433538,2010
1447726,1425873,1433438,2010
1447730,1433704,1447984,2010
1447731,1433553,1434110,2010
1451292,1433814,1434230,2011
1451293,1433466,1433952,2011
1451300,1433241,1433299,2011
1451502,1433033,1434163,2010
1451506,1425909,1434492,2010
1451510,1433728,1434180,2010
1451512,1425913,1433411,2010
1451513,1433412,1434418,2010
1451514,1433220,1434496,2010
1451515,1434182,1434472,2010
1451516,1433729,1434183,2010
1451520,1433408,1434187,2010
1451521,1424157,1425586,2010
1451523,1425591,1433898,2010
1451524,1405048,1433993,2010
1451526,1433578,1434403,2010
1451527,1425588,1434445,2010
1451530,1425902,1434253,2010
1451531,1425813,1437123,2010
1451532,1433032,1436653,2010
1451534,1425584,1434295,2010
1451535,1425919,1434293,2010
1451536,1425920,1434291,2010
1451537,1433718,1434292,2010
1451539,1425581,1433575,2010
1451540,1425923,1434146,2010
1451541,1433574,1434145,2010
1451542,1425580,1433423,2010
1451543,1425579,1433557,2010
1451545,1433422,1437110,2010
1451549,1426000,1434491,2010
1451550,1434192,1434193,2010
1451551,1433735,1434473,2010
1451552,1433402,1433713,2010
1451557,1425992,1436707,2010
1451558,1425993,1434141,2010
1451559,1425994,1433736,2010
1451563,1433159,1434112,2010
1451564,1425883,1434457,2010
1451566,1433303,1434106,2010
1451567,1433425,1434103,2010
1451569,1425932,1434455,2010
1451570,1425900,1433162,2010
1451572,1433558,1434102,2010
1451573,1433497,1434453,2010
1451574,1433430,1433431,2010
1451575,1433848,1433887,2010
1451577,1433428,1433846,2010
1451578,1425811,1436745,2010
1451580,1425809,1434000,2010
1451582,1433560,1433890,2010
1451583,1433891,1434259,2010
1451584,1433308,1434258,2010
1451586,1433029,1434256,2010
1451587,1433895,1434158,2010
1451590,1433027,1434255,2010
1451591,1433581,1433990,2010
1451592,1433022,1433995,2010
1451593,1433026,1433996,2010
1451594,1433025,1436746,2010
1451595,1425812,1434257,2010
1451597,1433014,1433883,2010
1451598,1425886,1433165,2010
1451599,1433882,1434109,2010
1451751,1433853,1434242,2011
1451752,1433512,1433829,2011
1451754,1425864,1433972,2011
1451756,1433518,1434239,2011
1451758,1425807,1433545,2011
1451759,1433295,1433833,2011
1451760,1425859,1436743,2011
1451761,1433541,1433978,2011
1451762,1405035,1434248,2011
1451763,1436702,1437118,2011
1451764,1433015,1434459,2011
1451765,1425885,1434464,2011
1451766,1433013,1434108,2011
1451767,1433301,1434266,2011
1451768,1425888,1451017,2011
1451770,1433834,1433982,2011
1451771,1425876,1433551,2011
1451772,1425808,1433552,2011
1451773,1433537,1433738,2011
1451774,1433692,1433693,2011
1451775,1433285,1434118,2011
1451776,1433810,1434281,2011
1451777,1433459,1436747,2011
1451778,1433458,1433691,2011
1451779,1425927,1425928,2011
1451780,1425852,1434138,2011
1451781,1433456,1433632,2011
1451783,1433521,1433561,2011
1451784,1425842,1433819,2011
1451785,1433444,1433529,2011
1451786,1433531,1433688,2011
1451787,1437003,1447979,2011
1451788,1425802,1433520,2011
1451789,1433467,1433956,2011
1451790,1433234,1433504,2011
1451793,1425895,1434447,2011
1451796,1433465,1436696,2011
1451798,1434198,1451026,2011
1451799,1425848,1434425,2011
1451800,1425978,1434426,2011
1451801,1433451,1434201,2011
1451802,1425882,1434107,2011
1451807,1425998,1433571,2011
1451808,1434143,1437021,2011
1451809,1425999,1434142,2011
1451811,1433811,1434286,2011
1451812,1425994,1433736,2011
1451813,1433402,1433713,2011
1451814,1433735,1434473,2011
1451815,1425992,1436707,2011
1451816,1434192,1434193,2011
1451817,1437109,1451031,2011
1451818,1434195,1434474,2011
1451819,1426000,1434491,2011
1451820,1435820,1436708,2011
1451821,1433160,1433711,2011
1451822,1433422,1437110,2011
1451823,1425580,1433423,2011
1451824,1433708,1433886,2011
1451826,1433805,1434188,2011
1451828,1433558,1434102,2011
1451829,1433425,1434103,2011
1451830,1425924,1433405,2011
1451831,1425581,1433575,2011
1451833,1433426,1434290,2011
1451834,1433427,1433847,2011
1451835,1433306,1436750,2011
1451836,1433891,1434259,2011
1451838,1433560,1433890,2011
1451840,1433888,1434452,2011
1451843,1433581,1433990,2011
1451844,1433026,1433996,2011
1451845,1433023,1434254,2011
1451847,1433029,1434256,2011
1451851,1433720,1434159,2011
1451852,1425593,1433896,2011
1451854,1434229,1451028,2011
1451856,1433923,1434224,2011
1451857,1433195,1451009,2011
1451859,1433038,1434171,2011
1451860,1434169,1434172,2011
1451861,1433036,1434179,2011
1451862,1437112,1437135,2011
1451865,1434221,1434481,2011
1451868,1433742,1433918,2011
1451869,1425817,1434439,2011
1451870,1425948,1433174,2011
1451871,1433645,1447989,2011
1451872,1425970,1434216,2011
1451876,1425972,1435807,2011
1451878,1433642,1434356,2011
1451880,1433644,1433734,2011
1451882,1145936,1425687,2011
1451883,1437114,1437129,2011
1451884,1433224,1433910,2011
1451885,1433637,1433907,2011
1451886,1433225,1433909,2011
1451887,1435804,1437136,2011
1451888,1433227,1434205,2011
1451889,1433230,1434204,2011
1451890,1433636,1434476,2011
1451892,1425908,1434415,2011
1451893,1425909,1434492,2011
1451894,1425595,1425912,2011
1451895,1433412,1434418,2011
1451896,1433220,1434496,2011
1451898,1433392,1451011,2011
1451900,1433415,1435811,2011
1451902,1425914,1434299,2011
1451905,1433032,1436653,2011
1451921,1433719,1434402,2011
1451922,1434154,1434297,2011
1451923,1424296,1433416,2011
1451924,1433283,1451008,2011
1451925,1425919,1434293,2011
1451926,1433031,1435802,2011
1451927,1447986,1451007,2011
1451929,1433732,1433803,2011
1456126,1254448,1371749,2012
1456128,1255177,1301187,2012
1456130,1271658,1320577,2012
1456132,1301173,1320126,2012
1456133,1318917,1320602,2012
1456134,1320592,1333575,2012
1456135,1131722,1230518,2012
1456136,1332116,1436947,2012
1456137,1318360,1332109,2012
1456139,1301580,1333320,2012
1456140,1271035,1332111,2012
1456141,1147251,1370681,2012
1456142,1230666,1320570,2012
1456144,1230638,1318894,2012
1456145,1145128,1433001,2012
1456146,1147242,1320143,2012
1456147,1148604,1405767,2012
1456148,1271776,1271822,2012
1456149,1301209,1332201,2012
1456150,1181689,1371828,2012
1456358,1139947,1301201,2014
1456359,1271776,1271822,2014
1456360,1148604,1405767,2014
1456372,1333346,1405792,2014
1456373,1145943,1230720,2014
1456374,1271013,1437027,2014
1456375,1145058,1320451,2014
1456376,1320715,1333933,2014
1456377,1254409,1255083,2014
1456378,1320659,1441707,2014
1456379,1181098,1332073,2014
1456380,1353551,1441460,2014
1456428,1320005,1463685,2015
1456429,1433002,1434359,2015
1456430,1145251,1181629,2015
1456431,1333880,1333893,2015
1456432,1148136,1333363,2015
1456433,1320440,1463732,2015
1456435,1318885,1333585,2015
1456437,1332132,1333885,2015
1456438,1271642,1320445,2015
1456448,1318296,1332242,2015
1456450,1255185,1271644,2015
1456601,1433412,1434418,2015
1456604,1425912,1433282,2015
1456605,1433230,1433906,2015
1456606,1425847,1437016,2015
1456608,1435804,1437136,2015
1456609,1433715,1456041,2015
1456610,1433408,1434187,2015
1456611,1433729,1434183,2015
1456612,1425020,1447986,2015
1456613,1433730,1441717,2015
1456615,1442452,1456356,2015
1456617,1433220,1434496,2015
1456623,1433658,1434182,2015
1456624,1433657,1433741,2015
1456626,1425911,1441731,2015
1456649,1456112,1463717,2015
1456650,1437114,1437129,2015
1456651,1433486,1434244,2015
1456652,1433243,1437130,2015
1456654,1425868,1433563,2015
1456656,1433830,1433854,2015
1456657,1433467,1433956,2015
1456658,1425862,1433694,2015
1456659,1433295,1433833,2015
1456661,1441725,1441740,2015
1456662,1433542,1433544,2015
1456663,1433296,1434246,2015
1456664,1433461,1433530,2015
1456670,1425859,1436743,2015
1456671,1433495,1436704,2015
1456672,1442632,1456369,2015
1456673,1425883,1434457,2015
1456674,1425885,1434464,2015
1456675,1434111,1441726,2015
1456676,1433015,1434459,2015
1456677,1441727,1441737,2015
1456678,1433301,1434266,2015
1456680,1433882,1434109,2015
1456681,1433526,1433528,2015
1456684,1425854,1463661,2015
1456685,1433151,1437115,2015
1456686,1261968,1447982,2015
1456687,1433442,1434274,2015
1456689,1433540,1434118,2015
1456690,1463658,1463736,2015
1456692,1456361,1456368,2015
1456693,1425801,1433955,2015
1456694,1433466,1434230,2015
1456695,1425895,1434447,2015
1456697,1456022,1456045,2015
1456698,1425673,1441728,2015
1456708,1425981,1425982,2015
1456711,1434490,1463710,2015
1456712,1425993,1433736,2015
1456713,1434196,1434475,2015
1456714,1456444,1463711,2015
1456715,1433809,1437020,2015
1456716,1433439,1433538,2015
1456717,1425874,1434286,2015
1456718,1437019,1437121,2015
1456719,1435820,1436708,2015
1456720,1425571,1437117,2015
1456721,1434271,1441743,2015
1456722,1433493,1457348,2015
1456723,1433555,1451023,2015
1456724,1433160,1433711,2015
1456725,1433403,1434495,2015
1456726,1426000,1434491,2015
1456727,1434192,1434193,2015
1456728,1412021,1436707,2015
1456729,1437109,1441716,2015
1456730,1433402,1441714,2015
1456731,1433531,1433688,2015
1456732,1433633,1434139,2015
1456734,1425852,1434138,2015
1456736,1433692,1433693,2015
1456737,1433459,1463707,2015
1456740,1425849,1425850,2015
1456743,1433456,1433632,2015
1456744,1433452,1456119,2015
1456745,1433810,1434281,2015
1456746,1425927,1425928,2015
1456747,1433634,1434284,2015
1456749,1456029,1456048,2015
1457002,1456011,1456013,2014
1457004,1147002,1371661,2014
1457005,1318296,1332242,2014
1457006,1332249,1437043,2014
1457007,1271074,1436934,2014
1457008,1353490,1436691,2014
1457009,1148055,1333216,2014
1457010,1353454,1436690,2014
1457011,1333921,1437044,2014
1457012,1131630,1146996,2014
1457013,1333378,1456015,2014
1457014,1333984,1333990,2014
1457015,1371663,1371701,2014
1457016,1139722,1434051,2014
1457017,1434235,1436693,2014
1457018,1425804,1433477,2014
1457020,1456017,1456024,2014
1457022,1433518,1434239,2014
1457023,1433298,1434238,2014
1457024,1425862,1433694,2014
1457025,1405035,1434248,2014
1457026,1433979,1441722,2014
1457028,1425859,1436743,2014
1457029,1433491,1433877,2014
1457030,1433290,1456114,2014
1457031,1433973,1434448,2014
1457032,1433513,1434241,2014
1457033,1434242,1456366,2014
1457034,1433830,1433854,2014
1457035,1433506,1434232,2014
1457036,1433486,1434244,2014
1457037,1447980,1448000,2014
1457038,1456022,1456045,2014
1457039,1433685,1433816,2014
1457042,1433526,1433528,2014
1457043,1433527,1456367,2014
1457044,1433151,1437115,2014
1457045,1433444,1433529,2014
1457047,1425931,1437116,2014
1457048,1433445,1433873,2014
1457049,1433490,1433874,2014
1457050,1447983,1456030,2014
1457051,1433049,1433749,2014
1457052,1433029,1434256,2014
1457053,1434410,1710065,2014
1457054,1433397,1433727,2014
1457055,1433577,1433894,2014
1457056,1425909,1434492,2014
1457057,1433720,1434159,2014
1457058,1433395,1437137,2014
1457059,1433866,1441735,2014
1457060,1425595,1433663,2014
1457061,1434156,1434401,2014
1457062,1424296,1433416,2014
1457063,1433028,1433997,2014
1457064,1441733,1441752,2014
1457065,1433220,1434496,2014
1457066,1434154,1441753,2014
1457068,1433750,1434298,2014
1457069,1425914,1434299,2014
1457070,1433284,1433417,2014
1457071,1434207,1434435,2014
1457072,1441718,1456040,2014
1457073,1434184,1447987,2014
1457074,1435803,1451030,2014
1457075,1434191,1442365,2014
1457076,1425599,1433409,2014
1457077,1433408,1434187,2014
1457078,1442366,1456034,2014
1457079,1433801,1434419,2014
1457080,1433406,1435809,2014
1457081,1433915,1434217,2014
1457082,1433426,1434290,2014
1457083,1433654,1433917,2014
1457084,1433499,1456357,2014
1457085,1425580,1433423,2014
1457086,1433645,1447989,2014
1457087,1425972,1435807,2014
1457091,1433718,1434292,2014
1457092,1433427,1433847,2014
1457093,1425816,1425970,2014
1457094,1433742,1433918,2014
1457095,1433392,1451011,2014
1457096,1425817,1434439,2014
1457097,1433429,1434101,2014
1457098,1433891,1434259,2014
1457099,1425948,1433174,2014
1457100,1425588,1425810,2014
1457122,1433007,1433869,2014
1457123,1433716,1433717,2014
1457124,1425579,1433557,2014
1457125,1425927,1425928,2014
1457131,1456029,1456048,2014
1457132,1433160,1433711,2014
1457133,1441729,1456027,2014
1457134,1425987,1434134,2014
1457135,1425874,1434286,2014
1457136,1433246,1434129,2014
1457137,1426000,1434491,2014
1457138,1425993,1433736,2014
1457139,1433458,1433691,2014
1457140,1425849,1425850,2014
1457142,1433555,1451023,2014
1457143,1425996,1434285,2014
1457144,1441715,1456031,2014
1457145,1434192,1434193,2014
1457146,1433570,1441713,2014
1457147,1433715,1456041,2014
1457148,1433690,1436705,2014
1457149,1433403,1434495,2014
1457150,1434143,1437021,2014
1457181,1441727,1441737,2014
1457182,1433695,1451003,2014
1457183,1425885,1434464,2014
1457184,1433164,1463838,2014
1457185,1442632,1456369,2014
1457186,1433015,1434459,2014
1457187,1435819,1447981,2014
1457188,1433882,1434109,2014
1457189,1425900,1433162,2014
1457190,1434105,1434265,2014
1457192,1433433,1434268,2014
1457193,1441741,1456033,2014
1457194,1433704,1447984,2014
1457195,1434122,1456032,2014
1457196,1433439,1433538,2014
1457197,1425571,1437117,2014
1457199,1425990,1433870,2014
1457200,1425989,1434135,2014
1457219,1145883,1301566,2011
1457220,1332116,1436947,2011
1457221,1147251,1370681,2011
1457222,1230503,1301100,2011
1457223,1230638,1318288,2011
1457224,1181222,1320441,2011
1457226,1148604,1405767,2011
1457227,1141105,1320114,2011
1457228,1261980,1333346,2011
1457229,1301370,1320659,2011
1457231,1131875,1318982,2011
1457233,1145083,1230618,2011
1457234,1181603,1320030,2011
1457235,1148403,1320078,2011
1457236,1271642,1320445,2011
1457237,1332117,1353585,2011
1457238,1131901,1254486,2011
1457239,1271812,1371835,2011
1457240,1181077,1332075,2011
1457242,1145155,1145281,2011
1457243,1320005,1320092,2011
1457244,1145299,1318991,2011
1457245,1353548,1436941,2011
1457246,1320667,1371830,2011
1457247,1139595,1271646,2011
1457249,1148633,1333994,2011
1457250,1147283,1230744,2011
1457251,1271100,1320591,2011
1457252,1320146,1320539,2011
1457253,1301217,1436921,2011
1457254,1131856,1318928,2011
1457255,1301665,1320694,2011
1457256,1318961,1320142,2011
1457257,1181822,1320566,2011
1457258,1230791,1320701,2011
1457259,1139973,1147140,2011
1457260,1318885,1333585,2011
1457261,1148440,1301685,2011
1457262,1181052,1320065,2011
1457263,1145251,1181629,2011
1457264,1320056,1320070,2011
1457266,1230585,1320073,2011
1457267,1147167,1320683,2011
1457268,1181273,1255165,2011
1457269,1271009,1371660,2011
1457270,1181098,1261945,2011
1457271,1254409,1255083,2011
1457272,1147188,1301679,2011
1457273,1320715,1333933,2011
1457274,1145058,1320451,2011
1457275,1371834,1434076,2011
1457276,1301149,1301183,2011
1457277,1301157,1320637,2011
1457278,1271672,1320014,2011
1457279,1301209,1332201,2011
1457280,1271776,1271822,2011
1457281,1145282,1255131,2011
1457282,1147242,1318380,2011
1457283,1131722,1230518,2011
1457284,1301158,1301573,2011
1457285,1261971,1320517,2011
1457286,1230666,1320570,2011
1457287,1181202,1254413,2011
1457289,1255003,1320117,2011
1457290,1255033,1320564,2011
1457291,1146055,1181146,2011
1457292,1254491,1333232,2011
1457293,1255177,1301187,2011
1457294,1255428,1437042,2011
1457295,1320592,1333575,2011
1457296,1254509,1301101,2011
1457297,1230656,1254481,2011
1457299,1254452,1301724,2011
1457300,1131909,1318918,2011
1457301,1148055,1333216,2011
1457302,1145776,1318262,2011
1457303,1141593,1147018,2011
1457304,1131630,1146996,2011
1457305,1320141,5078532,2011
1457306,1141556,5092046,2011
1457307,1271728,1434071,2011
1457308,1146914,1271095,2011
1457309,1353490,1436691,2011
1457310,1333984,1333990,2011
1457312,1255000,5078951,2011
1457315,1147002,1371661,2011
1457316,1131640,1301777,2011
1463552,1333839,1371087,2014
1463553,1301217,1436921,2014
1463554,1436925,1441705,2014
1463555,1145281,1436941,2014
1463556,1320592,1333575,2014
1463557,1255027,1332072,2014
1463558,1301688,1320564,2014
1463559,1333211,1456352,2014
1463560,1318961,1320142,2014
1463561,1131938,1301681,2014
1463563,1318917,1320602,2014
1463564,1148541,1271043,2014
1463565,1301209,1332201,2014
1463566,1146091,1255177,2014
1463567,1230799,1271841,2014
1463568,1181822,1320566,2014
1463569,1255167,1301145,2014
1463570,1255003,1320117,2014
1463571,1434198,1451026,2014
1463572,1145187,1371665,2014
1463573,1318885,1333585,2014
1463574,1139538,1181698,2014
1463575,1148096,1451025,2014
1463578,1141179,1230528,2014
1463579,1148136,1333363,2014
1463580,1271642,1320445,2014
1463582,1145251,1181629,2014
1463583,1139679,1456371,2014
1463585,1255185,1271644,2014
1463587,1435820,1436708,2014
1463588,1145299,1320068,2014
1463589,1332117,1353585,2014
1463591,1320056,1320070,2014
1463592,1139613,1301141,2014
1463596,1271812,1371835,2014
1463597,1433230,1433906,2014
1463598,1145075,1146893,2014
1463600,1435804,NA,2014
1463603,1433809,1437020,2014
1463609,1425981,1425982,2014
1463610,1434197,1451002,2014
1463613,1433158,1433805,2014
1463614,1425675,1425872,2014
1463615,1433641,1451013,2014
1463616,1447990,1456104,2014
1463617,1425979,1436706,2014
1463622,1434196,1434475,2014
1463624,1433225,1433909,2014
1463625,1437019,1437121,2014
1463727,1230585,1320073,2015
1463728,1139613,1301141,2015
1463729,1332117,1353585,2015
1463730,1148096,1451025,2015
1463742,1333984,1333990,2015
1463743,1333378,1456015,2015
1463744,1371663,1371701,2015
1463745,1131640,5078886,2015
1463746,1425909,1434492,2015
1463748,1434154,1441753,2015
1463749,1425901,1433893,2015
1463750,1433718,1434292,2015
1463910,1425894,1433819,2016
1463921,1434242,1456366,2016
1463924,1433490,1433874,2016
1463925,1433441,1433522,2016
1463926,1425898,1456113,2016
1463927,1447983,1456030,2016
1463928,1434111,1441726,2016
1463929,1441741,1456033,2016
1463933,1434512,1463903,2016
1463934,1441721,1441742,2016
1463935,1433570,1441713,2016
1463937,1425851,1433009,2016
1463938,1456029,1456048,2016
1463940,1425675,1425872,2016
1463951,1433720,1434159,2016
1463952,1433033,1435812,2016
1463953,1425912,1433282,2016
1463954,1425914,1434299,2016
1463955,1433750,1434298,2016
1463956,1433032,1436653,2016
1463957,1434154,1441753,2016
1463958,1424296,1433416,2016
1463959,1433500,1434454,2016
1463960,1425579,1433557,2016
1463962,1437005,1447999,2016
1463963,1433882,1434109,2016
1463967,1425862,1425878,2016
1463969,1433973,1434448,2016
1463972,1433486,1434244,2016
1463973,1433506,1434232,2016
1463974,1433240,1433511,2016
1463977,1412096,1433510,2016
1463978,1433491,1433877,2016
1463979,1425859,1436743,2016
1463980,1433972,1441723,2016
1463981,1433695,1451003,2016
1463982,1433439,1433538,2016
1463985,1433246,1434129,2016
1463986,1425852,1434138,2016
1463988,1425993,1433736,2016
1463989,1425996,1434285,2016
1463990,1433493,1457348,2016
1463991,1447985,1451006,2016
1463992,1433403,1434495,2016
1463995,1425815,1434437,2016
1463996,1433158,1433805,2016
1463997,1456112,1463717,2016
1464122,1425874,1434286,2016
1464125,1412021,1436707,2016
1464126,1433402,1441714,2016
1464127,1433809,1437020,2016
1464129,1433445,1433873,2016
1464130,1435820,1436708,2016
1464133,1433574,1463739,2016
1464135,1425581,1433575,2016
1464136,1433284,1433417,2016
1464138,1463680,1463721,2016
1464139,1424157,1433415,2016
1464140,1433866,1441735,2016
1464141,1425981,1425982,2016
1464142,1434197,1451002,2016
1464143,1433229,1434203,2016
1464144,1433636,1456445,2016
1464145,1425975,1433907,2016
1464146,1433225,1433909,2016
1464147,1433641,1451013,2016
1464149,1425973,1451029,2016
1464150,1434207,1434435,2016
1464172,1441727,1441737,2016
1464173,1433294,1433448,2016
1464174,1463853,1463942,2016
1464177,1230638,1318288,2016
1464181,1301134,1404199,2016
1464183,1463860,1463882,2016
1464187,1181689,1371828,2016
1464188,1333346,1405792,2016
1464189,1271019,1333333,2016
1464190,1404178,1411613,2016
1464191,1230544,1320144,2016
1464192,1255165,1463867,2016
1464193,1141179,1230528,2016
1464194,1332117,1353585,2016
1464196,1371834,1434076,2016
1464197,1255185,1271644,2016
1464198,1333839,1371087,2016
1464199,1139665,1145298,2016
1464200,1333880,1333893,2016
1464201,1131856,1318928,2016
1464207,1434869,1463893,2016
1464208,1353490,1436691,2016
1464214,1255027,1332072,2016
1464215,1271074,1436934,2016
1464231,1433408,1434187,2016
1464232,1425600,1433407,2016
1464233,1456370,1463715,2016
1464234,1425020,1447986,2016
1464235,1463861,1463950,2016
1464236,1425599,1433409,2016
1464237,1433743,1463683,2016
1464238,1441733,1441752,2016
1464240,1433718,1434292,2016
1464347,1425817,1434439,2016
1464348,1425970,1451011,2016
1464349,1433915,1434217,2016
1464468,1145281,1332114,2017
1464581,1425993,1433736,2017
1464582,1425996,1434285,2017
1464587,1437109,1441716,2017
1464588,1433735,1434473,2017
1464589,1433402,1441714,2017
1464592,1456444,1463711,2017
1464593,1425847,1451026,2017
1464594,1425978,1434426,2017
1464596,1435804,1437136,2017
1464604,1425598,1433034,2017
1464607,1433220,1434496,2017
1464608,1425599,1433409,2017
1479007,1332258,1404789,2018
1479013,1411664,1411714,2018
1479014,1463860,1463882,2018
1479018,1456598,1463684,2018
1479019,1318360,1463885,2018
1479020,1145282,1255131,2018
1479024,1145058,1320451,2018
1479025,1434787,1464450,2018
1479026,1320659,1441707,2018
1479027,1271019,1333333,2018
1479029,1141105,1320114,2018
1479030,1411611,1411703,2018
1479031,1254407,1255077,2018
1479032,1255150,1434757,2018
1479033,1181603,1320030,2018
1479034,1271651,1320566,2018
1479035,1441705,1479454,2018
1479036,1333994,1371087,2018
1479037,1301688,1320564,2018
1479038,1230799,1271841,2018
1479041,1255167,1301145,2018
1479042,1411616,1463902,2018
1479043,1434792,1463901,2018
1479044,1254499,1255160,2018
1479045,1318917,1320602,2018
1479047,1261944,1464448,2018
1479049,1433852,1463886,2018
1479050,1405035,1434248,2018
1479051,1433015,1434459,2018
1479052,1442632,1456369,2018
1479053,1441727,1441737,2018
1479055,1433973,1434448,2018
1479057,1433469,1463943,2018
1479058,1457350,1463654,2018
1479060,1434485,1436312,2018
1479061,1433486,1434244,2018
1479063,1441725,1441740,2018
1479065,1433461,1433530,2018
1479066,1425573,1434128,2018
1479067,1433526,1433528,2018
1479070,1425119,1433491,2018
1479074,1447983,1456030,2018
1479076,1411765,1434971,2018
1479077,1433490,1433871,2018
1479078,1425854,1463661,2018
1479079,1435054,1464893,2018
1479080,1425989,1434135,2018
1479083,1433692,1434970,2018
1479084,1433436,1463737,2018
1479085,1425900,1433162,2018
1479086,1433016,1433307,2018
1479087,1433558,1434102,2018
1479088,1433425,1434103,2018
1479089,1436709,1463878,2018
1479090,1441715,1456031,2018
1479092,1456029,1456048,2018
1479093,1412106,1425577,2018
1479095,1425852,1434138,2018
1479097,1425850,1464868,2018
1479098,1441721,1441742,2018
1479099,1433570,1441713,2018
1479100,1433246,1434129,2018
1479101,1425978,1434426,2018
1479102,1433569,1456354,2018
1479103,1437019,1437121,2018
1479104,1435820,1436708,2018
1479106,1433809,1437020,2018
1479107,1433715,1456041,2018
1479108,1433711,1464889,2018
1479109,1433493,1457348,2018
1479110,1434144,1434288,2018
1479112,1433574,1463739,2018
1479113,1425579,1433557,2018
1479114,1447985,1451006,2018
1479116,1412021,1436707,2018
1479117,1425581,1433575,2018
1479118,1441751,1456039,2018
1479120,1425142,1434494,2018
1479121,1456034,1464870,2018
1479122,1426000,1434491,2018
1479123,1433641,1451013,2018
1479124,1433636,1456445,2018
1479125,1435804,1437136,2018
1479126,1433911,1434206,2018
1479127,1433229,1434277,2018
1479128,1433731,1434422,2018
1479132,1433406,1435809,2018
1479133,1456370,1463715,2018
1479134,1425020,1447986,2018
1479135,1425911,1441731,2018
1479136,1433729,1434183,2018
1479137,1433658,1434182,2018
1479138,1434153,1463949,2018
1479143,1433661,1433921,2018
1479146,1433397,1433727,2018
1479147,1434413,1441732,2018
1479149,1433750,1434298,2018
1479150,1434154,1441753,2018
1479151,1451008,1463719,2018
1479154,1437022,1437023,2018
1479155,1456364,1463722,2018
1479156,1434158,1451020,2018
1479157,1434156,1434401,2018
1479158,1424157,1433415,2018
1479161,1425073,1437006,2018
1479162,1433718,1434292,2018
1479163,1435023,1463916,2018
1479165,1434108,1437030,2018
1479494,1332108,1456014,2019
1479701,1320659,1441707,2019
1479703,1434525,1479477,2019
1479705,1405313,1463892,2019
1479706,1332218,1371079,2019
1479707,1435955,1479460,2019
1479714,1434505,1464883,2019
1479723,1433570,1441713,2019
1479724,1433690,1436705,2019
1479725,1433015,1434459,2019
1479727,1463653,1463726,2019
1479729,1412096,1433510,2019
1479730,1411765,1434971,2019
1479731,1425852,1434138,2019
1479732,1433151,1437115,2019
1479733,1456361,1456368,2019
1479734,1436265,1479463,2019
1479736,1433689,1463895,2019
1479738,1456022,1456045,2019
1479740,1425118,1425878,2019
1479741,1412073,1464416,2019
1479745,1441721,1441742,2019
1479746,1441727,1441737,2019
1479748,1425898,1456113,2019
1479749,1433506,1434232,2019
1479750,1425119,1433491,2019
1479751,1433408,1434187,2019
1479752,1261968,1447982,2019
1479753,1433288,1456023,2019
1479755,1441751,1456039,2019
1479756,1434197,1451002,2019
1479757,1433747,1433864,2019
1479760,1433493,1457348,2019
1479762,1456112,1479465,2019
1479764,1425978,1434426,2019
1479765,1463708,1464458,2019
1479766,1456029,1456048,2019
1479767,1456105,1463896,2019
1479771,1412030,1434433,2019
1479773,1412090,1436455,2019
1479777,1436709,1463878,2019
1479778,1425993,1433736,2019
1479780,1441718,1456040,2019
1479782,1412189,1433723,2019
1479783,1447985,1451006,2019
1479784,1433403,1463947,2019
1479785,1425972,1435807,2019
1479786,1456444,1463711,2019
1479787,1433024,1437010,2019
1479788,1433500,1434454,2019
1479790,1433891,1434259,2019
1479793,1437113,1437128,2019
1479794,1433715,1456041,2019
1479796,1433402,1441714,2019
1479797,1435820,1436708,2019
1479799,1433174,1433653,2019
1479801,1433801,1434419,2019
1479802,1433651,1434351,2019
1479803,1437112,1437135,2019
1479805,1425066,1463680,2019
1479807,1433284,1433417,2019
1479810,1425073,1437006,2019
1480142,1332108,1456014,2020
1480144,1370681,1371659,2020
1480146,1230544,1320144,2020
1480148,1332201,1480101,2020
1480150,1145128,1433001,2020
1480211,1139538,1463732,2020
1480212,1271812,1371835,2020
1480213,1271004,1480120,2020
1480214,1145281,1332114,2020
1480215,1320566,1436941,2020
1480216,1447533,1479498,2020
1480217,1433512,1433829,2020
1480218,1148096,1451025,2020
1480219,1411611,1411703,2020
1480220,1353541,1437148,2020
1480221,1434525,1479477,2020
1480222,1353585,1480133,2020
1480223,1320146,1320539,2020
1480224,1320604,1480125,2020
1480225,1230799,1271841,2020
1480226,1318904,1464411,2020
1480227,1434388,1463884,2020
1480228,1353551,1441460,2020
1480230,1139679,1320445,2020
1480231,1318360,1463885,2020
1480232,1433830,1433854,2020
1480233,1435935,1464882,2020
1480235,1333378,1456015,2020
1480236,1271776,1434399,2020
1480237,1457350,1463654,2020
1480238,1411690,1463905,2020
1480239,1333994,1371087,2020
1480240,1320517,1436397,2020
1480241,1437003,1447979,2020
1480242,1333880,1333893,2020
1480243,1437013,1456124,2020
1480247,1181603,1320030,2020
1480248,1433486,1434244,2020
1480249,1404226,1434071,2020
1480250,1301688,1320564,2020
1480251,1271049,1353558,2020
1480253,1181689,1371828,2020
1480255,1434526,1463851,2020
1480258,1333230,1479474,2020
1480259,1333211,1456352,2020
1480261,1433290,1456114,2020
1480262,1433972,1441723,2020
1480263,1441727,1441737,2020
1480264,1412066,1463888,2020
1480265,1433015,1434459,2020
1480266,1433542,1433544,2020
1480267,1434887,1436743,2020
1480268,1433558,1434102,2020
1480269,1425093,1433979,2020
1480270,1463652,1463724,2020
1480272,1433851,1433965,2020
1480274,1411968,1436254,2020
1480276,1463658,1463736,2020
1480277,1433461,1433530,2020
1480278,1433529,1433561,2020
1480279,1433815,1434484,2020
1480280,1425931,1433963,2020
1480281,1425898,1456113,2020
1480282,1425082,1463709,2020
1480284,1463662,1463944,2020
1480285,1425080,1464886,2020
1480286,1425146,1463898,2020
1480287,1433692,1434970,2020
1480289,1433695,1451003,2020
1480290,1412096,1433510,2020
1480294,1261968,1447982,2020
1480295,1433704,1447984,2020
1480299,1433436,1463737,2020
1480300,1463708,1464458,2020
1480301,1433459,1463707,2020
1480302,1433555,1464889,2020
1480306,1425993,1433736,2020
1480307,1425850,1464868,2020
1480309,1412106,1425577,2020
1480311,1412172,1433691,2020
1480314,1433402,1441714,2020
1480316,1433500,1434454,2020
1480318,1433569,1456354,2020
1480320,1433493,1457348,2020
1480322,1425581,1433716,2020
1480323,1437022,1437023,2020
1480324,1435023,1463916,2020
1480325,1456036,1456116,2020
1480326,1436453,1479484,2020
1480327,1425923,1434146,2020
1480328,1441733,1441752,2020
1480329,1456038,1456365,2020
1480330,1447985,1451006,2020
1480333,1425143,1434402,2020
1480334,1433718,1434292,2020
1480338,1456112,1479465,2020
1480339,1425066,1463680,2020
1480340,1433284,1433417,2020
1480342,1426000,1434491,2020
1480344,1456444,1463711,2020
1480346,1435820,1436708,2020
1480347,1433715,1456041,2020
1480348,1434143,1463694,2020
1480349,1434195,1464869,2020
1480351,1412188,1463683,2020
1480352,1441368,1464895,2020
1480353,1425120,1436390,2020
1480354,1434197,1451002,2020
1480355,1434819,1435306,2020
1480357,1425068,1479466,2020
1480360,1441283,1480113,2020
1480361,1441718,1456040,2020
1480364,1451029,1451557,2020
1480365,1433636,1456445,2020
1480366,1425972,1435807,2020
1480367,1463682,1463716,2020
1480368,1433407,1464897,2020
1480369,1433642,1434356,2020
1480370,1433911,1434206,2020
1480371,1442452,1456356,2020
1480372,1433920,1442453,2020
1480373,1411964,1425012,2020
1480374,1425599,1433409,2020
1480375,1433801,1434419,2020
1480377,1425911,1441731,2020
1480378,1425020,1447986,2020
1480379,1436470,1456108,2020
1480380,1433220,1464452,2020
1480384,1436447,1464873,2020
1480386,1433720,1433866,2020
1480387,1405342,1433658,2020
1480388,1433728,1434180,2020
1480389,1433915,1434217,2020
1480390,1411999,1464463,2020
1480393,1451593,1480126,2020
1480395,1463693,1463912,2020
1480396,1433024,1437010,2020
1480399,1433750,1436653,2020
1480400,1434154,1441753,2020
1480532,1456361,1456368,2020
1480811,1433477,1463894,2021
1480812,1433509,1433823,2021
1480813,1433852,1463886,2021
1480814,1433518,1434239,2021
1480815,1425072,1433968,2021
1480816,1412075,1456017,2021
1480817,1433973,1434448,2021
1480819,1463653,1463726,2021
1480820,1435030,1447619,2021
1480821,1433486,1434244,2021
1480822,1434234,1436312,2021
1480823,1425138,1480641,2021
1480824,1437003,1447979,2021
1480825,1425894,1456020,2021
1480827,1441720,1456021,2021
1480828,1456022,1456045,2021
1480829,1433689,1463895,2021
1480830,1456361,1456368,2021
1480831,1433461,1433530,2021
1480832,1433151,1437115,2021
1480833,1433528,1433868,2021
1480834,1463662,1463944,2021
1480835,1425931,1433963,2021
1480836,1433445,1451541,2021
1480837,1412043,1436318,2021
1480838,1412170,1463705,2021
1480840,1436265,1479463,2021
1480841,1433295,1433833,2021
1480842,1433542,1433544,2021
1480843,1425093,1433979,2021
1480844,1425807,1434911,2021
1480845,1433294,1433982,2021
1480846,1405035,1434248,2021
1480847,1433808,1456103,2021
1480848,1433026,1463657,2021
1480849,1456369,NA,2021
1480850,1425885,1433882,2021
1480851,1412066,1463888,2021
1480852,1435819,1447981,2021
1480853,1433015,1434459,2021
1480854,1463651,1463725,2021
1480855,1434108,1437030,2021
1480856,1437007,1451019,2021
1480857,1433019,NA,2021
1480858,1463862,1463918,2021
1480859,1435023,1463916,2021
1480860,1433500,1434454,2021
1480862,1434105,1434265,2021
1480863,1433695,1451003,2021
1480865,1447983,1456030,2021
1480866,1425070,1479497,2021
1480867,1411765,1434971,2021
1480868,1433490,1441725,2021
1480870,1436360,1451907,2021
1480871,1464418,1464433,2021
1480872,1412096,1433510,2021
1480873,1425990,1433870,2021
1480875,1433466,1480112,2021
1480876,1433456,1464419,2021
1480877,1435054,1464893,2021
1480878,1463695,1464887,2021
1480879,1433459,1463707,2021
1480880,1411868,1433738,2021
1480881,1456029,1456048,2021
1480882,1425146,1463898,2021
1480883,1434957,1436320,2021
1480884,1412089,1425040,2021
1480885,1434964,1441273,2021
1480886,1434122,1456032,2021
1480887,1433436,1463737,2021
1480888,1261968,1447982,2021
1480889,1425680,1436711,2021
1480890,1425082,1463709,2021
1480891,1463708,1464458,2021
1480892,1436709,1463878,2021
1480893,1433425,1434103,2021
1480894,1434288,1451584,2021
1480895,1433304,1434456,2021
1480896,1435028,1464444,2021
1480897,1433493,1457348,2021
1480898,1436334,1436446,2021
1480899,1433555,1464889,2021
1480900,1441715,1456031,2021
1480901,1433879,1464443,2021
1480902,1435348,1436425,2021
1480903,1435059,1464894,2021
1480904,1425996,1434285,2021
1480905,1463710,1463718,2021
1480906,1435273,1480659,2021
1480907,1425993,1433736,2021
1480908,1425147,1464867,2021
1480909,1434194,1442363,2021
1480910,1441721,1441742,2021
1480911,1433690,1436705,2021
1480914,1451671,1451762,2021
1480916,1435041,1436710,2021
1480919,1433840,1451586,2021
1480920,1425579,1433557,2021
1480921,1434262,1480137,2021
1480922,1433718,1434292,2021
1480923,1463899,1463904,2021
1480924,1425073,1437006,2021
1480925,1433284,1433417,2021
1480926,1434158,1451020,2021
1480927,1425906,1434406,2021
1480928,1434156,1434401,2021
1480929,1437119,1456044,2021
1480930,1433415,1463881,2021
1480933,1433720,1433866,2021
1480934,1710065,1710121,2021
1480936,1412189,1433723,2021
1480937,1480140,1480672,2021
1480939,1425914,1434298,2021
1480940,1434300,1463722,2021
1480941,1433395,1435802,2021
1480942,1451593,1480126,2021
1480943,1456036,1456116,2021
1480944,1371097,1433985,2021
1480945,1435122,1480115,2021
1480946,1412188,1463683,2021
1480947,1435809,1451932,2021
1480948,1425142,1434494,2021
1480949,1434143,1463694,2021
1480950,1436399,1441716,2021
1480951,1433735,1434193,2021
1480952,1434195,1464869,2021
1480953,1434819,1435306,2021
1480954,1434197,1451002,2021
1480955,1441368,1464895,2021
1480956,1451800,1479480,2021
1480957,1412194,1425846,2021
1480958,1425120,1436390,2021
1480959,1434820,1434994,2021
1480960,1425862,1434424,2021
1480961,1435804,1437136,2021
1480962,1433636,1456445,2021
1480963,1433641,1463858,2021
1480964,1411794,1434435,2021
1480965,1425068,1479466,2021
1480971,1451872,1480661,2021
1480972,1451029,1451557,2021
1480974,1433407,1464897,2021
1480975,1436470,1456108,2021
1480976,1425020,1447986,2021
1480977,1425911,1441731,2021
1480978,1434191,1480666,2021
1480979,1425599,1433409,2021
1480980,1433729,1434183,2021
1480981,1442452,1456356,2021
1480982,1433220,1464452,2021
1480983,1433412,1456037,2021
1480984,1433049,1433749,2021
1480985,1411964,1425012,2021
1480986,1411999,1464463,2021
1480987,1433921,1441437,2021
1480988,1405342,1433658,2021
1480989,1425090,1436451,2021
1480990,1434153,1463950,2021
1480991,1433174,1433653,2021
1480992,1433660,1456363,2021
1480993,1456107,NA,2021
1480994,1433039,1434176,2021
1480996,1434470,1435055,2021
1480997,1437112,1437135,2021
1709176,1230518,1404093,2021
1709182,1332108,1456014,2021
1709187,1463860,1463882,2021
1709191,1411608,1464439,2021
1709192,1456598,1463684,2021
1709195,1435950,1464892,2021
1709196,1181689,1371828,2021
1709197,1404178,1411613,2021
1709198,1435957,1479496,2021
1709201,1271009,1371083,2021
1709202,1353537,1405767,2021
1709203,1141105,1320114,2021
1709204,1434383,1441703,2021
1709205,1371834,1434076,2021
1709206,1181222,1441702,2021
1709207,1333350,1456351,2021
1709208,1463868,1463890,2021
1709209,1333880,1333893,2021
1709210,1435911,1464434,2021
1709211,1332132,1333885,2021
1709212,1433002,1434359,2021
1709213,1435948,1480663,2021
1709214,1255150,1320667,2021
1709215,1404172,1447583,2021
1709216,1434526,1463851,2021
1709217,1145281,1332114,2021
1709219,1353585,1480133,2021
1709220,1456447,1463704,2021
1709222,1404767,1411682,2021
1709223,1405313,1463892,2021
1709224,1255143,1411657,2021
1709225,1255091,1463734,2021
1709226,1333211,1456352,2021
1709227,1434521,1463733,2021
1709228,1301688,1320564,2021
1709230,1255027,1332072,2021
1709231,NA,NA,2021
1709232,1353541,1437148,2021
1709234,1147283,1230744,2021
1709235,1435955,1479460,2021
1709236,1332218,1371079,2021
1709238,1320592,1320602,2021
1709239,1434792,1463901,2021
1709240,1261944,1464448,2021
1709241,1320577,1464449,2021
1709242,1320146,1320539,2021
1709243,1320591,1404189,2021
1709244,1411684,1447541,2021
1709245,1301352,1371704,2021
1709465,1370681,1371659,2022
1709466,1333876,1464440,2022
1709467,1435950,1464892,2022
1709468,1145128,1433001,2022
1709469,1404079,1404757,2022
1709470,1181689,1371828,2022
1709493,1320517,1436397,2022
1709494,1447542,1456141,2022
1709496,1463860,1463882,2022
1709497,1437300,1457280,2022
1709498,1411664,1411714,2022
1709499,1301217,1480670,2022
1709500,1435834,1457284,2022
1709623,1463658,1463736,2022
1709624,1425070,1479497,2022
1709626,1425898,1456113,2022
1709628,1425118,1425878,2022
1709630,1441727,1441737,2022
1709631,1463662,1463944,2022
1709632,1425080,1464886,2022
1709633,1441721,1441742,2022
1709635,1433456,1464419,2022
1709636,1425852,1434138,2022
1709637,1433690,1436705,2022
1709639,1435054,1464893,2022
1709640,1464418,1464433,2022
1709661,1433436,1463737,2022
1709662,1434122,1456032,2022
1709663,1434964,1441273,2022
1709664,1435348,1436425,2022
1709665,1425996,1434285,2022
1709668,1412090,1436455,2022
1709669,1433808,1456103,2022
1709671,1425082,1463709,2022
1709672,1463857,1463946,2022
1709675,1434403,1442454,2022
1709676,1434159,1434445,2022
1709677,1442241,1451336,2022
1709678,1434156,1434401,2022
1709679,1433415,1463881,2022
1709680,1434158,1451020,2022
1709681,1433284,1433417,2022
1709682,1463899,1463904,2022
1709683,1435023,1463916,2022
1709684,1436424,1441278,2022
1709685,1425143,1434402,2022
1709686,1434288,1451584,2022
1709687,1425579,1433557,2022
1709688,1435028,1464444,2022
1709689,1433493,1457348,2022
1709690,1436334,1436446,2022
1709691,1433555,1464889,2022
1709692,1435041,1436710,2022
1709693,1433715,1456041,2022
1709694,1436708,1437019,2022
1709695,1436417,1456730,2022
1709696,1433735,1434193,2022
1709697,1436405,1464438,2022
1709698,1435296,1441713,2022
1709699,1434949,1480124,2022
1709700,1435071,1464420,2022
1709701,1404178,1411613,2022
1709702,1271776,1434399,2022
1709703,1411168,1441114,2022
1709704,1434775,1479475,2022
1709705,1181098,1332073,2022
1709706,1353551,1441460,2022
1709707,1411611,1411703,2022
1709708,1479459,1479476,2022
1709709,1435449,1464447,2022
1709710,1353537,1405767,2022
1709711,1434383,1441703,2022
1709712,1435935,1464882,2022
1709713,1333346,1447656,2022
1709714,1447599,1480132,2022
1709717,1353585,1480133,2022
1709718,1405313,1463892,2022
1709719,1404767,1411682,2022
1709721,1255143,1411657,2022
1709723,1333211,1456352,2022
1709724,1434521,1463733,2022
1709725,1271841,1456109,2022
1709726,1333994,1371087,2022
1709727,1320701,1435972,2022
1709728,1434525,1479477,2022
1709729,1353541,1437148,2022
1709731,1320592,1320602,2022
1709734,1411680,1463569,2022
1709735,1411684,1447541,2022
1709737,1353454,1411731,2022
1709738,1333378,1456015,2022
1709739,1320141,1320453,2022
1709741,1353490,1436691,2022
1709742,1271074,1464866,2022
1709743,1457304,1480668,2022
1709744,1433477,1463894,2022
1709745,1433486,1434244,2022
1709746,1434234,1436312,2022
1709749,1433528,1433868,2022
1709750,1412073,1464416,2022
1709751,1451026,1479480,2022
1709752,1425862,1434424,2022
1709754,1434820,1434994,2022
1709755,1456444,1463711,2022
1709756,1434491,1436399,2022
1709757,1434143,1463694,2022
1709758,1425142,1434494,2022
1709759,1437031,1441183,2022
1709760,1425923,1456038,2022
1709761,1456036,1456116,2022
1709762,1451593,1480126,2022
1709763,1436343,1436653,2022
1709764,1411999,1464463,2022
1709765,1411964,1425012,2022
1709766,1433220,1464452,2022
1709767,1433729,1434183,2022
1709769,1433801,1434419,2022
1709770,1441439,1451569,2022
1709771,1436470,1456108,2022
1709772,1433408,1434187,2022
1709773,1433730,1441717,2022
1709774,1435007,1436335,2022
1709775,1435803,1451030,2022
1709777,1425068,1479466,2022
1709780,1451029,1451557,2022
1709781,1425971,1433654,2022
1709782,1433915,1434217,2022
1709783,1434153,1463950,2022
1709784,1433660,1456363,2022
1709785,1425090,1436451,2022
1709786,1433039,1434176,2022
1709787,1437112,1437135,2022
1709788,1433921,1441437,2022
1709947,1456112,1479465,2022
1710149,1320517,1436397,2023
1710150,1271035,1332111,2023
1710155,1447542,1456141,2023
1710156,1437300,1457280,2023
1710157,1463860,1463882,2023
1710158,1434531,1456139,2023
1710159,1411608,1464439,2023
1710247,1333880,1333893,2023
1710251,1411664,1411714,2023
1710252,1435834,1457284,2023
1710254,1435840,1710120,2023
1710255,1333876,1464440,2023
1710256,1435950,1464892,2023
1710258,1404178,1411613,2023
1710259,1435957,1480111,2023
1710260,1271776,1434399,2023
1710261,1435935,1464882,2023
1710262,1332201,1480101,2023
1710264,1181098,1332073,2023
1710265,1353551,1441460,2023
1710266,1271009,1371083,2023
1710267,1353537,1405767,2023
1710268,1181222,1441702,2023
1710269,1447599,1480132,2023
1710270,1333350,1456351,2023
1710271,1411690,1710851,2023
1710272,1139538,1463732,2023
1710273,1404764,1411643,2023
1710274,1434515,1480667,2023
1710276,1271841,1456109,2023
1710278,1435955,1479460,2023
1710279,1332218,1371079,2023
1710281,1147283,1230744,2023
1710282,1457250,1710131,2023
1710283,1434525,1479477,2023
1710284,1333994,1371087,2023
1710286,1320701,1435972,2023
1710289,1230666,1479478,2023
1710291,1320592,1320602,2023
1710295,1435850,1710111,2023
1710297,1436453,1479484,2023
1710299,1412188,1463683,2023
1710300,1434899,1441719,2023
1710303,1437003,1447979,2023
1710304,1433486,1434244,2023
1710306,1463652,1463724,2023
1710307,1411968,1436254,2023
1710308,1433561,1710797,2023
1710310,1433445,1451541,2023
1710311,1412170,1463705,2023
1710313,1463658,1463736,2023
1710314,1425070,1479497,2023
1710315,1425898,1456113,2023
1710316,1434887,1436743,2023
1710317,1441723,1709461,2023
1710318,1433542,1433544,2023
1710319,1433808,1456103,2023
1710320,1433026,1463657,2023
1710321,1433882,1456369,2023
1710323,1434102,1442451,2023
1710324,1412057,1434118,2023
1710325,1261968,1447982,2023
1710326,1412090,1436455,2023
1710327,1425571,1425997,2023
1710328,1447983,1456030,2023
1710329,1425146,1463898,2023
1710330,1425080,1464886,2023
1710331,1434949,1480124,2023
1710332,1412060,1425978,2023
1710333,1435071,1464420,2023
1710336,1436348,1451026,2023
1710337,1451800,1479480,2023
1710338,1441368,1464895,2023
1710339,1433745,1437017,2023
1710340,1457125,1480114,2023
1710341,1434819,1435306,2023
1710342,1435296,1441713,2023
1710343,1441721,1441742,2023
1710344,1433690,1436705,2023
1710346,1425851,1433009,2023
1710347,1425852,1434138,2023
1710348,1463695,1464887,2023
1710349,1435054,1464893,2023
1710350,1433459,1463707,2023
1710351,1433736,1442363,2023
1710352,1479464,1479483,2023
1710353,1463710,1463718,2023
1710355,1441715,1456031,2023
1710356,1425082,1463709,2023
1710357,1433493,1457348,2023
1710358,1463708,1464458,2023
1710359,1433303,1433430,2023
1710360,1433500,1434454,2023
1710361,1435001,1441345,2023
1710363,1434403,1442454,2023
1710364,1437119,1456044,2023
1710366,1433720,1433866,2023
1710368,1433397,1433727,2023
1710369,1434300,1463722,2023
1710370,1434154,1480710,2023
1710371,1451593,1480126,2023
1710372,1433284,1433417,2023
1710373,1434158,1451020,2023
1710374,1433395,1435802,2023
1710375,1463899,1463904,2023
1710376,1435023,1463916,2023
1710377,1441733,1441752,2023
1710378,1456036,1456116,2023
1710379,1436424,1441278,2023
1710380,1425143,1434402,2023
1710381,1425923,1456038,2023
1710382,1425581,1433716,2023
1710383,1434288,1451584,2023
1710385,1451586,1710068,2023
1710387,1436334,1436446,2023
1710388,1433403,1436416,2023
1710389,1433555,1464889,2023
1710390,1436284,1441432,2023
1710391,1435051,1451780,2023
1710393,1434195,1464869,2023
1710395,1433735,1434193,2023
1710396,1434491,1436399,2023
1710398,1425142,1434494,2023
1710399,1441751,1456039,2023
1710400,1412139,1441718,2023
1710401,1436470,1456108,2023
1710404,1411964,1425012,2023
1710405,1425912,1479485,2023
1710406,1463681,1463720,2023
1710407,1433921,1441437,2023
1710408,1433412,1456037,2023
1710409,1433220,1464452,2023
1710410,1433920,1442453,2023
1710411,1425599,1433409,2023
1710412,1433801,1434419,2023
1710413,1425020,1447986,2023
1710414,1405338,1457095,2023
1710415,1433730,1441717,2023
1710417,1433408,1434187,2023
1710418,1451029,1451557,2023
1710419,1425097,1436359,2023
1710420,1463713,1463948,2023
1710421,1433636,1456445,2023
1710422,1433911,1434206,2023
1710423,1435750,1479482,2023
1710424,1433230,1434807,2023
1710429,1425068,1479466,2023
1710431,1433651,1437113,2023
1710432,1434437,1437128,2023
1710433,1425971,1433654,2023
1710434,1433915,1434217,2023
1710435,1433660,1456363,2023
1710437,1425817,1433174,2023
1710439,1425090,1436451,2023
1710440,1405342,1433658,2023
1710441,1433039,1434176,2023
1710442,1434094,1434168,2023
1710443,1434470,1435055,2023
1710862,1353454,1411731,2024
1710863,1333378,1456015,2024
1710864,1320141,1320453,2024
1710865,1301352,1434051,2024
1710866,1353490,1436691,2024
1710867,1333367,1437306,2024
1710868,1457304,1480668,2024
1710870,1434515,1480667,2024
1710901,1271035,1332111,2024
1710902,1332108,1456014,2024
1710903,1456598,1463684,2024
1710904,1437300,1457280,2024
1710905,1411664,1411714,2024
1710906,1435834,1457284,2024
1710908,1435977,1479474,2024
1710909,1435840,1710120,2024
1710910,1271004,1480120,2024
1710912,1435950,1464892,2024
1710913,1145128,1433001,2024
1710914,1435935,1464882,2024
1710915,1332201,1480101,2024
1710916,1404178,1411613,2024
1710917,1435957,1480111,2024
1710918,1181222,1441702,2024
1710919,1434383,1441703,2024
1710921,1434787,1464414,2024
1710922,1479458,1480109,2024
1710923,1271019,1320659,2024
1710924,1434775,1479475,2024
1710925,1353551,1441460,2024
1710926,1271009,1371083,2024
1710927,1353537,1405767,2024
1710928,1333880,1333893,2024
1710929,1435911,1464434,2024
1710930,1411690,1710851,2024
1710931,1139538,1463732,2024
1710932,1271812,1371835,2024
1710933,1433002,1434359,2024
1710934,1353596,1457235,2024
1710935,1434390,1464883,2024
1710937,1147167,1320683,2024
1710938,1463868,1710141,2024
1710939,1404091,1434752,2024
1710940,1145281,1436941,2024
1710941,1434505,1441973,2024
1710942,1434526,1441705,2024
1710943,1411611,1411703,2024
1710944,1353585,1480133,2024
1710945,1405313,1463892,2024
1710946,1404767,1411682,2024
1710947,1463704,1710857,2024
1710949,1457239,1710852,2024
1710950,1181146,NA,2024
1710951,1457350,1463654,2024
1710952,1441720,1456021,2024
1710953,1456022,1456045,2024
1710954,1433532,1441415,2024
1710955,1433689,1463895,2024
1710956,1433509,1433823,2024
1710957,1433234,1433482,2024
1710958,1437003,1447979,2024
1710959,1433474,1480641,2024
1710960,1433477,1463894,2024
1710961,1434234,1436312,2024
1710962,1433486,1434244,2024
1710963,1433506,1435030,2024
1710964,1434242,1456366,2024
1710965,1433973,1434448,2024
1710966,1425118,1425878,2024
1710967,1463651,1463725,2024
1710968,1433979,1434825,2024
1710969,1433295,1433833,2024
1710971,1434887,1436743,2024
1710972,1436265,1479463,2024
1710973,1425119,NA,2024
1710974,1433832,1433875,2024
1710975,1441209,1710133,2024
1710976,1463658,1463736,2024
1710977,1433490,1441725,2024
1710978,1433296,1434487,2024
1710979,1412081,1464885,2024
1710980,1433445,1451541,2024
1710981,1412170,1463705,2024
1710982,1425931,1433963,2024
1710983,1412079,1433851,2024
1710985,1456367,NA,2024
1710986,1433528,1433868,2024
1710987,1434241,1441421,2024
1710988,1434128,1480657,2024
1710990,1433007,1709462,2024
1727001,1412188,1463683,2024
1727002,1456112,1479465,2024
1727003,1411794,1434435,2024
1727005,1463713,1463948,2024
1727006,1433641,1463858,2024
1727007,1433911,1434206,2024
1727008,1433230,1434807,2024
1727009,1451894,1464460,2024
1727010,1425068,1479466,2024
1727013,1433651,1437113,2024
1727014,1425971,1433654,2024
1727015,1433034,1456125,2024
1727016,1405342,1433658,2024
1727017,1433039,1434176,2024
1727018,1437112,1437135,2024
1727019,1433036,1451602,2024
1727021,1301688,1320564,2024
1727022,1333994,1371087,2024
1727023,1320701,1435972,2024
1727025,1434388,1463884,2024
1727026,1434525,1479477,2024
1727027,1435955,1479460,2024
1727028,1332218,1371079,2024
1727029,1437147,1442001,2024
1727030,1411657,1441125,2024
1727031,1441117,1441968,2024
1727032,1230666,1479478,2024
1727033,1411665,1456136,2024
1727034,1320592,1320602,2024
1727035,1435837,1480671,2024
1727036,1261944,1464448,2024
1727037,1447533,1479498,2024
1727038,1320146,1320539,2024
1727039,1411684,1447541,2024
1727040,1271049,1404093,2024
1727052,1434949,1480124,2024
1727053,1434424,1436313,2024
1727055,1434819,1435306,2024
1727056,1436417,1456730,2024
1727057,1451671,1451762,2024
1727058,1433715,1456041,2024
1727060,1435041,1436710,2024
1727061,1433555,1464889,2024
1727062,1434491,1436399,2024
1727063,1412021,1436488,2024
1727064,1436334,1436446,2024
1727065,1433493,1457348,2024
1727066,1425142,1434494,2024
1727067,1447985,1710069,2024
1727068,1425581,1433716,2024
1727069,1425143,1434402,2024
1727070,1434262,1480137,2024
1727071,1441733,1441752,2024
1727072,1456036,1456116,2024
1727073,1463899,1463904,2024
1727074,1435023,1463916,2024
1727075,1425073,1437006,2024
1727076,1434158,1451020,2024
1727077,1433284,1433417,2024
1727078,1433395,1435802,2024
1727082,1436343,1436653,2024
1727083,1434156,1434401,2024
1727084,1442241,1451336,2024
1727085,1434159,1434445,2024
1727087,1463681,1463720,2024
1727088,1411999,1464463,2024
1727089,1411964,1425012,2024
1727091,1433220,1464452,2024
1727092,1442452,1456356,2024
1727093,1433729,1434183,2024
1727094,1425599,1433409,2024
1727095,1441439,1451569,2024
1727096,1412017,1441433,2024
1727097,1436470,1456108,2024
1727098,1425020,1447986,2024
1727099,1405338,1457095,2024
1727101,1425080,1464886,2024
1727102,1463662,1463944,2024
1727103,1412096,1480642,2024
1727104,1433459,1463707,2024
1727105,1404752,1412095,2024
1727106,1456029,1456048,2024
1727107,1451809,1709492,2024
1727108,1425146,1463898,2024
1727109,1434957,1436320,2024
1727111,1447983,1456030,2024
1727112,1456105,1463896,2024
1727113,1434964,1441273,2024
1727114,1434122,1456032,2024
1727115,1425108,1441266,2024
1727116,1261968,1447982,2024
1727117,1457186,1463854,2024
1727118,1412066,1463888,2024
1727119,1435819,1447981,2024
1727120,1425861,1433016,2024
1727121,1433019,1433998,2024
1727122,1437007,1451019,2024
1727123,1434403,1442454,2024
1727124,1435001,1441345,2024
1727125,1433893,1434488,2024
1727126,1433847,1433891,2024
1727127,1463862,1463918,2024
1727128,1463917,1709464,2024
1727129,1433500,1434454,2024
1727131,1463708,1464458,2024
1727133,1425082,1463709,2024
1727134,1463857,1463946,2024
1727135,1441715,1456031,2024
1727137,1441714,1451788,2024
1727139,1435348,1436425,2024
1727140,1435059,1464894,2024
1727141,1425996,1434285,2024
1727142,1463710,1463718,2024
1727143,1425147,1464867,2024
1727145,1436405,1464438,2024
1727146,1412038,1433633,2024
1727147,1433456,1464419,2024
1727148,1433690,1436705,2024
1727149,1425850,1464868,2024
1727150,1435296,1441713,2024
5078861,6843554,6843699,1977
5078862,6843527,6843579,1977
5078863,6843563,6843721,1977
5078864,1436920,6843582,1977
5078865,5079705,5079783,1977
5078866,6808989,6843533,1977
5078867,5079706,5079708,1977
5078868,5054038,6843543,1977
5078869,6843531,6843710,1977
5078870,6808973,6843539,1977
5078871,5054034,NA,1977
5078872,6843559,6843746,1977
5078873,5054036,6843665,1977
5078874,5079712,6843600,1977
5078875,6843574,6843675,1977
5078876,5079713,6843549,1977
5078877,6843503,6843660,1977
5078878,6843594,6843689,1977
5078879,2869635,5078524,1977
5078880,6843680,6843880,1977
5078881,6843505,6843580,1977
5078882,2869736,6843560,1977
5078883,6843541,6843573,1977
5078884,5079784,6808965,1977
5078885,6843545,6843735,1977
5078886,5054031,5054033,1977
5078887,6843598,6843775,1977
5078888,1131192,5078543,1977
5078889,6843596,6843696,1977
5078890,5079792,6808753,1977
5078891,6843562,6843736,1977
5078892,6843565,6843752,1977
5078893,1405786,6808986,1977
5078895,6843502,6843561,1977
5078896,5079741,5079795,1977
5078898,5079702,5079797,1977
5078899,5079720,5079798,1977
5078900,5054040,6843566,1977
5078901,5054039,6831942,1977
5078902,6808781,6843536,1977
5078903,2869680,6843548,1977
5078904,2869756,6843550,1977
5078905,6843510,6843782,1977
5078906,6843678,6843792,1977
5078907,6843591,6843664,1977
5078908,6843537,6843587,1977
5078909,5054037,6843593,1977
5078910,6843581,6843695,1977
5078911,5078527,5079747,1977
5078912,6843603,6843666,1977
5078913,2869726,6843659,1977
5078914,2869732,6809002,1977
5078915,1405768,5078545,1977
5078916,6843532,6843671,1977
5078917,6843526,6843751,1977
5078918,6843535,6843669,1977
5078919,6802816,6843519,1977
5078920,6843544,6843763,1977
5078921,6843551,6843718,1977
5078922,6843506,6843733,1977
5078923,1371802,6843546,1977
5078924,6843534,6843698,1977
5078925,6843518,6843663,1977
5078926,5079715,5079788,1977
5078927,6843504,6843749,1977
5078928,5078544,6808993,1977
5078929,5079791,6843523,1977
5078930,6843513,6843702,1977
5078931,6843597,6843788,1977
5078932,6843571,6843744,1977
5078933,6843530,6843706,1977
5078934,5079787,NA,1977
5078935,6843586,6843720,1977
5078936,5078523,5078546,1977
5078937,6843514,6843569,1977
5078938,5079710,6843595,1977
5078939,6843515,6843557,1977
5078940,6843590,6843687,1977
5078941,1436923,2864335,1977
5078942,6843547,6843723,1977
5078943,6843516,6843700,1977
5078944,1333570,1405780,1977
5078945,6843507,6843688,1977
5078946,6843511,6843656,1977
5078947,6843509,6843657,1977
5078948,5078501,5078542,1977
5078949,6843612,6843758,1977
5078950,6843613,6843740,1977
5078951,6843517,6843684,1977
5078952,6843512,6843676,1977
5078953,6843542,6843719,1977
5078954,5078536,6809000,1977
5078955,6843631,6843793,1977
5078957,5078530,5079739,1977
5078958,6843625,6843712,1977
5078959,5078537,5079732,1977
5078960,5078538,5079733,1977
5078961,6843629,6843756,1977
5078962,5078531,6831952,1977
5078963,5078504,5078533,1977
5078966,6843622,6843725,1977
5078967,6843604,6843737,1977
5078968,5078508,5079736,1977
5078969,5078539,5079734,1977
5078970,5078535,5079738,1977
5078971,6843619,6843762,1977
5078972,6843626,6843741,1977
5078973,6843602,6843753,1977
5078974,6843635,6843704,1977
5078975,5078534,5079737,1977
5078976,5078505,5079727,1977
5078977,5054046,6843773,1977
5078978,5079730,6809052,1977
5078979,6843621,6843759,1977
5078980,1371803,6843770,1977
5078981,6843609,6843713,1977
5078982,5078515,5079750,1977
5078983,6843641,6843724,1977
5078984,5092054,6843628,1977
5078985,6843648,6843768,1977
5078986,5092002,6802570,1977
5078987,5054027,6843637,1977
5078988,5078513,5079752,1977
5078989,5079754,NA,1977
5078990,6843655,6843707,1977
5078991,5078511,5078540,1977
5078992,6843624,6843732,1977
5078994,6843553,6843693,1977
5078995,6808773,6843661,1977
5078996,6843617,6843667,1977
5078997,6808767,6843714,1977
5078998,6833052,6843552,1977
5078999,6843592,6843745,1977
5079000,6843611,6843785,1977
5079001,2869642,6843653,1977
5079002,6843652,6843739,1977
5079003,6808070,6843654,1977
5079004,5078512,5079755,1977
5079005,1405771,2869723,1977
5079006,6843576,6843730,1977
5079007,6843651,6843743,1977
5079008,6843633,6843748,1977
5079009,6843583,6843760,1977
5079010,6843607,6843726,1977
5079011,5078528,5079748,1977
5080402,2869698,5079728,1978
5080403,5078506,5092055,1978
5080404,5078507,5079729,1978
5080405,5078508,5079736,1978
5080406,6831933,6843643,1978
5080407,6843641,6843724,1978
5080408,6843647,6843709,1978
5080410,5079746,6843610,1978
5080411,5078528,5079748,1978
5080413,5079787,5087508,1978
5080414,2811668,6843668,1978
5080415,6843594,6843689,1978
5080416,5054036,6843665,1978
5080417,6843559,6843746,1978
5087791,6843687,NA,1978
5087792,5078523,5078546,1978
5087794,2867113,6808984,1978
5087795,6843527,6843579,1978
5087796,6843631,6843793,1978
5087797,6809100,6843630,1978
5087798,6843639,6843715,1978
5087799,6843615,6843701,1978
5087800,5078538,5079733,1978
1130131,NA,NA,NA
1131193,NA,NA,NA
1131194,NA,NA,NA
1131198,NA,NA,NA
1138026,NA,NA,NA
1138027,NA,NA,NA
1138028,NA,NA,NA
1138029,NA,NA,NA
1138030,NA,NA,NA
1138031,NA,NA,NA
1138032,NA,NA,NA
1138053,NA,NA,NA
1138061,NA,NA,NA
1138062,NA,NA,NA
1138063,NA,NA,NA
1138064,NA,NA,NA
1138065,NA,NA,NA
1138066,NA,NA,NA
1138515,NA,NA,NA
1138701,NA,NA,NA
1138702,NA,NA,NA
1138713,NA,NA,NA
1138718,NA,NA,NA
1138719,NA,NA,NA
1138722,NA,NA,NA
1138951,NA,NA,NA
1138952,NA,NA,NA
1138954,NA,NA,NA
1138956,NA,NA,NA
1138981,NA,NA,NA
1138998,NA,NA,NA
1139951,NA,NA,NA
1139953,NA,NA,NA
1139956,NA,NA,NA
1141201,NA,NA,NA
1141202,NA,NA,NA
1141203,NA,NA,NA
1141204,NA,NA,NA
1141205,NA,NA,NA
1141206,NA,NA,NA
1141207,NA,NA,NA
1141208,NA,NA,NA
1141209,NA,NA,NA
1141210,NA,NA,NA
1141211,NA,NA,NA
1141212,NA,NA,NA
1141213,NA,NA,NA
1141214,NA,NA,NA
1141216,NA,NA,NA
1141217,NA,NA,NA
1141218,NA,NA,NA
1141219,NA,NA,NA
1141220,NA,NA,NA
1141221,NA,NA,NA
1141222,NA,NA,NA
1141223,NA,NA,NA
1141224,NA,NA,NA
1141225,NA,NA,NA
1141226,NA,NA,NA
1141227,NA,NA,NA
1141228,NA,NA,NA
1141229,NA,NA,NA
1141230,NA,NA,NA
1141231,NA,NA,NA
1141232,NA,NA,NA
1141234,NA,NA,NA
1141235,NA,NA,NA
1141236,NA,NA,NA
1141237,NA,NA,NA
1141238,NA,NA,NA
1141239,NA,NA,NA
1141240,NA,NA,NA
1141242,NA,NA,NA
1141243,NA,NA,NA
1141244,NA,NA,NA
1141245,NA,NA,NA
1141246,NA,NA,NA
1141247,NA,NA,NA
1141249,NA,NA,NA
1141250,NA,NA,NA
1141356,NA,NA,NA
1141357,NA,NA,NA
1141360,NA,NA,NA
1141366,NA,NA,NA
1141369,NA,NA,NA
1141373,NA,NA,NA
1141375,NA,NA,NA
1141377,NA,NA,NA
1141380,NA,NA,NA
1141381,NA,NA,NA
1141384,NA,NA,NA
1141385,NA,NA,NA
1141386,NA,NA,NA
1141387,NA,NA,NA
1141388,NA,NA,NA
1141389,NA,NA,NA
1141395,NA,NA,NA
1141397,NA,NA,NA
1141398,NA,NA,NA
1141504,NA,NA,NA
1141508,NA,NA,NA
1141513,NA,NA,NA
1141515,NA,NA,NA
1141519,NA,NA,NA
1141520,NA,NA,NA
1141524,NA,NA,NA
1141525,NA,NA,NA
1141526,NA,NA,NA
1141530,NA,NA,NA
1141533,NA,NA,NA
1141538,NA,NA,NA
1141551,NA,NA,NA
1141552,NA,NA,NA
1141553,NA,NA,NA
1141554,NA,NA,NA
1141555,NA,NA,NA
1141556,NA,NA,NA
1141557,NA,NA,NA
1141558,NA,NA,NA
1141559,NA,NA,NA
1141560,NA,NA,NA
1141561,NA,NA,NA
1141562,NA,NA,NA
1141563,NA,NA,NA
1141564,NA,NA,NA
1141565,NA,NA,NA
1141566,NA,NA,NA
1141567,NA,NA,NA
1141568,NA,NA,NA
1141569,NA,NA,NA
1141570,NA,NA,NA
1141571,NA,NA,NA
1141574,NA,NA,NA
1141581,NA,NA,NA
1141582,NA,NA,NA
1141583,NA,NA,NA
1141584,NA,NA,NA
1141585,NA,NA,NA
1141586,NA,NA,NA
1141587,NA,NA,NA
1141588,NA,NA,NA
1141589,NA,NA,NA
1141590,NA,NA,NA
1145710,NA,NA,NA
1145751,NA,NA,NA
1145752,NA,NA,NA
1145753,NA,NA,NA
1145754,NA,NA,NA
1145755,NA,NA,NA
1145756,NA,NA,NA
1145757,NA,NA,NA
1145758,NA,NA,NA
1145759,NA,NA,NA
1145760,NA,NA,NA
1145761,NA,NA,NA
1145762,NA,NA,NA
1145763,NA,NA,NA
1145764,NA,NA,NA
1145765,NA,NA,NA
1145766,NA,NA,NA
1145767,NA,NA,NA
1145768,NA,NA,NA
1145769,NA,NA,NA
1145770,NA,NA,NA
1145771,NA,NA,NA
1145772,NA,NA,NA
1145773,NA,NA,NA
1145774,NA,NA,NA
1145775,NA,NA,NA
1145776,NA,NA,NA
1145777,NA,NA,NA
1145778,NA,NA,NA
1145779,NA,NA,NA
1146728,NA,NA,NA
1146729,NA,NA,NA
1146881,NA,NA,NA
1146882,NA,NA,NA
1146883,NA,NA,NA
1146884,NA,NA,NA
1146885,NA,NA,NA
1146886,NA,NA,NA
1146887,NA,NA,NA
1146888,NA,NA,NA
1146889,NA,NA,NA
1146890,NA,NA,NA
1146901,NA,NA,NA
1146902,NA,NA,NA
1146903,NA,NA,NA
1146904,NA,NA,NA
1146905,NA,NA,NA
1146906,NA,NA,NA
1146907,NA,NA,NA
1146908,NA,NA,NA
1146909,NA,NA,NA
1146910,NA,NA,NA
1146911,NA,NA,NA
1146912,NA,NA,NA
1146913,NA,NA,NA
1146914,NA,NA,NA
1146915,NA,NA,NA
1146916,NA,NA,NA
1146917,NA,NA,NA
1146918,NA,NA,NA
1146919,NA,NA,NA
1146920,NA,NA,NA
1146921,NA,NA,NA
1146922,NA,NA,NA
1146923,NA,NA,NA
1146925,NA,NA,NA
1146926,NA,NA,NA
1146927,NA,NA,NA
1146928,NA,NA,NA
1146929,NA,NA,NA
1146930,NA,NA,NA
1146931,NA,NA,NA
1146932,NA,NA,NA
1146933,NA,NA,NA
1146934,NA,NA,NA
1146935,NA,NA,NA
1146936,NA,NA,NA
1146937,NA,NA,NA
1146938,NA,NA,NA
1146939,NA,NA,NA
1146940,NA,NA,NA
1146941,NA,NA,NA
1146942,NA,NA,NA
1146943,NA,NA,NA
1146944,NA,NA,NA
1146945,NA,NA,NA
1146946,NA,NA,NA
1146947,NA,NA,NA
1146948,NA,NA,NA
1146949,NA,NA,NA
1146950,NA,NA,NA
1147751,NA,NA,NA
1147752,NA,NA,NA
1147753,NA,NA,NA
1147754,NA,NA,NA
1147755,NA,NA,NA
1147756,NA,NA,NA
1147757,NA,NA,NA
1147758,NA,NA,NA
1147759,NA,NA,NA
1147760,NA,NA,NA
1147761,NA,NA,NA
1147762,NA,NA,NA
1181688,NA,NA,NA
1181689,NA,NA,NA
1181691,NA,NA,NA
1181697,NA,NA,NA
1181698,NA,NA,NA
1181699,NA,NA,NA
1181807,NA,NA,NA
1181821,NA,NA,NA
1181822,NA,NA,NA
1181825,NA,NA,NA
1181829,NA,NA,NA
1230031,NA,NA,NA
1230720,NA,NA,NA
1254401,NA,NA,NA
1254402,NA,NA,NA
1254403,NA,NA,NA
1254404,NA,NA,NA
1254405,NA,NA,NA
1254406,NA,NA,NA
1254407,NA,NA,NA
1254408,NA,NA,NA
1254409,NA,NA,NA
1254410,NA,NA,NA
1254411,NA,NA,NA
1254412,NA,NA,NA
1254413,NA,NA,NA
1254414,NA,NA,NA
1254415,NA,NA,NA
1254418,NA,NA,NA
1254422,NA,NA,NA
1254433,NA,NA,NA
1254434,NA,NA,NA
1254439,NA,NA,NA
1254440,NA,NA,NA
1254444,NA,NA,NA
1254445,NA,NA,NA
1254447,NA,NA,NA
1254448,NA,NA,NA
1254450,NA,NA,NA
1254452,NA,NA,NA
1254453,NA,NA,NA
1254456,NA,NA,NA
1254458,NA,NA,NA
1254460,NA,NA,NA
1254461,NA,NA,NA
1254463,NA,NA,NA
1254464,NA,NA,NA
1254467,NA,NA,NA
1254468,NA,NA,NA
1254469,NA,NA,NA
1254470,NA,NA,NA
1254473,NA,NA,NA
1254477,NA,NA,NA
1254481,NA,NA,NA
1254483,NA,NA,NA
1254484,NA,NA,NA
1254487,NA,NA,NA
1254489,NA,NA,NA
1254490,NA,NA,NA
1254491,NA,NA,NA
1254492,NA,NA,NA
1254494,NA,NA,NA
1254495,NA,NA,NA
1254499,NA,NA,NA
1254500,NA,NA,NA
1254502,NA,NA,NA
1254507,NA,NA,NA
1254509,NA,NA,NA
1255220,NA,NA,NA
1271097,NA,NA,NA
1271098,NA,NA,NA
1271100,NA,NA,NA
1271638,NA,NA,NA
1271639,NA,NA,NA
1271640,NA,NA,NA
1271641,NA,NA,NA
1271642,NA,NA,NA
1271643,NA,NA,NA
1271644,NA,NA,NA
1271645,NA,NA,NA
1271646,NA,NA,NA
1271647,NA,NA,NA
1271648,NA,NA,NA
1271649,NA,NA,NA
1271650,NA,NA,NA
1271651,NA,NA,NA
1271652,NA,NA,NA
1271653,NA,NA,NA
1271655,NA,NA,NA
1271656,NA,NA,NA
1271657,NA,NA,NA
1271658,NA,NA,NA
1271659,NA,NA,NA
1271660,NA,NA,NA
1271671,NA,NA,NA
1271672,NA,NA,NA
1271673,NA,NA,NA
1271674,NA,NA,NA
1271675,NA,NA,NA
1271676,NA,NA,NA
1271677,NA,NA,NA
1301012,NA,NA,NA
1301014,NA,NA,NA
1301016,NA,NA,NA
1301018,NA,NA,NA
1301019,NA,NA,NA
1301020,NA,NA,NA
1301093,NA,NA,NA
1301096,NA,NA,NA
1301097,NA,NA,NA
1301100,NA,NA,NA
1301101,NA,NA,NA
1301102,NA,NA,NA
1301103,NA,NA,NA
1301107,NA,NA,NA
1301108,NA,NA,NA
1301109,NA,NA,NA
1301115,NA,NA,NA
1301116,NA,NA,NA
1301117,NA,NA,NA
1301118,NA,NA,NA
1301119,NA,NA,NA
1301122,NA,NA,NA
1301123,NA,NA,NA
1301124,NA,NA,NA
1301125,NA,NA,NA
1301127,NA,NA,NA
1301128,NA,NA,NA
1301129,NA,NA,NA
1301130,NA,NA,NA
1301131,NA,NA,NA
1301132,NA,NA,NA
1301133,NA,NA,NA
1301134,NA,NA,NA
1301137,NA,NA,NA
1301139,NA,NA,NA
1301140,NA,NA,NA
1301141,NA,NA,NA
1301142,NA,NA,NA
1301143,NA,NA,NA
1301145,NA,NA,NA
1301146,NA,NA,NA
1301147,NA,NA,NA
1301149,NA,NA,NA
1301150,NA,NA,NA
1301154,NA,NA,NA
1301155,NA,NA,NA
1301157,NA,NA,NA
1301158,NA,NA,NA
1301160,NA,NA,NA
1301161,NA,NA,NA
1301162,NA,NA,NA
1301164,NA,NA,NA
1301165,NA,NA,NA
1301166,NA,NA,NA
1301167,NA,NA,NA
1301168,NA,NA,NA
1301171,NA,NA,NA
1301172,NA,NA,NA
1301173,NA,NA,NA
1301174,NA,NA,NA
1301175,NA,NA,NA
1301176,NA,NA,NA
1301177,NA,NA,NA
1301178,NA,NA,NA
1301179,NA,NA,NA
1301180,NA,NA,NA
1301181,NA,NA,NA
1301182,NA,NA,NA
1301183,NA,NA,NA
1301184,NA,NA,NA
1301187,NA,NA,NA
1301188,NA,NA,NA
1301191,NA,NA,NA
1301193,NA,NA,NA
1301195,NA,NA,NA
1301198,NA,NA,NA
1301200,NA,NA,NA
1301201,NA,NA,NA
1301561,NA,NA,NA
1301562,NA,NA,NA
1301564,NA,NA,NA
1301565,NA,NA,NA
1301566,NA,NA,NA
1301567,NA,NA,NA
1301568,NA,NA,NA
1301570,NA,NA,NA
1301571,NA,NA,NA
1301573,NA,NA,NA
1301575,NA,NA,NA
1301577,NA,NA,NA
1301578,NA,NA,NA
1301579,NA,NA,NA
1301580,NA,NA,NA
1301587,NA,NA,NA
1301588,NA,NA,NA
1301589,NA,NA,NA
1301590,NA,NA,NA
1301591,NA,NA,NA
1301593,NA,NA,NA
1301594,NA,NA,NA
1301595,NA,NA,NA
1301596,NA,NA,NA
1301597,NA,NA,NA
1301598,NA,NA,NA
1301600,NA,NA,NA
1301601,NA,NA,NA
1301615,NA,NA,NA
1301651,NA,NA,NA
1301652,NA,NA,NA
1301653,NA,NA,NA
1301663,NA,NA,NA
1301664,NA,NA,NA
1301665,NA,NA,NA
1301666,NA,NA,NA
1301667,NA,NA,NA
1301668,NA,NA,NA
1301669,NA,NA,NA
1301670,NA,NA,NA
1301671,NA,NA,NA
1301672,NA,NA,NA
1301673,NA,NA,NA
1301674,NA,NA,NA
1301675,NA,NA,NA
1301676,NA,NA,NA
1301677,NA,NA,NA
1301678,NA,NA,NA
1301679,NA,NA,NA
1301680,NA,NA,NA
1301681,NA,NA,NA
1301682,NA,NA,NA
1301683,NA,NA,NA
1301684,NA,NA,NA
1301685,NA,NA,NA
1301686,NA,NA,NA
1301687,NA,NA,NA
1301688,NA,NA,NA
1301689,NA,NA,NA
1301690,NA,NA,NA
1301691,NA,NA,NA
1301692,NA,NA,NA
1301693,NA,NA,NA
1301694,NA,NA,NA
1301695,NA,NA,NA
1301722,NA,NA,NA
1301724,NA,NA,NA
1301725,NA,NA,NA
1308355,NA,NA,NA
1318261,NA,NA,NA
1318262,NA,NA,NA
1318265,NA,NA,NA
1318280,NA,NA,NA
1318288,NA,NA,NA
1318289,NA,NA,NA
1318290,NA,NA,NA
1318351,NA,NA,NA
1318352,NA,NA,NA
1318353,NA,NA,NA
1318354,NA,NA,NA
1318355,NA,NA,NA
1318356,NA,NA,NA
1318357,NA,NA,NA
1318358,NA,NA,NA
1318359,NA,NA,NA
1318867,NA,NA,NA
1318868,NA,NA,NA
1318869,NA,NA,NA
1318870,NA,NA,NA
1318871,NA,NA,NA
1318872,NA,NA,NA
1318873,NA,NA,NA
1318874,NA,NA,NA
1318875,NA,NA,NA
1318876,NA,NA,NA
1318877,NA,NA,NA
1318878,NA,NA,NA
1318879,NA,NA,NA
1318880,NA,NA,NA
1318881,NA,NA,NA
1318882,NA,NA,NA
1318883,NA,NA,NA
1318884,NA,NA,NA
1318885,NA,NA,NA
1318886,NA,NA,NA
1318887,NA,NA,NA
1318888,NA,NA,NA
1318889,NA,NA,NA
1318893,NA,NA,NA
1318894,NA,NA,NA
1318895,NA,NA,NA
1318896,NA,NA,NA
1318897,NA,NA,NA
1318898,NA,NA,NA
1318899,NA,NA,NA
1318900,NA,NA,NA
1318901,NA,NA,NA
1318902,NA,NA,NA
1318903,NA,NA,NA
1318904,NA,NA,NA
1318905,NA,NA,NA
1318906,NA,NA,NA
1318907,NA,NA,NA
1318908,NA,NA,NA
1318909,NA,NA,NA
1318910,NA,NA,NA
1318911,NA,NA,NA
1318912,NA,NA,NA
1318913,NA,NA,NA
1318914,NA,NA,NA
1318915,NA,NA,NA
1318917,NA,NA,NA
1318918,NA,NA,NA
1318919,NA,NA,NA
1318920,NA,NA,NA
1318921,NA,NA,NA
1318922,NA,NA,NA
1318923,NA,NA,NA
1318924,NA,NA,NA
1318925,NA,NA,NA
1318926,NA,NA,NA
1318927,NA,NA,NA
1318928,NA,NA,NA
1318929,NA,NA,NA
1318930,NA,NA,NA
1318931,NA,NA,NA
1318932,NA,NA,NA
1318933,NA,NA,NA
1318934,NA,NA,NA
1318935,NA,NA,NA
1318936,NA,NA,NA
1318937,NA,NA,NA
1318938,NA,NA,NA
1318939,NA,NA,NA
1318940,NA,NA,NA
1318941,NA,NA,NA
1318942,NA,NA,NA
1318943,NA,NA,NA
1318944,NA,NA,NA
1318945,NA,NA,NA
1318946,NA,NA,NA
1318947,NA,NA,NA
1318948,NA,NA,NA
1318949,NA,NA,NA
1318950,NA,NA,NA
1318951,NA,NA,NA
1318952,NA,NA,NA
1318953,NA,NA,NA
1318954,NA,NA,NA
1318955,NA,NA,NA
1318956,NA,NA,NA
1318957,NA,NA,NA
1318958,NA,NA,NA
1318959,NA,NA,NA
1318960,NA,NA,NA
1318961,NA,NA,NA
1318962,NA,NA,NA
1318963,NA,NA,NA
1318964,NA,NA,NA
1318965,NA,NA,NA
1318966,NA,NA,NA
1318967,NA,NA,NA
1318968,NA,NA,NA
1318969,NA,NA,NA
1318970,NA,NA,NA
1318971,NA,NA,NA
1318972,NA,NA,NA
1318973,NA,NA,NA
1318974,NA,NA,NA
1318975,NA,NA,NA
1318976,NA,NA,NA
1318977,NA,NA,NA
1318978,NA,NA,NA
1318979,NA,NA,NA
1318980,NA,NA,NA
1318981,NA,NA,NA
1318982,NA,NA,NA
1318983,NA,NA,NA
1318984,NA,NA,NA
1318985,NA,NA,NA
1318986,NA,NA,NA
1318987,NA,NA,NA
1318988,NA,NA,NA
1318989,NA,NA,NA
1318990,NA,NA,NA
1318991,NA,NA,NA
1318992,NA,NA,NA
1318993,NA,NA,NA
1318994,NA,NA,NA
1318995,NA,NA,NA
1318996,NA,NA,NA
1318997,NA,NA,NA
1318998,NA,NA,NA
1318999,NA,NA,NA
1319000,NA,NA,NA
1320001,NA,NA,NA
1320002,NA,NA,NA
1320003,NA,NA,NA
1320004,NA,NA,NA
1320005,NA,NA,NA
1320006,NA,NA,NA
1320007,NA,NA,NA
1320008,NA,NA,NA
1320009,NA,NA,NA
1320010,NA,NA,NA
1320011,NA,NA,NA
1320012,NA,NA,NA
1320013,NA,NA,NA
1320014,NA,NA,NA
1320015,NA,NA,NA
1320016,NA,NA,NA
1320017,NA,NA,NA
1320018,NA,NA,NA
1320019,NA,NA,NA
1320020,NA,NA,NA
1320021,NA,NA,NA
1320022,NA,NA,NA
1320023,NA,NA,NA
1320024,NA,NA,NA
1320025,NA,NA,NA
1320026,NA,NA,NA
1320027,NA,NA,NA
1320028,NA,NA,NA
1320029,NA,NA,NA
1320030,NA,NA,NA
1320031,NA,NA,NA
1320032,NA,NA,NA
1320033,NA,NA,NA
1320034,NA,NA,NA
1320035,NA,NA,NA
1320036,NA,NA,NA
1320037,NA,NA,NA
1320038,NA,NA,NA
1320039,NA,NA,NA
1320040,NA,NA,NA
1320041,NA,NA,NA
1320042,NA,NA,NA
1320043,NA,NA,NA
1320044,NA,NA,NA
1320045,NA,NA,NA
1320046,NA,NA,NA
1320047,NA,NA,NA
1320048,NA,NA,NA
1320049,NA,NA,NA
1320050,NA,NA,NA
1320051,NA,NA,NA
1320052,NA,NA,NA
1320053,NA,NA,NA
1320054,NA,NA,NA
1320055,NA,NA,NA
1320056,NA,NA,NA
1320057,NA,NA,NA
1320058,NA,NA,NA
1320059,NA,NA,NA
1320060,NA,NA,NA
1320061,NA,NA,NA
1320062,NA,NA,NA
1320063,NA,NA,NA
1320064,NA,NA,NA
1320065,NA,NA,NA
1320066,NA,NA,NA
1320067,NA,NA,NA
1320068,NA,NA,NA
1320069,NA,NA,NA
1320070,NA,NA,NA
1320071,NA,NA,NA
1320072,NA,NA,NA
1320073,NA,NA,NA
1320074,NA,NA,NA
1320075,NA,NA,NA
1320076,NA,NA,NA
1320078,NA,NA,NA
1320079,NA,NA,NA
1320080,NA,NA,NA
1320081,NA,NA,NA
1320082,NA,NA,NA
1320083,NA,NA,NA
1320084,NA,NA,NA
1320085,NA,NA,NA
1320086,NA,NA,NA
1320087,NA,NA,NA
1320088,NA,NA,NA
1320091,NA,NA,NA
1320093,NA,NA,NA
1320111,NA,NA,NA
1320112,NA,NA,NA
1320113,NA,NA,NA
1320114,NA,NA,NA
1320115,NA,NA,NA
1320116,NA,NA,NA
1320117,NA,NA,NA
1320118,NA,NA,NA
1320119,NA,NA,NA
1320120,NA,NA,NA
1320121,NA,NA,NA
1320122,NA,NA,NA
1320123,NA,NA,NA
1320124,NA,NA,NA
1320126,NA,NA,NA
1320127,NA,NA,NA
1320128,NA,NA,NA
1320129,NA,NA,NA
1320130,NA,NA,NA
1320141,NA,NA,NA
1320142,NA,NA,NA
1320143,NA,NA,NA
1320144,NA,NA,NA
1320145,NA,NA,NA
1320146,NA,NA,NA
1320147,NA,NA,NA
1320148,NA,NA,NA
1320149,NA,NA,NA
1320150,NA,NA,NA
1320432,NA,NA,NA
1320433,NA,NA,NA
1320438,NA,NA,NA
1320439,NA,NA,NA
1320440,NA,NA,NA
1320441,NA,NA,NA
1320442,NA,NA,NA
1320443,NA,NA,NA
1320444,NA,NA,NA
1320445,NA,NA,NA
1320446,NA,NA,NA
1320447,NA,NA,NA
1320448,NA,NA,NA
1320449,NA,NA,NA
1320450,NA,NA,NA
1320451,NA,NA,NA
1320452,NA,NA,NA
1320453,NA,NA,NA
1320454,NA,NA,NA
1332071,NA,NA,NA
1332072,NA,NA,NA
1332073,NA,NA,NA
1332075,NA,NA,NA
1333206,NA,NA,NA
1333211,NA,NA,NA
1333212,NA,NA,NA
1333213,NA,NA,NA
1333214,NA,NA,NA
1333215,NA,NA,NA
1333216,NA,NA,NA
1333219,NA,NA,NA
1333220,NA,NA,NA
1333221,NA,NA,NA
1333227,NA,NA,NA
1333228,NA,NA,NA
1333229,NA,NA,NA
1333230,NA,NA,NA
1333232,NA,NA,NA
1333568,NA,NA,NA
1333569,NA,NA,NA
1333570,NA,NA,NA
1333571,NA,NA,NA
1333573,NA,NA,NA
1333574,NA,NA,NA
1333575,NA,NA,NA
1333576,NA,NA,NA
1333577,NA,NA,NA
1333580,NA,NA,NA
1333581,NA,NA,NA
1333583,NA,NA,NA
1333584,NA,NA,NA
1333585,NA,NA,NA
1333984,NA,NA,NA
1333985,NA,NA,NA
1333986,NA,NA,NA
1333987,NA,NA,NA
1333988,NA,NA,NA
1333989,NA,NA,NA
1333990,NA,NA,NA
1333991,NA,NA,NA
1333992,NA,NA,NA
1333993,NA,NA,NA
1333994,NA,NA,NA
1333995,NA,NA,NA
1333996,NA,NA,NA
1353186,NA,NA,NA
1353187,NA,NA,NA
1370681,NA,NA,NA
1370682,NA,NA,NA
1371659,NA,NA,NA
1371660,NA,NA,NA
1371661,NA,NA,NA
1371662,NA,NA,NA
1371663,NA,NA,NA
1371664,NA,NA,NA
1371665,NA,NA,NA
1371701,NA,NA,NA
1371702,NA,NA,NA
1371703,NA,NA,NA
1371704,NA,NA,NA
1371748,NA,NA,NA
1371749,NA,NA,NA
1371750,NA,NA,NA
1371801,NA,NA,NA
1371802,NA,NA,NA
1371803,NA,NA,NA
1371804,NA,NA,NA
1371805,NA,NA,NA
1371819,NA,NA,NA
1371820,NA,NA,NA
1371821,NA,NA,NA
1371822,NA,NA,NA
1371826,NA,NA,NA
1371827,NA,NA,NA
1371828,NA,NA,NA
1371829,NA,NA,NA
1371830,NA,NA,NA
1371834,NA,NA,NA
1371835,NA,NA,NA
1371837,NA,NA,NA
1404466,NA,NA,NA
1404467,NA,NA,NA
1404475,NA,NA,NA
1404479,NA,NA,NA
1404493,NA,NA,NA
1404494,NA,NA,NA
1405000,NA,NA,NA
1405004,NA,NA,NA
1405023,NA,NA,NA
1405035,NA,NA,NA
1405048,NA,NA,NA
1405762,NA,NA,NA
1405764,NA,NA,NA
1405765,NA,NA,NA
1405767,NA,NA,NA
1405778,NA,NA,NA
1405779,NA,NA,NA
1405780,NA,NA,NA
1405787,NA,NA,NA
1405788,NA,NA,NA
1405790,NA,NA,NA
1405791,NA,NA,NA
1405792,NA,NA,NA
1412021,NA,NA,NA
1412060,NA,NA,NA
1412087,NA,NA,NA
1412186,NA,NA,NA
1424157,NA,NA,NA
1424296,NA,NA,NA
1425050,NA,NA,NA
1425126,NA,NA,NA
1425571,NA,NA,NA
1425572,NA,NA,NA
1425573,NA,NA,NA
1425574,NA,NA,NA
1425575,NA,NA,NA
1425576,NA,NA,NA
1425577,NA,NA,NA
1425578,NA,NA,NA
1425579,NA,NA,NA
1425580,NA,NA,NA
1425581,NA,NA,NA
1425582,NA,NA,NA
1425583,NA,NA,NA
1425584,NA,NA,NA
1425585,NA,NA,NA
1425586,NA,NA,NA
1425587,NA,NA,NA
1425588,NA,NA,NA
1425589,NA,NA,NA
1425590,NA,NA,NA
1425591,NA,NA,NA
1425592,NA,NA,NA
1425593,NA,NA,NA
1425594,NA,NA,NA
1425595,NA,NA,NA
1425596,NA,NA,NA
1425597,NA,NA,NA
1425598,NA,NA,NA
1425599,NA,NA,NA
1425600,NA,NA,NA
1425673,NA,NA,NA
1425674,NA,NA,NA
1425675,NA,NA,NA
1425676,NA,NA,NA
1425677,NA,NA,NA
1425678,NA,NA,NA
1425679,NA,NA,NA
1425680,NA,NA,NA
1425681,NA,NA,NA
1425682,NA,NA,NA
1425683,NA,NA,NA
1425684,NA,NA,NA
1425685,NA,NA,NA
1425686,NA,NA,NA
1425687,NA,NA,NA
1425688,NA,NA,NA
1425689,NA,NA,NA
1425690,NA,NA,NA
1425691,NA,NA,NA
1425725,NA,NA,NA
1425726,NA,NA,NA
1425727,NA,NA,NA
1425728,NA,NA,NA
1425729,NA,NA,NA
1425730,NA,NA,NA
1425731,NA,NA,NA
1425732,NA,NA,NA
1425733,NA,NA,NA
1425734,NA,NA,NA
1425735,NA,NA,NA
1425736,NA,NA,NA
1425737,NA,NA,NA
1425738,NA,NA,NA
1425739,NA,NA,NA
1425740,NA,NA,NA
1425741,NA,NA,NA
1425742,NA,NA,NA
1425743,NA,NA,NA
1425744,NA,NA,NA
1425745,NA,NA,NA
1425746,NA,NA,NA
1425747,NA,NA,NA
1425748,NA,NA,NA
1425749,NA,NA,NA
1425750,NA,NA,NA
1425800,NA,NA,NA
1425801,NA,NA,NA
1425802,NA,NA,NA
1425803,NA,NA,NA
1425804,NA,NA,NA
1425805,NA,NA,NA
1425806,NA,NA,NA
1425807,NA,NA,NA
1425808,NA,NA,NA
1425809,NA,NA,NA
1425810,NA,NA,NA
1425811,NA,NA,NA
1425812,NA,NA,NA
1425813,NA,NA,NA
1425814,NA,NA,NA
1425815,NA,NA,NA
1425816,NA,NA,NA
1425817,NA,NA,NA
1425818,NA,NA,NA
1425819,NA,NA,NA
1425820,NA,NA,NA
1425821,NA,NA,NA
1425822,NA,NA,NA
1425823,NA,NA,NA
1425824,NA,NA,NA
1425825,NA,NA,NA
1425826,NA,NA,NA
1425827,NA,NA,NA
1425828,NA,NA,NA
1425829,NA,NA,NA
1425830,NA,NA,NA
1425831,NA,NA,NA
1425832,NA,NA,NA
1425833,NA,NA,NA
1425834,NA,NA,NA
1425835,NA,NA,NA
1425836,NA,NA,NA
1425837,NA,NA,NA
1425838,NA,NA,NA
1425839,NA,NA,NA
1425840,NA,NA,NA
1425841,NA,NA,NA
1425842,NA,NA,NA
1425843,NA,NA,NA
1425844,NA,NA,NA
1425845,NA,NA,NA
1425846,NA,NA,NA
1425847,NA,NA,NA
1425848,NA,NA,NA
1425849,NA,NA,NA
1425850,NA,NA,NA
1425851,NA,NA,NA
1425852,NA,NA,NA
1425853,NA,NA,NA
1425854,NA,NA,NA
1425855,NA,NA,NA
1425856,NA,NA,NA
1425857,NA,NA,NA
1425858,NA,NA,NA
1425859,NA,NA,NA
1425860,NA,NA,NA
1425861,NA,NA,NA
1425862,NA,NA,NA
1425863,NA,NA,NA
1425864,NA,NA,NA
1425865,NA,NA,NA
1425866,NA,NA,NA
1425867,NA,NA,NA
1425868,NA,NA,NA
1425869,NA,NA,NA
1425870,NA,NA,NA
1425871,NA,NA,NA
1425872,NA,NA,NA
1425873,NA,NA,NA
1425874,NA,NA,NA
1425875,NA,NA,NA
1425876,NA,NA,NA
1425877,NA,NA,NA
1425878,NA,NA,NA
1425879,NA,NA,NA
1425880,NA,NA,NA
1425881,NA,NA,NA
1425882,NA,NA,NA
1425883,NA,NA,NA
1425884,NA,NA,NA
1425885,NA,NA,NA
1425886,NA,NA,NA
1425887,NA,NA,NA
1425888,NA,NA,NA
1425889,NA,NA,NA
1425890,NA,NA,NA
1425891,NA,NA,NA
1425892,NA,NA,NA
1425893,NA,NA,NA
1425894,NA,NA,NA
1425895,NA,NA,NA
1425896,NA,NA,NA
1425897,NA,NA,NA
1425898,NA,NA,NA
1425899,NA,NA,NA
1425900,NA,NA,NA
1425901,NA,NA,NA
1425902,NA,NA,NA
1425903,NA,NA,NA
1425904,NA,NA,NA
1425905,NA,NA,NA
1425906,NA,NA,NA
1425907,NA,NA,NA
1425908,NA,NA,NA
1425909,NA,NA,NA
1425910,NA,NA,NA
1425911,NA,NA,NA
1425912,NA,NA,NA
1425913,NA,NA,NA
1425914,NA,NA,NA
1425915,NA,NA,NA
1425916,NA,NA,NA
1425917,NA,NA,NA
1425918,NA,NA,NA
1425919,NA,NA,NA
1425920,NA,NA,NA
1425921,NA,NA,NA
1425922,NA,NA,NA
1425923,NA,NA,NA
1425924,NA,NA,NA
1425925,NA,NA,NA
1425926,NA,NA,NA
1425927,NA,NA,NA
1425928,NA,NA,NA
1425929,NA,NA,NA
1425930,NA,NA,NA
1425931,NA,NA,NA
1425932,NA,NA,NA
1425933,NA,NA,NA
1425934,NA,NA,NA
1425935,NA,NA,NA
1425936,NA,NA,NA
1425937,NA,NA,NA
1425938,NA,NA,NA
1425939,NA,NA,NA
1425940,NA,NA,NA
1425941,NA,NA,NA
1425942,NA,NA,NA
1425943,NA,NA,NA
1425944,NA,NA,NA
1425945,NA,NA,NA
1425946,NA,NA,NA
1425948,NA,NA,NA
1425949,NA,NA,NA
1425950,NA,NA,NA
1425951,NA,NA,NA
1425952,NA,NA,NA
1425953,NA,NA,NA
1425954,NA,NA,NA
1425955,NA,NA,NA
1425956,NA,NA,NA
1425957,NA,NA,NA
1425958,NA,NA,NA
1425959,NA,NA,NA
1425960,NA,NA,NA
1425961,NA,NA,NA
1425962,NA,NA,NA
1425963,NA,NA,NA
1425964,NA,NA,NA
1425965,NA,NA,NA
1425966,NA,NA,NA
1425967,NA,NA,NA
1425968,NA,NA,NA
1425969,NA,NA,NA
1425970,NA,NA,NA
1425971,NA,NA,NA
1425972,NA,NA,NA
1425973,NA,NA,NA
1425974,NA,NA,NA
1425975,NA,NA,NA
1425976,NA,NA,NA
1425977,NA,NA,NA
1425978,NA,NA,NA
1425979,NA,NA,NA
1425980,NA,NA,NA
1425981,NA,NA,NA
1425982,NA,NA,NA
1425983,NA,NA,NA
1425984,NA,NA,NA
1425985,NA,NA,NA
1425986,NA,NA,NA
1425987,NA,NA,NA
1425988,NA,NA,NA
1425989,NA,NA,NA
1425990,NA,NA,NA
1425991,NA,NA,NA
1425992,NA,NA,NA
1425993,NA,NA,NA
1425994,NA,NA,NA
1425995,NA,NA,NA
1425996,NA,NA,NA
1425997,NA,NA,NA
1425998,NA,NA,NA
1425999,NA,NA,NA
1426000,NA,NA,NA
1433001,NA,NA,NA
1433002,NA,NA,NA
1433003,NA,NA,NA
1433004,NA,NA,NA
1433005,NA,NA,NA
1433006,NA,NA,NA
1433007,NA,NA,NA
1433008,NA,NA,NA
1433009,NA,NA,NA
1433010,NA,NA,NA
1433011,NA,NA,NA
1433012,NA,NA,NA
1433013,NA,NA,NA
1433014,NA,NA,NA
1433015,NA,NA,NA
1433016,NA,NA,NA
1433017,NA,NA,NA
1433018,NA,NA,NA
1433019,NA,NA,NA
1433020,NA,NA,NA
1433021,NA,NA,NA
1433022,NA,NA,NA
1433023,NA,NA,NA
1433024,NA,NA,NA
1433025,NA,NA,NA
1433026,NA,NA,NA
1433027,NA,NA,NA
1433028,NA,NA,NA
1433029,NA,NA,NA
1433030,NA,NA,NA
1433031,NA,NA,NA
1433032,NA,NA,NA
1433033,NA,NA,NA
1433034,NA,NA,NA
1433035,NA,NA,NA
1433036,NA,NA,NA
1433037,NA,NA,NA
1433038,NA,NA,NA
1433039,NA,NA,NA
1433040,NA,NA,NA
1433041,NA,NA,NA
1433042,NA,NA,NA
1433043,NA,NA,NA
1433044,NA,NA,NA
1433045,NA,NA,NA
1433046,NA,NA,NA
1433047,NA,NA,NA
1433048,NA,NA,NA
1433049,NA,NA,NA
1433050,NA,NA,NA
1433094,NA,NA,NA
1433095,NA,NA,NA
1433096,NA,NA,NA
1433097,NA,NA,NA
1433098,NA,NA,NA
1433099,NA,NA,NA
1433151,NA,NA,NA
1433152,NA,NA,NA
1433153,NA,NA,NA
1433154,NA,NA,NA
1433155,NA,NA,NA
1433156,NA,NA,NA
1433157,NA,NA,NA
1433158,NA,NA,NA
1433159,NA,NA,NA
1433160,NA,NA,NA
1433161,NA,NA,NA
1433162,NA,NA,NA
1433163,NA,NA,NA
1433164,NA,NA,NA
1433165,NA,NA,NA
1433166,NA,NA,NA
1433167,NA,NA,NA
1433168,NA,NA,NA
1433169,NA,NA,NA
1433170,NA,NA,NA
1433171,NA,NA,NA
1433172,NA,NA,NA
1433173,NA,NA,NA
1433174,NA,NA,NA
1433175,NA,NA,NA
1433176,NA,NA,NA
1433177,NA,NA,NA
1433178,NA,NA,NA
1433179,NA,NA,NA
1433180,NA,NA,NA
1433181,NA,NA,NA
1433182,NA,NA,NA
1433183,NA,NA,NA
1433184,NA,NA,NA
1433185,NA,NA,NA
1433186,NA,NA,NA
1433187,NA,NA,NA
1433188,NA,NA,NA
1433189,NA,NA,NA
1433190,NA,NA,NA
1433191,NA,NA,NA
1433192,NA,NA,NA
1433193,NA,NA,NA
1433194,NA,NA,NA
1433195,NA,NA,NA
1433196,NA,NA,NA
1433197,NA,NA,NA
1433198,NA,NA,NA
1433199,NA,NA,NA
1433200,NA,NA,NA
1433201,NA,NA,NA
1433202,NA,NA,NA
1433203,NA,NA,NA
1433204,NA,NA,NA
1433205,NA,NA,NA
1433206,NA,NA,NA
1433207,NA,NA,NA
1433208,NA,NA,NA
1433209,NA,NA,NA
1433210,NA,NA,NA
1433211,NA,NA,NA
1433212,NA,NA,NA
1433213,NA,NA,NA
1433214,NA,NA,NA
1433215,NA,NA,NA
1433216,NA,NA,NA
1433217,NA,NA,NA
1433218,NA,NA,NA
1433219,NA,NA,NA
1433220,NA,NA,NA
1433221,NA,NA,NA
1433222,NA,NA,NA
1433223,NA,NA,NA
1433224,NA,NA,NA
1433225,NA,NA,NA
1433226,NA,NA,NA
1433227,NA,NA,NA
1433228,NA,NA,NA
1433229,NA,NA,NA
1433230,NA,NA,NA
1433231,NA,NA,NA
1433232,NA,NA,NA
1433233,NA,NA,NA
1433234,NA,NA,NA
1433235,NA,NA,NA
1433236,NA,NA,NA
1433237,NA,NA,NA
1433238,NA,NA,NA
1433239,NA,NA,NA
1433240,NA,NA,NA
1433241,NA,NA,NA
1433242,NA,NA,NA
1433243,NA,NA,NA
1433244,NA,NA,NA
1433245,NA,NA,NA
1433246,NA,NA,NA
1433247,NA,NA,NA
1433248,NA,NA,NA
1433249,NA,NA,NA
1433250,NA,NA,NA
1433254,NA,NA,NA
1433255,NA,NA,NA
1433256,NA,NA,NA
1433257,NA,NA,NA
1433258,NA,NA,NA
1433259,NA,NA,NA
1433260,NA,NA,NA
1433261,NA,NA,NA
1433262,NA,NA,NA
1433263,NA,NA,NA
1433264,NA,NA,NA
1433265,NA,NA,NA
1433266,NA,NA,NA
1433267,NA,NA,NA
1433268,NA,NA,NA
1433269,NA,NA,NA
1433270,NA,NA,NA
1433271,NA,NA,NA
1433272,NA,NA,NA
1433273,NA,NA,NA
1433274,NA,NA,NA
1433275,NA,NA,NA
1433276,NA,NA,NA
1433277,NA,NA,NA
1433278,NA,NA,NA
1433279,NA,NA,NA
1433280,NA,NA,NA
1433281,NA,NA,NA
1433282,NA,NA,NA
1433283,NA,NA,NA
1433284,NA,NA,NA
1433285,NA,NA,NA
1433286,NA,NA,NA
1433287,NA,NA,NA
1433288,NA,NA,NA
1433289,NA,NA,NA
1433290,NA,NA,NA
1433291,NA,NA,NA
1433292,NA,NA,NA
1433293,NA,NA,NA
1433294,NA,NA,NA
1433295,NA,NA,NA
1433296,NA,NA,NA
1433297,NA,NA,NA
1433298,NA,NA,NA
1433299,NA,NA,NA
1433300,NA,NA,NA
1433301,NA,NA,NA
1433302,NA,NA,NA
1433303,NA,NA,NA
1433304,NA,NA,NA
1433305,NA,NA,NA
1433306,NA,NA,NA
1433307,NA,NA,NA
1433308,NA,NA,NA
1433309,NA,NA,NA
1433310,NA,NA,NA
1433311,NA,NA,NA
1433312,NA,NA,NA
1433313,NA,NA,NA
1433314,NA,NA,NA
1433315,NA,NA,NA
1433316,NA,NA,NA
1433317,NA,NA,NA
1433318,NA,NA,NA
1433319,NA,NA,NA
1433320,NA,NA,NA
1433321,NA,NA,NA
1433322,NA,NA,NA
1433323,NA,NA,NA
1433324,NA,NA,NA
1433325,NA,NA,NA
1433326,NA,NA,NA
1433327,NA,NA,NA
1433328,NA,NA,NA
1433329,NA,NA,NA
1433330,NA,NA,NA
1433331,NA,NA,NA
1433332,NA,NA,NA
1433333,NA,NA,NA
1433334,NA,NA,NA
1433335,NA,NA,NA
1433336,NA,NA,NA
1433337,NA,NA,NA
1433338,NA,NA,NA
1433339,NA,NA,NA
1433340,NA,NA,NA
1433341,NA,NA,NA
1433342,NA,NA,NA
1433343,NA,NA,NA
1433344,NA,NA,NA
1433345,NA,NA,NA
1433346,NA,NA,NA
1433347,NA,NA,NA
1433348,NA,NA,NA
1433349,NA,NA,NA
1433350,NA,NA,NA
1433351,NA,NA,NA
1433352,NA,NA,NA
1433353,NA,NA,NA
1433354,NA,NA,NA
1433355,NA,NA,NA
1433356,NA,NA,NA
1433357,NA,NA,NA
1433358,NA,NA,NA
1433359,NA,NA,NA
1433360,NA,NA,NA
1433361,NA,NA,NA
1433362,NA,NA,NA
1433363,NA,NA,NA
1433364,NA,NA,NA
1433365,NA,NA,NA
1433366,NA,NA,NA
1433367,NA,NA,NA
1433368,NA,NA,NA
1433369,NA,NA,NA
1433370,NA,NA,NA
1433371,NA,NA,NA
1433372,NA,NA,NA
1433373,NA,NA,NA
1433374,NA,NA,NA
1433375,NA,NA,NA
1433376,NA,NA,NA
1433377,NA,NA,NA
1433378,NA,NA,NA
1433379,NA,NA,NA
1433380,NA,NA,NA
1433381,NA,NA,NA
1433382,NA,NA,NA
1433383,NA,NA,NA
1433384,NA,NA,NA
1433385,NA,NA,NA
1433386,NA,NA,NA
1433387,NA,NA,NA
1433388,NA,NA,NA
1433389,NA,NA,NA
1433390,NA,NA,NA
1433391,NA,NA,NA
1433392,NA,NA,NA
1433393,NA,NA,NA
1433394,NA,NA,NA
1433395,NA,NA,NA
1433396,NA,NA,NA
1433397,NA,NA,NA
1433398,NA,NA,NA
1433399,NA,NA,NA
1433400,NA,NA,NA
1433401,NA,NA,NA
1433402,NA,NA,NA
1433403,NA,NA,NA
1433405,NA,NA,NA
1433406,NA,NA,NA
1433407,NA,NA,NA
1433408,NA,NA,NA
1433409,NA,NA,NA
1433410,NA,NA,NA
1433411,NA,NA,NA
1433412,NA,NA,NA
1433413,NA,NA,NA
1433414,NA,NA,NA
1433415,NA,NA,NA
1433416,NA,NA,NA
1433417,NA,NA,NA
1433418,NA,NA,NA
1433419,NA,NA,NA
1433420,NA,NA,NA
1433421,NA,NA,NA
1433422,NA,NA,NA
1433423,NA,NA,NA
1433424,NA,NA,NA
1433425,NA,NA,NA
1433426,NA,NA,NA
1433427,NA,NA,NA
1433428,NA,NA,NA
1433429,NA,NA,NA
1433430,NA,NA,NA
1433431,NA,NA,NA
1433432,NA,NA,NA
1433433,NA,NA,NA
1433434,NA,NA,NA
1433435,NA,NA,NA
1433436,NA,NA,NA
1433437,NA,NA,NA
1433438,NA,NA,NA
1433439,NA,NA,NA
1433440,NA,NA,NA
1433441,NA,NA,NA
1433442,NA,NA,NA
1433443,NA,NA,NA
1433444,NA,NA,NA
1433445,NA,NA,NA
1433446,NA,NA,NA
1433447,NA,NA,NA
1433448,NA,NA,NA
1433449,NA,NA,NA
1433450,NA,NA,NA
1433451,NA,NA,NA
1433452,NA,NA,NA
1433453,NA,NA,NA
1433454,NA,NA,NA
1433455,NA,NA,NA
1433456,NA,NA,NA
1433457,NA,NA,NA
1433458,NA,NA,NA
1433459,NA,NA,NA
1433460,NA,NA,NA
1433461,NA,NA,NA
1433462,NA,NA,NA
1433463,NA,NA,NA
1433464,NA,NA,NA
1433465,NA,NA,NA
1433466,NA,NA,NA
1433467,NA,NA,NA
1433468,NA,NA,NA
1433469,NA,NA,NA
1433470,NA,NA,NA
1433471,NA,NA,NA
1433472,NA,NA,NA
1433473,NA,NA,NA
1433474,NA,NA,NA
1433475,NA,NA,NA
1433476,NA,NA,NA
1433477,NA,NA,NA
1433478,NA,NA,NA
1433479,NA,NA,NA
1433480,NA,NA,NA
1433481,NA,NA,NA
1433482,NA,NA,NA
1433483,NA,NA,NA
1433484,NA,NA,NA
1433485,NA,NA,NA
1433486,NA,NA,NA
1433487,NA,NA,NA
1433488,NA,NA,NA
1433489,NA,NA,NA
1433490,NA,NA,NA
1433491,NA,NA,NA
1433492,NA,NA,NA
1433493,NA,NA,NA
1433494,NA,NA,NA
1433495,NA,NA,NA
1433496,NA,NA,NA
1433497,NA,NA,NA
1433498,NA,NA,NA
1433499,NA,NA,NA
1433500,NA,NA,NA
1433501,NA,NA,NA
1433502,NA,NA,NA
1433503,NA,NA,NA
1433504,NA,NA,NA
1433505,NA,NA,NA
1433506,NA,NA,NA
1433507,NA,NA,NA
1433508,NA,NA,NA
1433509,NA,NA,NA
1433510,NA,NA,NA
1433511,NA,NA,NA
1433512,NA,NA,NA
1433513,NA,NA,NA
1433514,NA,NA,NA
1433515,NA,NA,NA
1433516,NA,NA,NA
1433517,NA,NA,NA
1433518,NA,NA,NA
1433519,NA,NA,NA
1433520,NA,NA,NA
1433521,NA,NA,NA
1433522,NA,NA,NA
1433523,NA,NA,NA
1433524,NA,NA,NA
1433525,NA,NA,NA
1433526,NA,NA,NA
1433527,NA,NA,NA
1433528,NA,NA,NA
1433529,NA,NA,NA
1433530,NA,NA,NA
1433531,NA,NA,NA
1433532,NA,NA,NA
1433533,NA,NA,NA
1433534,NA,NA,NA
1433535,NA,NA,NA
1433536,NA,NA,NA
1433537,NA,NA,NA
1433538,NA,NA,NA
1433539,NA,NA,NA
1433540,NA,NA,NA
1433541,NA,NA,NA
1433542,NA,NA,NA
1433543,NA,NA,NA
1433544,NA,NA,NA
1433545,NA,NA,NA
1433546,NA,NA,NA
1433547,NA,NA,NA
1433548,NA,NA,NA
1433549,NA,NA,NA
1433550,NA,NA,NA
1433551,NA,NA,NA
1433552,NA,NA,NA
1433553,NA,NA,NA
1433554,NA,NA,NA
1433555,NA,NA,NA
1433556,NA,NA,NA
1433557,NA,NA,NA
1433558,NA,NA,NA
1433559,NA,NA,NA
1433560,NA,NA,NA
1433561,NA,NA,NA
1433562,NA,NA,NA
1433563,NA,NA,NA
1433564,NA,NA,NA
1433565,NA,NA,NA
1433566,NA,NA,NA
1433567,NA,NA,NA
1433568,NA,NA,NA
1433569,NA,NA,NA
1433570,NA,NA,NA
1433571,NA,NA,NA
1433572,NA,NA,NA
1433573,NA,NA,NA
1433574,NA,NA,NA
1433575,NA,NA,NA
1433576,NA,NA,NA
1433577,NA,NA,NA
1433578,NA,NA,NA
1433579,NA,NA,NA
1433580,NA,NA,NA
1433581,NA,NA,NA
1433582,NA,NA,NA
1433583,NA,NA,NA
1433584,NA,NA,NA
1433585,NA,NA,NA
1433586,NA,NA,NA
1433587,NA,NA,NA
1433588,NA,NA,NA
1433589,NA,NA,NA
1433590,NA,NA,NA
1433591,NA,NA,NA
1433592,NA,NA,NA
1433593,NA,NA,NA
1433594,NA,NA,NA
1433595,NA,NA,NA
1433596,NA,NA,NA
1433597,NA,NA,NA
1433598,NA,NA,NA
1433599,NA,NA,NA
1433600,NA,NA,NA
1433601,NA,NA,NA
1433602,NA,NA,NA
1433603,NA,NA,NA
1433604,NA,NA,NA
1433605,NA,NA,NA
1433606,NA,NA,NA
1433607,NA,NA,NA
1433608,NA,NA,NA
1433609,NA,NA,NA
1433610,NA,NA,NA
1433611,NA,NA,NA
1433612,NA,NA,NA
1433613,NA,NA,NA
1433614,NA,NA,NA
1433615,NA,NA,NA
1433616,NA,NA,NA
1433617,NA,NA,NA
1433618,NA,NA,NA
1433619,NA,NA,NA
1433620,NA,NA,NA
1433621,NA,NA,NA
1433622,NA,NA,NA
1433623,NA,NA,NA
1433624,NA,NA,NA
1433625,NA,NA,NA
1433626,NA,NA,NA
1433627,NA,NA,NA
1433628,NA,NA,NA
1433629,NA,NA,NA
1433630,NA,NA,NA
1433631,NA,NA,NA
1433632,NA,NA,NA
1433633,NA,NA,NA
1433634,NA,NA,NA
1433635,NA,NA,NA
1433636,NA,NA,NA
1433637,NA,NA,NA
1433638,NA,NA,NA
1433639,NA,NA,NA
1433640,NA,NA,NA
1433641,NA,NA,NA
1433642,NA,NA,NA
1433643,NA,NA,NA
1433644,NA,NA,NA
1433645,NA,NA,NA
1433646,NA,NA,NA
1433647,NA,NA,NA
1433648,NA,NA,NA
1433649,NA,NA,NA
1433650,NA,NA,NA
1433651,NA,NA,NA
1433652,NA,NA,NA
1433653,NA,NA,NA
1433654,NA,NA,NA
1433655,NA,NA,NA
1433656,NA,NA,NA
1433657,NA,NA,NA
1433658,NA,NA,NA
1433659,NA,NA,NA
1433660,NA,NA,NA
1433661,NA,NA,NA
1433662,NA,NA,NA
1433663,NA,NA,NA
1433664,NA,NA,NA
1433665,NA,NA,NA
1433666,NA,NA,NA
1433667,NA,NA,NA
1433668,NA,NA,NA
1433669,NA,NA,NA
1433670,NA,NA,NA
1433671,NA,NA,NA
1433672,NA,NA,NA
1433673,NA,NA,NA
1433674,NA,NA,NA
1433675,NA,NA,NA
1433676,NA,NA,NA
1433677,NA,NA,NA
1433678,NA,NA,NA
1433679,NA,NA,NA
1433680,NA,NA,NA
1433681,NA,NA,NA
1433682,NA,NA,NA
1433683,NA,NA,NA
1433684,NA,NA,NA
1433685,NA,NA,NA
1433686,NA,NA,NA
1433687,NA,NA,NA
1433688,NA,NA,NA
1433689,NA,NA,NA
1433690,NA,NA,NA
1433691,NA,NA,NA
1433692,NA,NA,NA
1433693,NA,NA,NA
1433694,NA,NA,NA
1433695,NA,NA,NA
1433696,NA,NA,NA
1433697,NA,NA,NA
1433698,NA,NA,NA
1433699,NA,NA,NA
1433700,NA,NA,NA
1433701,NA,NA,NA
1433702,NA,NA,NA
1433704,NA,NA,NA
1433705,NA,NA,NA
1433706,NA,NA,NA
1433707,NA,NA,NA
1433708,NA,NA,NA
1433709,NA,NA,NA
1433710,NA,NA,NA
1433711,NA,NA,NA
1433712,NA,NA,NA
1433713,NA,NA,NA
1433714,NA,NA,NA
1433715,NA,NA,NA
1433716,NA,NA,NA
1433717,NA,NA,NA
1433718,NA,NA,NA
1433719,NA,NA,NA
1433720,NA,NA,NA
1433721,NA,NA,NA
1433722,NA,NA,NA
1433723,NA,NA,NA
1433724,NA,NA,NA
1433725,NA,NA,NA
1433726,NA,NA,NA
1433727,NA,NA,NA
1433728,NA,NA,NA
1433729,NA,NA,NA
1433730,NA,NA,NA
1433731,NA,NA,NA
1433732,NA,NA,NA
1433733,NA,NA,NA
1433734,NA,NA,NA
1433735,NA,NA,NA
1433736,NA,NA,NA
1433737,NA,NA,NA
1433738,NA,NA,NA
1433739,NA,NA,NA
1433740,NA,NA,NA
1433741,NA,NA,NA
1433742,NA,NA,NA
1433743,NA,NA,NA
1433744,NA,NA,NA
1433745,NA,NA,NA
1433746,NA,NA,NA
1433747,NA,NA,NA
1433748,NA,NA,NA
1433749,NA,NA,NA
1433750,NA,NA,NA
1433801,NA,NA,NA
1433802,NA,NA,NA
1433803,NA,NA,NA
1433804,NA,NA,NA
1433805,NA,NA,NA
1433806,NA,NA,NA
1433807,NA,NA,NA
1433808,NA,NA,NA
1433809,NA,NA,NA
1433810,NA,NA,NA
1433811,NA,NA,NA
1433814,NA,NA,NA
1433815,NA,NA,NA
1433816,NA,NA,NA
1433817,NA,NA,NA
1433818,NA,NA,NA
1433819,NA,NA,NA
1433820,NA,NA,NA
1433821,NA,NA,NA
1433822,NA,NA,NA
1433823,NA,NA,NA
1433824,NA,NA,NA
1433825,NA,NA,NA
1433826,NA,NA,NA
1433827,NA,NA,NA
1433828,NA,NA,NA
1433829,NA,NA,NA
1433830,NA,NA,NA
1433831,NA,NA,NA
1433832,NA,NA,NA
1433833,NA,NA,NA
1433834,NA,NA,NA
1433835,NA,NA,NA
1433836,NA,NA,NA
1433837,NA,NA,NA
1433838,NA,NA,NA
1433839,NA,NA,NA
1433840,NA,NA,NA
1433841,NA,NA,NA
1433842,NA,NA,NA
1433843,NA,NA,NA
1433844,NA,NA,NA
1433845,NA,NA,NA
1433846,NA,NA,NA
1433847,NA,NA,NA
1433848,NA,NA,NA
1433849,NA,NA,NA
1433850,NA,NA,NA
1433851,NA,NA,NA
1433852,NA,NA,NA
1433853,NA,NA,NA
1433854,NA,NA,NA
1433855,NA,NA,NA
1433856,NA,NA,NA
1433857,NA,NA,NA
1433858,NA,NA,NA
1433859,NA,NA,NA
1433860,NA,NA,NA
1433861,NA,NA,NA
1433862,NA,NA,NA
1433863,NA,NA,NA
1433864,NA,NA,NA
1433865,NA,NA,NA
1433866,NA,NA,NA
1433867,NA,NA,NA
1433868,NA,NA,NA
1433869,NA,NA,NA
1433870,NA,NA,NA
1433871,NA,NA,NA
1433872,NA,NA,NA
1433873,NA,NA,NA
1433874,NA,NA,NA
1433875,NA,NA,NA
1433876,NA,NA,NA
1433877,NA,NA,NA
1433878,NA,NA,NA
1433879,NA,NA,NA
1433880,NA,NA,NA
1433882,NA,NA,NA
1433883,NA,NA,NA
1433884,NA,NA,NA
1433885,NA,NA,NA
1433886,NA,NA,NA
1433887,NA,NA,NA
1433888,NA,NA,NA
1433889,NA,NA,NA
1433890,NA,NA,NA
1433891,NA,NA,NA
1433892,NA,NA,NA
1433893,NA,NA,NA
1433894,NA,NA,NA
1433895,NA,NA,NA
1433896,NA,NA,NA
1433898,NA,NA,NA
1433900,NA,NA,NA
1433901,NA,NA,NA
1433902,NA,NA,NA
1433903,NA,NA,NA
1433904,NA,NA,NA
1433905,NA,NA,NA
1433906,NA,NA,NA
1433907,NA,NA,NA
1433908,NA,NA,NA
1433909,NA,NA,NA
1433910,NA,NA,NA
1433911,NA,NA,NA
1433912,NA,NA,NA
1433913,NA,NA,NA
1433914,NA,NA,NA
1433915,NA,NA,NA
1433916,NA,NA,NA
1433917,NA,NA,NA
1433918,NA,NA,NA
1433919,NA,NA,NA
1433920,NA,NA,NA
1433921,NA,NA,NA
1433922,NA,NA,NA
1433923,NA,NA,NA
1433924,NA,NA,NA
1433925,NA,NA,NA
1433926,NA,NA,NA
1433951,NA,NA,NA
1433952,NA,NA,NA
1433953,NA,NA,NA
1433954,NA,NA,NA
1433955,NA,NA,NA
1433956,NA,NA,NA
1433957,NA,NA,NA
1433958,NA,NA,NA
1433959,NA,NA,NA
1433960,NA,NA,NA
1433961,NA,NA,NA
1433962,NA,NA,NA
1433963,NA,NA,NA
1433964,NA,NA,NA
1433965,NA,NA,NA
1433966,NA,NA,NA
1433967,NA,NA,NA
1433968,NA,NA,NA
1433969,NA,NA,NA
1433970,NA,NA,NA
1433971,NA,NA,NA
1433972,NA,NA,NA
1433973,NA,NA,NA
1433974,NA,NA,NA
1433976,NA,NA,NA
1433977,NA,NA,NA
1433978,NA,NA,NA
1433979,NA,NA,NA
1433980,NA,NA,NA
1433981,NA,NA,NA
1433982,NA,NA,NA
1433983,NA,NA,NA
1433984,NA,NA,NA
1433985,NA,NA,NA
1433986,NA,NA,NA
1433987,NA,NA,NA
1433988,NA,NA,NA
1433989,NA,NA,NA
1433990,NA,NA,NA
1433991,NA,NA,NA
1433992,NA,NA,NA
1433993,NA,NA,NA
1433994,NA,NA,NA
1433995,NA,NA,NA
1433996,NA,NA,NA
1433997,NA,NA,NA
1433998,NA,NA,NA
1433999,NA,NA,NA
1434000,NA,NA,NA
1434051,NA,NA,NA
1434071,NA,NA,NA
1434072,NA,NA,NA
1434073,NA,NA,NA
1434074,NA,NA,NA
1434075,NA,NA,NA
1434076,NA,NA,NA
1434090,NA,NA,NA
1434091,NA,NA,NA
1434092,NA,NA,NA
1434093,NA,NA,NA
1434094,NA,NA,NA
1434095,NA,NA,NA
1434096,NA,NA,NA
1434097,NA,NA,NA
1434098,NA,NA,NA
1434099,NA,NA,NA
1434100,NA,NA,NA
1434101,NA,NA,NA
1434102,NA,NA,NA
1434103,NA,NA,NA
1434104,NA,NA,NA
1434105,NA,NA,NA
1434106,NA,NA,NA
1434107,NA,NA,NA
1434108,NA,NA,NA
1434109,NA,NA,NA
1434110,NA,NA,NA
1434111,NA,NA,NA
1434112,NA,NA,NA
1434113,NA,NA,NA
1434114,NA,NA,NA
1434115,NA,NA,NA
1434116,NA,NA,NA
1434117,NA,NA,NA
1434118,NA,NA,NA
1434119,NA,NA,NA
1434120,NA,NA,NA
1434121,NA,NA,NA
1434122,NA,NA,NA
1434123,NA,NA,NA
1434124,NA,NA,NA
1434125,NA,NA,NA
1434126,NA,NA,NA
1434127,NA,NA,NA
1434128,NA,NA,NA
1434129,NA,NA,NA
1434130,NA,NA,NA
1434131,NA,NA,NA
1434132,NA,NA,NA
1434133,NA,NA,NA
1434134,NA,NA,NA
1434135,NA,NA,NA
1434136,NA,NA,NA
1434137,NA,NA,NA
1434138,NA,NA,NA
1434139,NA,NA,NA
1434140,NA,NA,NA
1434141,NA,NA,NA
1434142,NA,NA,NA
1434143,NA,NA,NA
1434144,NA,NA,NA
1434145,NA,NA,NA
1434146,NA,NA,NA
1434147,NA,NA,NA
1434148,NA,NA,NA
1434149,NA,NA,NA
1434150,NA,NA,NA
1434151,NA,NA,NA
1434152,NA,NA,NA
1434153,NA,NA,NA
1434154,NA,NA,NA
1434155,NA,NA,NA
1434156,NA,NA,NA
1434158,NA,NA,NA
1434159,NA,NA,NA
1434160,NA,NA,NA
1434161,NA,NA,NA
1434162,NA,NA,NA
1434163,NA,NA,NA
1434164,NA,NA,NA
1434165,NA,NA,NA
1434166,NA,NA,NA
1434167,NA,NA,NA
1434168,NA,NA,NA
1434169,NA,NA,NA
1434170,NA,NA,NA
1434171,NA,NA,NA
1434172,NA,NA,NA
1434173,NA,NA,NA
1434174,NA,NA,NA
1434175,NA,NA,NA
1434176,NA,NA,NA
1434177,NA,NA,NA
1434178,NA,NA,NA
1434179,NA,NA,NA
1434180,NA,NA,NA
1434181,NA,NA,NA
1434182,NA,NA,NA
1434183,NA,NA,NA
1434184,NA,NA,NA
1434185,NA,NA,NA
1434186,NA,NA,NA
1434187,NA,NA,NA
1434188,NA,NA,NA
1434189,NA,NA,NA
1434190,NA,NA,NA
1434191,NA,NA,NA
1434192,NA,NA,NA
1434193,NA,NA,NA
1434194,NA,NA,NA
1434195,NA,NA,NA
1434196,NA,NA,NA
1434197,NA,NA,NA
1434198,NA,NA,NA
1434199,NA,NA,NA
1434200,NA,NA,NA
1434201,NA,NA,NA
1434202,NA,NA,NA
1434203,NA,NA,NA
1434204,NA,NA,NA
1434205,NA,NA,NA
1434206,NA,NA,NA
1434207,NA,NA,NA
1434208,NA,NA,NA
1434209,NA,NA,NA
1434210,NA,NA,NA
1434211,NA,NA,NA
1434212,NA,NA,NA
1434213,NA,NA,NA
1434214,NA,NA,NA
1434215,NA,NA,NA
1434216,NA,NA,NA
1434217,NA,NA,NA
1434218,NA,NA,NA
1434219,NA,NA,NA
1434220,NA,NA,NA
1434221,NA,NA,NA
1434222,NA,NA,NA
1434223,NA,NA,NA
1434224,NA,NA,NA
1434225,NA,NA,NA
1434226,NA,NA,NA
1434227,NA,NA,NA
1434228,NA,NA,NA
1434229,NA,NA,NA
1434230,NA,NA,NA
1434231,NA,NA,NA
1434232,NA,NA,NA
1434233,NA,NA,NA
1434234,NA,NA,NA
1434235,NA,NA,NA
1434236,NA,NA,NA
1434237,NA,NA,NA
1434238,NA,NA,NA
1434239,NA,NA,NA
1434240,NA,NA,NA
1434241,NA,NA,NA
1434242,NA,NA,NA
1434243,NA,NA,NA
1434244,NA,NA,NA
1434245,NA,NA,NA
1434246,NA,NA,NA
1434247,NA,NA,NA
1434248,NA,NA,NA
1434249,NA,NA,NA
1434250,NA,NA,NA
1434251,NA,NA,NA
1434252,NA,NA,NA
1434253,NA,NA,NA
1434254,NA,NA,NA
1434255,NA,NA,NA
1434256,NA,NA,NA
1434257,NA,NA,NA
1434258,NA,NA,NA
1434259,NA,NA,NA
1434260,NA,NA,NA
1434261,NA,NA,NA
1434262,NA,NA,NA
1434263,NA,NA,NA
1434264,NA,NA,NA
1434265,NA,NA,NA
1434266,NA,NA,NA
1434267,NA,NA,NA
1434268,NA,NA,NA
1434269,NA,NA,NA
1434270,NA,NA,NA
1434271,NA,NA,NA
1434272,NA,NA,NA
1434273,NA,NA,NA
1434274,NA,NA,NA
1434275,NA,NA,NA
1434276,NA,NA,NA
1434277,NA,NA,NA
1434278,NA,NA,NA
1434279,NA,NA,NA
1434280,NA,NA,NA
1434281,NA,NA,NA
1434282,NA,NA,NA
1434283,NA,NA,NA
1434284,NA,NA,NA
1434285,NA,NA,NA
1434286,NA,NA,NA
1434287,NA,NA,NA
1434288,NA,NA,NA
1434289,NA,NA,NA
1434290,NA,NA,NA
1434291,NA,NA,NA
1434292,NA,NA,NA
1434293,NA,NA,NA
1434294,NA,NA,NA
1434295,NA,NA,NA
1434297,NA,NA,NA
1434298,NA,NA,NA
1434299,NA,NA,NA
1434300,NA,NA,NA
1434351,NA,NA,NA
1434352,NA,NA,NA
1434353,NA,NA,NA
1434354,NA,NA,NA
1434355,NA,NA,NA
1434356,NA,NA,NA
1434357,NA,NA,NA
1434358,NA,NA,NA
1434359,NA,NA,NA
1434401,NA,NA,NA
1434402,NA,NA,NA
1434403,NA,NA,NA
1434404,NA,NA,NA
1434405,NA,NA,NA
1434406,NA,NA,NA
1434407,NA,NA,NA
1434408,NA,NA,NA
1434409,NA,NA,NA
1434410,NA,NA,NA
1434411,NA,NA,NA
1434412,NA,NA,NA
1434413,NA,NA,NA
1434414,NA,NA,NA
1434415,NA,NA,NA
1434416,NA,NA,NA
1434417,NA,NA,NA
1434418,NA,NA,NA
1434419,NA,NA,NA
1434420,NA,NA,NA
1434421,NA,NA,NA
1434422,NA,NA,NA
1434423,NA,NA,NA
1434424,NA,NA,NA
1434425,NA,NA,NA
1434426,NA,NA,NA
1434427,NA,NA,NA
1434428,NA,NA,NA
1434429,NA,NA,NA
1434430,NA,NA,NA
1434431,NA,NA,NA
1434432,NA,NA,NA
1434433,NA,NA,NA
1434434,NA,NA,NA
1434435,NA,NA,NA
1434436,NA,NA,NA
1434437,NA,NA,NA
1434438,NA,NA,NA
1434439,NA,NA,NA
1434440,NA,NA,NA
1434441,NA,NA,NA
1434442,NA,NA,NA
1434443,NA,NA,NA
1434444,NA,NA,NA
1434445,NA,NA,NA
1434446,NA,NA,NA
1434447,NA,NA,NA
1434448,NA,NA,NA
1434449,NA,NA,NA
1434450,NA,NA,NA
1434451,NA,NA,NA
1434452,NA,NA,NA
1434453,NA,NA,NA
1434454,NA,NA,NA
1434455,NA,NA,NA
1434456,NA,NA,NA
1434457,NA,NA,NA
1434458,NA,NA,NA
1434459,NA,NA,NA
1434460,NA,NA,NA
1434461,NA,NA,NA
1434462,NA,NA,NA
1434464,NA,NA,NA
1434465,NA,NA,NA
1434466,NA,NA,NA
1434467,NA,NA,NA
1434468,NA,NA,NA
1434469,NA,NA,NA
1434470,NA,NA,NA
1434471,NA,NA,NA
1434472,NA,NA,NA
1434473,NA,NA,NA
1434474,NA,NA,NA
1434475,NA,NA,NA
1434476,NA,NA,NA
1434477,NA,NA,NA
1434478,NA,NA,NA
1434479,NA,NA,NA
1434480,NA,NA,NA
1434481,NA,NA,NA
1434482,NA,NA,NA
1434484,NA,NA,NA
1434485,NA,NA,NA
1434486,NA,NA,NA
1434487,NA,NA,NA
1434488,NA,NA,NA
1434489,NA,NA,NA
1434490,NA,NA,NA
1434491,NA,NA,NA
1434492,NA,NA,NA
1434493,NA,NA,NA
1434494,NA,NA,NA
1434495,NA,NA,NA
1434496,NA,NA,NA
1434752,NA,NA,NA
1435750,NA,NA,NA
1435801,NA,NA,NA
1435802,NA,NA,NA
1435803,NA,NA,NA
1435804,NA,NA,NA
1435805,NA,NA,NA
1435806,NA,NA,NA
1435807,NA,NA,NA
1435808,NA,NA,NA
1435809,NA,NA,NA
1435810,NA,NA,NA
1435811,NA,NA,NA
1435812,NA,NA,NA
1435813,NA,NA,NA
1435814,NA,NA,NA
1435818,NA,NA,NA
1435819,NA,NA,NA
1435820,NA,NA,NA
1435821,NA,NA,NA
1436651,NA,NA,NA
1436652,NA,NA,NA
1436653,NA,NA,NA
1436689,NA,NA,NA
1436690,NA,NA,NA
1436691,NA,NA,NA
1436692,NA,NA,NA
1436693,NA,NA,NA
1436694,NA,NA,NA
1436695,NA,NA,NA
1436696,NA,NA,NA
1436697,NA,NA,NA
1436698,NA,NA,NA
1436699,NA,NA,NA
1436700,NA,NA,NA
1436701,NA,NA,NA
1436702,NA,NA,NA
1436703,NA,NA,NA
1436704,NA,NA,NA
1436705,NA,NA,NA
1436706,NA,NA,NA
1436707,NA,NA,NA
1436708,NA,NA,NA
1436709,NA,NA,NA
1436710,NA,NA,NA
1436711,NA,NA,NA
1436712,NA,NA,NA
1436713,NA,NA,NA
1436742,NA,NA,NA
1436743,NA,NA,NA
1436744,NA,NA,NA
1436745,NA,NA,NA
1436746,NA,NA,NA
1436747,NA,NA,NA
1436748,NA,NA,NA
1436749,NA,NA,NA
1436750,NA,NA,NA
1436920,NA,NA,NA
1436921,NA,NA,NA
1436923,NA,NA,NA
1436924,NA,NA,NA
1436925,NA,NA,NA
1436932,NA,NA,NA
1436933,NA,NA,NA
1436934,NA,NA,NA
1436936,NA,NA,NA
1436937,NA,NA,NA
1436938,NA,NA,NA
1436939,NA,NA,NA
1436940,NA,NA,NA
1436941,NA,NA,NA
1436942,NA,NA,NA
1436946,NA,NA,NA
1436947,NA,NA,NA
1437002,NA,NA,NA
1437003,NA,NA,NA
1437004,NA,NA,NA
1437005,NA,NA,NA
1437006,NA,NA,NA
1437007,NA,NA,NA
1437008,NA,NA,NA
1437009,NA,NA,NA
1437010,NA,NA,NA
1437011,NA,NA,NA
1437012,NA,NA,NA
1437013,NA,NA,NA
1437014,NA,NA,NA
1437015,NA,NA,NA
1437016,NA,NA,NA
1437017,NA,NA,NA
1437018,NA,NA,NA
1437019,NA,NA,NA
1437020,NA,NA,NA
1437021,NA,NA,NA
1437022,NA,NA,NA
1437023,NA,NA,NA
1437027,NA,NA,NA
1437029,NA,NA,NA
1437030,NA,NA,NA
1437031,NA,NA,NA
1437042,NA,NA,NA
1437043,NA,NA,NA
1437044,NA,NA,NA
1437101,NA,NA,NA
1437102,NA,NA,NA
1437103,NA,NA,NA
1437104,NA,NA,NA
1437105,NA,NA,NA
1437107,NA,NA,NA
1437108,NA,NA,NA
1437109,NA,NA,NA
1437110,NA,NA,NA
1437111,NA,NA,NA
1437112,NA,NA,NA
1437113,NA,NA,NA
1437114,NA,NA,NA
1437115,NA,NA,NA
1437116,NA,NA,NA
1437117,NA,NA,NA
1437118,NA,NA,NA
1437119,NA,NA,NA
1437120,NA,NA,NA
1437121,NA,NA,NA
1437122,NA,NA,NA
1437123,NA,NA,NA
1437124,NA,NA,NA
1437125,NA,NA,NA
1437126,NA,NA,NA
1437127,NA,NA,NA
1437128,NA,NA,NA
1437129,NA,NA,NA
1437130,NA,NA,NA
1437131,NA,NA,NA
1437132,NA,NA,NA
1437133,NA,NA,NA
1437134,NA,NA,NA
1437135,NA,NA,NA
1437136,NA,NA,NA
1437137,NA,NA,NA
1437147,NA,NA,NA
1437148,NA,NA,NA
1441460,NA,NA,NA
1441701,NA,NA,NA
1441702,NA,NA,NA
1441703,NA,NA,NA
1441704,NA,NA,NA
1441705,NA,NA,NA
1441706,NA,NA,NA
1441707,NA,NA,NA
1441708,NA,NA,NA
1441709,NA,NA,NA
1441710,NA,NA,NA
1441711,NA,NA,NA
1441713,NA,NA,NA
1441714,NA,NA,NA
1441715,NA,NA,NA
1441716,NA,NA,NA
1441717,NA,NA,NA
1441718,NA,NA,NA
1441719,NA,NA,NA
1441720,NA,NA,NA
1441721,NA,NA,NA
1441722,NA,NA,NA
1441723,NA,NA,NA
1441724,NA,NA,NA
1441725,NA,NA,NA
1441726,NA,NA,NA
1441727,NA,NA,NA
1441728,NA,NA,NA
1441729,NA,NA,NA
1441730,NA,NA,NA
1441731,NA,NA,NA
1441732,NA,NA,NA
1441733,NA,NA,NA
1441734,NA,NA,NA
1441735,NA,NA,NA
1441736,NA,NA,NA
1441737,NA,NA,NA
1441738,NA,NA,NA
1441739,NA,NA,NA
1441740,NA,NA,NA
1441741,NA,NA,NA
1441742,NA,NA,NA
1441743,NA,NA,NA
1441751,NA,NA,NA
1441752,NA,NA,NA
1441753,NA,NA,NA
1441754,NA,NA,NA
1442355,NA,NA,NA
1442361,NA,NA,NA
1442363,NA,NA,NA
1442364,NA,NA,NA
1442365,NA,NA,NA
1442366,NA,NA,NA
1442367,NA,NA,NA
1442368,NA,NA,NA
1442451,NA,NA,NA
1442452,NA,NA,NA
1442453,NA,NA,NA
1442454,NA,NA,NA
1442632,NA,NA,NA
1447966,NA,NA,NA
1447971,NA,NA,NA
1447972,NA,NA,NA
1447978,NA,NA,NA
1447979,NA,NA,NA
1447980,NA,NA,NA
1447981,NA,NA,NA
1447982,NA,NA,NA
1447983,NA,NA,NA
1447984,NA,NA,NA
1447985,NA,NA,NA
1447986,NA,NA,NA
1447987,NA,NA,NA
1447988,NA,NA,NA
1447989,NA,NA,NA
1447990,NA,NA,NA
1447997,NA,NA,NA
1447998,NA,NA,NA
1447999,NA,NA,NA
1448000,NA,NA,NA
1451001,NA,NA,NA
1451002,NA,NA,NA
1451003,NA,NA,NA
1451004,NA,NA,NA
1451005,NA,NA,NA
1451006,NA,NA,NA
1451007,NA,NA,NA
1451008,NA,NA,NA
1451009,NA,NA,NA
1451010,NA,NA,NA
1451011,NA,NA,NA
1451012,NA,NA,NA
1451013,NA,NA,NA
1451014,NA,NA,NA
1451017,NA,NA,NA
1451018,NA,NA,NA
1451019,NA,NA,NA
1451020,NA,NA,NA
1451021,NA,NA,NA
1451023,NA,NA,NA
1451024,NA,NA,NA
1451025,NA,NA,NA
1451026,NA,NA,NA
1451027,NA,NA,NA
1451028,NA,NA,NA
1451029,NA,NA,NA
1451030,NA,NA,NA
1451031,NA,NA,NA
1454546,NA,NA,NA
1456011,NA,NA,NA
1456012,NA,NA,NA
1456013,NA,NA,NA
1456014,NA,NA,NA
1456015,NA,NA,NA
1456017,NA,NA,NA
1456020,NA,NA,NA
1456021,NA,NA,NA
1456022,NA,NA,NA
1456023,NA,NA,NA
1456024,NA,NA,NA
1456025,NA,NA,NA
1456026,NA,NA,NA
1456027,NA,NA,NA
1456028,NA,NA,NA
1456029,NA,NA,NA
1456030,NA,NA,NA
1456031,NA,NA,NA
1456032,NA,NA,NA
1456033,NA,NA,NA
1456034,NA,NA,NA
1456035,NA,NA,NA
1456036,NA,NA,NA
1456037,NA,NA,NA
1456038,NA,NA,NA
1456039,NA,NA,NA
1456040,NA,NA,NA
1456041,NA,NA,NA
1456042,NA,NA,NA
1456043,NA,NA,NA
1456044,NA,NA,NA
1456045,NA,NA,NA
1456046,NA,NA,NA
1456047,NA,NA,NA
1456048,NA,NA,NA
1456049,NA,NA,NA
1456103,NA,NA,NA
1456104,NA,NA,NA
1456105,NA,NA,NA
1456106,NA,NA,NA
1456107,NA,NA,NA
1456108,NA,NA,NA
1456109,NA,NA,NA
1456111,NA,NA,NA
1456112,NA,NA,NA
1456113,NA,NA,NA
1456114,NA,NA,NA
1456115,NA,NA,NA
1456116,NA,NA,NA
1456118,NA,NA,NA
1456119,NA,NA,NA
1456124,NA,NA,NA
1456125,NA,NA,NA
1456351,NA,NA,NA
1456352,NA,NA,NA
1456354,NA,NA,NA
1456355,NA,NA,NA
1456356,NA,NA,NA
1456357,NA,NA,NA
1456361,NA,NA,NA
1456362,NA,NA,NA
1456363,NA,NA,NA
1456364,NA,NA,NA
1456365,NA,NA,NA
1456366,NA,NA,NA
1456367,NA,NA,NA
1456368,NA,NA,NA
1456369,NA,NA,NA
1456370,NA,NA,NA
1456371,NA,NA,NA
1456444,NA,NA,NA
1456445,NA,NA,NA
1456446,NA,NA,NA
1456447,NA,NA,NA
1456510,NA,NA,NA
1456598,NA,NA,NA
1456600,NA,NA,NA
1457347,NA,NA,NA
1457348,NA,NA,NA
1457349,NA,NA,NA
1457350,NA,NA,NA
1463651,NA,NA,NA
1463652,NA,NA,NA
1463653,NA,NA,NA
1463654,NA,NA,NA
1463655,NA,NA,NA
1463656,NA,NA,NA
1463657,NA,NA,NA
1463658,NA,NA,NA
1463661,NA,NA,NA
1463662,NA,NA,NA
1463680,NA,NA,NA
1463681,NA,NA,NA
1463682,NA,NA,NA
1463683,NA,NA,NA
1463684,NA,NA,NA
1463685,NA,NA,NA
1463693,NA,NA,NA
1463694,NA,NA,NA
1463695,NA,NA,NA
1463701,NA,NA,NA
1463702,NA,NA,NA
1463703,NA,NA,NA
1463704,NA,NA,NA
1463705,NA,NA,NA
1463706,NA,NA,NA
1463707,NA,NA,NA
1463708,NA,NA,NA
1463709,NA,NA,NA
1463710,NA,NA,NA
1463711,NA,NA,NA
1463712,NA,NA,NA
1463713,NA,NA,NA
1463714,NA,NA,NA
1463715,NA,NA,NA
1463716,NA,NA,NA
1463717,NA,NA,NA
1463718,NA,NA,NA
1463719,NA,NA,NA
1463720,NA,NA,NA
1463721,NA,NA,NA
1463722,NA,NA,NA
1463723,NA,NA,NA
1463724,NA,NA,NA
1463725,NA,NA,NA
1463726,NA,NA,NA
1463732,NA,NA,NA
1463733,NA,NA,NA
1463734,NA,NA,NA
1463735,NA,NA,NA
1463736,NA,NA,NA
1463737,NA,NA,NA
1463738,NA,NA,NA
1463739,NA,NA,NA
1463740,NA,NA,NA
1463741,NA,NA,NA
1463838,NA,NA,NA
1463852,NA,NA,NA
1463853,NA,NA,NA
1463854,NA,NA,NA
1463855,NA,NA,NA
1463856,NA,NA,NA
1463857,NA,NA,NA
1463858,NA,NA,NA
1463859,NA,NA,NA
1463860,NA,NA,NA
1463861,NA,NA,NA
1463862,NA,NA,NA
1463864,NA,NA,NA
1463867,NA,NA,NA
1463868,NA,NA,NA
1463870,NA,NA,NA
1463878,NA,NA,NA
1463879,NA,NA,NA
1463880,NA,NA,NA
1463881,NA,NA,NA
1463882,NA,NA,NA
1463883,NA,NA,NA
1463884,NA,NA,NA
1463885,NA,NA,NA
1463886,NA,NA,NA
1463887,NA,NA,NA
1463888,NA,NA,NA
1463889,NA,NA,NA
1463890,NA,NA,NA
1463891,NA,NA,NA
1463892,NA,NA,NA
1463893,NA,NA,NA
1463894,NA,NA,NA
1463895,NA,NA,NA
1463896,NA,NA,NA
1463897,NA,NA,NA
1463898,NA,NA,NA
1463899,NA,NA,NA
1463900,NA,NA,NA
1463901,NA,NA,NA
1463902,NA,NA,NA
1463903,NA,NA,NA
1463904,NA,NA,NA
1463905,NA,NA,NA
1463911,NA,NA,NA
1463912,NA,NA,NA
1463913,NA,NA,NA
1463914,NA,NA,NA
1463915,NA,NA,NA
1463916,NA,NA,NA
1463917,NA,NA,NA
1463918,NA,NA,NA
1463932,NA,NA,NA
1463942,NA,NA,NA
1463943,NA,NA,NA
1463944,NA,NA,NA
1463945,NA,NA,NA
1463946,NA,NA,NA
1463947,NA,NA,NA
1463948,NA,NA,NA
1463949,NA,NA,NA
1463950,NA,NA,NA
1464411,NA,NA,NA
1464414,NA,NA,NA
1464415,NA,NA,NA
1464416,NA,NA,NA
1464417,NA,NA,NA
1464418,NA,NA,NA
1464419,NA,NA,NA
1464420,NA,NA,NA
1464433,NA,NA,NA
1464434,NA,NA,NA
1464439,NA,NA,NA
1464440,NA,NA,NA
1464442,NA,NA,NA
1464443,NA,NA,NA
1464444,NA,NA,NA
1464445,NA,NA,NA
1464446,NA,NA,NA
1464447,NA,NA,NA
1464448,NA,NA,NA
1464449,NA,NA,NA
1464450,NA,NA,NA
1464451,NA,NA,NA
1464452,NA,NA,NA
1464453,NA,NA,NA
1464456,NA,NA,NA
1464457,NA,NA,NA
1464458,NA,NA,NA
1464459,NA,NA,NA
1464460,NA,NA,NA
1464461,NA,NA,NA
1464463,NA,NA,NA
1464860,NA,NA,NA
1464861,NA,NA,NA
1464865,NA,NA,NA
1464866,NA,NA,NA
1464867,NA,NA,NA
1464868,NA,NA,NA
1464869,NA,NA,NA
1464870,NA,NA,NA
1464871,NA,NA,NA
1464872,NA,NA,NA
1464873,NA,NA,NA
1464874,NA,NA,NA
1464875,NA,NA,NA
1464876,NA,NA,NA
1464877,NA,NA,NA
1464882,NA,NA,NA
1464883,NA,NA,NA
1464884,NA,NA,NA
1464885,NA,NA,NA
1464886,NA,NA,NA
1464887,NA,NA,NA
1464888,NA,NA,NA
1464889,NA,NA,NA
1464892,NA,NA,NA
1464893,NA,NA,NA
1464894,NA,NA,NA
1464895,NA,NA,NA
1464896,NA,NA,NA
1464897,NA,NA,NA
1464898,NA,NA,NA
1479455,NA,NA,NA
1479456,NA,NA,NA
1479457,NA,NA,NA
1479458,NA,NA,NA
1479459,NA,NA,NA
1479460,NA,NA,NA
1479462,NA,NA,NA
1479463,NA,NA,NA
1479464,NA,NA,NA
1479465,NA,NA,NA
1479466,NA,NA,NA
1479467,NA,NA,NA
1479472,NA,NA,NA
1479473,NA,NA,NA
1479474,NA,NA,NA
1479475,NA,NA,NA
1479476,NA,NA,NA
1479477,NA,NA,NA
1479478,NA,NA,NA
1479479,NA,NA,NA
1479480,NA,NA,NA
1479481,NA,NA,NA
1479482,NA,NA,NA
1479483,NA,NA,NA
1479484,NA,NA,NA
1479485,NA,NA,NA
1479487,NA,NA,NA
1479492,NA,NA,NA
1479495,NA,NA,NA
1479496,NA,NA,NA
1479497,NA,NA,NA
1479498,NA,NA,NA
1480101,NA,NA,NA
1480109,NA,NA,NA
1480111,NA,NA,NA
1480112,NA,NA,NA
1480113,NA,NA,NA
1480114,NA,NA,NA
1480115,NA,NA,NA
1480116,NA,NA,NA
1480120,NA,NA,NA
1480121,NA,NA,NA
1480122,NA,NA,NA
1480123,NA,NA,NA
1480124,NA,NA,NA
1480125,NA,NA,NA
1480126,NA,NA,NA
1480132,NA,NA,NA
1480133,NA,NA,NA
1480137,NA,NA,NA
1480138,NA,NA,NA
1480140,NA,NA,NA
1480141,NA,NA,NA
1480641,NA,NA,NA
1480642,NA,NA,NA
1480643,NA,NA,NA
1480644,NA,NA,NA
1480657,NA,NA,NA
1480659,NA,NA,NA
1480660,NA,NA,NA
1480661,NA,NA,NA
1480663,NA,NA,NA
1480664,NA,NA,NA
1480665,NA,NA,NA
1480666,NA,NA,NA
1480667,NA,NA,NA
1480668,NA,NA,NA
1480670,NA,NA,NA
1480671,NA,NA,NA
1480672,NA,NA,NA
1480710,NA,NA,NA
1709451,NA,NA,NA
1709458,NA,NA,NA
1709459,NA,NA,NA
1709461,NA,NA,NA
1709462,NA,NA,NA
1709463,NA,NA,NA
1709464,NA,NA,NA
1709492,NA,NA,NA
1710021,NA,NA,NA
1710064,NA,NA,NA
1710065,NA,NA,NA
1710067,NA,NA,NA
1710068,NA,NA,NA
1710069,NA,NA,NA
1710070,NA,NA,NA
1710111,NA,NA,NA
1710120,NA,NA,NA
1710121,NA,NA,NA
1710130,NA,NA,NA
1710131,NA,NA,NA
1710132,NA,NA,NA
1710133,NA,NA,NA
1710134,NA,NA,NA
1710135,NA,NA,NA
1710141,NA,NA,NA
1710147,NA,NA,NA
1710151,NA,NA,NA
1710152,NA,NA,NA
1710798,NA,NA,NA
1710799,NA,NA,NA
1710800,NA,NA,NA
1710852,NA,NA,NA
1710857,NA,NA,NA
1710858,NA,NA,NA
1710861,NA,NA,NA
5054071,NA,NA,NA
5078501,NA,NA,NA
5078502,NA,NA,NA
5078503,NA,NA,NA
5078504,NA,NA,NA
5078505,NA,NA,NA
5078506,NA,NA,NA
5078507,NA,NA,NA
5078508,NA,NA,NA
5078509,NA,NA,NA
5078510,NA,NA,NA
5078511,NA,NA,NA
5078512,NA,NA,NA
5078513,NA,NA,NA
5078514,NA,NA,NA
5078515,NA,NA,NA
5078520,NA,NA,NA
5078522,NA,NA,NA
5078523,NA,NA,NA
5078524,NA,NA,NA
5078525,NA,NA,NA
5078526,NA,NA,NA
5078527,NA,NA,NA
5078528,NA,NA,NA
5078529,NA,NA,NA
5078530,NA,NA,NA
5078531,NA,NA,NA
5078532,NA,NA,NA
5078533,NA,NA,NA
5078534,NA,NA,NA
5078535,NA,NA,NA
5078536,NA,NA,NA
5078537,NA,NA,NA
5078538,NA,NA,NA
5078539,NA,NA,NA
5078540,NA,NA,NA
5078541,NA,NA,NA
5078542,NA,NA,NA
5078543,NA,NA,NA
5078544,NA,NA,NA
5078545,NA,NA,NA
5078546,NA,NA,NA
5079701,NA,NA,NA
5079702,NA,NA,NA
5079703,NA,NA,NA
5079704,NA,NA,NA
5079705,NA,NA,NA
5079706,NA,NA,NA
5079707,NA,NA,NA
5079708,NA,NA,NA
5079709,NA,NA,NA
5079710,NA,NA,NA
5079711,NA,NA,NA
5079712,NA,NA,NA
5079713,NA,NA,NA
5079714,NA,NA,NA
5079715,NA,NA,NA
5079716,NA,NA,NA
5079717,NA,NA,NA
5079718,NA,NA,NA
5079719,NA,NA,NA
5079720,NA,NA,NA
5079721,NA,NA,NA
5079722,NA,NA,NA
5079723,NA,NA,NA
5079724,NA,NA,NA
5079725,NA,NA,NA
5079726,NA,NA,NA
5079727,NA,NA,NA
5079728,NA,NA,NA
5079729,NA,NA,NA
5079730,NA,NA,NA
5079731,NA,NA,NA
5079732,NA,NA,NA
5079733,NA,NA,NA
5079734,NA,NA,NA
5079735,NA,NA,NA
5079736,NA,NA,NA
5079737,NA,NA,NA
5079738,NA,NA,NA
5079739,NA,NA,NA
5079740,NA,NA,NA
5079741,NA,NA,NA
5079742,NA,NA,NA
5079743,NA,NA,NA
5079744,NA,NA,NA
5079745,NA,NA,NA
5079746,NA,NA,NA
5079747,NA,NA,NA
5079748,NA,NA,NA
5079749,NA,NA,NA
5079750,NA,NA,NA
5079751,NA,NA,NA
5079752,NA,NA,NA
5079753,NA,NA,NA
5079754,NA,NA,NA
5079755,NA,NA,NA
5079767,NA,NA,NA
5079770,NA,NA,NA
5079775,NA,NA,NA
5079777,NA,NA,NA
5079780,NA,NA,NA
5079782,NA,NA,NA
5079783,NA,NA,NA
5079784,NA,NA,NA
5079785,NA,NA,NA
5079786,NA,NA,NA
5079787,NA,NA,NA
5079788,NA,NA,NA
5079789,NA,NA,NA
5079790,NA,NA,NA
5079791,NA,NA,NA
5079792,NA,NA,NA
5079793,NA,NA,NA
5079794,NA,NA,NA
5079795,NA,NA,NA
5079796,NA,NA,NA
5079797,NA,NA,NA
5079798,NA,NA,NA
5079799,NA,NA,NA
5079800,NA,NA,NA
5087501,NA,NA,NA
5087502,NA,NA,NA
5087503,NA,NA,NA
5087504,NA,NA,NA
5087505,NA,NA,NA
5087506,NA,NA,NA
5087507,NA,NA,NA
5087508,NA,NA,NA
5087509,NA,NA,NA
5087510,NA,NA,NA
5087511,NA,NA,NA
5087512,NA,NA,NA
5087513,NA,NA,NA
5087514,NA,NA,NA
5087515,NA,NA,NA
5087516,NA,NA,NA
5087517,NA,NA,NA
5087518,NA,NA,NA
5087519,NA,NA,NA
5087520,NA,NA,NA
5087521,NA,NA,NA
5087522,NA,NA,NA
5087523,NA,NA,NA
5087524,NA,NA,NA
5087525,NA,NA,NA
5087526,NA,NA,NA
5087527,NA,NA,NA
5087528,NA,NA,NA
5087667,NA,NA,NA
5087668,NA,NA,NA
5087669,NA,NA,NA
5087670,NA,NA,NA
5087671,NA,NA,NA
5087672,NA,NA,NA
5087673,NA,NA,NA
5087674,NA,NA,NA
5087675,NA,NA,NA
5087676,NA,NA,NA
5087677,NA,NA,NA
5087678,NA,NA,NA
5087679,NA,NA,NA
5087680,NA,NA,NA
5087681,NA,NA,NA
5087753,NA,NA,NA
5087754,NA,NA,NA
5087755,NA,NA,NA
5087756,NA,NA,NA
5087757,NA,NA,NA
5087768,NA,NA,NA
5089501,NA,NA,NA
5092001,NA,NA,NA
5092044,NA,NA,NA
5092045,NA,NA,NA
5092046,NA,NA,NA
5092047,NA,NA,NA
5092056,NA,NA,NA
5092057,NA,NA,NA
5092058,NA,NA,NA
5092059,NA,NA,NA
5092060,NA,NA,NA
5092061,NA,NA,NA
5092062,NA,NA,NA
5092064,NA,NA,NA
5092075,NA,NA,NA
5092097,NA,NA,NA
5092098,NA,NA,NA
5092099,NA,NA,NA
5092100,NA,NA,NA
5092166,NA,NA,NA
5092167,NA,NA,NA
5092168,NA,NA,NA
5092169,NA,NA,NA
5092170,NA,NA,NA
5092171,NA,NA,NA
6806952,NA,NA,NA
6807580,NA,NA,NA
6831707,NA,NA,NA
6831733,NA,NA,NA
6831738,NA,NA,NA
6841028,NA,NA,NA
6841048,NA,NA,NA
6841320,NA,NA,NA
6843501,NA,NA,NA
6843502,NA,NA,NA
6843503,NA,NA,NA
6843504,NA,NA,NA
6843505,NA,NA,NA
6843506,NA,NA,NA
6843507,NA,NA,NA
6843508,NA,NA,NA
6843509,NA,NA,NA
6843510,NA,NA,NA
6843511,NA,NA,NA
6843512,NA,NA,NA
6843513,NA,NA,NA
6843514,NA,NA,NA
6843515,NA,NA,NA
6843516,NA,NA,NA
6843517,NA,NA,NA
6843518,NA,NA,NA
6843519,NA,NA,NA
6843520,NA,NA,NA
6843521,NA,NA,NA
6843522,NA,NA,NA
6843523,NA,NA,NA
6843524,NA,NA,NA
6843526,NA,NA,NA
6843527,NA,NA,NA
6843528,NA,NA,NA
6843529,NA,NA,NA
6843530,NA,NA,NA
6843531,NA,NA,NA
6843532,NA,NA,NA
6843533,NA,NA,NA
6843534,NA,NA,NA
6843535,NA,NA,NA
6843536,NA,NA,NA
6843537,NA,NA,NA
6843538,NA,NA,NA
6843539,NA,NA,NA
6843540,NA,NA,NA
6843541,NA,NA,NA
6843542,NA,NA,NA
6843543,NA,NA,NA
6843544,NA,NA,NA
6843545,NA,NA,NA
6843546,NA,NA,NA
6843547,NA,NA,NA
6843548,NA,NA,NA
6843549,NA,NA,NA
6843550,NA,NA,NA
6843551,NA,NA,NA
6843552,NA,NA,NA
6843553,NA,NA,NA
6843554,NA,NA,NA
6843555,NA,NA,NA
6843556,NA,NA,NA
6843557,NA,NA,NA
6843558,NA,NA,NA
6843559,NA,NA,NA
6843560,NA,NA,NA
6843561,NA,NA,NA
6843562,NA,NA,NA
6843563,NA,NA,NA
6843564,NA,NA,NA
6843565,NA,NA,NA
6843566,NA,NA,NA
6843568,NA,NA,NA
6843569,NA,NA,NA
6843570,NA,NA,NA
6843571,NA,NA,NA
6843572,NA,NA,NA
6843573,NA,NA,NA
6843574,NA,NA,NA
6843575,NA,NA,NA
6843576,NA,NA,NA
6843577,NA,NA,NA
6843579,NA,NA,NA
6843580,NA,NA,NA
6843581,NA,NA,NA
6843582,NA,NA,NA
6843583,NA,NA,NA
6843584,NA,NA,NA
6843585,NA,NA,NA
6843586,NA,NA,NA
6843587,NA,NA,NA
6843589,NA,NA,NA
6843590,NA,NA,NA
6843591,NA,NA,NA
6843592,NA,NA,NA
6843593,NA,NA,NA
6843594,NA,NA,NA
6843595,NA,NA,NA
6843596,NA,NA,NA
6843597,NA,NA,NA
6843598,NA,NA,NA
6843599,NA,NA,NA
6843600,NA,NA,NA
6843601,NA,NA,NA
6843602,NA,NA,NA
6843603,NA,NA,NA
6843604,NA,NA,NA
6843605,NA,NA,NA
6843606,NA,NA,NA
6843607,NA,NA,NA
6843609,NA,NA,NA
6843610,NA,NA,NA
6843611,NA,NA,NA
6843612,NA,NA,NA
6843613,NA,NA,NA
6843614,NA,NA,NA
6843615,NA,NA,NA
6843616,NA,NA,NA
6843617,NA,NA,NA
6843618,NA,NA,NA
6843619,NA,NA,NA
6843620,NA,NA,NA
6843621,NA,NA,NA
6843622,NA,NA,NA
6843623,NA,NA,NA
6843624,NA,NA,NA
6843625,NA,NA,NA
6843626,NA,NA,NA
6843627,NA,NA,NA
6843628,NA,NA,NA
6843629,NA,NA,NA
6843630,NA,NA,NA
6843631,NA,NA,NA
6843632,NA,NA,NA
6843633,NA,NA,NA
6843634,NA,NA,NA
6843635,NA,NA,NA
6843636,NA,NA,NA
6843637,NA,NA,NA
6843638,NA,NA,NA
6843639,NA,NA,NA
6843640,NA,NA,NA
6843641,NA,NA,NA
6843642,NA,NA,NA
6843643,NA,NA,NA
6843644,NA,NA,NA
6843645,NA,NA,NA
6843646,NA,NA,NA
6843647,NA,NA,NA
6843648,NA,NA,NA
6843649,NA,NA,NA
6843650,NA,NA,NA
6843651,NA,NA,NA
6843652,NA,NA,NA
6843653,NA,NA,NA
6843654,NA,NA,NA
6843655,NA,NA,NA
6843656,NA,NA,NA
6843657,NA,NA,NA
6843659,NA,NA,NA
6843660,NA,NA,NA
6843661,NA,NA,NA
6843663,NA,NA,NA
6843664,NA,NA,NA
6843665,NA,NA,NA
6843666,NA,NA,NA
6843667,NA,NA,NA
6843668,NA,NA,NA
6843669,NA,NA,NA
6843670,NA,NA,NA
6843671,NA,NA,NA
6843672,NA,NA,NA
6843673,NA,NA,NA
6843675,NA,NA,NA
6843676,NA,NA,NA
6843677,NA,NA,NA
6843678,NA,NA,NA
6843679,NA,NA,NA
6843680,NA,NA,NA
6843681,NA,NA,NA
6843682,NA,NA,NA
6843683,NA,NA,NA
6843684,NA,NA,NA
6843685,NA,NA,NA
6843686,NA,NA,NA
6843687,NA,NA,NA
6843688,NA,NA,NA
6843689,NA,NA,NA
6843690,NA,NA,NA
6843691,NA,NA,NA
6843692,NA,NA,NA
6843693,NA,NA,NA
6843695,NA,NA,NA
6843696,NA,NA,NA
6843697,NA,NA,NA
6843698,NA,NA,NA
6843699,NA,NA,NA
6843700,NA,NA,NA
6843701,NA,NA,NA
6843702,NA,NA,NA
6843703,NA,NA,NA
6843704,NA,NA,NA
6843705,NA,NA,NA
6843706,NA,NA,NA
6843707,NA,NA,NA
6843708,NA,NA,NA
6843709,NA,NA,NA
6843710,NA,NA,NA
6843711,NA,NA,NA
6843712,NA,NA,NA
6843713,NA,NA,NA
6843714,NA,NA,NA
6843715,NA,NA,NA
6843716,NA,NA,NA
6843717,NA,NA,NA
6843718,NA,NA,NA
6843719,NA,NA,NA
6843720,NA,NA,NA
6843721,NA,NA,NA
6843722,NA,NA,NA
6843723,NA,NA,NA
6843724,NA,NA,NA
6843725,NA,NA,NA
6843726,NA,NA,NA
6843727,NA,NA,NA
6843728,NA,NA,NA
6843729,NA,NA,NA
6843730,NA,NA,NA
6843731,NA,NA,NA
6843732,NA,NA,NA
6843733,NA,NA,NA
6843734,NA,NA,NA
6843735,NA,NA,NA
6843736,NA,NA,NA
6843737,NA,NA,NA
6843739,NA,NA,NA
6843740,NA,NA,NA
6843741,NA,NA,NA
6843742,NA,NA,NA
6843743,NA,NA,NA
6843744,NA,NA,NA
6843745,NA,NA,NA
6843746,NA,NA,NA
6843747,NA,NA,NA
6843748,NA,NA,NA
6843749,NA,NA,NA
6843750,NA,NA,NA
6843751,NA,NA,NA
6843752,NA,NA,NA
6843753,NA,NA,NA
6843754,NA,NA,NA
6843756,NA,NA,NA
6843757,NA,NA,NA
6843758,NA,NA,NA
6843759,NA,NA,NA
6843760,NA,NA,NA
6843762,NA,NA,NA
6843763,NA,NA,NA
6843764,NA,NA,NA
6843766,NA,NA,NA
6843768,NA,NA,NA
6843769,NA,NA,NA
6843770,NA,NA,NA
6843772,NA,NA,NA
6843773,NA,NA,NA
6843774,NA,NA,NA
6843775,NA,NA,NA
6843776,NA,NA,NA
6843777,NA,NA,NA
6843780,NA,NA,NA
6843782,NA,NA,NA
6843785,NA,NA,NA
6843787,NA,NA,NA
6843788,NA,NA,NA
6843792,NA,NA,NA
6843793,NA,NA,NA
6843880,NA,NA,NA
6843915,NA,NA,NA
6843950,NA,NA,NA
6843953,NA,NA,NA
6867364,NA,NA,NA
9999101,NA,NA,NA
9999990,NA,NA,NA
9999991,NA,NA,NA
9999992,NA,NA,NA
9999993,NA,NA,NA
9999994,NA,NA,NA
9999995,NA,NA,NA
9999997,NA,NA,NA
1131192,NA,NA,1959
1131637,NA,NA,1979
1131702,NA,NA,1979
1131703,NA,NA,1979
1131711,NA,NA,1979
1131713,NA,NA,1979
1131722,NA,NA,1979
1131735,NA,NA,1979
1131740,NA,NA,1979
1131746,NA,NA,1979
1131750,NA,NA,1979
1131755,NA,NA,1979
1131763,NA,NA,1979
1131781,NA,NA,1979
1131784,NA,NA,1979
1131790,NA,NA,1979
1131792,NA,NA,1979
1131797,NA,NA,1979
1131806,NA,NA,1979
1131807,NA,NA,1979
1131810,NA,NA,1979
1131821,NA,NA,1979
1131852,NA,NA,1979
1131853,NA,NA,1979
1131854,NA,NA,1979
1131855,NA,NA,1979
1131856,NA,NA,1979
1131857,NA,NA,1979
1131862,NA,NA,1979
1131863,NA,NA,1979
1131872,NA,NA,1979
1131875,NA,NA,1979
1131881,NA,NA,1979
1131889,NA,NA,1979
1131891,NA,NA,1979
1131894,NA,NA,1979
1131901,NA,NA,1979
1131902,NA,NA,1979
1131907,NA,NA,1979
1131909,NA,NA,1979
1131914,NA,NA,1979
1131915,NA,NA,1979
1131916,NA,NA,1979
1131923,NA,NA,1979
1131929,NA,NA,1979
1131938,NA,NA,1979
1132163,NA,NA,1999
1138103,NA,NA,1980
1138116,NA,NA,1980
1138119,NA,NA,1980
1138138,NA,NA,1980
1138140,NA,NA,1980
1138996,NA,NA,1981
1139502,NA,NA,1982
1139504,NA,NA,1982
1139505,NA,NA,1982
1139508,NA,NA,1982
1139512,NA,NA,1982
1139531,NA,NA,1982
1139538,NA,NA,1982
1139539,NA,NA,1982
1139541,NA,NA,1982
1139543,NA,NA,1982
1139544,NA,NA,1982
1139546,NA,NA,1982
1139547,NA,NA,1982
1139549,NA,NA,1982
1139558,NA,NA,1982
1139564,NA,NA,1982
1139568,NA,NA,1982
1139571,NA,NA,1982
1139572,NA,NA,1982
1139579,NA,NA,1982
1139586,NA,NA,1982
1139587,NA,NA,1982
1139595,NA,NA,1982
1139605,NA,NA,1982
1139606,NA,NA,1982
1139611,NA,NA,1982
1139613,NA,NA,1982
1139616,NA,NA,1982
1139620,NA,NA,1982
1139626,NA,NA,1982
1139633,NA,NA,1982
1139635,NA,NA,1982
1139638,NA,NA,1982
1139642,NA,NA,1982
1139646,NA,NA,1982
1139651,NA,NA,1982
1139654,NA,NA,1982
1139656,NA,NA,1982
1139663,NA,NA,1982
1139665,NA,NA,1982
1139669,NA,NA,1982
1139670,NA,NA,1982
1139672,NA,NA,1982
1139676,NA,NA,1982
1139679,NA,NA,1982
1139680,NA,NA,1982
1139681,NA,NA,1982
1139682,NA,NA,1982
1139685,NA,NA,1982
1139692,NA,NA,1982
1139693,NA,NA,1982
1139697,NA,NA,1982
1139698,NA,NA,1982
1139699,NA,NA,1982
1139700,NA,NA,1982
1139754,NA,NA,1982
1139903,NA,NA,1982
1139919,NA,NA,1982
1139927,NA,NA,1982
1139930,NA,NA,1982
1139939,NA,NA,1982
1139942,NA,NA,1982
1139947,NA,NA,1982
1139966,NA,NA,1982
1139970,NA,NA,1982
1139973,NA,NA,1982
1139977,NA,NA,1982
1139979,NA,NA,1982
1139980,NA,NA,1982
1139982,NA,NA,1982
1139984,NA,NA,1982
1139985,NA,NA,1982
1139992,NA,NA,1982
1139995,NA,NA,1982
1139996,NA,NA,1982
1141105,NA,NA,1981
1141107,NA,NA,1981
1141109,NA,NA,1981
1141112,NA,NA,1981
1141113,NA,NA,1981
1141120,NA,NA,1981
1141127,NA,NA,1981
1141135,NA,NA,1981
1141139,NA,NA,1981
1141142,NA,NA,1981
1141144,NA,NA,1981
1141162,NA,NA,1981
1141172,NA,NA,1981
1141175,NA,NA,1981
1141179,NA,NA,1981
1141189,NA,NA,1981
1141192,NA,NA,1981
1141198,NA,NA,1981
1141546,NA,NA,1983
1141548,NA,NA,1983
1141549,NA,NA,1983
1145031,NA,NA,1983
1145035,NA,NA,1983
1145041,NA,NA,1983
1145042,NA,NA,1983
1145045,NA,NA,1983
1145050,NA,NA,1983
1145051,NA,NA,1983
1145052,NA,NA,1983
1145056,NA,NA,1983
1145058,NA,NA,1983
1145060,NA,NA,1983
1145069,NA,NA,1983
1145072,NA,NA,1983
1145075,NA,NA,1983
1145076,NA,NA,1983
1145079,NA,NA,1983
1145080,NA,NA,1983
1145083,NA,NA,1983
1145086,NA,NA,1983
1145092,NA,NA,1983
1145094,NA,NA,1983
1145099,NA,NA,1983
1145103,NA,NA,1983
1145112,NA,NA,1983
1145114,NA,NA,1983
1145116,NA,NA,1983
1145117,NA,NA,1983
1145119,NA,NA,1983
1145122,NA,NA,1983
1145128,NA,NA,1983
1145132,NA,NA,1983
1145133,NA,NA,1983
1145136,NA,NA,1983
1145144,NA,NA,1983
1145155,NA,NA,1983
1145164,NA,NA,1983
1145167,NA,NA,1983
1145172,NA,NA,1983
1145175,NA,NA,1983
1145178,NA,NA,1983
1145184,NA,NA,1983
1145187,NA,NA,1983
1145188,NA,NA,1983
1145191,NA,NA,1983
1145205,NA,NA,1983
1145216,NA,NA,1983
1145220,NA,NA,1983
1145222,NA,NA,1983
1145224,NA,NA,1983
1145228,NA,NA,1983
1145232,NA,NA,1983
1145239,NA,NA,1983
1145243,NA,NA,1983
1145244,NA,NA,1983
1145246,NA,NA,1983
1145250,NA,NA,1983
1145251,NA,NA,1983
1145254,NA,NA,1983
1145256,NA,NA,1983
1145259,NA,NA,1983
1145265,NA,NA,1983
1145268,NA,NA,1983
1145269,NA,NA,1983
1145271,NA,NA,1983
1145274,NA,NA,1983
1145277,NA,NA,1983
1145278,NA,NA,1983
1145280,NA,NA,1983
1145281,NA,NA,1983
1145282,NA,NA,1983
1145283,NA,NA,1983
1145285,NA,NA,1983
1145286,NA,NA,1983
1145298,NA,NA,1983
1145299,NA,NA,1983
1145303,NA,NA,1983
1145883,NA,NA,1984
1145896,NA,NA,1984
1145906,NA,NA,1984
1145911,NA,NA,1984
1145917,NA,NA,1984
1145918,NA,NA,1984
1145926,NA,NA,1984
1145928,NA,NA,1984
1145935,NA,NA,1984
1145936,NA,NA,1984
1145938,NA,NA,1984
1145943,NA,NA,1984
1145950,NA,NA,1984
1145973,NA,NA,1984
1145980,NA,NA,1984
1145987,NA,NA,1984
1145991,NA,NA,1984
1145997,NA,NA,1984
1146000,NA,NA,1984
1146051,NA,NA,1984
1146055,NA,NA,1984
1146056,NA,NA,1984
1146070,NA,NA,1984
1146079,NA,NA,1984
1146080,NA,NA,1984
1146085,NA,NA,1984
1146091,NA,NA,1984
1146097,NA,NA,1984
1146268,NA,NA,1984
1146891,NA,NA,1985
1146893,NA,NA,1985
1147076,NA,NA,1985
1147079,NA,NA,1985
1147086,NA,NA,1985
1147091,NA,NA,1985
1147095,NA,NA,1985
1147099,NA,NA,1985
1147101,NA,NA,1985
1147108,NA,NA,1985
1147110,NA,NA,1985
1147113,NA,NA,1985
1147140,NA,NA,1985
1147149,NA,NA,1985
1147164,NA,NA,1985
1147167,NA,NA,1985
1147174,NA,NA,1985
1147188,NA,NA,1985
1147191,NA,NA,1985
1147198,NA,NA,1985
1147205,NA,NA,1985
1147207,NA,NA,1985
1147214,NA,NA,1985
1147221,NA,NA,1985
1147222,NA,NA,1985
1147223,NA,NA,1985
1147225,NA,NA,1985
1147242,NA,NA,1985
1147251,NA,NA,1985
1147252,NA,NA,1985
1147265,NA,NA,1985
1147268,NA,NA,1985
1147276,NA,NA,1985
1147281,NA,NA,1985
1147282,NA,NA,1985
1147283,NA,NA,1985
1147291,NA,NA,1985
1147292,NA,NA,1985
1147294,NA,NA,1985
1147297,NA,NA,1985
1147301,NA,NA,1985
1147305,NA,NA,1985
1147308,NA,NA,1985
1147312,NA,NA,1985
1148072,NA,NA,1986
1148073,NA,NA,1986
1148075,NA,NA,1986
1148085,NA,NA,1986
1148091,NA,NA,1986
1148096,NA,NA,1986
1148104,NA,NA,1986
1148107,NA,NA,1986
1148109,NA,NA,1986
1148110,NA,NA,1986
1148121,NA,NA,1981
1148128,NA,NA,1986
1148136,NA,NA,1986
1148144,NA,NA,1986
1148149,NA,NA,1986
1148150,NA,NA,1986
1148403,NA,NA,1986
1148410,NA,NA,1986
1148413,NA,NA,1986
1148420,NA,NA,1986
1148425,NA,NA,1986
1148429,NA,NA,1986
1148431,NA,NA,1986
1148435,NA,NA,1986
1148438,NA,NA,1986
1148440,NA,NA,1986
1148442,NA,NA,1986
1148449,NA,NA,1986
1148458,NA,NA,1986
1148468,NA,NA,1981
1148473,NA,NA,1986
1148485,NA,NA,1986
1148486,NA,NA,1986
1148497,NA,NA,1986
1148501,NA,NA,1986
1148508,NA,NA,1986
1148511,NA,NA,1986
1148512,NA,NA,1986
1148540,NA,NA,1986
1148541,NA,NA,1986
1148549,NA,NA,1986
1148550,NA,NA,1986
1148552,NA,NA,1986
1148553,NA,NA,1986
1148555,NA,NA,1986
1148566,NA,NA,1986
1148567,NA,NA,1986
1148571,NA,NA,1986
1148572,NA,NA,1986
1148576,NA,NA,1986
1148579,NA,NA,1986
1148588,NA,NA,1986
1148594,NA,NA,1986
1148601,NA,NA,1981
1148604,NA,NA,1986
1148632,NA,NA,1986
1148633,NA,NA,1986
1181052,NA,NA,1987
1181073,NA,NA,1987
1181077,NA,NA,1987
1181098,NA,NA,1987
1181146,NA,NA,1987
1181168,NA,NA,1987
1181180,NA,NA,1987
1181181,NA,NA,1987
1181202,NA,NA,1987
1181218,NA,NA,1987
1181222,NA,NA,1987
1181230,NA,NA,1987
1181233,NA,NA,1987
1181260,NA,NA,1987
1181273,NA,NA,1987
1181277,NA,NA,1987
1181283,NA,NA,1987
1181603,NA,NA,1988
1181621,NA,NA,1988
1181629,NA,NA,1988
1181630,NA,NA,1988
1230495,NA,NA,1989
1230503,NA,NA,1989
1230512,NA,NA,1989
1230516,NA,NA,1989
1230518,NA,NA,1989
1230528,NA,NA,1989
1230543,NA,NA,1989
1230544,NA,NA,1989
1230546,NA,NA,1989
1230547,NA,NA,1989
1230554,NA,NA,1989
1230575,NA,NA,1989
1230577,NA,NA,1989
1230582,NA,NA,1989
1230585,NA,NA,1989
1230588,NA,NA,1989
1230607,NA,NA,1989
1230618,NA,NA,1989
1230638,NA,NA,1989
1230639,NA,NA,1989
1230640,NA,NA,1989
1230641,NA,NA,1989
1230642,NA,NA,1989
1230646,NA,NA,1989
1230656,NA,NA,1989
1230663,NA,NA,1989
1230666,NA,NA,1989
1230671,NA,NA,1989
1230682,NA,NA,1989
1230683,NA,NA,1989
1230717,NA,NA,1989
1230719,NA,NA,1989
1230721,NA,NA,1989
1230723,NA,NA,1989
1230726,NA,NA,1989
1230735,NA,NA,1989
1230736,NA,NA,1989
1230741,NA,NA,1989
1230744,NA,NA,1989
1230751,NA,NA,1989
1230756,NA,NA,1989
1230771,NA,NA,1989
1230772,NA,NA,1989
1230779,NA,NA,1989
1230782,NA,NA,1989
1230785,NA,NA,1989
1230790,NA,NA,1989
1230791,NA,NA,1989
1230794,NA,NA,1989
1230795,NA,NA,1989
1230799,NA,NA,1989
1230804,NA,NA,1989
1254417,NA,NA,1962
1254419,NA,NA,1964
1254421,NA,NA,1962
1254427,NA,NA,1963
1254428,NA,NA,1963
1254429,NA,NA,1963
1254465,NA,NA,1962
1254486,NA,NA,1962
1254501,NA,NA,1963
1255003,NA,NA,1990
1255009,NA,NA,1990
1255026,NA,NA,1990
1255027,NA,NA,1990
1255031,NA,NA,1990
1255033,NA,NA,1990
1255041,NA,NA,1990
1255051,NA,NA,1990
1255054,NA,NA,1990
1255069,NA,NA,1990
1255077,NA,NA,1990
1255083,NA,NA,1990
1255084,NA,NA,1990
1255089,NA,NA,1990
1255091,NA,NA,1990
1255101,NA,NA,1990
1255103,NA,NA,1990
1255124,NA,NA,1990
1255131,NA,NA,1990
1255141,NA,NA,1990
1255143,NA,NA,1990
1255150,NA,NA,1990
1255160,NA,NA,1990
1255165,NA,NA,1990
1255167,NA,NA,1990
1255177,NA,NA,1990
1255185,NA,NA,1990
1255205,NA,NA,1990
1255414,NA,NA,1990
1255415,NA,NA,1990
1255428,NA,NA,1990
1255438,NA,NA,1990
1255441,NA,NA,1990
1255446,NA,NA,1990
1255452,NA,NA,1990
1255497,NA,NA,1990
1255957,NA,NA,1991
1255958,NA,NA,1991
1255981,NA,NA,1991
1255985,NA,NA,1991
1271654,NA,NA,1985
1271827,NA,NA,1997
1271834,NA,NA,1997
1271836,NA,NA,1997
1301007,NA,NA,1991
1301009,NA,NA,1991
1301037,NA,NA,1991
1301042,NA,NA,1991
1301049,NA,NA,1991
1301055,NA,NA,1991
1301059,NA,NA,1991
1301072,NA,NA,1991
1301089,NA,NA,1991
1301090,NA,NA,1991
1301204,NA,NA,1992
1301209,NA,NA,1992
1301217,NA,NA,1992
1301223,NA,NA,1992
1301370,NA,NA,1992
1318360,NA,NA,1994
1318362,NA,NA,1994
1318380,NA,NA,1994
1318387,NA,NA,1994
1318400,NA,NA,1994
1318916,NA,NA,1961
1320077,NA,NA,1961
1320089,NA,NA,1978
1320090,NA,NA,1973
1320092,NA,NA,1964
1320430,NA,NA,1983
1320512,NA,NA,1993
1320513,NA,NA,1993
1320515,NA,NA,1993
1320517,NA,NA,1993
1320532,NA,NA,1993
1320539,NA,NA,1993
1320559,NA,NA,1993
1320560,NA,NA,1993
1320562,NA,NA,1993
1320563,NA,NA,1993
1320564,NA,NA,1993
1320570,NA,NA,1993
1320577,NA,NA,1993
1320591,NA,NA,1993
1320592,NA,NA,1993
1320604,NA,NA,1993
1320605,NA,NA,1993
1320617,NA,NA,1993
1320637,NA,NA,1993
1320638,NA,NA,1993
1320653,NA,NA,1993
1320655,NA,NA,1993
1320659,NA,NA,1993
1320665,NA,NA,1993
1320667,NA,NA,1993
1320683,NA,NA,1993
1320684,NA,NA,1993
1320685,NA,NA,1993
1320686,NA,NA,1993
1320690,NA,NA,1993
1320693,NA,NA,1993
1320696,NA,NA,1993
1320701,NA,NA,1993
1320707,NA,NA,1993
1320711,NA,NA,1993
1320715,NA,NA,1993
1320752,NA,NA,1989
1333231,NA,NA,1982
1333600,NA,NA,1982
1405768,NA,NA,1963
1405771,NA,NA,1962
1405786,NA,NA,1962
1411168,NA,NA,2007
1411687,NA,NA,2007
1411765,NA,NA,2007
1411794,NA,NA,2007
1411798,NA,NA,2007
1411807,NA,NA,2007
1411810,NA,NA,2007
1411858,NA,NA,2007
1411868,NA,NA,2007
1411964,NA,NA,2007
1411968,NA,NA,2007
1411999,NA,NA,2007
1412003,NA,NA,2007
1412017,NA,NA,2007
1412020,NA,NA,2007
1412030,NA,NA,2007
1412035,NA,NA,2007
1412038,NA,NA,2007
1412041,NA,NA,2007
1412042,NA,NA,2007
1412043,NA,NA,2007
1412055,NA,NA,2007
1412057,NA,NA,2007
1412062,NA,NA,2007
1412066,NA,NA,2007
1412069,NA,NA,2007
1412073,NA,NA,2007
1412075,NA,NA,2007
1412079,NA,NA,2007
1412081,NA,NA,2007
1412089,NA,NA,2007
1412090,NA,NA,2007
1412095,NA,NA,2007
1412096,NA,NA,2007
1412106,NA,NA,2007
1412114,NA,NA,2007
1412135,NA,NA,2007
1412139,NA,NA,2007
1412149,NA,NA,2007
1412162,NA,NA,2007
1412165,NA,NA,2007
1412170,NA,NA,2007
1412172,NA,NA,2007
1412179,NA,NA,2007
1412188,NA,NA,2007
1412189,NA,NA,2007
1412194,NA,NA,2007
1412195,NA,NA,2007
1412197,NA,NA,2007
1412198,NA,NA,2007
1425010,NA,NA,2007
1425012,NA,NA,2007
1425013,NA,NA,2007
1425018,NA,NA,2007
1425020,NA,NA,2007
1425022,NA,NA,2007
1425035,NA,NA,2007
1425040,NA,NA,2007
1425052,NA,NA,2007
1425059,NA,NA,2007
1425060,NA,NA,2007
1425061,NA,NA,2007
1425066,NA,NA,2007
1425068,NA,NA,2007
1425070,NA,NA,2007
1425072,NA,NA,2007
1425073,NA,NA,2007
1425078,NA,NA,2007
1425079,NA,NA,2007
1425080,NA,NA,2007
1425081,NA,NA,2007
1425082,NA,NA,2007
1425090,NA,NA,2007
1425092,NA,NA,2007
1425093,NA,NA,2007
1425097,NA,NA,2007
1425102,NA,NA,2007
1425108,NA,NA,2007
1425111,NA,NA,2007
1425118,NA,NA,2007
1425119,NA,NA,2007
1425120,NA,NA,2007
1425134,NA,NA,2007
1425138,NA,NA,2007
1425142,NA,NA,2007
1425143,NA,NA,2007
1425146,NA,NA,2007
1425147,NA,NA,2007
1434377,NA,NA,2008
1434392,NA,NA,2008
1435273,NA,NA,2008
1435296,NA,NA,2008
1435306,NA,NA,2008
1435338,NA,NA,2008
1435348,NA,NA,2008
1435437,NA,NA,2008
1435449,NA,NA,2008
1441209,NA,NA,2012
1441335,NA,NA,2012
1442241,NA,NA,2013
1442246,NA,NA,2013
1442249,NA,NA,2013
1442812,NA,NA,2015
1442847,NA,NA,2015
1442877,NA,NA,2015
1442893,NA,NA,2015
1442986,NA,NA,2015
1451244,NA,NA,2011
1451246,NA,NA,2011
1451336,NA,NA,2011
1451602,NA,NA,2010
1451612,NA,NA,2010
1451648,NA,NA,2010
1451671,NA,NA,2010
1451907,NA,NA,2011
1451932,NA,NA,2010
1457101,NA,NA,2014
1463635,NA,NA,2014
1463835,NA,NA,2007
1463839,NA,NA,1984
1463851,NA,NA,1987
1464438,NA,NA,2008
1479454,NA,NA,1984
1710797,NA,NA,2007
1710851,NA,NA,2004
2811617,NA,NA,1959
2811620,NA,NA,1959
2811668,NA,NA,1959
2811671,NA,NA,1959
2813908,NA,NA,1959
2864335,NA,NA,1961
2867113,NA,NA,1961
2869617,NA,NA,1963
2869629,NA,NA,1963
2869635,NA,NA,1963
2869638,NA,NA,1963
2869642,NA,NA,1963
2869647,NA,NA,1963
2869651,NA,NA,1963
2869669,NA,NA,1963
2869680,NA,NA,1963
2869694,NA,NA,1963
2869698,NA,NA,1963
2869708,NA,NA,1963
2869720,NA,NA,1963
2869722,NA,NA,1963
2869723,NA,NA,1963
2869726,NA,NA,1963
2869732,NA,NA,1963
2869736,NA,NA,1963
2869741,NA,NA,1963
2869742,NA,NA,1963
2869747,NA,NA,1963
2869752,NA,NA,1963
2869754,NA,NA,1963
2869755,NA,NA,1963
2869756,NA,NA,1963
2869762,NA,NA,1963
4051790,NA,NA,2011
5054025,NA,NA,1962
5054027,NA,NA,1959
5054029,NA,NA,1963
5054030,NA,NA,1963
5054031,NA,NA,1962
5054033,NA,NA,1962
5054034,NA,NA,1963
5054036,NA,NA,1961
5054037,NA,NA,1962
5054038,NA,NA,1962
5054039,NA,NA,1963
5054040,NA,NA,1962
5054041,NA,NA,1963
5054042,NA,NA,1962
5054046,NA,NA,1959
5054048,NA,NA,1963
5078965,NA,NA,1977
5087782,NA,NA,1978
5087855,NA,NA,1978
5087860,NA,NA,1978
5092002,NA,NA,1964
5092054,NA,NA,1962
5092055,NA,NA,1964
5092063,NA,NA,1964
6802570,NA,NA,1962
6802816,NA,NA,1962
6808070,NA,NA,1962
6808153,NA,NA,1962
6808753,NA,NA,1962
6808767,NA,NA,1962
6808770,NA,NA,1962
6808772,NA,NA,1962
6808773,NA,NA,1962
6808775,NA,NA,1962
6808781,NA,NA,1962
6808909,NA,NA,1962
6808953,NA,NA,1962
6808954,NA,NA,1962
6808965,NA,NA,1962
6808971,NA,NA,1962
6808973,NA,NA,1962
6808975,NA,NA,1962
6808984,NA,NA,1962
6808986,NA,NA,1962
6808989,NA,NA,1962
6808993,NA,NA,1962
6809000,NA,NA,1962
6809002,NA,NA,1962
6809052,NA,NA,1962
6809062,NA,NA,1962
6809100,NA,NA,1962
6831933,NA,NA,1964
6831936,NA,NA,1964
6831942,NA,NA,1964
6831951,NA,NA,1964
6831952,NA,NA,1964
6831959,NA,NA,1964
6831962,NA,NA,1964
6833052,NA,NA,1964
