id,dam,sire,Year
CF115,NA,NA,NA
CF3125,NA,NA,NA
52843246,NA,NA,NA
CF3131,NA,NA,NA
CF3133,NA,NA,NA
52843216,NA,NA,NA
CF3122,NA,NA,NA
CF3107,NA,NA,NA
CF3108,NA,NA,NA
CF3530,NA,NA,NA
CF3547,NA,NA,NA
CF3118,NA,NA,NA
52843220,NA,NA,NA
BS61,NA,NA,NA
BS10,NA,NA,NA
BS16,NA,NA,NA
BS1393,NA,NA,NA
BS25827,NA,NA,NA
BS21,NA,NA,NA
BS72,NA,NA,NA
CF3389,NA,NA,NA
BS188,NA,NA,NA
CF3385,NA,NA,NA
BS1754,NA,NA,NA
52843208,NA,NA,NA
CF3148,NA,NA,NA
BS23767,NA,NA,NA
BS27191,NA,NA,NA
CF3785,NA,NA,NA
CF3537,NA,NA,NA
BS163,NA,NA,NA
BS159,NA,NA,NA
CF3078,NA,NA,NA
CF131,NA,NA,NA
CF4480,NA,NA,NA
CF3161,NA,NA,NA
BS50,NA,NA,NA
CF3380,NA,NA,NA
CF3160,NA,NA,NA
CF3171,NA,NA,NA
CF4467,NA,NA,NA
CF4466,NA,NA,NA
CF3170,NA,NA,NA
CF3119,NA,NA,NA
BS1757,NA,NA,NA
BS4764,NA,NA,NA
CF4485,NA,NA,NA
CF3506,NA,NA,NA
CF3075,NA,NA,NA
CF3154,NA,NA,NA
CF3369,NA,NA,NA
BS1756,NA,NA,NA
CF4458,NA,NA,NA
BS1303,NA,NA,NA
CF130,NA,NA,NA
CF3378,NA,NA,NA
BS1526,NA,NA,NA
BS8,NA,NA,NA
CF3384,NA,NA,NA
CF4490,NA,NA,NA
BS356,NA,NA,NA
BS1311,NA,NA,NA
CF3126,NA,NA,NA
BS807,NA,NA,NA
CF3374,NA,NA,NA
CF4494,NA,NA,NA
BS411,NA,NA,NA
BS19095,NA,NA,NA
BS4752,NA,NA,NA
CF3370,NA,NA,NA
CF3390,NA,NA,NA
CF4495,NA,NA,NA
BS49,NA,NA,NA
BS1975,NA,NA,NA
CF3376,NA,NA,NA
CF3155,NA,NA,NA
BS199,NA,NA,NA
CF3373,NA,NA,NA
BS329,NA,NA,NA
BS6213,NA,NA,NA
BS21402,NA,NA,NA
BS4737,NA,NA,NA
BS1822,NA,NA,NA
CF3168,NA,NA,NA
CF4487,NA,NA,NA
BS1752,NA,NA,NA
BS1011,NA,NA,NA
BS358,NA,NA,NA
BS388,NA,NA,NA
BS5251,NA,NA,NA
BS1520,NA,NA,NA
BS5279,NA,NA,NA
BS28,NA,NA,NA
BS6082,NA,NA,NA
BS1952,NA,NA,NA
BS5280,NA,NA,NA
BS363,NA,NA,NA
BS172,NA,NA,NA
BS1852,NA,NA,NA
BS6061,NA,NA,NA
CF5761,NA,NA,NA
CF4527,NA,NA,NA
BS4731,NA,NA,NA
BS1685,NA,NA,NA
CF3830,NA,NA,NA
BS1024,NA,NA,NA
BS6469,NA,NA,NA
CF3834,NA,NA,NA
BS1850,NA,NA,NA
BS1043,NA,NA,NA
CF3757,NA,NA,NA
CF3841,NA,NA,NA
BS961,NA,NA,NA
BS6054,NA,NA,NA
BS1716,NA,NA,NA
BS5351,NA,NA,NA
BS1423,NA,NA,NA
CF3801,NA,NA,NA
BS4568,NA,NA,NA
BS6055,NA,NA,NA
BS1870,NA,NA,NA
CF4407,NA,NA,NA
CF4412,NA,NA,NA
CF4403,NA,NA,NA
BS25395,NA,NA,NA
CF4404,NA,NA,NA
BS1066,NA,NA,NA
BS495,NA,NA,NA
BS494,NA,NA,NA
BS1499,NA,NA,NA
BS5350,NA,NA,NA
BS4558,NA,NA,NA
BS6770,NA,NA,NA
BS1473,NA,NA,NA
BS6688,NA,NA,NA
BS7257,NA,NA,NA
BS1740,NA,NA,NA
BS933,NA,NA,NA
BS5870,NA,NA,NA
BS932,NA,NA,NA
CF3882,NA,NA,NA
BS920,NA,NA,NA
BS4792,NA,NA,NA
BS912,NA,NA,NA
BS1478,NA,NA,NA
BS6698,NA,NA,NA
BS457,NA,NA,NA
BS10460,NA,NA,NA
BS887,NA,NA,NA
BS893,NA,NA,NA
BS995,NA,NA,NA
BS6438,NA,NA,NA
BS5305,NA,NA,NA
BS6205,NA,NA,NA
BS4907,NA,NA,NA
BS5394,NA,NA,NA
BS26,NA,NA,NA
BS4982,NA,NA,NA
CF3104,NA,NA,NA
CF3365,NA,NA,NA
CF3514,NA,NA,NA
CF3174,NA,NA,NA
BS21168,NA,NA,NA
BS1314,NA,NA,NA
BS359,NA,NA,NA
BS6758,NA,NA,NA
BS21754,NA,NA,NA
BS4738,NA,NA,NA
CF3111,NA,NA,NA
BS21756,NA,NA,NA
BS1802,NA,NA,NA
BS6081,NA,NA,NA
BS4774,NA,NA,NA
BS5245,NA,NA,NA
CF4499,NA,NA,NA
BS5199,NA,NA,NA
BS349,NA,NA,NA
BS4733,NA,NA,NA
BS21622,NA,NA,NA
BS5831,NA,NA,NA
BS348,NA,NA,NA
BS6199,NA,NA,NA
BS1998,NA,NA,NA
CF4512,NA,NA,NA
BS4760,NA,NA,NA
CF4537,NA,NA,NA
CF3164,NA,NA,NA
BS6656,NA,NA,NA
BS1333,NA,NA,NA
CF4518,NA,NA,NA
BS5824,NA,NA,NA
BS1363,NA,NA,NA
BS5836,NA,NA,NA
BS6100,NA,NA,NA
BS25743,NA,NA,NA
BS969,NA,NA,NA
BS7272,NA,NA,NA
BS1409,NA,NA,NA
CF3831,NA,NA,NA
BS419,NA,NA,NA
BS421,NA,NA,NA
CF3842,NA,NA,NA
BS11325,NA,NA,NA
BS1948,NA,NA,NA
BS5376,NA,NA,NA
BS5327,NA,NA,NA
BS6098,NA,NA,NA
BS4573,NA,NA,NA
BS6422,NA,NA,NA
BS6095,NA,NA,NA
BS5337,NA,NA,NA
BS6464,NA,NA,NA
BS991,NA,NA,NA
BS1723,NA,NA,NA
BS1725,NA,NA,NA
BS4959,NA,NA,NA
BS1431,NA,NA,NA
BS974,NA,NA,NA
BS1718,NA,NA,NA
BS5329,NA,NA,NA
BS6465,NA,NA,NA
BS5328,NA,NA,NA
BS1722,NA,NA,NA
BS6692,NA,NA,NA
BS925,NA,NA,NA
BS6113,NA,NA,NA
BS6190,NA,NA,NA
BS6146,NA,NA,NA
BS899,NA,NA,NA
BS6104,NA,NA,NA
BS835,NA,NA,NA
BS1820,NA,NA,NA
BS7624,NA,NA,NA
BS4993,NA,NA,NA
BS21160,NA,NA,NA
BS6697,NA,NA,NA
BS7291,NA,NA,NA
BS25282,NA,NA,NA
BS1679,NA,NA,NA
BS1794,NA,NA,NA
BS25294,NA,NA,NA
BS7623,NA,NA,NA
BS4962,NA,NA,NA
BS6167,NA,NA,NA
BS25620,NA,NA,NA
CF3848,NA,NA,NA
BS6183,NA,NA,NA
CF4575,NA,NA,NA
BS1860,NA,NA,NA
CF3875,NA,NA,NA
BS479,NA,NA,NA
BS939,NA,NA,NA
BS6223,NA,NA,NA
BS5354,NA,NA,NA
BS4953,NA,NA,NA
BS25742,NA,NA,NA
BS11320,NA,NA,NA
BS1395,NA,NA,NA
BS6791,NA,NA,NA
BS1947,NA,NA,NA
BS6150,NA,NA,NA
BS6057,NA,NA,NA
BS6242,NA,NA,NA
BS25867,NA,NA,NA
BS6240,NA,NA,NA
BS23237,NA,NA,NA
BS1936,NA,NA,NA
BS6418,NA,NA,NA
BS4790,NA,NA,NA
BS4578,NA,NA,NA
BS4934,NA,NA,NA
BS6260,NA,NA,NA
BS6063,NA,NA,NA
BS6411,NA,NA,NA
BS25239,NA,NA,NA
BS21170,NA,NA,NA
BS6762,NA,NA,NA
BS22523,NA,NA,NA
BS4555,NA,NA,NA
BS1317,NA,NA,NA
BS1522,NA,NA,NA
BS21781,NA,NA,NA
BS1375,NA,NA,NA
BS4732,NA,NA,NA
BS4735,NA,NA,NA
BS1525,NA,NA,NA
BS1803,NA,NA,NA
BS355,NA,NA,NA
CF4530,NA,NA,NA
BS4950,NA,NA,NA
BS6258,NA,NA,NA
BS6421,NA,NA,NA
BS5312,NA,NA,NA
BS5373,NA,NA,NA
BS4565,NA,NA,NA
BS6783,NA,NA,NA
BS1879,NA,NA,NA
BS5385,NA,NA,NA
BS1694,NA,NA,NA
BS10545,NA,NA,NA
BS4770,NA,NA,NA
BS6244,NA,NA,NA
BS6686,NA,NA,NA
BS455,NA,NA,NA
BS6701,NA,NA,NA
BS903,NA,NA,NA
BS6191,NA,NA,NA
BS874,NA,NA,NA
BS6790,NA,NA,NA
BS849,NA,NA,NA
BS22529,NA,NA,NA
BS5194,NA,NA,NA
BS23224,NA,NA,NA
BS8692,NA,NA,NA
BS5236,NA,NA,NA
BS10502,NA,NA,NA
BS5012,NA,NA,NA
BS19047,NA,NA,NA
BS6661,NA,NA,NA
BS7295,NA,NA,NA
BS25309,NA,NA,NA
BS1784,NA,NA,NA
BS5808,NA,NA,NA
BS9802,NA,NA,NA
BS863,NA,NA,NA
BS1926,NA,NA,NA
BS5363,NA,NA,NA
BS5304,NA,NA,NA
BS6137,NA,NA,NA
BS21143,NA,NA,NA
BS1900,NA,NA,NA
BS8170,NA,NA,NA
CF3102,NA,NA,NA
BS33,NA,NA,NA
BS22519,NA,NA,NA
BS6121,NA,NA,NA
BS21755,NA,NA,NA
BS5234,NA,NA,NA
BS897,NA,NA,NA
BS5023,NA,NA,NA
BS9038,NA,NA,NA
BS10665,NA,NA,NA
BS5805,NA,NA,NA
BS5206,NA,NA,NA
BS10625,NA,NA,NA
BS1014,NA,NA,NA
BS25813,NA,NA,NA
BS11134,NA,NA,NA
BS4729,NA,NA,NA
CF3399,NA,NA,NA
BS5832,NA,NA,NA
BS4775,NA,NA,NA
BS7297,NA,NA,NA
BS9039,NA,NA,NA
BS5241,NA,NA,NA
BS20560,NA,NA,NA
BS1799,NA,NA,NA
BS6516,NA,NA,NA
BS1983,NA,NA,NA
BS19094,NA,NA,NA
BS25225,NA,NA,NA
BS22511,NA,NA,NA
CF3519,NA,NA,NA
CF4591,NA,NA,NA
BS25806,NA,NA,NA
BS5216,NA,NA,NA
BS5358,NA,NA,NA
BS6430,NA,NA,NA
BS6431,NA,NA,NA
BS979,NA,NA,NA
BS6056,NA,NA,NA
BS6416,NA,NA,NA
BS22861,NA,NA,NA
BS6177,NA,NA,NA
BS4925,NA,NA,NA
BS6766,NA,NA,NA
BS4438,NA,NA,NA
BS6444,NA,NA,NA
BS28280,NA,NA,NA
BS5365,NA,NA,NA
BS3798,NA,NA,NA
BS11330,NA,NA,NA
BS6682,NA,NA,NA
BS4908,NA,NA,NA
BS10910,NA,NA,NA
BS5834,NA,NA,NA
BS6663,NA,NA,NA
BS6459,NA,NA,NA
BS6227,NA,NA,NA
BS837,NA,NA,NA
BS6158,NA,NA,NA
BS1462,NA,NA,NA
BS1882,NA,NA,NA
BS9019,NA,NA,NA
CF3069,NA,NA,NA
BS28296,NA,NA,NA
BS1990,NA,NA,NA
BS5240,NA,NA,NA
BS22552,NA,NA,NA
BS6410,NA,NA,NA
BS6097,NA,NA,NA
BS23609,NA,NA,NA
BS6700,NA,NA,NA
BS6677,NA,NA,NA
BS867,NA,NA,NA
BS5319,NA,NA,NA
BS10914,NA,NA,NA
BS87,NA,NA,NA
BS25744,NA,NA,NA
BS6053,NA,NA,NA
BS5874,NA,NA,NA
BS8595,NA,NA,NA
BS372,NA,NA,NA
BS21136,NA,NA,NA
BS21548,NA,NA,NA
BS6458,NA,NA,NA
BS4800,NA,NA,NA
BS6452,NA,NA,NA
BS1513,NA,NA,NA
BS1336,NA,NA,NA
BS25229,NA,NA,NA
BS5857,NA,NA,NA
BS7192,NA,NA,NA
BS6229,NA,NA,NA
BS10909,NA,NA,NA
CF3055,NA,NA,NA
BS25297,NA,NA,NA
BS11048,NA,NA,NA
BS12409,NA,NA,NA
BS11129,NA,NA,NA
BS453,NA,NA,NA
BS11748,NA,NA,NA
BS6695,NA,NA,NA
BS179,NA,NA,NA
BS11321,NA,NA,NA
BS12992,NA,NA,NA
BS12889,NA,NA,NA
BS11023,NA,NA,NA
BS6404,NA,NA,NA
BS5195,NA,NA,NA
BS12953,NA,NA,NA
BS25801,NA,NA,NA
BS6445,NA,NA,NA
BS9630,NA,NA,NA
BS11329,NA,NA,NA
BS1798,NA,NA,NA
BS23202,NA,NA,NA
BS11334,NA,NA,NA
BS5282,NA,NA,NA
BS25810,NA,NA,NA
BS25283,NA,NA,NA
BS6781,NA,NA,NA
BS22539,NA,NA,NA
BS19405,NA,NA,NA
BS21149,NA,NA,NA
BS4916,NA,NA,NA
BS1318,NA,NA,NA
BS12763,NA,NA,NA
BS25822,NA,NA,NA
CF4446,NA,NA,NA
BS6123,NA,NA,NA
CF4438,NA,NA,NA
BS6204,NA,NA,NA
BS11752,NA,NA,NA
BS1795,NA,NA,NA
BS11047,NA,NA,NA
BS19045,NA,NA,NA
BS25874,NA,NA,NA
BS19630,NA,NA,NA
BS21627,NA,NA,NA
BS11029,NA,NA,NA
BS20057,NA,NA,NA
BS1979,NA,NA,NA
BS5209,NA,NA,NA
BS10541,NA,NA,NA
BS21632,NA,NA,NA
BS21152,NA,NA,NA
BS19764,NA,NA,NA
BS11054,NA,NA,NA
BS21454,NA,NA,NA
BS22964,NA,NA,NA
BS21171,NA,NA,NA
BS21452,NA,NA,NA
BS21132,NA,NA,NA
BS23209,NA,NA,NA
BS11823,NA,NA,NA
BS25288,NA,NA,NA
BS21798,NA,NA,NA
BS21626,NA,NA,NA
BS25879,NA,NA,NA
BS19557,NA,NA,NA
BS27592,NA,NA,NA
BS23664,NA,NA,NA
BS5776,NA,NA,NA
BS28412,NA,NA,NA
BS20040,NA,NA,NA
BS28270,NA,NA,NA
BS21163,NA,NA,NA
BS8023,NA,NA,NA
BS25393,NA,NA,NA
BS25400,NA,NA,NA
BS10385,NA,NA,NA
BS10382,NA,NA,NA
BS28283,NA,NA,NA
BS10855,NA,NA,NA
BS25298,NA,NA,NA
BS27618,NA,NA,NA
BS30130,NA,NA,NA
BS28611,NA,NA,NA
BS28605,NA,NA,NA
BS31298,NA,NA,NA
BS23561,NA,NA,NA
BS5823,NA,NA,NA
BS6247,NA,NA,NA
BS5866,NA,NA,NA
BS7296,NA,NA,NA
BS5867,NA,NA,NA
BS74,NA,NA,NA
BS6185,NA,NA,NA
BS6108,NA,NA,NA
BS6463,NA,NA,NA
BS5806,NA,NA,NA
BS6443,NA,NA,NA
BS6224,NA,NA,NA
BS6789,NA,NA,NA
BS6649,NA,NA,NA
BS6757,NA,NA,NA
BS5259,NA,NA,NA
BS6947,NA,NA,NA
BS1399,NA,NA,NA
BS25748,NA,NA,NA
BS6439,NA,NA,NA
BS6203,NA,NA,NA
BS7202,NA,NA,NA
BS1970,NA,NA,NA
BS6230,NA,NA,NA
BS10532,NA,NA,NA
BS1989,NA,NA,NA
BS5005,NA,NA,NA
BS1809,NA,NA,NA
BS7279,NA,NA,NA
BS10660,NA,NA,NA
BS5807,NA,NA,NA
BS1415,NA,NA,NA
BS9632,NA,NA,NA
BS9636,NA,NA,NA
BS6769,NA,NA,NA
BS6679,NA,NA,NA
BS10513,NA,NA,NA
BS6775,NA,NA,NA
BS1815,NA,NA,NA
BS10611,NA,NA,NA
BS11053,NA,NA,NA
BS9691,NA,NA,NA
BS6238,NA,NA,NA
BS11749,NA,NA,NA
BS28402,NA,NA,NA
BS27645,NA,NA,NA
BS10916,NA,NA,NA
BS9827,NA,NA,NA
BS10617,NA,NA,NA
BS11143,NA,NA,NA
BS5819,NA,NA,NA
CF3522,NA,NA,NA
CF3393,NA,NA,NA
BS375,NA,NA,NA
BS23625,NA,NA,NA
BS6094,NA,NA,NA
BS6433,NA,NA,NA
CF4418,NA,NA,NA
BS11151,NA,NA,NA
BS12886,NA,NA,NA
BS12676,NA,NA,NA
BS25846,NA,NA,NA
BS11150,NA,NA,NA
BS19098,NA,NA,NA
BS11337,NA,NA,NA
BS19044,NA,NA,NA
BS28042,NA,NA,NA
BS10583,NA,NA,NA
BS11999,NA,NA,NA
BS10620,NA,NA,NA
BS19065,NA,NA,NA
BS11051,NA,NA,NA
BS19768,NA,NA,NA
BS20065,NA,NA,NA
BS21410,NA,NA,NA
BS21345,NA,NA,NA
BS21154,NA,NA,NA
BS21138,NA,NA,NA
BS19042,NA,NA,NA
BS20055,NA,NA,NA
BS21161,NA,NA,NA
BS25414,NA,NA,NA
BS25196,NA,NA,NA
BS23640,NA,NA,NA
BS19977,NA,NA,NA
BS8831,NA,NA,NA
BS25833,NA,NA,NA
BS25840,NA,NA,NA
BS25829,NA,NA,NA
BS25835,NA,NA,NA
BS22550,NA,NA,NA
BS22533,NA,NA,NA
BS27924,NA,NA,NA
BS28048,NA,NA,NA
BS25853,NA,NA,NA
BS27601,NA,NA,NA
BS28403,NA,NA,NA
BS28645,NA,NA,NA
BS25830,NA,NA,NA
BS29956,NA,NA,NA
BS28656,NA,NA,NA
BS28267,NA,NA,NA
BS29961,NA,NA,NA
BS21633,NA,NA,NA
BS30431,NA,NA,NA
BS19073,NA,NA,NA
BS19097,NA,NA,NA
BS25226,NA,NA,NA
BS21611,NA,NA,NA
BS19071,NA,NA,NA
BS1999,NA,NA,NA
BS12956,NA,NA,NA
BS21529,NA,NA,NA
BS22862,NA,NA,NA
BS20555,NA,NA,NA
BS22872,NA,NA,NA
BS25746,NA,NA,NA
BS25227,NA,NA,NA
BS25755,NA,NA,NA
BS19905,NA,NA,NA
BS25349,NA,NA,NA
BS8033,NA,NA,NA
BS28286,NA,NA,NA
BS28062,NA,NA,NA
BS28272,NA,NA,NA
BS28593,NA,NA,NA
BS27765,NA,NA,NA
BS28264,NA,NA,NA
BS30359,NA,NA,NA
BS31243,NA,NA,NA
BS28282,NA,NA,NA
BS21778,NA,NA,NA
BS25876,NA,NA,NA
BS27588,NA,NA,NA
BS28273,NA,NA,NA
BS21725,NA,NA,NA
BS22772,NA,NA,NA
BS30129,NA,NA,NA
BS28261,NA,NA,NA
BS28274,NA,NA,NA
BS30348,NA,NA,NA
BS31234,NA,NA,NA
BS29165,NA,NA,NA
BS29963,NA,NA,NA
BS28293,NA,NA,NA
CF3105,NA,NA,NA
CF3128,NA,NA,NA
CF122,NA,NA,NA
CF3797,NA,NA,NA
CF3789,NA,NA,NA
CF3796,NA,NA,NA
CF3539,NA,NA,NA
CF3049,NA,NA,NA
BS1790,NA,NA,NA
CF3527,NA,NA,NA
CF4464,NA,NA,NA
CF3048,NA,NA,NA
CF3106,NA,NA,NA
BS92,NA,NA,NA
BS60,NA,NA,NA
BS15,NA,NA,NA
BS41,NA,NA,NA
BS17,NA,NA,NA
BS9,NA,NA,NA
BS34,NA,NA,NA
CF3535,NA,NA,NA
BS152,NA,NA,NA
BS1758,NA,NA,NA
CF157,NA,NA,NA
CF3551,NA,NA,NA
BS319,NA,NA,NA
BS323,NA,NA,NA
CF3795,NA,NA,NA
CF108,NA,NA,NA
BS315,NA,NA,NA
52843247,NA,NA,NA
CF3184,NA,NA,NA
52843203,NA,NA,NA
CF4468,NA,NA,NA
CF4476,NA,NA,NA
BS32,NA,NA,NA
CF4451,NA,NA,NA
BS29,NA,NA,NA
CF4486,NA,NA,NA
BS25,NA,NA,NA
CF3372,NA,NA,NA
BS7,NA,NA,NA
CF3504,NA,NA,NA
BS4,NA,NA,NA
BS1763,NA,NA,NA
CF3153,NA,NA,NA
BS5,NA,NA,NA
BS37,NA,NA,NA
CF4457,NA,NA,NA
BS1755,NA,NA,NA
BS1767,NA,NA,NA
BS1524,NA,NA,NA
CF3043,NA,NA,NA
BS396,NA,NA,NA
CF6212,NA,NA,NA
BS1782,NA,NA,NA
BS404,NA,NA,NA
BS189,NA,NA,NA
CF4462,NA,NA,NA
CF3507,NA,NA,NA
BS196,NA,NA,NA
BS409,NA,NA,NA
CF3513,NA,NA,NA
BS14,NA,NA,NA
BS168,NA,NA,NA
BS4772,NA,NA,NA
BS48,NA,NA,NA
BS1003,NA,NA,NA
CF4482,NA,NA,NA
BS193,NA,NA,NA
BS198,NA,NA,NA
BS1006,NA,NA,NA
BS192,NA,NA,NA
BS8187,NA,NA,NA
BS21159,NA,NA,NA
BS21642,NA,NA,NA
BS6646,NA,NA,NA
BS6196,NA,NA,NA
CF3173,NA,NA,NA
CF3028,NA,NA,NA
BS164,NA,NA,NA
BS21403,NA,NA,NA
BS5201,NA,NA,NA
BS6195,NA,NA,NA
BS21526,NA,NA,NA
BS6207,NA,NA,NA
CF4469,NA,NA,NA
BS1338,NA,NA,NA
BS1956,NA,NA,NA
BS35,NA,NA,NA
BS22503,NA,NA,NA
CF3294,NA,NA,NA
BS377,NA,NA,NA
BS7283,NA,NA,NA
BS5266,NA,NA,NA
BS5313,NA,NA,NA
BS4981,NA,NA,NA
BS1855,NA,NA,NA
BS1960,NA,NA,NA
BS5230,NA,NA,NA
CF3880,NA,NA,NA
BS6462,NA,NA,NA
BS423,NA,NA,NA
CF4563,NA,NA,NA
BS1021,NA,NA,NA
BS5310,NA,NA,NA
BS1410,NA,NA,NA
BS5331,NA,NA,NA
CF3766,NA,NA,NA
BS6186,NA,NA,NA
BS1891,NA,NA,NA
BS1463,NA,NA,NA
BS5340,NA,NA,NA
BS5379,NA,NA,NA
BS1086,NA,NA,NA
BS11333,NA,NA,NA
BS6253,NA,NA,NA
BS5316,NA,NA,NA
BS1056,NA,NA,NA
BS4947,NA,NA,NA
BS6423,NA,NA,NA
BS4564,NA,NA,NA
BS5371,NA,NA,NA
BS23603,NA,NA,NA
BS5343,NA,NA,NA
CF3863,NA,NA,NA
BS6188,NA,NA,NA
BS5333,NA,NA,NA
BS440,NA,NA,NA
BS1858,NA,NA,NA
BS7256,NA,NA,NA
BS5323,NA,NA,NA
BS27647,NA,NA,NA
BS478,NA,NA,NA
BS6451,NA,NA,NA
BS6417,NA,NA,NA
BS1496,NA,NA,NA
BS4575,NA,NA,NA
BS1934,NA,NA,NA
BS477,NA,NA,NA
BS6128,NA,NA,NA
BS6173,NA,NA,NA
BS6691,NA,NA,NA
BS5287,NA,NA,NA
BS1909,NA,NA,NA
CF3894,NA,NA,NA
BS5400,NA,NA,NA
BS4930,NA,NA,NA
CF3891,NA,NA,NA
CF3893,NA,NA,NA
CF3888,NA,NA,NA
BS1921,NA,NA,NA
BS6765,NA,NA,NA
BS4910,NA,NA,NA
BS4971,NA,NA,NA
BS307,NA,NA,NA
BS1313,NA,NA,NA
BS1991,NA,NA,NA
BS5202,NA,NA,NA
CF3045,NA,NA,NA
BS27801,NA,NA,NA
BS5211,NA,NA,NA
BS1971,NA,NA,NA
BS25248,NA,NA,NA
BS714,NA,NA,NA
BS1332,NA,NA,NA
CF137,NA,NA,NA
BS1327,NA,NA,NA
BS11994,NA,NA,NA
BS1381,NA,NA,NA
BS23241,NA,NA,NA
CF4497,NA,NA,NA
BS7281,NA,NA,NA
CF3136,NA,NA,NA
BS1380,NA,NA,NA
BS21156,NA,NA,NA
BS5207,NA,NA,NA
BS1383,NA,NA,NA
CF4507,NA,NA,NA
BS5001,NA,NA,NA
BS1817,NA,NA,NA
BS346,NA,NA,NA
BS5139,NA,NA,NA
BS4553,NA,NA,NA
BS25316,NA,NA,NA
BS1808,NA,NA,NA
BS2000,NA,NA,NA
BS1775,NA,NA,NA
BS5835,NA,NA,NA
BS1509,NA,NA,NA
BS21527,NA,NA,NA
BS6152,NA,NA,NA
BS8169,NA,NA,NA
BS1078,NA,NA,NA
BS6182,NA,NA,NA
BS1045,NA,NA,NA
BS1397,NA,NA,NA
BS4556,NA,NA,NA
BS1020,NA,NA,NA
BS1038,NA,NA,NA
CF6174,NA,NA,NA
BS6763,NA,NA,NA
BS25206,NA,NA,NA
BS1846,NA,NA,NA
BS21614,NA,NA,NA
BS7632,NA,NA,NA
BS6107,NA,NA,NA
BS21155,NA,NA,NA
BS4957,NA,NA,NA
BS9646,NA,NA,NA
BS11327,NA,NA,NA
BS19627,NA,NA,NA
BS1915,NA,NA,NA
BS6693,NA,NA,NA
BS1058,NA,NA,NA
BS9684,NA,NA,NA
BS23605,NA,NA,NA
BS9647,NA,NA,NA
BS1885,NA,NA,NA
CF4509,NA,NA,NA
BS1938,NA,NA,NA
BS5233,NA,NA,NA
BS6118,NA,NA,NA
BS4581,NA,NA,NA
BS9020,NA,NA,NA
BS1903,NA,NA,NA
BS6148,NA,NA,NA
BS1972,NA,NA,NA
BS6232,NA,NA,NA
BS5225,NA,NA,NA
BS7629,NA,NA,NA
BS5387,NA,NA,NA
BS20035,NA,NA,NA
BS1702,NA,NA,NA
BS9642,NA,NA,NA
BS21408,NA,NA,NA
BS1400,NA,NA,NA
BS1963,NA,NA,NA
BS1032,NA,NA,NA
BS4566,NA,NA,NA
BS1857,NA,NA,NA
CF3876,NA,NA,NA
BS6782,NA,NA,NA
BS4915,NA,NA,NA
BS1896,NA,NA,NA
BS21799,NA,NA,NA
BS4572,NA,NA,NA
BS9681,NA,NA,NA
BS10544,NA,NA,NA
BS20051,NA,NA,NA
CF4401,NA,NA,NA
BS6255,NA,NA,NA
BS1688,NA,NA,NA
BS10552,NA,NA,NA
BS21630,NA,NA,NA
BS21457,NA,NA,NA
BS4577,NA,NA,NA
BS21631,NA,NA,NA
BS25430,NA,NA,NA
BS19767,NA,NA,NA
BS4765,NA,NA,NA
CF4523,NA,NA,NA
BS6680,NA,NA,NA
BS441,NA,NA,NA
BS5010,NA,NA,NA
CF4493,NA,NA,NA
BS6172,NA,NA,NA
BS8513,NA,NA,NA
CF3339,NA,NA,NA
CF3178,NA,NA,NA
BS19062,NA,NA,NA
BS7298,NA,NA,NA
BS5288,NA,NA,NA
BS9641,NA,NA,NA
BS4948,NA,NA,NA
CF4561,NA,NA,NA
BS5332,NA,NA,NA
BS1042,NA,NA,NA
BS957,NA,NA,NA
BS21442,NA,NA,NA
BS1073,NA,NA,NA
BS6424,NA,NA,NA
BS20054,NA,NA,NA
BS10550,NA,NA,NA
BS6124,NA,NA,NA
BS6125,NA,NA,NA
BS4939,NA,NA,NA
BS11995,NA,NA,NA
BS10553,NA,NA,NA
BS22534,NA,NA,NA
BS8693,NA,NA,NA
BS1918,NA,NA,NA
BS4909,NA,NA,NA
BS11139,NA,NA,NA
BS4997,NA,NA,NA
BS22874,NA,NA,NA
BS5275,NA,NA,NA
BS6756,NA,NA,NA
BS25314,NA,NA,NA
BS21621,NA,NA,NA
BS1985,NA,NA,NA
BS25308,NA,NA,NA
CF3367,NA,NA,NA
BS6786,NA,NA,NA
BS9644,NA,NA,NA
BS6456,NA,NA,NA
BS6768,NA,NA,NA
BS21417,NA,NA,NA
BS6178,NA,NA,NA
BS21451,NA,NA,NA
BS5298,NA,NA,NA
BS5009,NA,NA,NA
BS808,NA,NA,NA
BS23608,NA,NA,NA
BS10547,NA,NA,NA
BS25817,NA,NA,NA
BS6687,NA,NA,NA
BS6132,NA,NA,NA
BS1964,NA,NA,NA
BS8242,NA,NA,NA
BS5024,NA,NA,NA
BS5025,NA,NA,NA
BS1961,NA,NA,NA
BS22502,NA,NA,NA
BS317,NA,NA,NA
BS79,NA,NA,NA
BS1389,NA,NA,NA
BS9033,NA,NA,NA
BS5032,NA,NA,NA
BS1812,NA,NA,NA
BS2100,NA,NA,NA
BS1988,NA,NA,NA
BS5242,NA,NA,NA
BS8514,NA,NA,NA
BS20034,NA,NA,NA
BS25469,NA,NA,NA
BS22870,NA,NA,NA
BS9027,NA,NA,NA
BS9034,NA,NA,NA
BS10917,NA,NA,NA
BS10628,NA,NA,NA
BS25839,NA,NA,NA
BS5810,NA,NA,NA
BS9629,NA,NA,NA
BS11323,NA,NA,NA
BS11059,NA,NA,NA
BS23204,NA,NA,NA
BS11339,NA,NA,NA
BS8247,NA,NA,NA
BS1320,NA,NA,NA
BS454,NA,NA,NA
BS7380,NA,NA,NA
BS5286,NA,NA,NA
BS25406,NA,NA,NA
BS20037,NA,NA,NA
BS446,NA,NA,NA
BS6455,NA,NA,NA
BS6162,NA,NA,NA
BS6065,NA,NA,NA
BS11340,NA,NA,NA
BS4798,NA,NA,NA
BS21406,NA,NA,NA
BS4968,NA,NA,NA
BS5020,NA,NA,NA
BS10056,NA,NA,NA
BS4796,NA,NA,NA
BS23245,NA,NA,NA
CF3883,NA,NA,NA
BS22866,NA,NA,NA
BS4966,NA,NA,NA
BS10919,NA,NA,NA
BS19046,NA,NA,NA
BS9022,NA,NA,NA
BS5235,NA,NA,NA
BS10623,NA,NA,NA
BS6420,NA,NA,NA
BS20552,NA,NA,NA
BS4969,NA,NA,NA
BS6457,NA,NA,NA
BS10911,NA,NA,NA
BS21530,NA,NA,NA
BS11336,NA,NA,NA
BS6147,NA,NA,NA
BS6403,NA,NA,NA
BS370,NA,NA,NA
BS23604,NA,NA,NA
BS10565,NA,NA,NA
BS25371,NA,NA,NA
BS5213,NA,NA,NA
BS25300,NA,NA,NA
BS21151,NA,NA,NA
BS25848,NA,NA,NA
BS6764,NA,NA,NA
BS5827,NA,NA,NA
BS12407,NA,NA,NA
BS1678,NA,NA,NA
BS11046,NA,NA,NA
BS12405,NA,NA,NA
BS23248,NA,NA,NA
BS12991,NA,NA,NA
BS10434,NA,NA,NA
BS12766,NA,NA,NA
BS195,NA,NA,NA
BS11341,NA,NA,NA
BS22512,NA,NA,NA
BS1059,NA,NA,NA
BS12969,NA,NA,NA
CF4521,NA,NA,NA
BS4784,NA,NA,NA
BS25415,NA,NA,NA
BS19404,NA,NA,NA
BS12406,NA,NA,NA
BS19763,NA,NA,NA
BS10622,NA,NA,NA
BS27805,NA,NA,NA
BS7184,NA,NA,NA
BS20069,NA,NA,NA
BS25384,NA,NA,NA
BS21625,NA,NA,NA
BS197,NA,NA,NA
BS21456,NA,NA,NA
BS21455,NA,NA,NA
BS21790,NA,NA,NA
BS4919,NA,NA,NA
BS20501,NA,NA,NA
BS21153,NA,NA,NA
BS21629,NA,NA,NA
BS12402,NA,NA,NA
BS19048,NA,NA,NA
BS20553,NA,NA,NA
BS19757,NA,NA,NA
BS22873,NA,NA,NA
BS23247,NA,NA,NA
BS27804,NA,NA,NA
BS25222,NA,NA,NA
BS21407,NA,NA,NA
BS25396,NA,NA,NA
BS21174,NA,NA,NA
BS27770,NA,NA,NA
BS25856,NA,NA,NA
BS20038,NA,NA,NA
BS12331,NA,NA,NA
BS25868,NA,NA,NA
BS19072,NA,NA,NA
BS27824,NA,NA,NA
BS25816,NA,NA,NA
BS22885,NA,NA,NA
BS25389,NA,NA,NA
BS23627,NA,NA,NA
BS28297,NA,NA,NA
BS22269,NA,NA,NA
BS30345,NA,NA,NA
BS25218,NA,NA,NA
BS28279,NA,NA,NA
BS28255,NA,NA,NA
BS30433,NA,NA,NA
BS28294,NA,NA,NA
Darvik MU0,NA,NA,NA
BS20776,NA,NA,NA
BS28630,NA,NA,NA
BS21131,NA,NA,NA
BS22553,NA,NA,NA
BS6476,NA,NA,NA
BS8240,NA,NA,NA
BS7255,NA,NA,NA
BS10657,NA,NA,NA
BS6202,NA,NA,NA
BS1980,NA,NA,NA
BS21453,NA,NA,NA
BS11022,NA,NA,NA
BS11041,NA,NA,NA
BS21140,NA,NA,NA
BS10664,NA,NA,NA
BS23624,NA,NA,NA
BS25234,NA,NA,NA
BS9037,NA,NA,NA
BS10504,NA,NA,NA
BS7288,NA,NA,NA
BS4895,NA,NA,NA
BS10915,NA,NA,NA
BS9032,NA,NA,NA
BS11326,NA,NA,NA
BS20503,NA,NA,NA
BS11030,NA,NA,NA
BS11331,NA,NA,NA
BS25413,NA,NA,NA
BS7727,NA,NA,NA
BS11038,NA,NA,NA
BS11018,NA,NA,NA
BS11343,NA,NA,NA
CF3386,NA,NA,NA
BS11145,NA,NA,NA
BS10918,NA,NA,NA
BS21528,NA,NA,NA
BS11126,NA,NA,NA
BS9810,NA,NA,NA
BS6264,NA,NA,NA
BS4980,NA,NA,NA
BS1981,NA,NA,NA
BS9804,NA,NA,NA
BS1819,NA,NA,NA
BS11754,NA,NA,NA
BS23618,NA,NA,NA
BS11033,NA,NA,NA
BS6796,NA,NA,NA
BS12952,NA,NA,NA
BS11144,NA,NA,NA
BS21545,NA,NA,NA
BS12000,NA,NA,NA
BS25826,NA,NA,NA
BS11989,NA,NA,NA
BS12959,NA,NA,NA
BS1091,NA,NA,NA
BS12404,NA,NA,NA
BS9829,NA,NA,NA
BS18802,NA,NA,NA
BS12765,NA,NA,NA
BS18803,NA,NA,NA
BS12988,NA,NA,NA
BS23671,NA,NA,NA
BS12670,NA,NA,NA
BS12401,NA,NA,NA
BS12968,NA,NA,NA
BS11753,NA,NA,NA
BS19049,NA,NA,NA
BS25286,NA,NA,NA
BS10912,NA,NA,NA
BS11020,NA,NA,NA
BS25211,NA,NA,NA
BS5632,NA,NA,NA
BS11328,NA,NA,NA
BS12960,NA,NA,NA
BS12971,NA,NA,NA
BS18801,NA,NA,NA
BS21135,NA,NA,NA
BS19751,NA,NA,NA
BS8995,NA,NA,NA
BS9809,NA,NA,NA
BS12966,NA,NA,NA
BS21757,NA,NA,NA
BS1153,NA,NA,NA
BS19629,NA,NA,NA
BS12832,NA,NA,NA
BS19067,NA,NA,NA
BS19754,NA,NA,NA
BS19761,NA,NA,NA
BS20052,NA,NA,NA
BS6467,NA,NA,NA
BS20061,NA,NA,NA
BS21793,NA,NA,NA
BS11743,NA,NA,NA
BS21348,NA,NA,NA
BS20032,NA,NA,NA
BS20067,NA,NA,NA
BS21760,NA,NA,NA
BS21147,NA,NA,NA
BS27807,NA,NA,NA
BS21628,NA,NA,NA
BS21405,NA,NA,NA
BS22507,NA,NA,NA
BS22516,NA,NA,NA
BS21797,NA,NA,NA
BS21419,NA,NA,NA
BS22526,NA,NA,NA
BS25811,NA,NA,NA
BS22887,NA,NA,NA
BS23612,NA,NA,NA
BS23672,NA,NA,NA
BS22860,NA,NA,NA
BS23650,NA,NA,NA
BS9777,NA,NA,NA
BS25319,NA,NA,NA
BS25465,NA,NA,NA
BS23645,NA,NA,NA
BS25877,NA,NA,NA
BS25875,NA,NA,NA
BS20059,NA,NA,NA
BS22528,NA,NA,NA
BS25844,NA,NA,NA
BS25845,NA,NA,NA
BS19255,NA,NA,NA
BS27814,NA,NA,NA
BS25350,NA,NA,NA
BS25865,NA,NA,NA
BS25831,NA,NA,NA
BS27600,NA,NA,NA
BS28055,NA,NA,NA
BS28585,NA,NA,NA
BS28632,NA,NA,NA
BS29969,NA,NA,NA
BS22895,NA,NA,NA
BS22875,NA,NA,NA
BS28409,NA,NA,NA
BS30437,NA,NA,NA
BS23685,NA,NA,NA
BS12978,NA,NA,NA
BS21411,NA,NA,NA
BS21459,NA,NA,NA
BS10696,NA,NA,NA
BS21544,NA,NA,NA
BS18976,NA,NA,NA
BS9263,NA,NA,NA
BS20557,NA,NA,NA
BS20033,NA,NA,NA
BS21157,NA,NA,NA
JO6963,NA,NA,NA
BS21758,NA,NA,NA
BS28620,NA,NA,NA
BS22515,NA,NA,NA
BS21770,NA,NA,NA
BS22859,NA,NA,NA
BS25407,NA,NA,NA
BS25221,NA,NA,NA
BS20068,NA,NA,NA
BS12502,NA,NA,NA
J11786,NA,NA,NA
BS23613,NA,NA,NA
J10724,NA,NA,NA
BS25398,NA,NA,NA
BS28411,NA,NA,NA
BS27826,NA,NA,NA
BS20440,NA,NA,NA
BS20561,NA,NA,NA
BS29968,NA,NA,NA
BS30151,NA,NA,NA
BS28278,NA,NA,NA
BS29992,NA,NA,NA
BS28641,NA,NA,NA
BS30121,NA,NA,NA
BS25684,NA,NA,NA
BS30309,NA,NA,NA
BS30354,NA,NA,NA
BS31295,NA,NA,NA
BS30448,NA,NA,NA
BS28266,NA,NA,NA
BS30440,NA,NA,NA
BS30360,NA,NA,NA
BS32898,NA,NA,NA
BS22988,NA,NA,NA
BS28633,NA,NA,NA
BS29955,NA,NA,NA
BS30115,NA,NA,NA
BS29966,NA,NA,NA
BS30117,NA,NA,NA
4001481,NA,NA,NA
BS30347,NA,NA,NA
BS29964,NA,NA,NA
BS31297,NA,NA,NA
BS23234,NA,NA,1966
CF3059,NA,NA,1966
CF3062,NA,NA,1966
CF3140,NA,NA,1966
CF3144,NA,NA,1966
CF3146,NA,NA,1966
CF3147,NA,NA,1966
CF3149,NA,NA,1966
CF3150,NA,NA,1966
CF3180,NA,NA,1966
CF3182,NA,NA,1966
CF3183,NA,NA,1966
CF3226,NA,NA,1966
CF3228,NA,NA,1966
CF3229,NA,NA,1966
CF3230,NA,NA,1966
CF3231,NA,NA,1966
CF3233,NA,NA,1966
CF3234,NA,NA,1966
CF3235,NA,NA,1966
CF3236,NA,NA,1966
CF3237,NA,NA,1966
CF3239,NA,NA,1966
CF3240,NA,NA,1966
CF3241,NA,NA,1966
CF3242,NA,NA,1966
CF3243,NA,NA,1966
CF3244,NA,NA,1966
CF3245,NA,NA,1966
CF3247,NA,NA,1966
CF3249,NA,NA,1966
CF3250,NA,NA,1966
CF3251,NA,NA,1966
CF3252,NA,NA,1966
CF3253,NA,NA,1966
CF3254,NA,NA,1966
CF3255,NA,NA,1966
CF3256,NA,NA,1966
CF3257,NA,NA,1966
CF3258,NA,NA,1966
CF3259,NA,NA,1966
CF3260,NA,NA,1966
CF3261,NA,NA,1966
CF3262,NA,NA,1966
CF3263,NA,NA,1966
CF3264,NA,NA,1966
CF3265,NA,NA,1966
CF3266,NA,NA,1966
CF3267,NA,NA,1966
CF3268,NA,NA,1966
CF3269,NA,NA,1966
CF3270,NA,NA,1966
CF3271,NA,NA,1966
CF3272,NA,NA,1966
CF3273,NA,NA,1966
CF3274,NA,NA,1966
CF3275,NA,NA,1966
CF3276,NA,NA,1966
CF3277,NA,NA,1966
CF3278,NA,NA,1966
CF3279,NA,NA,1966
CF3280,NA,NA,1966
CF3281,NA,NA,1966
CF3282,NA,NA,1966
CF3283,NA,NA,1966
CF3284,NA,NA,1966
CF3285,NA,NA,1966
CF3286,NA,NA,1966
CF3287,NA,NA,1966
CF3288,NA,NA,1966
CF3289,NA,NA,1966
CF3290,NA,NA,1966
CF3292,NA,NA,1966
CF3293,NA,NA,1966
CF3295,NA,NA,1966
CF3296,NA,NA,1966
CF3297,NA,NA,1966
CF3298,NA,NA,1966
CF3299,NA,NA,1966
CF3300,NA,NA,1966
CF3303,NA,NA,1966
CF3304,NA,NA,1966
CF3305,NA,NA,1966
CF3309,NA,NA,1966
CF3310,NA,NA,1966
CF3311,NA,NA,1966
CF3312,NA,NA,1966
CF3313,NA,NA,1966
CF3317,NA,NA,1966
CF3318,NA,NA,1966
CF3319,NA,NA,1966
CF3320,NA,NA,1966
CF3321,NA,NA,1966
CF3322,NA,NA,1966
CF3323,NA,NA,1966
CF3324,NA,NA,1966
CF3325,NA,NA,1966
CF3326,NA,NA,1966
CF3327,NA,NA,1966
CF3328,NA,NA,1966
CF3329,NA,NA,1966
CF3330,NA,NA,1966
CF3331,NA,NA,1966
CF3333,NA,NA,1966
CF3334,NA,NA,1966
CF3335,NA,NA,1966
CF3336,NA,NA,1966
CF3338,NA,NA,1966
CF3343,NA,NA,1966
CF3344,NA,NA,1966
CF3346,NA,NA,1966
CF3352,NA,NA,1966
CF3353,NA,NA,1966
CF3354,NA,NA,1966
CF3355,NA,NA,1966
CF3356,NA,NA,1966
CF3357,NA,NA,1966
CF3358,NA,NA,1966
CF3371,NA,NA,1966
CF3379,NA,NA,1966
BS106,NA,NA,1967
BS107,NA,NA,1967
BS108,NA,NA,1967
BS111,NA,NA,1967
BS112,NA,NA,1967
BS113,NA,NA,1967
BS114,NA,NA,1967
BS115,NA,NA,1967
BS116,NA,NA,1967
BS118,NA,NA,1967
BS119,NA,NA,1967
BS120,NA,NA,1967
BS121,NA,NA,1967
BS122,NA,NA,1967
BS123,NA,NA,1967
BS124,NA,NA,1967
BS126,NA,NA,1967
BS127,NA,NA,1967
BS128,NA,NA,1967
BS129,NA,NA,1967
BS130,NA,NA,1967
BS131,NA,NA,1967
BS133,NA,NA,1967
BS134,NA,NA,1967
BS135,NA,NA,1967
BS136,NA,NA,1967
BS137,NA,NA,1967
BS139,NA,NA,1967
BS140,NA,NA,1967
BS142,NA,NA,1967
BS143,NA,NA,1967
BS144,NA,NA,1967
BS145,NA,NA,1967
BS147,NA,NA,1967
BS148,NA,NA,1967
BS149,NA,NA,1967
BS150,NA,NA,1967
BS0957,NA,NA,1968
BS11322,NA,NA,1968
BS156,NA,NA,1968
BS25304,NA,NA,1968
BS28658,NA,NA,1968
BS29993,NA,NA,1968
BS357,NA,NA,1968
BS4401,NA,NA,1968
BS4402,NA,NA,1968
BS705,NA,NA,1968
BS706,NA,NA,1968
BS707,NA,NA,1968
BS708,NA,NA,1968
BS709,NA,NA,1968
BS710,NA,NA,1968
BS711,NA,NA,1968
BS712,NA,NA,1968
BS713,NA,NA,1968
BS716,NA,NA,1968
BS717,NA,NA,1968
BS718,NA,NA,1968
BS719,NA,NA,1968
BS720,NA,NA,1968
BS721,NA,NA,1968
BS722,NA,NA,1968
BS723,NA,NA,1968
BS724,NA,NA,1968
BS725,NA,NA,1968
BS726,NA,NA,1968
BS727,NA,NA,1968
BS728,NA,NA,1968
BS729,NA,NA,1968
BS730,NA,NA,1968
BS731,NA,NA,1968
BS732,NA,NA,1968
BS733,NA,NA,1968
BS736,NA,NA,1968
BS737,NA,NA,1968
BS739,NA,NA,1968
BS742,NA,NA,1968
BS743,NA,NA,1968
BS744,NA,NA,1968
BS746,NA,NA,1968
BS747,NA,NA,1968
BS753,NA,NA,1968
BS754,NA,NA,1968
BS755,NA,NA,1968
BS760,NA,NA,1968
BS763,NA,NA,1968
BS764,NA,NA,1968
BS765,NA,NA,1968
BS766,NA,NA,1968
BS767,NA,NA,1968
BS768,NA,NA,1968
BS769,NA,NA,1968
BS770,NA,NA,1968
BS771,NA,NA,1968
BS772,NA,NA,1968
BS773,NA,NA,1968
BS774,NA,NA,1968
BS775,NA,NA,1968
BS776,NA,NA,1968
BS777,NA,NA,1968
BS778,NA,NA,1968
BS779,NA,NA,1968
BS780,NA,NA,1968
BS781,NA,NA,1968
BS782,NA,NA,1968
BS783,NA,NA,1968
BS784,NA,NA,1968
BS785,NA,NA,1968
BS786,NA,NA,1968
BS787,NA,NA,1968
BS788,NA,NA,1968
BS789,NA,NA,1968
BS790,NA,NA,1968
BS791,NA,NA,1968
BS792,NA,NA,1968
BS793,NA,NA,1968
BS794,NA,NA,1968
BS795,NA,NA,1968
BS796,NA,NA,1968
BS797,NA,NA,1968
BS798,NA,NA,1968
BS799,NA,NA,1968
BS800,NA,NA,1968
BS801,NA,NA,1968
BS802,NA,NA,1968
BS803,NA,NA,1968
BS804,NA,NA,1968
BS805,NA,NA,1968
BS806,NA,NA,1968
BS840,NA,NA,1968
BS844,NA,NA,1968
BS845,NA,NA,1968
BS854,NA,NA,1968
BS855,NA,NA,1968
BS856,NA,NA,1968
BS857,NA,NA,1968
BS858,NA,NA,1968
BS862,NA,NA,1968
BS868,NA,NA,1968
BS872,NA,NA,1968
BS873,NA,NA,1968
BS900,NA,NA,1968
BS904,NA,NA,1968
BS906,NA,NA,1968
BS913,NA,NA,1968
BS917,NA,NA,1968
BS918,NA,NA,1968
BS922,NA,NA,1968
BS927,NA,NA,1968
BS928,NA,NA,1968
BS929,NA,NA,1968
BS935,NA,NA,1968
BS937,NA,NA,1968
BS941,NA,NA,1968
BS944,NA,NA,1968
BS952,NA,NA,1968
BS953,NA,NA,1968
BS954,NA,NA,1968
BS955,NA,NA,1968
BS956,NA,NA,1968
BS958,NA,NA,1968
BS959,NA,NA,1968
BS960,NA,NA,1968
BS985,NA,NA,1968
BS986,NA,NA,1968
BS987,NA,NA,1968
BS988,NA,NA,1968
BS989,NA,NA,1968
BS990,NA,NA,1968
CF3810,NA,NA,1968
CF3816,NA,NA,1968
CF3847,NA,NA,1968
CF4402,NA,NA,1968
CF4417,NA,NA,1968
CF4425,NA,NA,1968
BS1158,NA,NA,1969
BS1159,NA,NA,1969
BS1160,NA,NA,1969
BS1161,NA,NA,1969
BS1162,NA,NA,1969
BS1163,NA,NA,1969
BS1164,NA,NA,1969
BS1165,NA,NA,1969
BS1166,NA,NA,1969
BS1167,NA,NA,1969
BS1168,NA,NA,1969
BS1169,NA,NA,1969
BS1170,NA,NA,1969
BS1171,NA,NA,1969
BS1174,NA,NA,1969
BS1175,NA,NA,1969
BS1176,NA,NA,1969
BS1177,NA,NA,1969
BS1178,NA,NA,1969
BS1179,NA,NA,1969
BS1180,NA,NA,1969
BS1181,NA,NA,1969
BS1182,NA,NA,1969
BS1183,NA,NA,1969
BS1184,NA,NA,1969
BS1185,NA,NA,1969
BS1186,NA,NA,1969
BS1187,NA,NA,1969
BS1188,NA,NA,1969
BS1189,NA,NA,1969
BS1190,NA,NA,1969
BS1191,NA,NA,1969
BS1192,NA,NA,1969
BS1193,NA,NA,1969
BS1194,NA,NA,1969
BS1195,NA,NA,1969
BS1197,NA,NA,1969
BS1200,NA,NA,1969
BS1204,NA,NA,1969
BS1212,NA,NA,1969
BS1213,NA,NA,1969
BS1214,NA,NA,1969
BS1215,NA,NA,1969
BS1218,NA,NA,1969
BS1221,NA,NA,1969
BS1222,NA,NA,1969
BS1226,NA,NA,1969
BS1227,NA,NA,1969
BS1228,NA,NA,1969
BS1229,NA,NA,1969
BS1231,NA,NA,1969
BS1232,NA,NA,1969
BS1233,NA,NA,1969
BS1234,NA,NA,1969
BS1235,NA,NA,1969
BS1236,NA,NA,1969
BS1237,NA,NA,1969
BS1238,NA,NA,1969
BS1239,NA,NA,1969
BS1240,NA,NA,1969
BS1241,NA,NA,1969
BS1242,NA,NA,1969
BS1243,NA,NA,1969
BS1244,NA,NA,1969
BS1245,NA,NA,1969
BS1246,NA,NA,1969
BS1247,NA,NA,1969
BS1248,NA,NA,1969
BS1250,NA,NA,1969
BS1251,NA,NA,1969
BS1252,NA,NA,1969
BS1253,NA,NA,1969
BS1254,NA,NA,1969
BS22881,NA,NA,1969
BS23626,NA,NA,1969
BS25802,NA,NA,1969
CF3515,NA,NA,1969
CF3516,NA,NA,1969
CF3517,NA,NA,1969
CF3518,NA,NA,1969
CF3520,NA,NA,1969
CF3521,NA,NA,1969
CF3523,NA,NA,1969
CF3525,NA,NA,1969
BS12669,NA,NA,1970
BS12673,NA,NA,1970
BS1528,NA,NA,1970
BS1529,NA,NA,1970
BS1530,NA,NA,1970
BS1531,NA,NA,1970
BS1532,NA,NA,1970
BS1533,NA,NA,1970
BS1534,NA,NA,1970
BS1535,NA,NA,1970
BS1536,NA,NA,1970
BS1537,NA,NA,1970
BS1538,NA,NA,1970
BS1539,NA,NA,1970
BS1540,NA,NA,1970
BS1541,NA,NA,1970
BS1542,NA,NA,1970
BS1543,NA,NA,1970
BS1544,NA,NA,1970
BS1545,NA,NA,1970
BS1546,NA,NA,1970
BS1547,NA,NA,1970
BS1548,NA,NA,1970
BS1549,NA,NA,1970
BS1550,NA,NA,1970
BS1551,NA,NA,1970
BS1552,NA,NA,1970
BS1553,NA,NA,1970
BS1554,NA,NA,1970
BS1555,NA,NA,1970
BS1556,NA,NA,1970
BS1557,NA,NA,1970
BS1558,NA,NA,1970
BS1559,NA,NA,1970
BS1560,NA,NA,1970
BS1561,NA,NA,1970
BS1562,NA,NA,1970
BS1563,NA,NA,1970
BS1564,NA,NA,1970
BS1565,NA,NA,1970
BS1566,NA,NA,1970
BS1567,NA,NA,1970
BS1568,NA,NA,1970
BS1569,NA,NA,1970
BS1570,NA,NA,1970
BS1571,NA,NA,1970
BS1572,NA,NA,1970
BS1573,NA,NA,1970
BS1574,NA,NA,1970
BS1575,NA,NA,1970
BS1576,NA,NA,1970
BS1577,NA,NA,1970
BS1578,NA,NA,1970
BS1579,NA,NA,1970
BS1580,NA,NA,1970
BS1581,NA,NA,1970
BS1582,NA,NA,1970
BS1583,NA,NA,1970
BS1584,NA,NA,1970
BS1585,NA,NA,1970
BS1586,NA,NA,1970
BS1587,NA,NA,1970
BS1588,NA,NA,1970
BS1589,NA,NA,1970
BS1590,NA,NA,1970
BS1592,NA,NA,1970
BS1593,NA,NA,1970
BS1594,NA,NA,1970
BS1595,NA,NA,1970
BS1596,NA,NA,1970
BS1597,NA,NA,1970
BS1598,NA,NA,1970
BS1599,NA,NA,1970
BS1600,NA,NA,1970
BS1601,NA,NA,1970
BS1602,NA,NA,1970
BS1603,NA,NA,1970
BS1604,NA,NA,1970
BS1606,NA,NA,1970
BS1607,NA,NA,1970
BS1608,NA,NA,1970
BS1609,NA,NA,1970
BS1610,NA,NA,1970
BS1611,NA,NA,1970
BS1612,NA,NA,1970
BS1613,NA,NA,1970
BS1614,NA,NA,1970
BS1616,NA,NA,1970
BS1617,NA,NA,1970
BS1618,NA,NA,1970
BS1621,NA,NA,1970
BS1622,NA,NA,1970
BS1623,NA,NA,1970
BS1624,NA,NA,1970
BS1625,NA,NA,1970
BS1626,NA,NA,1970
BS1627,NA,NA,1970
BS1630,NA,NA,1970
BS1632,NA,NA,1970
BS1634,NA,NA,1970
BS1636,NA,NA,1970
BS1638,NA,NA,1970
BS1639,NA,NA,1970
BS1640,NA,NA,1970
BS1641,NA,NA,1970
BS1642,NA,NA,1970
BS1643,NA,NA,1970
BS1644,NA,NA,1970
BS1645,NA,NA,1970
BS1646,NA,NA,1970
BS1647,NA,NA,1970
BS1648,NA,NA,1970
BS1649,NA,NA,1970
BS1650,NA,NA,1970
BS1651,NA,NA,1970
BS1653,NA,NA,1970
BS1654,NA,NA,1970
BS1655,NA,NA,1970
BS1656,NA,NA,1970
BS1657,NA,NA,1970
BS1658,NA,NA,1970
BS1660,NA,NA,1970
BS1661,NA,NA,1970
BS1662,NA,NA,1970
BS1663,NA,NA,1970
BS1664,NA,NA,1970
BS1665,NA,NA,1970
BS1667,NA,NA,1970
BS1668,NA,NA,1970
BS1669,NA,NA,1970
BS1670,NA,NA,1970
BS1671,NA,NA,1970
BS1672,NA,NA,1970
BS1673,NA,NA,1970
BS1674,NA,NA,1970
BS1675,NA,NA,1970
BS1676,NA,NA,1970
BS1677,NA,NA,1970
BS1681,NA,NA,1970
BS1682,NA,NA,1970
BS1683,NA,NA,1970
BS1684,NA,NA,1970
BS1697,NA,NA,1970
BS1698,NA,NA,1970
BS20056,NA,NA,1970
BS20551,NA,NA,1970
BS21416,NA,NA,1970
BS21612,NA,NA,1970
BS21615,NA,NA,1970
BS21617,NA,NA,1970
BS23208,NA,NA,1970
BS25213,NA,NA,1970
BS25409,NA,NA,1971
BS4591,NA,NA,1971
BS4592,NA,NA,1971
BS4595,NA,NA,1971
BS4599,NA,NA,1971
BS4602,NA,NA,1971
BS4603,NA,NA,1971
BS4607,NA,NA,1971
BS4608,NA,NA,1971
BS4609,NA,NA,1971
BS4610,NA,NA,1971
BS4612,NA,NA,1971
BS4616,NA,NA,1971
BS4621,NA,NA,1971
BS4622,NA,NA,1971
BS4623,NA,NA,1971
BS4624,NA,NA,1971
BS4625,NA,NA,1971
BS4626,NA,NA,1971
BS4627,NA,NA,1971
BS4628,NA,NA,1971
BS4629,NA,NA,1971
BS4630,NA,NA,1971
BS4631,NA,NA,1971
BS4632,NA,NA,1971
BS4633,NA,NA,1971
BS4634,NA,NA,1971
BS4635,NA,NA,1971
BS4636,NA,NA,1971
BS4637,NA,NA,1971
BS4638,NA,NA,1971
BS4639,NA,NA,1971
BS4640,NA,NA,1971
BS4641,NA,NA,1971
BS4642,NA,NA,1971
BS4643,NA,NA,1971
BS4644,NA,NA,1971
BS4645,NA,NA,1971
BS4646,NA,NA,1971
BS4647,NA,NA,1971
BS4648,NA,NA,1971
BS4650,NA,NA,1971
BS4651,NA,NA,1971
BS4652,NA,NA,1971
BS4653,NA,NA,1971
BS4654,NA,NA,1971
BS4655,NA,NA,1971
BS4656,NA,NA,1971
BS4657,NA,NA,1971
BS4658,NA,NA,1971
BS4659,NA,NA,1971
BS4660,NA,NA,1971
BS4661,NA,NA,1971
BS4662,NA,NA,1971
BS4663,NA,NA,1971
BS4664,NA,NA,1971
BS4665,NA,NA,1971
BS4666,NA,NA,1971
BS4667,NA,NA,1971
BS4668,NA,NA,1971
BS4669,NA,NA,1971
BS4670,NA,NA,1971
BS4671,NA,NA,1971
BS4672,NA,NA,1971
BS4673,NA,NA,1971
BS4674,NA,NA,1971
BS4675,NA,NA,1971
BS4676,NA,NA,1971
BS4677,NA,NA,1971
BS4678,NA,NA,1971
BS4679,NA,NA,1971
BS4680,NA,NA,1971
BS4681,NA,NA,1971
BS4682,NA,NA,1971
BS4683,NA,NA,1971
BS4684,NA,NA,1971
BS4685,NA,NA,1971
BS4686,NA,NA,1971
BS4687,NA,NA,1971
BS4688,NA,NA,1971
BS4689,NA,NA,1971
BS4690,NA,NA,1971
BS4691,NA,NA,1971
BS4692,NA,NA,1971
BS4693,NA,NA,1971
BS4694,NA,NA,1971
BS4695,NA,NA,1971
BS4696,NA,NA,1971
BS4697,NA,NA,1971
BS4698,NA,NA,1971
BS4699,NA,NA,1971
BS4700,NA,NA,1971
BS4701,NA,NA,1971
BS4702,NA,NA,1971
BS4703,NA,NA,1971
BS4704,NA,NA,1971
BS4705,NA,NA,1971
BS4706,NA,NA,1971
BS4707,NA,NA,1971
BS4708,NA,NA,1971
BS4709,NA,NA,1971
BS4710,NA,NA,1971
BS4711,NA,NA,1971
BS4712,NA,NA,1971
BS4713,NA,NA,1971
BS4714,NA,NA,1971
BS4715,NA,NA,1971
BS4716,NA,NA,1971
BS4717,NA,NA,1971
BS4718,NA,NA,1971
BS4719,NA,NA,1971
BS4720,NA,NA,1971
BS4721,NA,NA,1971
BS4722,NA,NA,1971
BS4723,NA,NA,1971
BS4724,NA,NA,1971
BS4725,NA,NA,1971
BS4741,NA,NA,1971
BS4742,NA,NA,1971
BS4743,NA,NA,1971
BS4744,NA,NA,1971
BS4745,NA,NA,1971
BS4746,NA,NA,1971
BS4747,NA,NA,1971
BS4748,NA,NA,1971
BS4750,NA,NA,1971
BS21644,NA,NA,1972
BS22961,NA,NA,1972
BS23229,NA,NA,1972
BS25291,NA,NA,1972
BS25869,NA,NA,1972
BS25872,NA,NA,1972
BS5034,NA,NA,1972
BS5035,NA,NA,1972
BS5037,NA,NA,1972
BS5038,NA,NA,1972
BS5039,NA,NA,1972
BS5040,NA,NA,1972
BS5041,NA,NA,1972
BS5042,NA,NA,1972
BS5043,NA,NA,1972
BS5044,NA,NA,1972
BS5045,NA,NA,1972
BS5046,NA,NA,1972
BS5047,NA,NA,1972
BS5051,NA,NA,1972
BS5052,NA,NA,1972
BS5055,NA,NA,1972
BS5058,NA,NA,1972
BS5061,NA,NA,1972
BS5063,NA,NA,1972
BS5066,NA,NA,1972
BS5067,NA,NA,1972
BS5069,NA,NA,1972
BS5070,NA,NA,1972
BS5072,NA,NA,1972
BS5083,NA,NA,1972
BS5085,NA,NA,1972
BS5089,NA,NA,1972
BS5090,NA,NA,1972
BS5091,NA,NA,1972
BS5092,NA,NA,1972
BS5093,NA,NA,1972
BS5094,NA,NA,1972
BS5095,NA,NA,1972
BS5096,NA,NA,1972
BS5097,NA,NA,1972
BS5098,NA,NA,1972
BS5099,NA,NA,1972
BS5100,NA,NA,1972
BS5101,NA,NA,1972
BS5102,NA,NA,1972
BS5103,NA,NA,1972
BS5104,NA,NA,1972
BS5105,NA,NA,1972
BS5106,NA,NA,1972
BS5107,NA,NA,1972
BS5108,NA,NA,1972
BS5109,NA,NA,1972
BS5110,NA,NA,1972
BS5111,NA,NA,1972
BS5113,NA,NA,1972
BS5114,NA,NA,1972
BS5115,NA,NA,1972
BS5116,NA,NA,1972
BS5117,NA,NA,1972
BS5118,NA,NA,1972
BS5119,NA,NA,1972
BS5120,NA,NA,1972
BS5121,NA,NA,1972
BS5123,NA,NA,1972
BS5124,NA,NA,1972
BS5125,NA,NA,1972
BS5127,NA,NA,1972
BS5128,NA,NA,1972
BS5129,NA,NA,1972
BS5130,NA,NA,1972
BS5131,NA,NA,1972
BS5132,NA,NA,1972
BS5133,NA,NA,1972
BS5134,NA,NA,1972
BS5135,NA,NA,1972
BS5136,NA,NA,1972
BS5137,NA,NA,1972
BS5138,NA,NA,1972
BS5141,NA,NA,1972
BS5142,NA,NA,1972
BS5143,NA,NA,1972
BS5144,NA,NA,1972
BS5145,NA,NA,1972
BS5146,NA,NA,1972
BS5148,NA,NA,1972
BS5149,NA,NA,1972
BS5150,NA,NA,1972
BS5151,NA,NA,1972
BS5152,NA,NA,1972
BS5153,NA,NA,1972
BS5154,NA,NA,1972
BS5155,NA,NA,1972
BS5156,NA,NA,1972
BS5157,NA,NA,1972
BS5158,NA,NA,1972
BS5159,NA,NA,1972
BS5160,NA,NA,1972
BS5161,NA,NA,1972
BS5162,NA,NA,1972
BS5163,NA,NA,1972
BS5164,NA,NA,1972
BS5165,NA,NA,1972
BS5166,NA,NA,1972
BS5167,NA,NA,1972
BS5168,NA,NA,1972
BS5169,NA,NA,1972
BS5170,NA,NA,1972
BS5171,NA,NA,1972
BS5172,NA,NA,1972
BS5174,NA,NA,1972
BS5175,NA,NA,1972
BS5176,NA,NA,1972
BS5177,NA,NA,1972
BS5178,NA,NA,1972
BS5179,NA,NA,1972
BS5180,NA,NA,1972
BS5181,NA,NA,1972
BS5182,NA,NA,1972
BS5183,NA,NA,1972
BS5184,NA,NA,1972
BS5185,NA,NA,1972
BS5186,NA,NA,1972
BS5187,NA,NA,1972
BS5188,NA,NA,1972
BS5189,NA,NA,1972
BS5190,NA,NA,1972
BS5191,NA,NA,1972
BS5192,NA,NA,1972
BS22505,NA,NA,1973
BS23637,NA,NA,1973
BS25198,NA,NA,1973
BS25326,NA,NA,1973
BS28610,NA,NA,1973
BS5875,NA,NA,1973
BS5876,NA,NA,1973
BS5877,NA,NA,1973
BS5878,NA,NA,1973
BS5879,NA,NA,1973
BS5880,NA,NA,1973
BS5881,NA,NA,1973
BS5882,NA,NA,1973
BS5883,NA,NA,1973
BS5884,NA,NA,1973
BS5885,NA,NA,1973
BS5886,NA,NA,1973
BS5887,NA,NA,1973
BS5888,NA,NA,1973
BS5889,NA,NA,1973
BS5890,NA,NA,1973
BS5891,NA,NA,1973
BS5892,NA,NA,1973
BS5893,NA,NA,1973
BS5894,NA,NA,1973
BS5895,NA,NA,1973
BS5896,NA,NA,1973
BS5897,NA,NA,1973
BS5898,NA,NA,1973
BS5899,NA,NA,1973
BS5900,NA,NA,1973
BS5901,NA,NA,1973
BS5902,NA,NA,1973
BS5903,NA,NA,1973
BS5904,NA,NA,1973
BS5905,NA,NA,1973
BS5906,NA,NA,1973
BS5907,NA,NA,1973
BS5908,NA,NA,1973
BS5909,NA,NA,1973
BS5910,NA,NA,1973
BS5911,NA,NA,1973
BS5912,NA,NA,1973
BS5913,NA,NA,1973
BS5914,NA,NA,1973
BS5915,NA,NA,1973
BS5916,NA,NA,1973
BS5917,NA,NA,1973
BS5918,NA,NA,1973
BS5919,NA,NA,1973
BS5920,NA,NA,1973
BS5921,NA,NA,1973
BS5923,NA,NA,1973
BS5924,NA,NA,1973
BS5925,NA,NA,1973
BS5926,NA,NA,1973
BS5927,NA,NA,1973
BS5928,NA,NA,1973
BS5929,NA,NA,1973
BS5930,NA,NA,1973
BS5932,NA,NA,1973
BS5933,NA,NA,1973
BS5934,NA,NA,1973
BS5935,NA,NA,1973
BS5936,NA,NA,1973
BS5937,NA,NA,1973
BS5938,NA,NA,1973
BS5939,NA,NA,1973
BS5940,NA,NA,1973
BS5941,NA,NA,1973
BS5942,NA,NA,1973
BS5943,NA,NA,1973
BS5944,NA,NA,1973
BS5946,NA,NA,1973
BS5947,NA,NA,1973
BS5948,NA,NA,1973
BS5949,NA,NA,1973
BS5950,NA,NA,1973
BS5951,NA,NA,1973
BS5952,NA,NA,1973
BS5953,NA,NA,1973
BS5954,NA,NA,1973
BS5955,NA,NA,1973
BS5956,NA,NA,1973
BS5957,NA,NA,1973
BS5958,NA,NA,1973
BS5959,NA,NA,1973
BS5960,NA,NA,1973
BS5961,NA,NA,1973
BS5962,NA,NA,1973
BS5963,NA,NA,1973
BS5964,NA,NA,1973
BS5965,NA,NA,1973
BS5966,NA,NA,1973
BS5967,NA,NA,1973
BS5968,NA,NA,1973
BS5969,NA,NA,1973
BS5970,NA,NA,1973
BS5971,NA,NA,1973
BS5972,NA,NA,1973
BS5973,NA,NA,1973
BS5974,NA,NA,1973
BS5975,NA,NA,1973
BS5976,NA,NA,1973
BS5977,NA,NA,1973
BS5978,NA,NA,1973
BS5979,NA,NA,1973
BS5980,NA,NA,1973
BS5981,NA,NA,1973
BS5982,NA,NA,1973
BS5983,NA,NA,1973
BS5984,NA,NA,1973
BS5985,NA,NA,1973
BS5986,NA,NA,1973
BS5987,NA,NA,1973
BS5988,NA,NA,1973
BS5989,NA,NA,1973
BS5990,NA,NA,1973
BS5991,NA,NA,1973
BS5992,NA,NA,1973
BS5993,NA,NA,1973
BS5994,NA,NA,1973
BS5995,NA,NA,1973
BS5996,NA,NA,1973
BS5997,NA,NA,1973
BS5998,NA,NA,1973
BS5999,NA,NA,1973
BS6000,NA,NA,1973
BS6001,NA,NA,1973
BS6002,NA,NA,1973
BS6003,NA,NA,1973
BS6004,NA,NA,1973
BS6005,NA,NA,1973
BS6006,NA,NA,1973
BS6007,NA,NA,1973
BS6008,NA,NA,1973
BS6009,NA,NA,1973
BS6010,NA,NA,1973
BS6011,NA,NA,1973
BS6012,NA,NA,1973
BS6013,NA,NA,1973
BS6015,NA,NA,1973
BS6016,NA,NA,1973
BS6017,NA,NA,1973
BS6018,NA,NA,1973
BS6019,NA,NA,1973
BS6020,NA,NA,1973
BS6021,NA,NA,1973
BS6022,NA,NA,1973
BS6023,NA,NA,1973
BS6024,NA,NA,1973
BS6025,NA,NA,1973
BS6026,NA,NA,1973
BS6027,NA,NA,1973
BS6028,NA,NA,1973
BS6029,NA,NA,1973
BS6030,NA,NA,1973
BS6032,NA,NA,1973
BS6033,NA,NA,1973
BS6034,NA,NA,1973
BS6035,NA,NA,1973
BS6036,NA,NA,1973
BS6037,NA,NA,1973
BS6038,NA,NA,1973
BS6039,NA,NA,1973
BS6040,NA,NA,1973
BS6041,NA,NA,1973
BS6042,NA,NA,1973
BS6043,NA,NA,1973
BS6044,NA,NA,1973
BS6045,NA,NA,1973
BS6046,NA,NA,1973
BS6047,NA,NA,1973
BS6048,NA,NA,1973
BS6049,NA,NA,1973
BS6050,NA,NA,1973
BS6051,NA,NA,1973
BS6052,NA,NA,1973
BS21139,NA,NA,1974
BS21166,NA,NA,1974
BS22527,NA,NA,1974
BS22867,NA,NA,1974
BS22896,NA,NA,1974
BS25327,NA,NA,1974
BS25423,NA,NA,1974
BS25878,NA,NA,1974
BS6261,NA,NA,1974
BS6262,NA,NA,1974
BS6263,NA,NA,1974
BS6265,NA,NA,1974
BS6267,NA,NA,1974
BS6268,NA,NA,1974
BS6269,NA,NA,1974
BS6270,NA,NA,1974
BS6271,NA,NA,1974
BS6272,NA,NA,1974
BS6273,NA,NA,1974
BS6274,NA,NA,1974
BS6276,NA,NA,1974
BS6277,NA,NA,1974
BS6278,NA,NA,1974
BS6279,NA,NA,1974
BS6280,NA,NA,1974
BS6281,NA,NA,1974
BS6282,NA,NA,1974
BS6283,NA,NA,1974
BS6284,NA,NA,1974
BS6285,NA,NA,1974
BS6286,NA,NA,1974
BS6287,NA,NA,1974
BS6288,NA,NA,1974
BS6289,NA,NA,1974
BS6290,NA,NA,1974
BS6292,NA,NA,1974
BS6293,NA,NA,1974
BS6294,NA,NA,1974
BS6295,NA,NA,1974
BS6296,NA,NA,1974
BS6297,NA,NA,1974
BS6298,NA,NA,1974
BS6299,NA,NA,1974
BS6300,NA,NA,1974
BS9302,NA,NA,1974
BS9304,NA,NA,1974
BS9306,NA,NA,1974
BS9308,NA,NA,1974
BS9313,NA,NA,1974
BS9318,NA,NA,1974
BS9319,NA,NA,1974
BS9320,NA,NA,1974
BS9322,NA,NA,1974
BS9323,NA,NA,1974
BS9324,NA,NA,1974
BS9326,NA,NA,1974
BS9328,NA,NA,1974
BS9334,NA,NA,1974
BS9341,NA,NA,1974
BS9342,NA,NA,1974
BS9343,NA,NA,1974
BS9344,NA,NA,1974
BS9345,NA,NA,1974
BS9346,NA,NA,1974
BS9347,NA,NA,1974
BS9348,NA,NA,1974
BS9349,NA,NA,1974
BS9350,NA,NA,1974
BS9351,NA,NA,1974
BS9352,NA,NA,1974
BS9353,NA,NA,1974
BS9354,NA,NA,1974
BS9355,NA,NA,1974
BS9356,NA,NA,1974
BS9357,NA,NA,1974
BS9358,NA,NA,1974
BS9359,NA,NA,1974
BS9360,NA,NA,1974
BS9361,NA,NA,1974
BS9362,NA,NA,1974
BS9363,NA,NA,1974
BS9364,NA,NA,1974
BS9365,NA,NA,1974
BS9366,NA,NA,1974
BS9367,NA,NA,1974
BS9368,NA,NA,1974
BS9369,NA,NA,1974
BS9370,NA,NA,1974
BS9371,NA,NA,1974
BS9372,NA,NA,1974
BS9373,NA,NA,1974
BS9376,NA,NA,1974
BS9377,NA,NA,1974
BS9378,NA,NA,1974
BS9379,NA,NA,1974
BS9381,NA,NA,1974
BS9382,NA,NA,1974
BS9383,NA,NA,1974
BS9384,NA,NA,1974
BS9385,NA,NA,1974
BS9386,NA,NA,1974
BS9387,NA,NA,1974
BS9388,NA,NA,1974
BS9389,NA,NA,1974
BS9390,NA,NA,1974
BS9391,NA,NA,1974
BS9392,NA,NA,1974
BS9393,NA,NA,1974
BS9394,NA,NA,1974
BS9396,NA,NA,1974
BS9397,NA,NA,1974
BS9398,NA,NA,1974
BS23221,NA,NA,1975
BS23236,NA,NA,1975
BS25303,NA,NA,1975
BS25356,NA,NA,1975
BS28277,NA,NA,1975
BS6477,NA,NA,1975
BS6478,NA,NA,1975
BS6479,NA,NA,1975
BS6480,NA,NA,1975
BS6481,NA,NA,1975
BS6482,NA,NA,1975
BS6483,NA,NA,1975
BS6484,NA,NA,1975
BS6485,NA,NA,1975
BS6486,NA,NA,1975
BS6487,NA,NA,1975
BS6488,NA,NA,1975
BS6489,NA,NA,1975
BS6490,NA,NA,1975
BS6491,NA,NA,1975
BS6492,NA,NA,1975
BS6493,NA,NA,1975
BS6496,NA,NA,1975
BS6497,NA,NA,1975
BS6498,NA,NA,1975
BS6499,NA,NA,1975
BS6500,NA,NA,1975
BS6501,NA,NA,1975
BS6502,NA,NA,1975
BS6504,NA,NA,1975
BS6505,NA,NA,1975
BS6506,NA,NA,1975
BS6508,NA,NA,1975
BS6509,NA,NA,1975
BS6510,NA,NA,1975
BS6511,NA,NA,1975
BS6512,NA,NA,1975
BS6513,NA,NA,1975
BS6514,NA,NA,1975
BS6519,NA,NA,1975
BS6520,NA,NA,1975
BS6521,NA,NA,1975
BS6522,NA,NA,1975
BS6523,NA,NA,1975
BS6524,NA,NA,1975
BS6525,NA,NA,1975
BS6526,NA,NA,1975
BS6527,NA,NA,1975
BS6528,NA,NA,1975
BS6529,NA,NA,1975
BS6530,NA,NA,1975
BS6531,NA,NA,1975
BS6532,NA,NA,1975
BS6533,NA,NA,1975
BS6534,NA,NA,1975
BS6535,NA,NA,1975
BS6536,NA,NA,1975
BS6537,NA,NA,1975
BS6538,NA,NA,1975
BS6539,NA,NA,1975
BS6540,NA,NA,1975
BS6541,NA,NA,1975
BS6542,NA,NA,1975
BS6543,NA,NA,1975
BS6544,NA,NA,1975
BS6545,NA,NA,1975
BS6546,NA,NA,1975
BS6547,NA,NA,1975
BS6548,NA,NA,1975
BS6549,NA,NA,1975
BS6550,NA,NA,1975
BS6552,NA,NA,1975
BS6553,NA,NA,1975
BS6554,NA,NA,1975
BS6555,NA,NA,1975
BS6556,NA,NA,1975
BS6557,NA,NA,1975
BS6558,NA,NA,1975
BS6559,NA,NA,1975
BS6561,NA,NA,1975
BS6562,NA,NA,1975
BS6563,NA,NA,1975
BS6564,NA,NA,1975
BS6565,NA,NA,1975
BS6566,NA,NA,1975
BS6567,NA,NA,1975
BS6568,NA,NA,1975
BS6569,NA,NA,1975
BS6570,NA,NA,1975
BS6571,NA,NA,1975
BS6572,NA,NA,1975
BS6573,NA,NA,1975
BS6574,NA,NA,1975
BS6575,NA,NA,1975
BS6576,NA,NA,1975
BS6577,NA,NA,1975
BS6578,NA,NA,1975
BS6579,NA,NA,1975
BS6580,NA,NA,1975
BS6581,NA,NA,1975
BS6582,NA,NA,1975
BS6583,NA,NA,1975
BS6584,NA,NA,1975
BS6585,NA,NA,1975
BS6586,NA,NA,1975
BS6587,NA,NA,1975
BS6588,NA,NA,1975
BS6589,NA,NA,1975
BS6590,NA,NA,1975
BS6591,NA,NA,1975
BS6592,NA,NA,1975
BS6593,NA,NA,1975
BS6594,NA,NA,1975
BS6595,NA,NA,1975
BS6596,NA,NA,1975
BS6597,NA,NA,1975
BS6598,NA,NA,1975
BS6599,NA,NA,1975
BS6600,NA,NA,1975
BS6624,NA,NA,1975
BS6702,NA,NA,1975
BS6703,NA,NA,1975
BS6704,NA,NA,1975
BS6705,NA,NA,1975
BS6706,NA,NA,1975
BS6707,NA,NA,1975
BS6708,NA,NA,1975
BS6709,NA,NA,1975
BS6710,NA,NA,1975
BS6711,NA,NA,1975
BS6712,NA,NA,1975
BS6713,NA,NA,1975
BS6714,NA,NA,1975
BS6715,NA,NA,1975
BS6716,NA,NA,1975
BS6717,NA,NA,1975
BS6718,NA,NA,1975
BS6719,NA,NA,1975
BS6720,NA,NA,1975
BS6748,NA,NA,1975
BS21458,NA,NA,1976
BS22530,NA,NA,1976
BS23239,NA,NA,1976
BS23243,NA,NA,1976
BS23246,NA,NA,1976
BS25212,NA,NA,1976
BS25819,NA,NA,1976
BS27649,NA,NA,1976
BS28060,NA,NA,1976
BS6824,NA,NA,1976
BS6825,NA,NA,1976
BS6921,NA,NA,1976
BS6922,NA,NA,1976
BS6923,NA,NA,1976
BS6926,NA,NA,1976
BS6928,NA,NA,1976
BS6932,NA,NA,1976
BS6935,NA,NA,1976
BS6936,NA,NA,1976
BS6937,NA,NA,1976
BS6938,NA,NA,1976
BS6939,NA,NA,1976
BS6940,NA,NA,1976
BS6941,NA,NA,1976
BS6942,NA,NA,1976
BS6943,NA,NA,1976
BS6944,NA,NA,1976
BS6945,NA,NA,1976
BS6946,NA,NA,1976
BS6948,NA,NA,1976
BS6949,NA,NA,1976
BS6950,NA,NA,1976
BS6951,NA,NA,1976
BS6953,NA,NA,1976
BS6954,NA,NA,1976
BS6955,NA,NA,1976
BS6956,NA,NA,1976
BS6957,NA,NA,1976
BS6958,NA,NA,1976
BS6959,NA,NA,1976
BS6960,NA,NA,1976
BS6961,NA,NA,1976
BS6963,NA,NA,1976
BS6964,NA,NA,1976
BS6976,NA,NA,1976
BS6977,NA,NA,1976
BS6981,NA,NA,1976
BS6982,NA,NA,1976
BS6983,NA,NA,1976
BS6984,NA,NA,1976
BS6985,NA,NA,1976
BS6986,NA,NA,1976
BS6987,NA,NA,1976
BS6988,NA,NA,1976
BS6989,NA,NA,1976
BS6990,NA,NA,1976
BS6991,NA,NA,1976
BS6992,NA,NA,1976
BS6993,NA,NA,1976
BS6994,NA,NA,1976
BS6995,NA,NA,1976
BS6996,NA,NA,1976
BS6997,NA,NA,1976
BS6998,NA,NA,1976
BS7002,NA,NA,1976
BS7042,NA,NA,1976
BS7043,NA,NA,1976
BS7044,NA,NA,1976
BS7045,NA,NA,1976
BS7046,NA,NA,1976
BS7047,NA,NA,1976
BS7048,NA,NA,1976
BS7050,NA,NA,1976
BS7051,NA,NA,1976
BS7052,NA,NA,1976
BS7053,NA,NA,1976
BS7056,NA,NA,1976
BS7057,NA,NA,1976
BS7058,NA,NA,1976
BS7059,NA,NA,1976
BS7060,NA,NA,1976
BS7061,NA,NA,1976
BS7062,NA,NA,1976
BS7063,NA,NA,1976
BS7065,NA,NA,1976
BS7066,NA,NA,1976
BS7067,NA,NA,1976
BS7068,NA,NA,1976
BS7069,NA,NA,1976
BS7071,NA,NA,1976
BS7072,NA,NA,1976
BS7073,NA,NA,1976
BS7074,NA,NA,1976
BS7075,NA,NA,1976
BS7076,NA,NA,1976
BS7077,NA,NA,1976
BS7078,NA,NA,1976
BS7079,NA,NA,1976
BS7080,NA,NA,1976
BS7081,NA,NA,1976
BS7082,NA,NA,1976
BS7084,NA,NA,1976
BS7085,NA,NA,1976
BS7086,NA,NA,1976
BS7087,NA,NA,1976
BS7088,NA,NA,1976
BS7089,NA,NA,1976
BS7146,NA,NA,1976
BS7151,NA,NA,1976
BS7155,NA,NA,1976
BS7156,NA,NA,1976
BS21158,NA,NA,1977
BS21409,NA,NA,1977
BS22864,NA,NA,1977
BS22869,NA,NA,1977
BS23622,NA,NA,1977
BS25463,NA,NA,1977
BS25807,NA,NA,1977
BS27611,NA,NA,1977
BS27643,NA,NA,1977
BS27713,NA,NA,1977
BS9401,NA,NA,1977
BS9410,NA,NA,1977
BS9414,NA,NA,1977
BS9417,NA,NA,1977
BS9424,NA,NA,1977
BS9426,NA,NA,1977
BS9427,NA,NA,1977
BS9428,NA,NA,1977
BS9430,NA,NA,1977
BS9431,NA,NA,1977
BS9432,NA,NA,1977
BS9447,NA,NA,1977
BS9448,NA,NA,1977
BS9450,NA,NA,1977
BS9460,NA,NA,1977
BS9476,NA,NA,1977
BS9488,NA,NA,1977
BS9491,NA,NA,1977
BS9501,NA,NA,1977
BS9508,NA,NA,1977
BS9512,NA,NA,1977
BS9524,NA,NA,1977
BS9525,NA,NA,1977
BS9532,NA,NA,1977
BS9533,NA,NA,1977
BS9537,NA,NA,1977
BS9547,NA,NA,1977
BS9555,NA,NA,1977
BS9559,NA,NA,1977
BS9560,NA,NA,1977
BS9561,NA,NA,1977
BS9564,NA,NA,1977
BS9565,NA,NA,1977
BS9566,NA,NA,1977
BS9568,NA,NA,1977
BS9569,NA,NA,1977
BS9570,NA,NA,1977
BS9571,NA,NA,1977
BS9573,NA,NA,1977
BS9616,NA,NA,1977
BS21134,NA,NA,1978
BS21165,NA,NA,1978
BS22517,NA,NA,1978
BS22521,NA,NA,1978
BS23226,NA,NA,1978
BS23570,NA,NA,1978
BS23623,NA,NA,1978
BS23629,NA,NA,1978
BS23642,NA,NA,1978
BS25235,NA,NA,1978
BS25317,NA,NA,1978
BS25373,NA,NA,1978
BS25756,NA,NA,1978
BS25854,NA,NA,1978
BS25862,NA,NA,1978
BS27593,NA,NA,1978
BS27602,NA,NA,1978
BS27705,NA,NA,1978
BS27712,NA,NA,1978
BS27921,NA,NA,1978
BS28043,NA,NA,1978
BS28639,NA,NA,1978
BS4893,NA,NA,1978
BS4894,NA,NA,1978
BS4896,NA,NA,1978
BS4897,NA,NA,1978
BS4899,NA,NA,1978
BS5549,NA,NA,1978
BS5551,NA,NA,1978
BS5552,NA,NA,1978
BS5553,NA,NA,1978
BS5554,NA,NA,1978
BS5555,NA,NA,1978
BS5557,NA,NA,1978
BS5558,NA,NA,1978
BS5560,NA,NA,1978
BS5561,NA,NA,1978
BS5563,NA,NA,1978
BS5564,NA,NA,1978
BS5566,NA,NA,1978
BS5567,NA,NA,1978
BS5568,NA,NA,1978
BS5569,NA,NA,1978
BS5570,NA,NA,1978
BS5573,NA,NA,1978
BS5574,NA,NA,1978
BS5576,NA,NA,1978
BS5577,NA,NA,1978
BS5578,NA,NA,1978
BS5579,NA,NA,1978
BS5580,NA,NA,1978
BS5581,NA,NA,1978
BS5582,NA,NA,1978
BS5583,NA,NA,1978
BS5584,NA,NA,1978
BS5585,NA,NA,1978
BS5586,NA,NA,1978
BS5587,NA,NA,1978
BS5588,NA,NA,1978
BS5589,NA,NA,1978
BS5590,NA,NA,1978
BS5591,NA,NA,1978
BS5592,NA,NA,1978
BS5593,NA,NA,1978
BS5594,NA,NA,1978
BS5595,NA,NA,1978
BS5596,NA,NA,1978
BS5597,NA,NA,1978
BS5598,NA,NA,1978
BS5599,NA,NA,1978
BS5600,NA,NA,1978
BS5651,NA,NA,1978
BS5653,NA,NA,1978
BS5655,NA,NA,1978
BS5656,NA,NA,1978
BS5657,NA,NA,1978
BS5658,NA,NA,1978
BS5659,NA,NA,1978
BS5660,NA,NA,1978
BS5661,NA,NA,1978
BS5662,NA,NA,1978
BS5663,NA,NA,1978
BS5665,NA,NA,1978
BS5666,NA,NA,1978
BS5667,NA,NA,1978
BS5668,NA,NA,1978
BS5669,NA,NA,1978
BS5670,NA,NA,1978
BS5671,NA,NA,1978
BS5672,NA,NA,1978
BS5673,NA,NA,1978
BS5674,NA,NA,1978
BS5675,NA,NA,1978
BS5677,NA,NA,1978
BS5678,NA,NA,1978
BS5679,NA,NA,1978
BS5680,NA,NA,1978
BS5681,NA,NA,1978
BS5682,NA,NA,1978
BS5683,NA,NA,1978
BS5684,NA,NA,1978
BS5686,NA,NA,1978
BS5687,NA,NA,1978
BS5688,NA,NA,1978
BS5689,NA,NA,1978
BS5690,NA,NA,1978
BS5691,NA,NA,1978
BS5693,NA,NA,1978
BS5694,NA,NA,1978
BS5695,NA,NA,1978
BS5696,NA,NA,1978
BS5697,NA,NA,1978
BS5698,NA,NA,1978
BS5699,NA,NA,1978
BS5702,NA,NA,1978
BS5703,NA,NA,1978
BS5705,NA,NA,1978
BS5706,NA,NA,1978
BS5707,NA,NA,1978
BS5708,NA,NA,1978
BS5709,NA,NA,1978
BS5711,NA,NA,1978
BS5712,NA,NA,1978
BS5714,NA,NA,1978
BS5715,NA,NA,1978
BS5716,NA,NA,1978
BS5717,NA,NA,1978
BS5718,NA,NA,1978
BS5719,NA,NA,1978
BS5720,NA,NA,1978
BS5722,NA,NA,1978
BS5723,NA,NA,1978
BS5724,NA,NA,1978
BS5725,NA,NA,1978
BS5726,NA,NA,1978
BS5728,NA,NA,1978
BS5729,NA,NA,1978
BS5730,NA,NA,1978
BS5731,NA,NA,1978
BS5732,NA,NA,1978
BS5733,NA,NA,1978
BS5734,NA,NA,1978
BS5735,NA,NA,1978
BS5736,NA,NA,1978
BS5737,NA,NA,1978
BS5738,NA,NA,1978
BS5739,NA,NA,1978
BS5740,NA,NA,1978
BS5741,NA,NA,1978
BS5742,NA,NA,1978
BS5743,NA,NA,1978
BS5744,NA,NA,1978
BS5746,NA,NA,1978
BS5748,NA,NA,1978
BS5749,NA,NA,1978
BS5750,NA,NA,1978
BS5751,NA,NA,1978
BS5752,NA,NA,1978
BS5753,NA,NA,1978
BS5755,NA,NA,1978
BS5756,NA,NA,1978
BS5758,NA,NA,1978
BS5759,NA,NA,1978
BS5760,NA,NA,1978
BS5762,NA,NA,1978
BS5763,NA,NA,1978
BS5765,NA,NA,1978
BS5766,NA,NA,1978
BS5768,NA,NA,1978
BS5769,NA,NA,1978
BS5770,NA,NA,1978
BS5771,NA,NA,1978
BS5772,NA,NA,1978
BS5773,NA,NA,1978
BS9696,NA,NA,1978
BS9698,NA,NA,1978
BS9699,NA,NA,1978
BS9700,NA,NA,1978
BS21144,NA,NA,1979
BS21167,NA,NA,1979
BS21341,NA,NA,1979
BS21344,NA,NA,1979
BS21775,NA,NA,1979
BS21787,NA,NA,1979
BS21788,NA,NA,1979
BS21789,NA,NA,1979
BS22554,NA,NA,1979
BS22903,NA,NA,1979
BS22951,NA,NA,1979
BS23207,NA,NA,1979
BS23238,NA,NA,1979
BS23649,NA,NA,1979
BS23665,NA,NA,1979
BS25200,NA,NA,1979
BS25312,NA,NA,1979
BS25323,NA,NA,1979
BS25335,NA,NA,1979
BS25397,NA,NA,1979
BS25461,NA,NA,1979
BS25805,NA,NA,1979
BS25818,NA,NA,1979
BS27711,NA,NA,1979
BS27922,NA,NA,1979
BS28256,NA,NA,1979
BS28413,NA,NA,1979
BS31545,NA,NA,1979
BS7634,NA,NA,1979
BS7635,NA,NA,1979
BS7636,NA,NA,1979
BS7637,NA,NA,1979
BS7638,NA,NA,1979
BS7639,NA,NA,1979
BS7640,NA,NA,1979
BS7641,NA,NA,1979
BS7643,NA,NA,1979
BS7644,NA,NA,1979
BS7645,NA,NA,1979
BS7646,NA,NA,1979
BS7647,NA,NA,1979
BS7648,NA,NA,1979
BS7649,NA,NA,1979
BS7650,NA,NA,1979
BS7653,NA,NA,1979
BS7654,NA,NA,1979
BS7655,NA,NA,1979
BS7656,NA,NA,1979
BS7659,NA,NA,1979
BS7660,NA,NA,1979
BS7661,NA,NA,1979
BS7662,NA,NA,1979
BS7663,NA,NA,1979
BS7664,NA,NA,1979
BS7665,NA,NA,1979
BS7666,NA,NA,1979
BS7667,NA,NA,1979
BS7668,NA,NA,1979
BS7669,NA,NA,1979
BS7670,NA,NA,1979
BS7671,NA,NA,1979
BS7672,NA,NA,1979
BS7673,NA,NA,1979
BS7675,NA,NA,1979
BS7676,NA,NA,1979
BS7677,NA,NA,1979
BS7678,NA,NA,1979
BS7679,NA,NA,1979
BS7680,NA,NA,1979
BS7682,NA,NA,1979
BS7683,NA,NA,1979
BS7686,NA,NA,1979
BS7687,NA,NA,1979
BS7688,NA,NA,1979
BS7689,NA,NA,1979
BS7690,NA,NA,1979
BS7693,NA,NA,1979
BS7694,NA,NA,1979
BS7697,NA,NA,1979
BS7699,NA,NA,1979
BS7700,NA,NA,1979
BS7701,NA,NA,1979
BS7702,NA,NA,1979
BS7703,NA,NA,1979
BS7704,NA,NA,1979
BS7706,NA,NA,1979
BS7707,NA,NA,1979
BS7708,NA,NA,1979
BS7709,NA,NA,1979
BS7710,NA,NA,1979
BS7711,NA,NA,1979
BS7712,NA,NA,1979
BS7713,NA,NA,1979
BS7714,NA,NA,1979
BS7715,NA,NA,1979
BS7716,NA,NA,1979
BS7718,NA,NA,1979
BS7719,NA,NA,1979
BS7720,NA,NA,1979
BS7721,NA,NA,1979
BS7722,NA,NA,1979
BS7723,NA,NA,1979
BS7725,NA,NA,1979
BS7726,NA,NA,1979
BS7728,NA,NA,1979
BS7730,NA,NA,1979
BS7731,NA,NA,1979
BS7732,NA,NA,1979
BS7734,NA,NA,1979
BS7736,NA,NA,1979
BS7737,NA,NA,1979
BS7738,NA,NA,1979
BS7739,NA,NA,1979
BS7741,NA,NA,1979
BS7742,NA,NA,1979
BS7743,NA,NA,1979
BS7744,NA,NA,1979
BS7745,NA,NA,1979
BS7746,NA,NA,1979
BS7747,NA,NA,1979
BS7749,NA,NA,1979
BS7750,NA,NA,1979
BS7751,NA,NA,1979
BS7752,NA,NA,1979
BS7753,NA,NA,1979
BS7754,NA,NA,1979
BS7755,NA,NA,1979
BS7756,NA,NA,1979
BS7757,NA,NA,1979
BS7759,NA,NA,1979
BS7761,NA,NA,1979
BS7762,NA,NA,1979
BS7763,NA,NA,1979
BS7764,NA,NA,1979
BS7765,NA,NA,1979
BS7766,NA,NA,1979
BS7767,NA,NA,1979
BS7768,NA,NA,1979
BS7769,NA,NA,1979
BS7770,NA,NA,1979
BS7771,NA,NA,1979
BS7772,NA,NA,1979
BS7773,NA,NA,1979
BS7774,NA,NA,1979
BS7775,NA,NA,1979
BS7777,NA,NA,1979
BS7851,NA,NA,1979
BS7852,NA,NA,1979
BS7854,NA,NA,1979
BS7855,NA,NA,1979
BS7856,NA,NA,1979
BS7857,NA,NA,1979
BS7858,NA,NA,1979
BS7859,NA,NA,1979
BS7860,NA,NA,1979
BS7861,NA,NA,1979
BS7862,NA,NA,1979
BS7863,NA,NA,1979
BS7865,NA,NA,1979
BS7866,NA,NA,1979
BS7867,NA,NA,1979
BS7868,NA,NA,1979
BS21146,NA,NA,1980
BS21162,NA,NA,1980
BS22514,NA,NA,1980
BS23217,NA,NA,1980
BS23220,NA,NA,1980
BS23231,NA,NA,1980
BS23235,NA,NA,1980
BS23557,NA,NA,1980
BS25214,NA,NA,1980
BS25238,NA,NA,1980
BS25242,NA,NA,1980
BS25246,NA,NA,1980
BS25280,NA,NA,1980
BS25295,NA,NA,1980
BS25305,NA,NA,1980
BS25411,NA,NA,1980
BS25418,NA,NA,1980
BS25871,NA,NA,1980
BS27650,NA,NA,1980
BS27829,NA,NA,1980
BS28406,NA,NA,1980
BS28643,NA,NA,1980
BS28660,NA,NA,1980
BS7910,NA,NA,1980
BS7911,NA,NA,1980
BS7913,NA,NA,1980
BS7914,NA,NA,1980
BS7916,NA,NA,1980
BS7918,NA,NA,1980
BS7920,NA,NA,1980
BS8003,NA,NA,1980
BS8011,NA,NA,1980
BS8014,NA,NA,1980
BS8015,NA,NA,1980
BS8017,NA,NA,1980
BS8018,NA,NA,1980
BS8019,NA,NA,1980
BS8020,NA,NA,1980
BS8021,NA,NA,1980
BS8022,NA,NA,1980
BS8024,NA,NA,1980
BS8025,NA,NA,1980
BS8026,NA,NA,1980
BS8027,NA,NA,1980
BS8028,NA,NA,1980
BS8029,NA,NA,1980
BS8030,NA,NA,1980
BS8031,NA,NA,1980
BS8032,NA,NA,1980
BS8034,NA,NA,1980
BS8035,NA,NA,1980
BS8037,NA,NA,1980
BS8039,NA,NA,1980
BS8040,NA,NA,1980
BS8041,NA,NA,1980
BS8044,NA,NA,1980
BS8050,NA,NA,1980
BS8182,NA,NA,1980
BS8190,NA,NA,1980
BS8191,NA,NA,1980
BS8192,NA,NA,1980
BS8193,NA,NA,1980
BS8194,NA,NA,1980
BS8195,NA,NA,1980
BS8202,NA,NA,1980
BS8203,NA,NA,1980
BS8204,NA,NA,1980
BS8205,NA,NA,1980
BS8206,NA,NA,1980
BS8207,NA,NA,1980
BS8208,NA,NA,1980
BS8209,NA,NA,1980
BS8211,NA,NA,1980
BS8212,NA,NA,1980
BS8214,NA,NA,1980
BS8217,NA,NA,1980
BS8220,NA,NA,1980
BS8226,NA,NA,1980
BS8228,NA,NA,1980
BS8229,NA,NA,1980
BS8230,NA,NA,1980
BS8233,NA,NA,1980
BS8234,NA,NA,1980
BS8235,NA,NA,1980
BS8238,NA,NA,1980
BS8302,NA,NA,1980
BS8303,NA,NA,1980
BS8304,NA,NA,1980
BS8305,NA,NA,1980
BS8306,NA,NA,1980
BS8307,NA,NA,1980
BS8308,NA,NA,1980
BS8309,NA,NA,1980
BS8310,NA,NA,1980
BS8313,NA,NA,1980
BS8314,NA,NA,1980
BS8316,NA,NA,1980
BS8318,NA,NA,1980
BS8321,NA,NA,1980
BS8322,NA,NA,1980
BS8323,NA,NA,1980
BS8324,NA,NA,1980
BS8325,NA,NA,1980
BS8326,NA,NA,1980
BS8327,NA,NA,1980
BS8328,NA,NA,1980
BS8330,NA,NA,1980
BS8331,NA,NA,1980
BS8332,NA,NA,1980
BS8335,NA,NA,1980
BS8336,NA,NA,1980
BS8338,NA,NA,1980
BS8339,NA,NA,1980
BS8340,NA,NA,1980
BS8341,NA,NA,1980
BS8342,NA,NA,1980
BS8343,NA,NA,1980
BS8344,NA,NA,1980
BS8345,NA,NA,1980
BS8346,NA,NA,1980
BS8347,NA,NA,1980
BS8348,NA,NA,1980
BS8350,NA,NA,1980
BS8351,NA,NA,1980
BS19063,NA,NA,1981
BS21141,NA,NA,1981
BS21148,NA,NA,1981
BS21342,NA,NA,1981
BS21346,NA,NA,1981
BS21412,NA,NA,1981
BS21418,NA,NA,1981
BS21623,NA,NA,1981
BS21777,NA,NA,1981
BS22509,NA,NA,1981
BS22513,NA,NA,1981
BS22551,NA,NA,1981
BS22889,NA,NA,1981
BS23199,NA,NA,1981
BS23206,NA,NA,1981
BS23553,NA,NA,1981
BS23563,NA,NA,1981
BS23607,NA,NA,1981
BS23641,NA,NA,1981
BS23646,NA,NA,1981
BS23669,NA,NA,1981
BS25204,NA,NA,1981
BS25217,NA,NA,1981
BS25220,NA,NA,1981
BS25243,NA,NA,1981
BS25284,NA,NA,1981
BS25285,NA,NA,1981
BS25301,NA,NA,1981
BS25313,NA,NA,1981
BS25321,NA,NA,1981
BS25330,NA,NA,1981
BS25351,NA,NA,1981
BS25382,NA,NA,1981
BS25390,NA,NA,1981
BS25410,NA,NA,1981
BS25416,NA,NA,1981
BS25419,NA,NA,1981
BS25751,NA,NA,1981
BS25870,NA,NA,1981
BS27644,NA,NA,1981
BS27915,NA,NA,1981
BS27923,NA,NA,1981
BS28045,NA,NA,1981
BS28410,NA,NA,1981
BS8374,NA,NA,1981
BS8375,NA,NA,1981
BS8382,NA,NA,1981
BS8383,NA,NA,1981
BS8384,NA,NA,1981
BS8385,NA,NA,1981
BS8387,NA,NA,1981
BS8388,NA,NA,1981
BS8389,NA,NA,1981
BS8390,NA,NA,1981
BS8391,NA,NA,1981
BS8392,NA,NA,1981
BS8393,NA,NA,1981
BS8394,NA,NA,1981
BS8395,NA,NA,1981
BS8396,NA,NA,1981
BS8397,NA,NA,1981
BS8399,NA,NA,1981
BS8401,NA,NA,1981
BS8403,NA,NA,1981
BS8405,NA,NA,1981
BS8406,NA,NA,1981
BS8407,NA,NA,1981
BS8409,NA,NA,1981
BS8410,NA,NA,1981
BS8411,NA,NA,1981
BS8412,NA,NA,1981
BS8414,NA,NA,1981
BS8415,NA,NA,1981
BS8416,NA,NA,1981
BS8417,NA,NA,1981
BS8418,NA,NA,1981
BS8419,NA,NA,1981
BS8420,NA,NA,1981
BS8422,NA,NA,1981
BS8423,NA,NA,1981
BS8424,NA,NA,1981
BS8426,NA,NA,1981
BS8427,NA,NA,1981
BS8428,NA,NA,1981
BS8430,NA,NA,1981
BS8431,NA,NA,1981
BS8432,NA,NA,1981
BS8434,NA,NA,1981
BS8435,NA,NA,1981
BS8436,NA,NA,1981
BS8437,NA,NA,1981
BS8438,NA,NA,1981
BS8439,NA,NA,1981
BS8440,NA,NA,1981
BS8441,NA,NA,1981
BS8444,NA,NA,1981
BS8445,NA,NA,1981
BS8446,NA,NA,1981
BS8447,NA,NA,1981
BS8450,NA,NA,1981
BS8452,NA,NA,1981
BS8453,NA,NA,1981
BS8454,NA,NA,1981
BS8455,NA,NA,1981
BS8456,NA,NA,1981
BS8458,NA,NA,1981
BS8459,NA,NA,1981
BS8460,NA,NA,1981
BS8461,NA,NA,1981
BS8462,NA,NA,1981
BS8464,NA,NA,1981
BS8465,NA,NA,1981
BS8468,NA,NA,1981
BS8470,NA,NA,1981
BS8472,NA,NA,1981
BS8473,NA,NA,1981
BS8478,NA,NA,1981
BS8479,NA,NA,1981
BS8481,NA,NA,1981
BS8483,NA,NA,1981
BS8484,NA,NA,1981
BS8485,NA,NA,1981
BS8486,NA,NA,1981
BS8488,NA,NA,1981
BS8489,NA,NA,1981
BS8491,NA,NA,1981
BS8492,NA,NA,1981
BS8493,NA,NA,1981
BS8494,NA,NA,1981
BS8495,NA,NA,1981
BS8497,NA,NA,1981
BS8498,NA,NA,1981
BS8500,NA,NA,1981
BS8521,NA,NA,1981
BS8522,NA,NA,1981
BS8523,NA,NA,1981
BS8524,NA,NA,1981
BS8526,NA,NA,1981
BS8527,NA,NA,1981
BS8528,NA,NA,1981
BS8529,NA,NA,1981
BS8530,NA,NA,1981
BS8532,NA,NA,1981
BS8533,NA,NA,1981
BS8534,NA,NA,1981
BS8535,NA,NA,1981
BS8537,NA,NA,1981
BS8538,NA,NA,1981
BS8539,NA,NA,1981
BS8540,NA,NA,1981
BS8543,NA,NA,1981
BS8544,NA,NA,1981
BS8547,NA,NA,1981
BS8548,NA,NA,1981
BS8549,NA,NA,1981
BS8550,NA,NA,1981
BS8551,NA,NA,1981
BS8553,NA,NA,1981
BS8554,NA,NA,1981
BS8555,NA,NA,1981
BS8556,NA,NA,1981
BS8557,NA,NA,1981
BS8558,NA,NA,1981
BS8559,NA,NA,1981
BS8560,NA,NA,1981
BS8561,NA,NA,1981
BS8562,NA,NA,1981
BS8563,NA,NA,1981
BS8565,NA,NA,1981
BS8568,NA,NA,1981
BS8569,NA,NA,1981
BS8570,NA,NA,1981
BS8571,NA,NA,1981
BS8573,NA,NA,1981
BS8575,NA,NA,1981
BS8576,NA,NA,1981
BS8578,NA,NA,1981
BS8579,NA,NA,1981
BS8580,NA,NA,1981
BS8583,NA,NA,1981
BS8585,NA,NA,1981
BS8586,NA,NA,1981
BS8588,NA,NA,1981
BS8589,NA,NA,1981
BS8590,NA,NA,1981
BS8591,NA,NA,1981
BS8592,NA,NA,1981
BS8593,NA,NA,1981
BS8594,NA,NA,1981
BS21415,NA,NA,1982
BS21542,NA,NA,1982
BS22532,NA,NA,1982
BS22538,NA,NA,1982
BS22897,NA,NA,1982
BS22962,NA,NA,1982
BS23200,NA,NA,1982
BS23210,NA,NA,1982
BS23214,NA,NA,1982
BS23225,NA,NA,1982
BS23249,NA,NA,1982
BS23250,NA,NA,1982
BS23606,NA,NA,1982
BS23611,NA,NA,1982
BS23661,NA,NA,1982
BS25202,NA,NA,1982
BS25203,NA,NA,1982
BS25207,NA,NA,1982
BS25236,NA,NA,1982
BS25318,NA,NA,1982
BS25329,NA,NA,1982
BS25332,NA,NA,1982
BS25357,NA,NA,1982
BS25417,NA,NA,1982
BS25462,NA,NA,1982
BS25464,NA,NA,1982
BS25619,NA,NA,1982
BS25741,NA,NA,1982
BS25843,NA,NA,1982
BS25861,NA,NA,1982
BS27615,NA,NA,1982
BS27704,NA,NA,1982
BS27708,NA,NA,1982
BS27710,NA,NA,1982
BS27715,NA,NA,1982
BS28257,NA,NA,1982
BS28612,NA,NA,1982
BS30341,NA,NA,1982
BS8685,NA,NA,1982
BS8696,NA,NA,1982
BS8697,NA,NA,1982
BS8701,NA,NA,1982
BS8702,NA,NA,1982
BS8703,NA,NA,1982
BS8705,NA,NA,1982
BS8706,NA,NA,1982
BS8708,NA,NA,1982
BS8709,NA,NA,1982
BS8710,NA,NA,1982
BS8712,NA,NA,1982
BS8713,NA,NA,1982
BS8714,NA,NA,1982
BS8715,NA,NA,1982
BS8716,NA,NA,1982
BS8717,NA,NA,1982
BS8718,NA,NA,1982
BS8719,NA,NA,1982
BS8720,NA,NA,1982
BS8721,NA,NA,1982
BS8723,NA,NA,1982
BS8725,NA,NA,1982
BS8726,NA,NA,1982
BS8728,NA,NA,1982
BS8729,NA,NA,1982
BS8732,NA,NA,1982
BS8733,NA,NA,1982
BS8734,NA,NA,1982
BS8735,NA,NA,1982
BS8736,NA,NA,1982
BS8738,NA,NA,1982
BS8739,NA,NA,1982
BS8740,NA,NA,1982
BS8742,NA,NA,1982
BS8743,NA,NA,1982
BS8744,NA,NA,1982
BS8745,NA,NA,1982
BS8746,NA,NA,1982
BS8747,NA,NA,1982
BS8748,NA,NA,1982
BS8749,NA,NA,1982
BS8750,NA,NA,1982
BS8751,NA,NA,1982
BS8752,NA,NA,1982
BS8753,NA,NA,1982
BS8754,NA,NA,1982
BS8755,NA,NA,1982
BS8757,NA,NA,1982
BS8758,NA,NA,1982
BS8759,NA,NA,1982
BS8760,NA,NA,1982
BS8762,NA,NA,1982
BS8763,NA,NA,1982
BS8764,NA,NA,1982
BS8765,NA,NA,1982
BS8766,NA,NA,1982
BS8767,NA,NA,1982
BS8768,NA,NA,1982
BS8769,NA,NA,1982
BS8771,NA,NA,1982
BS8772,NA,NA,1982
BS8773,NA,NA,1982
BS8774,NA,NA,1982
BS8775,NA,NA,1982
BS8776,NA,NA,1982
BS8777,NA,NA,1982
BS8778,NA,NA,1982
BS8779,NA,NA,1982
BS8781,NA,NA,1982
BS8782,NA,NA,1982
BS8783,NA,NA,1982
BS8784,NA,NA,1982
BS8785,NA,NA,1982
BS8786,NA,NA,1982
BS8787,NA,NA,1982
BS8788,NA,NA,1982
BS8789,NA,NA,1982
BS8790,NA,NA,1982
BS8791,NA,NA,1982
BS8792,NA,NA,1982
BS8793,NA,NA,1982
BS8794,NA,NA,1982
BS8795,NA,NA,1982
BS8797,NA,NA,1982
BS8798,NA,NA,1982
BS8799,NA,NA,1982
BS8801,NA,NA,1982
BS8802,NA,NA,1982
BS8803,NA,NA,1982
BS8804,NA,NA,1982
BS8805,NA,NA,1982
BS8806,NA,NA,1982
BS8807,NA,NA,1982
BS8808,NA,NA,1982
BS8809,NA,NA,1982
BS8810,NA,NA,1982
BS8811,NA,NA,1982
BS8813,NA,NA,1982
BS8814,NA,NA,1982
BS8816,NA,NA,1982
BS8817,NA,NA,1982
BS8819,NA,NA,1982
BS8820,NA,NA,1982
BS8821,NA,NA,1982
BS8822,NA,NA,1982
BS8824,NA,NA,1982
BS8825,NA,NA,1982
BS8826,NA,NA,1982
BS8827,NA,NA,1982
BS8828,NA,NA,1982
BS8829,NA,NA,1982
BS8830,NA,NA,1982
BS8832,NA,NA,1982
BS8833,NA,NA,1982
BS8835,NA,NA,1982
BS8836,NA,NA,1982
BS8837,NA,NA,1982
BS8839,NA,NA,1982
BS8841,NA,NA,1982
BS8842,NA,NA,1982
BS8844,NA,NA,1982
BS8845,NA,NA,1982
BS8846,NA,NA,1982
BS8847,NA,NA,1982
BS8850,NA,NA,1982
BS8851,NA,NA,1982
BS8852,NA,NA,1982
BS8853,NA,NA,1982
BS8854,NA,NA,1982
BS8855,NA,NA,1982
BS8856,NA,NA,1982
BS8857,NA,NA,1982
BS8858,NA,NA,1982
BS8861,NA,NA,1982
BS8862,NA,NA,1982
BS8864,NA,NA,1982
BS8865,NA,NA,1982
BS8866,NA,NA,1982
BS8867,NA,NA,1982
BS8868,NA,NA,1982
BS8869,NA,NA,1982
BS8870,NA,NA,1982
BS8871,NA,NA,1982
BS8872,NA,NA,1982
BS8873,NA,NA,1982
BS8874,NA,NA,1982
BS8875,NA,NA,1982
BS8876,NA,NA,1982
BS8878,NA,NA,1982
BS8879,NA,NA,1982
BS8880,NA,NA,1982
BS8881,NA,NA,1982
BS8882,NA,NA,1982
BS8884,NA,NA,1982
BS8885,NA,NA,1982
BS8886,NA,NA,1982
BS8887,NA,NA,1982
BS8888,NA,NA,1982
BS8889,NA,NA,1982
BS8891,NA,NA,1982
BS8893,NA,NA,1982
BS8894,NA,NA,1982
BS8895,NA,NA,1982
BS8896,NA,NA,1982
BS8899,NA,NA,1982
BS8900,NA,NA,1982
BS8901,NA,NA,1982
BS8902,NA,NA,1982
BS8903,NA,NA,1982
BS10309,NA,NA,1983
BS10322,NA,NA,1983
BS10324,NA,NA,1983
BS10326,NA,NA,1983
BS10328,NA,NA,1983
BS10336,NA,NA,1983
BS10342,NA,NA,1983
BS10343,NA,NA,1983
BS10355,NA,NA,1983
BS10358,NA,NA,1983
BS10360,NA,NA,1983
BS10367,NA,NA,1983
BS10371,NA,NA,1983
BS10380,NA,NA,1983
BS10386,NA,NA,1983
BS10396,NA,NA,1983
BS10400,NA,NA,1983
BS10403,NA,NA,1983
BS10404,NA,NA,1983
BS10406,NA,NA,1983
BS10414,NA,NA,1983
BS10433,NA,NA,1983
BS10435,NA,NA,1983
BS22522,NA,NA,1983
BS23223,NA,NA,1983
BS23614,NA,NA,1983
BS25231,NA,NA,1983
BS25302,NA,NA,1983
BS25344,NA,NA,1983
BS25391,NA,NA,1983
BS25427,NA,NA,1983
BS27599,NA,NA,1983
BS27926,NA,NA,1983
BS28046,NA,NA,1983
BS28407,NA,NA,1983
BS31248,NA,NA,1983
BS8927,NA,NA,1983
BS9044,NA,NA,1983
BS9045,NA,NA,1983
BS9047,NA,NA,1983
BS9048,NA,NA,1983
BS9049,NA,NA,1983
BS9065,NA,NA,1983
BS9089,NA,NA,1983
BS9091,NA,NA,1983
BS9092,NA,NA,1983
BS10001,NA,NA,1984
BS10003,NA,NA,1984
BS10005,NA,NA,1984
BS10008,NA,NA,1984
BS10009,NA,NA,1984
BS10010,NA,NA,1984
BS10011,NA,NA,1984
BS10012,NA,NA,1984
BS10013,NA,NA,1984
BS10014,NA,NA,1984
BS10015,NA,NA,1984
BS10016,NA,NA,1984
BS10017,NA,NA,1984
BS10018,NA,NA,1984
BS10019,NA,NA,1984
BS19771,NA,NA,1984
BS21142,NA,NA,1984
BS21441,NA,NA,1984
BS21786,NA,NA,1984
BS22952,NA,NA,1984
BS23227,NA,NA,1984
BS23628,NA,NA,1984
BS25197,NA,NA,1984
BS25199,NA,NA,1984
BS25296,NA,NA,1984
BS25299,NA,NA,1984
BS25336,NA,NA,1984
BS25394,NA,NA,1984
BS25815,NA,NA,1984
BS25858,NA,NA,1984
BS25882,NA,NA,1984
BS27598,NA,NA,1984
BS27703,NA,NA,1984
BS27810,NA,NA,1984
BS27912,NA,NA,1984
BS28401,NA,NA,1984
BS9152,NA,NA,1984
BS9153,NA,NA,1984
BS9154,NA,NA,1984
BS9155,NA,NA,1984
BS9156,NA,NA,1984
BS9157,NA,NA,1984
BS9158,NA,NA,1984
BS9159,NA,NA,1984
BS9160,NA,NA,1984
BS9161,NA,NA,1984
BS9162,NA,NA,1984
BS9163,NA,NA,1984
BS9164,NA,NA,1984
BS9165,NA,NA,1984
BS9166,NA,NA,1984
BS9167,NA,NA,1984
BS9168,NA,NA,1984
BS9169,NA,NA,1984
BS9170,NA,NA,1984
BS9171,NA,NA,1984
BS9172,NA,NA,1984
BS9173,NA,NA,1984
BS9174,NA,NA,1984
BS9175,NA,NA,1984
BS9176,NA,NA,1984
BS9178,NA,NA,1984
BS9179,NA,NA,1984
BS9180,NA,NA,1984
BS9181,NA,NA,1984
BS9183,NA,NA,1984
BS9184,NA,NA,1984
BS9185,NA,NA,1984
BS9186,NA,NA,1984
BS9187,NA,NA,1984
BS9188,NA,NA,1984
BS9189,NA,NA,1984
BS9190,NA,NA,1984
BS9191,NA,NA,1984
BS9192,NA,NA,1984
BS9193,NA,NA,1984
BS9194,NA,NA,1984
BS9195,NA,NA,1984
BS9196,NA,NA,1984
BS9197,NA,NA,1984
BS9198,NA,NA,1984
BS9199,NA,NA,1984
BS9201,NA,NA,1984
BS9202,NA,NA,1984
BS9203,NA,NA,1984
BS9206,NA,NA,1984
BS9208,NA,NA,1984
BS9209,NA,NA,1984
BS9210,NA,NA,1984
BS9211,NA,NA,1984
BS9212,NA,NA,1984
BS9213,NA,NA,1984
BS9214,NA,NA,1984
BS9215,NA,NA,1984
BS9216,NA,NA,1984
BS9218,NA,NA,1984
BS9219,NA,NA,1984
BS9221,NA,NA,1984
BS9222,NA,NA,1984
BS9223,NA,NA,1984
BS9224,NA,NA,1984
BS9225,NA,NA,1984
BS9226,NA,NA,1984
BS9228,NA,NA,1984
BS9229,NA,NA,1984
BS9230,NA,NA,1984
BS9232,NA,NA,1984
BS9233,NA,NA,1984
BS9234,NA,NA,1984
BS9235,NA,NA,1984
BS9237,NA,NA,1984
BS9238,NA,NA,1984
BS9239,NA,NA,1984
BS9240,NA,NA,1984
BS9241,NA,NA,1984
BS9242,NA,NA,1984
BS9243,NA,NA,1984
BS9244,NA,NA,1984
BS9245,NA,NA,1984
BS9246,NA,NA,1984
BS9247,NA,NA,1984
BS9248,NA,NA,1984
BS9249,NA,NA,1984
BS9250,NA,NA,1984
BS9952,NA,NA,1984
BS9954,NA,NA,1984
BS9955,NA,NA,1984
BS9956,NA,NA,1984
BS9957,NA,NA,1984
BS9958,NA,NA,1984
BS9959,NA,NA,1984
BS9961,NA,NA,1984
BS9962,NA,NA,1984
BS9963,NA,NA,1984
BS9964,NA,NA,1984
BS9965,NA,NA,1984
BS9967,NA,NA,1984
BS9968,NA,NA,1984
BS9969,NA,NA,1984
BS9970,NA,NA,1984
BS9971,NA,NA,1984
BS9972,NA,NA,1984
BS9973,NA,NA,1984
BS9974,NA,NA,1984
BS9975,NA,NA,1984
BS9977,NA,NA,1984
BS9978,NA,NA,1984
BS9981,NA,NA,1984
BS9982,NA,NA,1984
BS9983,NA,NA,1984
BS9984,NA,NA,1984
BS9985,NA,NA,1984
BS9986,NA,NA,1984
BS9987,NA,NA,1984
BS9988,NA,NA,1984
BS9989,NA,NA,1984
BS9990,NA,NA,1984
BS9991,NA,NA,1984
BS9992,NA,NA,1984
BS9993,NA,NA,1984
BS9994,NA,NA,1984
BS9996,NA,NA,1984
BS9997,NA,NA,1984
BS9998,NA,NA,1984
BS9999,NA,NA,1984
BS10705,NA,NA,1985
BS10721,NA,NA,1985
BS10722,NA,NA,1985
BS10723,NA,NA,1985
BS10725,NA,NA,1985
BS10726,NA,NA,1985
BS10727,NA,NA,1985
BS10728,NA,NA,1985
BS10729,NA,NA,1985
BS10730,NA,NA,1985
BS10731,NA,NA,1985
BS10733,NA,NA,1985
BS10734,NA,NA,1985
BS10735,NA,NA,1985
BS10736,NA,NA,1985
BS10737,NA,NA,1985
BS10738,NA,NA,1985
BS10739,NA,NA,1985
BS10740,NA,NA,1985
BS10741,NA,NA,1985
BS10742,NA,NA,1985
BS10743,NA,NA,1985
BS10744,NA,NA,1985
BS10745,NA,NA,1985
BS10746,NA,NA,1985
BS10747,NA,NA,1985
BS10748,NA,NA,1985
BS10749,NA,NA,1985
BS10750,NA,NA,1985
BS10751,NA,NA,1985
BS10752,NA,NA,1985
BS10753,NA,NA,1985
BS10754,NA,NA,1985
BS10755,NA,NA,1985
BS10756,NA,NA,1985
BS10757,NA,NA,1985
BS10764,NA,NA,1985
BS10775,NA,NA,1985
BS10776,NA,NA,1985
BS10784,NA,NA,1985
BS10785,NA,NA,1985
BS10786,NA,NA,1985
BS10787,NA,NA,1985
BS10788,NA,NA,1985
BS10789,NA,NA,1985
BS10790,NA,NA,1985
BS10791,NA,NA,1985
BS10792,NA,NA,1985
BS10793,NA,NA,1985
BS10794,NA,NA,1985
BS10795,NA,NA,1985
BS10796,NA,NA,1985
BS10797,NA,NA,1985
BS10798,NA,NA,1985
BS10799,NA,NA,1985
BS10800,NA,NA,1985
BS10807,NA,NA,1985
BS10821,NA,NA,1985
BS10822,NA,NA,1985
BS10823,NA,NA,1985
BS10824,NA,NA,1985
BS10825,NA,NA,1985
BS10827,NA,NA,1985
BS10828,NA,NA,1985
BS10829,NA,NA,1985
BS10830,NA,NA,1985
BS10832,NA,NA,1985
BS10834,NA,NA,1985
BS10835,NA,NA,1985
BS10836,NA,NA,1985
BS10837,NA,NA,1985
BS10838,NA,NA,1985
BS10848,NA,NA,1985
BS10856,NA,NA,1985
BS10858,NA,NA,1985
BS10860,NA,NA,1985
BS10870,NA,NA,1985
BS10877,NA,NA,1985
BS10879,NA,NA,1985
BS10884,NA,NA,1985
BS10889,NA,NA,1985
BS10890,NA,NA,1985
BS10906,NA,NA,1985
BS10907,NA,NA,1985
BS10908,NA,NA,1985
BS23205,NA,NA,1985
BS23567,NA,NA,1985
BS23631,NA,NA,1985
BS25228,NA,NA,1985
BS25293,NA,NA,1985
BS25333,NA,NA,1985
BS25343,NA,NA,1985
BS25377,NA,NA,1985
BS25383,NA,NA,1985
BS27590,NA,NA,1985
BS27648,NA,NA,1985
BS11153,NA,NA,1986
BS11154,NA,NA,1986
BS11161,NA,NA,1986
BS11162,NA,NA,1986
BS11163,NA,NA,1986
BS11164,NA,NA,1986
BS11165,NA,NA,1986
BS11166,NA,NA,1986
BS11167,NA,NA,1986
BS11168,NA,NA,1986
BS11169,NA,NA,1986
BS11170,NA,NA,1986
BS11171,NA,NA,1986
BS11172,NA,NA,1986
BS11173,NA,NA,1986
BS11194,NA,NA,1986
BS11197,NA,NA,1986
BS11245,NA,NA,1986
BS11254,NA,NA,1986
BS11303,NA,NA,1986
BS25354,NA,NA,1986
BS25749,NA,NA,1986
BS11324,NA,NA,1987
BS11530,NA,NA,1987
BS11546,NA,NA,1987
BS11562,NA,NA,1987
BS11566,NA,NA,1987
BS11569,NA,NA,1987
BS11571,NA,NA,1987
BS11576,NA,NA,1987
BS11580,NA,NA,1987
BS11581,NA,NA,1987
BS11590,NA,NA,1987
BS11606,NA,NA,1987
BS11610,NA,NA,1987
BS11614,NA,NA,1987
BS11615,NA,NA,1987
BS11620,NA,NA,1987
BS11630,NA,NA,1987
BS11633,NA,NA,1987
BS11640,NA,NA,1987
BS11642,NA,NA,1987
BS11643,NA,NA,1987
BS11648,NA,NA,1987
BS11685,NA,NA,1987
BS11686,NA,NA,1987
BS11709,NA,NA,1987
BS11720,NA,NA,1987
BS11726,NA,NA,1987
BS25864,NA,NA,1987
BS11348,NA,NA,1988
BS11766,NA,NA,1988
BS11767,NA,NA,1988
BS11770,NA,NA,1988
BS11775,NA,NA,1988
BS11789,NA,NA,1988
BS11811,NA,NA,1988
BS11816,NA,NA,1988
BS11822,NA,NA,1988
BS11825,NA,NA,1988
BS11826,NA,NA,1988
BS11849,NA,NA,1988
BS11865,NA,NA,1988
BS11875,NA,NA,1988
BS11896,NA,NA,1988
BS11901,NA,NA,1988
BS11902,NA,NA,1988
BS11914,NA,NA,1988
BS11922,NA,NA,1988
BS11932,NA,NA,1988
BS23662,NA,NA,1988
BS25841,NA,NA,1988
BS27619,NA,NA,1988
BS11967,NA,NA,1989
BS11974,NA,NA,1989
BS11975,NA,NA,1989
BS12074,NA,NA,1989
BS23564,NA,NA,1989
BS27603,NA,NA,1989
BS28284,NA,NA,1989
BS9759,NA,NA,1989
BS9768,NA,NA,1989
BS9773,NA,NA,1989
BS9800,NA,NA,1989
BS9837,NA,NA,1989
BS9840,NA,NA,1989
BS9871,NA,NA,1989
BS9902,NA,NA,1989
BS9904,NA,NA,1989
BS9906,NA,NA,1989
BS9907,NA,NA,1989
BS9909,NA,NA,1989
BS9911,NA,NA,1989
BS9912,NA,NA,1989
BS9914,NA,NA,1989
BS9916,NA,NA,1989
BS9919,NA,NA,1989
BS9927,NA,NA,1989
BS9929,NA,NA,1989
BS9937,NA,NA,1989
BS12327,NA,NA,1990
BS12461,NA,NA,1990
BS12476,NA,NA,1990
BS12494,NA,NA,1990
BS12577,NA,NA,1990
BS12604,NA,NA,1990
BS12649,NA,NA,1990
BS12655,NA,NA,1990
BS12251,NA,NA,1991
BS12259,NA,NA,1991
BS12266,NA,NA,1991
BS12267,NA,NA,1991
BS12269,NA,NA,1991
BS12271,NA,NA,1991
BS12272,NA,NA,1991
BS12275,NA,NA,1991
BS12278,NA,NA,1991
BS12279,NA,NA,1991
BS12281,NA,NA,1991
BS12283,NA,NA,1991
BS12284,NA,NA,1991
BS12287,NA,NA,1991
BS12288,NA,NA,1991
BS12289,NA,NA,1991
BS12290,NA,NA,1991
BS12292,NA,NA,1991
BS12294,NA,NA,1991
BS12296,NA,NA,1991
BS12299,NA,NA,1991
BS12413,NA,NA,1991
BS12419,NA,NA,1991
BS12425,NA,NA,1991
BS12427,NA,NA,1991
BS12428,NA,NA,1991
BS12431,NA,NA,1991
BS12434,NA,NA,1991
BS12438,NA,NA,1991
BS12440,NA,NA,1991
BS12441,NA,NA,1991
BS12442,NA,NA,1991
BS12446,NA,NA,1991
BS12449,NA,NA,1991
BS12533,NA,NA,1991
BS12541,NA,NA,1991
BS12550,NA,NA,1991
BS12682,NA,NA,1991
BS12688,NA,NA,1991
BS12691,NA,NA,1991
BS12692,NA,NA,1991
BS12695,NA,NA,1991
BS12705,NA,NA,1991
BS12710,NA,NA,1991
BS12714,NA,NA,1991
BS12715,NA,NA,1991
BS12716,NA,NA,1991
BS12717,NA,NA,1991
BS12718,NA,NA,1991
BS12719,NA,NA,1991
BS12720,NA,NA,1991
BS12724,NA,NA,1991
BS12728,NA,NA,1991
BS12737,NA,NA,1991
BS12741,NA,NA,1991
BS12742,NA,NA,1991
BS12744,NA,NA,1991
BS12759,NA,NA,1991
BS12760,NA,NA,1991
BS12770,NA,NA,1991
BS25249,NA,NA,1991
BS25358,NA,NA,1991
BS25881,NA,NA,1991
BS18808,NA,NA,1992
BS18810,NA,NA,1992
BS18816,NA,NA,1992
BS18820,NA,NA,1992
BS18834,NA,NA,1992
BS18837,NA,NA,1992
BS18854,NA,NA,1992
BS18860,NA,NA,1992
BS18861,NA,NA,1992
BS18864,NA,NA,1992
BS18875,NA,NA,1992
BS18879,NA,NA,1992
BS18881,NA,NA,1992
BS18883,NA,NA,1992
BS18884,NA,NA,1992
BS18886,NA,NA,1992
BS18887,NA,NA,1992
BS18892,NA,NA,1992
BS18894,NA,NA,1992
BS18897,NA,NA,1992
BS18898,NA,NA,1992
BS18899,NA,NA,1992
BS18900,NA,NA,1992
BS18901,NA,NA,1992
BS18902,NA,NA,1992
BS18903,NA,NA,1992
BS18905,NA,NA,1992
BS18906,NA,NA,1992
BS18907,NA,NA,1992
BS18908,NA,NA,1992
BS18910,NA,NA,1992
BS18911,NA,NA,1992
BS18913,NA,NA,1992
BS18915,NA,NA,1992
BS18919,NA,NA,1992
BS18920,NA,NA,1992
BS18921,NA,NA,1992
BS18923,NA,NA,1992
BS18924,NA,NA,1992
BS18925,NA,NA,1992
BS18926,NA,NA,1992
BS18928,NA,NA,1992
BS18929,NA,NA,1992
BS18930,NA,NA,1992
BS18932,NA,NA,1992
BS18935,NA,NA,1992
BS18936,NA,NA,1992
BS18938,NA,NA,1992
BS18939,NA,NA,1992
BS18940,NA,NA,1992
BS18942,NA,NA,1992
BS18943,NA,NA,1992
BS18944,NA,NA,1992
BS18945,NA,NA,1992
BS18946,NA,NA,1992
BS18947,NA,NA,1992
BS18969,NA,NA,1992
BS18993,NA,NA,1992
BS19013,NA,NA,1992
BS19040,NA,NA,1992
BS19041,NA,NA,1992
BS19054,NA,NA,1992
BS19058,NA,NA,1992
BS12891,NA,NA,1993
BS12892,NA,NA,1993
BS12894,NA,NA,1993
BS12895,NA,NA,1993
BS12896,NA,NA,1993
BS12898,NA,NA,1993
BS19074,NA,NA,1993
BS19077,NA,NA,1993
BS19078,NA,NA,1993
BS19107,NA,NA,1993
BS19112,NA,NA,1993
BS19113,NA,NA,1993
BS19114,NA,NA,1993
BS19115,NA,NA,1993
BS19124,NA,NA,1993
BS19131,NA,NA,1993
BS19133,NA,NA,1993
BS19135,NA,NA,1993
BS19136,NA,NA,1993
BS19142,NA,NA,1993
BS19144,NA,NA,1993
BS19145,NA,NA,1993
BS19146,NA,NA,1993
BS19147,NA,NA,1993
BS19149,NA,NA,1993
BS19150,NA,NA,1993
BS19151,NA,NA,1993
BS19152,NA,NA,1993
BS19154,NA,NA,1993
BS19155,NA,NA,1993
BS19161,NA,NA,1993
BS19162,NA,NA,1993
BS19164,NA,NA,1993
BS19172,NA,NA,1993
BS19173,NA,NA,1993
BS19177,NA,NA,1993
BS19178,NA,NA,1993
BS19180,NA,NA,1993
BS19185,NA,NA,1993
BS19192,NA,NA,1993
BS19203,NA,NA,1993
BS19205,NA,NA,1993
BS19206,NA,NA,1993
BS19207,NA,NA,1993
BS19208,NA,NA,1993
BS19209,NA,NA,1993
BS19220,NA,NA,1993
BS19230,NA,NA,1993
BS19233,NA,NA,1993
BS19234,NA,NA,1993
BS19244,NA,NA,1993
BS19252,NA,NA,1993
BS19253,NA,NA,1993
BS19259,NA,NA,1993
BS19260,NA,NA,1993
BS19263,NA,NA,1993
BS19269,NA,NA,1993
BS19271,NA,NA,1993
BS19273,NA,NA,1993
BS19275,NA,NA,1993
BS19280,NA,NA,1993
BS19288,NA,NA,1993
BS19291,NA,NA,1993
BS19293,NA,NA,1993
BS19304,NA,NA,1993
BS19314,NA,NA,1993
BS19315,NA,NA,1993
BS19317,NA,NA,1993
BS19325,NA,NA,1993
BS19330,NA,NA,1993
BS19332,NA,NA,1993
BS19337,NA,NA,1993
BS19338,NA,NA,1993
BS19086,NA,NA,1994
BS19088,NA,NA,1994
BS19407,NA,NA,1994
BS19414,NA,NA,1994
BS19417,NA,NA,1994
BS19418,NA,NA,1994
BS19421,NA,NA,1994
BS19469,NA,NA,1994
BS19480,NA,NA,1994
BS19536,NA,NA,1994
BS19548,NA,NA,1994
BS19560,NA,NA,1994
BS19563,NA,NA,1994
BS19566,NA,NA,1994
BS19585,NA,NA,1994
BS19600,NA,NA,1994
BS19609,NA,NA,1994
BS19615,NA,NA,1994
BS19616,NA,NA,1994
BS19796,NA,NA,1995
BS19799,NA,NA,1995
BS19815,NA,NA,1995
BS19819,NA,NA,1995
BS19825,NA,NA,1995
BS19837,NA,NA,1995
BS19849,NA,NA,1995
BS19851,NA,NA,1995
BS19859,NA,NA,1995
BS19862,NA,NA,1995
BS19876,NA,NA,1995
BS19878,NA,NA,1995
BS19904,NA,NA,1995
BS19910,NA,NA,1995
BS19920,NA,NA,1995
BS19921,NA,NA,1995
BS19924,NA,NA,1995
BS19926,NA,NA,1995
BS19952,NA,NA,1995
BS19955,NA,NA,1995
BS19966,NA,NA,1995
BS20005,NA,NA,1995
BS20020,NA,NA,1995
BS20021,NA,NA,1995
BS20022,NA,NA,1995
BS23675,NA,NA,1995
BS28265,NA,NA,1995
BS18456,NA,NA,1996
BS19636,NA,NA,1996
BS19649,NA,NA,1996
BS19655,NA,NA,1996
BS19656,NA,NA,1996
BS19660,NA,NA,1996
BS20043,NA,NA,1996
BS20050,NA,NA,1996
BS20070,NA,NA,1996
BS20072,NA,NA,1996
BS20073,NA,NA,1996
BS20074,NA,NA,1996
BS20088,NA,NA,1996
BS20093,NA,NA,1996
BS20099,NA,NA,1996
BS20104,NA,NA,1996
BS20108,NA,NA,1996
BS20110,NA,NA,1996
BS20122,NA,NA,1996
BS20127,NA,NA,1996
BS20128,NA,NA,1996
BS20130,NA,NA,1996
BS20131,NA,NA,1996
BS20132,NA,NA,1996
BS20147,NA,NA,1996
BS20148,NA,NA,1996
BS20152,NA,NA,1996
BS20163,NA,NA,1996
BS20168,NA,NA,1996
BS20171,NA,NA,1996
BS20179,NA,NA,1996
BS20180,NA,NA,1996
BS20230,NA,NA,1996
BS20231,NA,NA,1996
BS20240,NA,NA,1996
BS20249,NA,NA,1996
BS20253,NA,NA,1996
BS20265,NA,NA,1996
BS20274,NA,NA,1996
BS20276,NA,NA,1996
BS20280,NA,NA,1996
BS20288,NA,NA,1996
BS20294,NA,NA,1996
BS28290,NA,NA,1996
BS19664,NA,NA,1997
BS19667,NA,NA,1997
BS19669,NA,NA,1997
BS19670,NA,NA,1997
BS19677,NA,NA,1997
BS19683,NA,NA,1997
BS19691,NA,NA,1997
BS19698,NA,NA,1997
BS19699,NA,NA,1997
BS19706,NA,NA,1997
BS19708,NA,NA,1997
BS19709,NA,NA,1997
BS19710,NA,NA,1997
BS19711,NA,NA,1997
BS19714,NA,NA,1997
BS19717,NA,NA,1997
BS19718,NA,NA,1997
BS19721,NA,NA,1997
BS19723,NA,NA,1997
BS19726,NA,NA,1997
BS19727,NA,NA,1997
BS19728,NA,NA,1997
BS19735,NA,NA,1997
BS19736,NA,NA,1997
BS19749,NA,NA,1997
BS19750,NA,NA,1997
BS20184,NA,NA,1997
BS20187,NA,NA,1997
BS20201,NA,NA,1997
BS20204,NA,NA,1997
BS20205,NA,NA,1997
BS20206,NA,NA,1997
BS20207,NA,NA,1997
BS20208,NA,NA,1997
BS21304,NA,NA,1997
BS21307,NA,NA,1997
BS21309,NA,NA,1997
BS21310,NA,NA,1997
BS21312,NA,NA,1997
BS21313,NA,NA,1997
BS21317,NA,NA,1997
BS21321,NA,NA,1997
BS21324,NA,NA,1997
BS21326,NA,NA,1997
BS21329,NA,NA,1997
BS21333,NA,NA,1997
BS21337,NA,NA,1997
BS21339,NA,NA,1997
BS21351,NA,NA,1997
BS21356,NA,NA,1997
BS21366,NA,NA,1997
BS21367,NA,NA,1997
BS21373,NA,NA,1997
BS21387,NA,NA,1997
BS21394,NA,NA,1997
BS21651,NA,NA,1997
BS21652,NA,NA,1997
BS21656,NA,NA,1997
BS21661,NA,NA,1997
BS21678,NA,NA,1997
BS21679,NA,NA,1997
BS21687,NA,NA,1997
BS21690,NA,NA,1997
BS21696,NA,NA,1997
BS21699,NA,NA,1997
BS21711,NA,NA,1997
BS21712,NA,NA,1997
BS21716,NA,NA,1997
BS20153,NA,NA,1998
BS20191,NA,NA,1998
BS20192,NA,NA,1998
BS20193,NA,NA,1998
BS20196,NA,NA,1998
BS20199,NA,NA,1998
BS20200,NA,NA,1998
BS20252,NA,NA,1998
BS20301,NA,NA,1998
BS20310,NA,NA,1998
BS20312,NA,NA,1998
BS20313,NA,NA,1998
BS20315,NA,NA,1998
BS20318,NA,NA,1998
BS20319,NA,NA,1998
BS20321,NA,NA,1998
BS20322,NA,NA,1998
BS20323,NA,NA,1998
BS20329,NA,NA,1998
BS20333,NA,NA,1998
BS20335,NA,NA,1998
BS20337,NA,NA,1998
BS20338,NA,NA,1998
BS20341,NA,NA,1998
BS20343,NA,NA,1998
BS20351,NA,NA,1998
BS20356,NA,NA,1998
BS20357,NA,NA,1998
BS20359,NA,NA,1998
BS20361,NA,NA,1998
BS20362,NA,NA,1998
BS20365,NA,NA,1998
BS20366,NA,NA,1998
BS20368,NA,NA,1998
BS20371,NA,NA,1998
BS20376,NA,NA,1998
BS20377,NA,NA,1998
BS20378,NA,NA,1998
BS20379,NA,NA,1998
BS20380,NA,NA,1998
BS20382,NA,NA,1998
BS20384,NA,NA,1998
BS20385,NA,NA,1998
BS20387,NA,NA,1998
BS20390,NA,NA,1998
BS20391,NA,NA,1998
BS20402,NA,NA,1998
BS20406,NA,NA,1998
BS20412,NA,NA,1998
BS20414,NA,NA,1998
BS20415,NA,NA,1998
BS20419,NA,NA,1998
BS20420,NA,NA,1998
BS20423,NA,NA,1998
BS20425,NA,NA,1998
BS20427,NA,NA,1998
BS20429,NA,NA,1998
BS20431,NA,NA,1998
BS20433,NA,NA,1998
BS20443,NA,NA,1998
BS20446,NA,NA,1998
BS20447,NA,NA,1998
BS20448,NA,NA,1998
BS20449,NA,NA,1998
BS20457,NA,NA,1998
BS20459,NA,NA,1998
BS20461,NA,NA,1998
BS20463,NA,NA,1998
BS20467,NA,NA,1998
BS20471,NA,NA,1998
BS20472,NA,NA,1998
BS20473,NA,NA,1998
BS20474,NA,NA,1998
BS20505,NA,NA,1998
BS20507,NA,NA,1998
BS20536,NA,NA,1998
BS21350,NA,NA,1998
BS21523,NA,NA,1998
BS21533,NA,NA,1998
BS21550,NA,NA,1998
BS21608,NA,NA,1998
BS21609,NA,NA,1998
BS20569,NA,NA,1999
BS20570,NA,NA,1999
BS20597,NA,NA,1999
BS20600,NA,NA,1999
BS20601,NA,NA,1999
BS20603,NA,NA,1999
BS20610,NA,NA,1999
BS20612,NA,NA,1999
BS20637,NA,NA,1999
BS20659,NA,NA,1999
BS20663,NA,NA,1999
BS20665,NA,NA,1999
BS20675,NA,NA,1999
BS20678,NA,NA,1999
BS20680,NA,NA,1999
BS20685,NA,NA,1999
BS20711,NA,NA,1999
BS20713,NA,NA,1999
BS20715,NA,NA,1999
BS20718,NA,NA,1999
BS20723,NA,NA,1999
BS20730,NA,NA,1999
BS20732,NA,NA,1999
BS20742,NA,NA,1999
BS20747,NA,NA,1999
BS20755,NA,NA,1999
BS20756,NA,NA,1999
BS20758,NA,NA,1999
BS20759,NA,NA,1999
BS20778,NA,NA,1999
BS20786,NA,NA,1999
BS20791,NA,NA,1999
BS20792,NA,NA,1999
BS21120,NA,NA,1999
BS21179,NA,NA,2000
BS21186,NA,NA,2000
BS21190,NA,NA,2000
BS21192,NA,NA,2000
BS21209,NA,NA,2000
BS21287,NA,NA,2000
BS21488,NA,NA,2000
BS21561,NA,NA,2000
BS21578,NA,NA,2000
BS21584,NA,NA,2000
BS21586,NA,NA,2000
BS21730,NA,NA,2000
BS21731,NA,NA,2000
BS21732,NA,NA,2000
BS21733,NA,NA,2000
BS21749,NA,NA,2000
BS21763,NA,NA,2000
BS21774,NA,NA,2000
BS22258,NA,NA,2001
BS22362,NA,NA,2001
BS22583,NA,NA,2001
BS22588,NA,NA,2001
BS22601,NA,NA,2001
BS22610,NA,NA,2001
BS22663,NA,NA,2001
BS22696,NA,NA,2001
BS22736,NA,NA,2001
BS22799,NA,NA,2001
BS22804,NA,NA,2001
BS22844,NA,NA,2001
BS22853,NA,NA,2001
BS22040,NA,NA,2002
BS22883,NA,NA,2002
BS22912,NA,NA,2002
BS22928,NA,NA,2002
BS22993,NA,NA,2002
BS22995,NA,NA,2002
BS23040,NA,NA,2002
BS23090,NA,NA,2002
BS23096,NA,NA,2002
BS23123,NA,NA,2002
BS23137,NA,NA,2002
BS23144,NA,NA,2002
BS23587,NA,NA,2003
BS23678,NA,NA,2003
BS23724,NA,NA,2003
BS23760,NA,NA,2003
BS23775,NA,NA,2003
BS25122,NA,NA,2003
BS25136,NA,NA,2003
BS25259,NA,NA,2003
BS25471,NA,NA,2004
BS25476,NA,NA,2004
BS25536,NA,NA,2004
BS25558,NA,NA,2004
BS25565,NA,NA,2004
BS25573,NA,NA,2004
BS25607,NA,NA,2004
BS25659,NA,NA,2004
BS25662,NA,NA,2004
BS25689,NA,NA,2004
BS25722,NA,NA,2004
BS25979,NA,NA,2005
BS25988,NA,NA,2005
BS25990,NA,NA,2005
BS25999,NA,NA,2005
BS26515,NA,NA,2005
BS26532,NA,NA,2005
BS26536,NA,NA,2005
BS26547,NA,NA,2005
BS26565,NA,NA,2005
BS26576,NA,NA,2005
BS26581,NA,NA,2005
BS26592,NA,NA,2005
BS26597,NA,NA,2005
BS26625,NA,NA,2005
BS26632,NA,NA,2005
BS26657,NA,NA,2005
BS26658,NA,NA,2005
BS26659,NA,NA,2005
BS26667,NA,NA,2005
BS26668,NA,NA,2005
BS26670,NA,NA,2005
BS26681,NA,NA,2005
BS26683,NA,NA,2005
BS26692,NA,NA,2005
BS26731,NA,NA,2005
BS26746,NA,NA,2005
BS25454,NA,NA,2006
BS25788,NA,NA,2006
BS25895,NA,NA,2006
BS27513,NA,NA,2006
BS27672,NA,NA,2007
BS27685,NA,NA,2007
BS27691,NA,NA,2007
BS27741,NA,NA,2007
BS27849,NA,NA,2007
BS27864,NA,NA,2007
BS27866,NA,NA,2007
BS27900,NA,NA,2007
BS28017,NA,NA,2007
BS28023,NA,NA,2007
BS28036,NA,NA,2007
BS27916,NA,NA,2008
BS27942,NA,NA,2008
BS27959,NA,NA,2008
BS27975,NA,NA,2008
BS27981,NA,NA,2008
BS27990,NA,NA,2008
BS27994,NA,NA,2008
BS28066,NA,NA,2008
BS28067,NA,NA,2008
BS28068,NA,NA,2008
BS28070,NA,NA,2008
BS28072,NA,NA,2008
BS28073,NA,NA,2008
BS28089,NA,NA,2008
BS28093,NA,NA,2008
BS28106,NA,NA,2008
BS28109,NA,NA,2008
BS28116,NA,NA,2008
BS28120,NA,NA,2008
BS28121,NA,NA,2008
BS28127,NA,NA,2008
BS28132,NA,NA,2008
BS28136,NA,NA,2008
BS28141,NA,NA,2008
BS28147,NA,NA,2008
BS28160,NA,NA,2008
BS28173,NA,NA,2008
BS28176,NA,NA,2008
BS28178,NA,NA,2008
BS28181,NA,NA,2008
BS28182,NA,NA,2008
BS28253,NA,NA,2008
BS28346,NA,NA,2008
BS28269,NA,NA,2009
BS28303,NA,NA,2009
BS28310,NA,NA,2009
BS28338,NA,NA,2009
BS28348,NA,NA,2009
BS28351,NA,NA,2009
BS28353,NA,NA,2009
BS28367,NA,NA,2009
BS28376,NA,NA,2009
BS28377,NA,NA,2009
BS28392,NA,NA,2009
BS28396,NA,NA,2009
BS28416,NA,NA,2009
BS28419,NA,NA,2009
BS28421,NA,NA,2009
BS28426,NA,NA,2009
BS28431,NA,NA,2009
BS28443,NA,NA,2009
BS28447,NA,NA,2009
BS28455,NA,NA,2009
BS28475,NA,NA,2009
BS28476,NA,NA,2009
BS28477,NA,NA,2009
BS28486,NA,NA,2009
BS28488,NA,NA,2009
BS28490,NA,NA,2009
BS28492,NA,NA,2009
BS28495,NA,NA,2009
BS28497,NA,NA,2009
BS28500,NA,NA,2009
BS28501,NA,NA,2009
BS28503,NA,NA,2009
BS28516,NA,NA,2009
BS28518,NA,NA,2009
BS28537,NA,NA,2009
BS28548,NA,NA,2009
BS28557,NA,NA,2009
BS28558,NA,NA,2009
BS28571,NA,NA,2009
BS28582,NA,NA,2009
BS28583,NA,NA,2009
BS28584,NA,NA,2009
BS28598,NA,NA,2010
BS28601,NA,NA,2010
BS28607,NA,NA,2010
BS28613,NA,NA,2010
BS28618,NA,NA,2010
BS28628,NA,NA,2010
BS28704,NA,NA,2010
BS28709,NA,NA,2010
BS28737,NA,NA,2010
BS28750,NA,NA,2010
BS28754,NA,NA,2010
BS28755,NA,NA,2010
BS28761,NA,NA,2010
BS28774,NA,NA,2010
BS28779,NA,NA,2010
BS28783,NA,NA,2010
BS28784,NA,NA,2010
BS28807,NA,NA,2010
BS28809,NA,NA,2010
BS28812,NA,NA,2010
BS28814,NA,NA,2010
BS28816,NA,NA,2010
BS28817,NA,NA,2010
BS28829,NA,NA,2010
BS28841,NA,NA,2010
BS28853,NA,NA,2010
BS28855,NA,NA,2010
BS28856,NA,NA,2010
BS28858,NA,NA,2010
BS28860,NA,NA,2010
BS28864,NA,NA,2010
BS28869,NA,NA,2010
BS28871,NA,NA,2010
BS28872,NA,NA,2010
BS28879,NA,NA,2010
BS28889,NA,NA,2010
BS28901,NA,NA,2010
BS28907,NA,NA,2010
BS28922,NA,NA,2010
BS28932,NA,NA,2010
BS28650,NA,NA,2011
BS28962,NA,NA,2011
BS28997,NA,NA,2011
BS29754,NA,NA,2011
BS29761,NA,NA,2011
BS29762,NA,NA,2011
BS29792,NA,NA,2011
BS29810,NA,NA,2011
BS29819,NA,NA,2011
BS29822,NA,NA,2011
BS29854,NA,NA,2011
BS29865,NA,NA,2011
BS29866,NA,NA,2011
BS29879,NA,NA,2011
BS28680,NA,NA,2012
BS30016,NA,NA,2012
BS30024,NA,NA,2012
BS30094,NA,NA,2012
BS30103,NA,NA,2012
BS30106,NA,NA,2012
BS30165,NA,NA,2012
BS30180,NA,NA,2012
BS30181,NA,NA,2012
BS30188,NA,NA,2012
BS30195,NA,NA,2012
BS30212,NA,NA,2012
BS31653,NA,NA,2012
BS30145,NA,NA,2013
BS30262,NA,NA,2013
BS30265,NA,NA,2013
BS30267,NA,NA,2013
BS30315,NA,NA,2013
BS31025,NA,NA,2013
BS31028,NA,NA,2013
BS31036,NA,NA,2013
BS31051,NA,NA,2013
BS31052,NA,NA,2013
BS31083,NA,NA,2013
BS31097,NA,NA,2013
BS31213,NA,NA,2013
BS31215,NA,NA,2013
BS31218,NA,NA,2013
BS31101,NA,NA,2014
BS31109,NA,NA,2014
BS31144,NA,NA,2014
BS31155,NA,NA,2014
BS31162,NA,NA,2014
BS31174,NA,NA,2014
BS31182,NA,NA,2014
BS31304,NA,NA,2014
BS31311,NA,NA,2014
BS31315,NA,NA,2014
BS31339,NA,NA,2014
BS31340,NA,NA,2014
BS31347,NA,NA,2014
BS31371,NA,NA,2014
BS31401,NA,NA,2014
BS31442,NA,NA,2014
BS31448,NA,NA,2014
BS31476,NA,NA,2014
BS30363,NA,NA,2015
BS30472,NA,NA,2015
BS30478,NA,NA,2015
BS31187,NA,NA,2015
BS31255,NA,NA,2015
BS31260,NA,NA,2015
BS31262,NA,NA,2015
BS31289,NA,NA,2015
BS31530,NA,NA,2015
BS32759,NA,NA,2015
BS32763,NA,NA,2015
BS32802,NA,NA,2015
BS32842,NA,NA,2015
BS32847,NA,NA,2015
BS32849,NA,NA,2015
BS32858,NA,NA,2015
BS31672,NA,NA,2016
BS31680,NA,NA,2016
BS31693,NA,NA,2016
BS31696,NA,NA,2016
BS31714,NA,NA,2016
BS32917,NA,NA,2016
BS32923,NA,NA,2016
BS32930,NA,NA,2016
BS32934,NA,NA,2016
BS32968,NA,NA,2016
BS33254,NA,NA,2016
BS33264,NA,NA,2016
BS33269,NA,NA,2016
BS33355,NA,NA,2016
BS33356,NA,NA,2016
BS33388,NA,NA,2016
BS31554,NA,NA,2017
BS31585,NA,NA,2017
BS31613,NA,NA,2017
BS31617,NA,NA,2017
BS31627,NA,NA,2017
BS31641,NA,NA,2017
BS31725,NA,NA,2017
BS32961,NA,NA,2017
BS32978,NA,NA,2017
BS33020,NA,NA,2017
BS33407,NA,NA,2017
BS33408,NA,NA,2017
BS33416,NA,NA,2017
BS33449,NA,NA,2017
BS33458,NA,NA,2017
BS33484,NA,NA,2017
BS33491,NA,NA,2017
BS1407,NA,NA,1970
BS20701,NA,NA,1999
BS21726,NA,NA,1999
BS22542,NA,NA,2001
BS25339,NA,NA,2004
BS25745,NA,NA,2005
BS25754,NA,NA,2005
BS28258,NA,NA,2009
BS28271,NA,NA,2009
BS28285,NA,NA,2009
BS28295,NA,NA,2010
BS28408,NA,NA,2009
BS28586,NA,NA,2010
BS28637,NA,NA,2011
BS28644,NA,NA,2011
BS28652,NA,NA,2012
BS28655,NA,NA,2012
BS28657,NA,NA,2012
BS3,NA,NA,1967
BS30153,NA,NA,2013
BS30342,NA,NA,2013
BS30346,NA,NA,2013
BS30353,NA,NA,2014
BS30355,NA,NA,2014
BS30435,NA,NA,2017
BS30439,NA,NA,2015
BS31191,NA,NA,2015
BS31236,NA,NA,2014
BS31240,NA,NA,2014
BS31244,NA,NA,2015
BS31543,NA,NA,2017
BS31544,NA,NA,2017
BS33107,NA,NA,2018
CF3141,CF3105,CF115,1966
CF3143,CF3128,CF3125,1966
CF3145,CF122,52843246,1966
CF3232,CF3797,CF3131,1966
CF3246,CF3789,CF3133,1966
CF3301,CF3796,52843216,1966
CF3302,CF3539,CF3122,1966
CF3306,CF3049,CF3107,1966
CF3307,BS1790,CF3108,1966
CF3308,CF3527,CF3530,1966
CF3314,CF4464,CF3547,1966
CF3315,CF3048,CF3118,1966
CF3316,CF3106,52843220,1966
BS109,BS92,BS61,1967
BS110,BS60,BS10,1967
BS117,BS15,BS16,1967
BS132,BS41,BS1393,1967
BS138,BS17,BS25827,1967
BS141,BS9,BS21,1967
BS146,BS34,BS72,1967
CF3248,CF3535,CF3389,1967
BS734,BS152,BS188,1968
BS735,CF3128,CF3125,1968
BS738,BS1758,CF3385,1968
BS740,CF3527,CF3530,1968
BS741,BS1790,CF3108,1968
BS745,CF157,BS10,1968
BS748,CF3551,BS1754,1968
BS749,BS319,52843208,1968
BS750,CF122,52843246,1968
BS752,BS323,CF3148,1968
BS756,CF3535,CF3785,1968
BS757,CF3789,CF3133,1968
BS758,CF3795,CF3537,1968
BS759,CF108,BS163,1968
BS762,BS315,BS159,1968
BS1196,52843247,CF3078,1969
BS1198,CF3184,CF131,1969
BS1199,52843203,CF4480,1969
BS1201,CF4468,CF3161,1969
BS1202,CF4476,BS50,1969
BS1203,BS32,CF3380,1969
BS1205,CF3105,CF115,1969
BS1206,CF4451,CF3160,1969
BS1207,BS29,CF3171,1969
BS1208,CF4486,CF4467,1969
BS1209,BS9,CF4466,1969
BS1210,BS25,CF3170,1969
BS1211,CF3048,CF3119,1969
BS1216,CF3372,BS1757,1969
BS1217,BS7,BS4764,1969
BS1219,CF3504,CF4485,1969
BS1220,BS4,CF3506,1969
BS1223,BS1763,CF3075,1969
BS1224,CF4464,CF3547,1969
BS1527,CF3153,CF3154,1970
BS4593,BS1763,CF3075,1971
BS4594,BS1790,CF3530,1971
BS4596,BS5,CF3369,1971
BS4597,BS9,CF4466,1971
BS4598,CF4468,CF3161,1971
BS4600,CF3128,CF3125,1971
BS4601,BS25,CF3170,1971
BS4604,BS37,BS1756,1971
BS4605,CF3372,BS1757,1971
BS4606,BS1758,CF3385,1971
BS4611,BS315,CF4458,1971
BS4613,CF3184,CF131,1971
BS4614,CF4457,BS1303,1971
BS4615,BS1755,CF130,1971
BS4617,CF4476,BS50,1971
BS4618,CF3795,CF3537,1971
BS4619,BS32,CF3380,1971
BS4620,BS1767,CF3378,1971
BS22506,CF3048,CF3119,1972
BS25388,BS323,CF3148,1972
BS5048,BS1524,BS1526,1972
BS5049,CF4486,CF4467,1972
BS5050,CF3043,BS8,1972
BS5054,BS34,CF3384,1972
BS5056,BS396,CF4490,1972
BS5057,CF6212,BS356,1972
BS5059,BS152,BS188,1972
BS5060,BS4,CF115,1972
BS5062,BS1782,BS1311,1972
BS5064,BS404,CF3126,1972
BS5065,BS189,BS807,1972
BS5068,CF4462,CF3374,1972
BS5071,CF3507,CF4494,1972
BS5073,BS196,BS411,1972
BS5074,BS409,BS19095,1972
BS5076,CF3513,BS4752,1972
BS5078,BS14,CF3370,1972
BS5079,BS168,CF3547,1972
BS5080,BS4772,BS1754,1972
BS5081,BS48,CF3390,1972
BS5082,BS1003,CF4495,1972
BS5084,CF4482,BS49,1972
BS5086,BS15,CF3389,1972
BS5087,BS193,BS1975,1972
BS5088,BS198,CF3376,1972
BS25386,BS323,CF3148,1974
BS9301,BS198,CF3376,1974
BS9303,BS1006,CF3155,1974
BS9305,BS409,BS19095,1974
BS9307,BS5,BS199,1974
BS9309,BS1524,BS1526,1974
BS9310,BS4,CF115,1974
BS9311,BS1782,BS1311,1974
BS9312,BS25,CF3170,1974
BS9314,BS404,CF3126,1974
BS9315,CF6212,BS356,1974
BS9316,BS396,CF4490,1974
BS9317,BS34,CF3384,1974
BS9325,CF3372,BS1757,1974
BS9327,BS192,CF3373,1974
BS9329,CF4462,CF3374,1974
BS9330,BS8187,BS329,1974
BS9331,CF3507,CF4494,1974
BS9332,BS32,CF3380,1974
BS9333,BS15,BS6213,1974
BS9335,BS21159,BS21402,1974
BS9336,BS48,CF3390,1974
BS9337,CF3513,BS4752,1974
BS9338,BS168,CF3547,1974
BS9339,BS1755,CF130,1974
BS21795,BS21159,BS21402,1976
BS27823,BS21642,BS4737,1976
BS6924,BS6646,BS1311,1976
BS6925,BS37,BS1756,1976
BS6927,BS34,CF3384,1976
BS6929,BS6196,BS1822,1976
BS6930,BS5,BS199,1976
BS6931,BS198,CF3376,1976
BS6933,CF3173,BS49,1976
BS6934,CF3028,CF4495,1976
BS6965,BS168,CF3547,1976
BS6966,BS323,CF3148,1976
BS6967,BS164,CF3168,1976
BS6968,BS21403,CF4487,1976
BS6971,BS48,CF3390,1976
BS6973,BS1763,CF3075,1976
BS6974,BS1790,CF3530,1976
BS6975,BS5201,BS1752,1976
BS6978,BS6195,BS1011,1976
BS6979,CF3507,CF4494,1976
BS6980,BS21526,BS358,1976
BS21558,BS6207,BS388,1977
BS21776,BS1758,CF3385,1977
BS21780,CF4469,BS5251,1977
BS22876,BS1338,BS1520,1977
BS23617,BS1956,BS5279,1977
BS25240,BS35,BS28,1977
BS25290,BS22503,BS6082,1977
BS25310,CF3294,BS1952,1977
BS25315,BS377,BS5280,1977
BS25320,BS7283,BS363,1977
BS25340,BS5266,BS172,1977
BS25341,BS5313,BS1852,1977
BS25405,BS4981,BS6061,1977
BS25420,BS1855,CF5761,1977
BS25468,BS1960,CF4527,1977
BS25850,BS5230,BS4731,1977
BS27646,CF3880,BS1685,1977
BS9402,BS6462,CF3830,1977
BS9403,BS423,BS1024,1977
BS9404,CF4563,BS6469,1977
BS9405,BS1021,CF3834,1977
BS9406,BS5310,BS1850,1977
BS9407,BS1410,BS1043,1977
BS9411,BS5331,CF3757,1977
BS9413,CF3766,CF3841,1977
BS9416,BS6186,BS961,1977
BS9418,BS1891,BS6054,1977
BS9419,BS1463,BS1716,1977
BS9420,BS5340,BS5351,1977
BS9421,BS5379,BS1423,1977
BS9422,BS1086,CF3801,1977
BS9423,BS11333,BS4568,1977
BS9425,BS6253,BS6055,1977
BS9433,BS5316,BS1870,1977
BS9434,BS1056,CF4407,1977
BS9435,BS4947,CF4412,1977
BS9437,BS6423,CF4403,1977
BS9438,BS4564,BS25395,1977
BS9439,BS5371,CF4404,1977
BS9441,BS23603,BS1066,1977
BS9442,BS5343,BS495,1977
BS9443,CF3863,BS494,1977
BS9445,BS6188,BS1499,1977
BS9446,BS5333,BS5350,1977
BS9449,BS440,BS4558,1977
BS9451,BS1858,BS6770,1977
BS9452,BS7256,BS1473,1977
BS9453,BS5323,BS6688,1977
BS9454,BS27647,BS7257,1977
BS9455,BS478,BS1740,1977
BS9457,BS6451,BS933,1977
BS9458,BS6417,BS5870,1977
BS9459,BS1496,BS932,1977
BS9461,BS4575,CF3882,1977
BS9462,BS1934,BS920,1977
BS9463,BS477,BS4792,1977
BS9464,BS6128,BS912,1977
BS9465,BS6173,BS1478,1977
BS9466,BS6691,BS6698,1977
BS9468,BS5287,BS457,1977
BS9470,BS1909,BS10460,1977
BS9471,CF3894,BS887,1977
BS9472,BS5400,BS893,1977
BS9473,BS4930,BS995,1977
BS9474,CF3891,BS6438,1977
BS9475,CF3893,BS5305,1977
BS9477,CF3888,BS6205,1977
BS9478,BS1921,BS4907,1977
BS9479,BS6765,BS5394,1977
BS9480,BS4910,BS26,1977
BS9481,BS4971,BS4982,1977
BS9482,BS307,CF3104,1977
BS9483,BS396,CF4490,1977
BS9485,CF3043,BS8,1977
BS9486,BS1313,CF3365,1977
BS9487,BS1991,BS356,1977
BS9489,BS5202,CF3514,1977
BS9490,CF3045,CF3174,1977
BS9493,BS8187,BS329,1977
BS9495,BS409,BS19095,1977
BS9496,BS404,CF3126,1977
BS9497,BS27801,BS21168,1977
BS9498,BS193,BS1975,1977
BS9499,BS5211,BS1314,1977
BS9500,BS1971,BS359,1977
BS9502,BS32,CF3380,1977
BS9503,BS25248,BS6758,1977
BS9504,BS714,BS21754,1977
BS9506,CF4457,BS1303,1977
BS9507,BS315,CF4458,1977
BS9509,BS1332,BS4738,1977
BS9513,CF137,CF3111,1977
BS9514,BS1327,BS21756,1977
BS9516,BS11994,BS1802,1977
BS9518,BS1381,BS6081,1977
BS9519,BS23241,BS4774,1977
BS9520,CF4497,BS5245,1977
BS9521,BS7281,CF4499,1977
BS9522,CF3136,BS5199,1977
BS9523,BS1380,BS349,1977
BS9526,BS21156,BS4733,1977
BS9527,BS5207,BS21622,1977
BS9528,BS1383,BS5831,1977
BS9529,CF4507,BS348,1977
BS9531,BS5001,BS6199,1977
BS9534,BS1817,BS1998,1977
BS9535,BS346,CF4512,1977
BS9538,BS15,BS163,1977
BS9543,BS5139,BS4760,1977
BS9544,BS4553,CF4537,1977
BS9546,BS25316,CF3164,1977
BS9551,BS1808,BS6656,1977
BS9552,BS2000,BS1333,1977
BS9556,BS1775,CF4518,1977
BS9558,BS5835,BS5824,1977
BS9567,BS1509,BS1363,1977
BS9572,BS21527,BS5836,1977
BS19402,BS6152,BS6100,1980
BS21145,BS8169,BS25743,1980
BS21794,BS1078,BS969,1980
BS23558,BS6182,BS7272,1980
BS23643,BS1045,BS1409,1980
BS25223,BS1397,CF3831,1980
BS8001,BS4556,BS419,1980
BS8002,BS1020,BS421,1980
BS8005,BS1038,CF3842,1980
BS8006,CF6174,BS11325,1980
BS8007,BS6763,BS1948,1980
BS8009,BS25206,BS5376,1980
BS8010,BS1846,BS5327,1980
BS8013,BS5316,BS1870,1980
BS8042,BS21614,BS6098,1980
BS8045,BS7632,BS4573,1980
BS8046,BS6107,BS6422,1980
BS8048,CF4563,BS6469,1980
BS8213,BS21155,BS6095,1980
BS8216,BS4957,BS5337,1980
BS8218,BS9646,BS6464,1980
BS8219,BS11327,BS991,1980
BS8221,BS19627,BS1723,1980
BS8223,BS1915,BS1725,1980
BS8224,BS1463,BS4959,1980
BS8225,BS6693,BS1431,1980
BS8227,BS1058,BS974,1980
BS8231,BS9684,BS1718,1980
BS8232,BS23605,BS5329,1980
BS10302,BS1915,BS494,1983
BS10305,BS6253,BS6465,1983
BS10306,BS9647,BS5328,1983
BS10308,BS11333,BS1722,1983
BS10311,BS1885,BS4959,1983
BS10312,BS1086,CF3801,1983
BS10314,CF4509,BS6692,1983
BS10315,BS1938,BS925,1983
BS10316,BS6691,BS6698,1983
BS10318,BS5233,BS6113,1983
BS10319,BS6118,BS6190,1983
BS10320,BS4581,BS6146,1983
BS10321,BS1858,BS899,1983
BS10331,BS9020,BS6104,1983
BS10332,BS1903,BS835,1983
BS10334,BS5287,BS887,1983
BS10335,BS6148,BS1820,1983
BS10361,BS35,BS28,1983
BS10362,BS4971,BS4982,1983
BS10363,BS1972,BS7624,1983
BS10372,BS34,CF3384,1983
BS10373,BS1313,BS4993,1983
BS10375,BS409,BS19095,1983
BS10384,BS315,CF4458,1983
BS10388,BS714,BS21754,1983
BS10390,BS32,CF3380,1983
BS10392,BS21642,BS21160,1983
BS10393,BS25248,BS6758,1983
BS10432,BS27801,BS21168,1983
BS21133,BS6232,BS6697,1983
BS21549,BS6423,CF4403,1983
BS22953,BS5225,BS25827,1983
BS23219,BS7629,BS7291,1983
BS23232,BS152,BS25282,1983
BS23242,BS6417,BS5870,1983
BS23644,BS5387,BS1679,1983
BS25337,CF4469,BS5251,1983
BS25355,BS48,BS1794,1983
BS25376,BS20035,BS25294,1983
BS27620,CF3880,BS1685,1983
BS27702,BS5310,BS1850,1983
BS9043,BS192,BS7623,1983
BS9057,BS6462,CF3830,1983
BS9060,BS1702,BS4962,1983
BS9061,BS9642,BS6167,1983
BS9062,BS1855,BS25620,1983
BS9063,BS21408,CF3848,1983
BS9064,BS1400,BS6183,1983
BS9066,BS1963,CF4575,1983
BS9067,BS1032,BS1860,1983
BS9068,BS4947,CF4412,1983
BS9072,BS4564,BS25395,1983
BS9074,BS5316,BS1870,1983
BS9076,BS7256,BS1473,1983
BS9080,BS4566,CF3875,1983
BS9081,BS1857,BS479,1983
BS9085,CF3876,BS939,1983
BS9086,BS6782,BS6223,1983
BS9094,BS4915,BS5354,1983
BS9095,BS1896,BS4953,1983
BS9096,BS21799,BS25742,1983
BS9099,BS4572,BS11320,1983
BS10702,BS9642,BS1395,1985
BS10703,BS9681,BS6791,1985
BS10704,BS1702,BS4962,1985
BS10706,BS1963,CF4575,1985
BS10707,BS10544,BS1947,1985
BS10709,BS1056,CF4407,1985
BS10711,BS4947,CF4412,1985
BS10714,BS21408,CF3848,1985
BS10715,BS20051,BS6150,1985
BS10719,BS1855,BS11325,1985
BS10720,BS1032,BS1860,1985
BS10758,BS21799,BS25742,1985
BS10759,BS21155,BS6095,1985
BS10762,CF4401,BS6057,1985
BS10765,BS6255,BS6242,1985
BS10766,BS19627,BS25867,1985
BS10767,BS9646,BS6464,1985
BS10771,BS7629,BS7291,1985
BS10772,BS9684,BS6240,1985
BS10774,BS1086,CF3801,1985
BS10777,BS11333,BS1722,1985
BS10778,BS1885,BS4959,1985
BS10779,BS6232,BS6697,1985
BS10780,BS11327,BS23237,1985
BS10783,BS1058,BS974,1985
BS10802,BS20035,BS25294,1985
BS10806,BS8187,BS329,1985
BS10810,BS5225,BS25827,1985
BS10814,BS192,BS7623,1985
BS10815,CF3045,CF3174,1985
BS10820,BS1313,BS4993,1985
BS10840,BS6782,BS6223,1985
BS10841,CF3876,BS939,1985
BS10842,BS5387,BS1679,1985
BS10844,BS1688,BS1936,1985
BS10847,BS6417,BS5870,1985
BS10852,BS10552,BS6418,1985
BS10853,BS1938,BS925,1985
BS10854,BS21630,BS4790,1985
BS10859,BS1903,BS835,1985
BS10862,BS21457,BS4578,1985
BS10865,BS6148,BS1820,1985
BS10866,BS5400,BS4934,1985
BS10868,BS4581,BS6146,1985
BS10869,BS5233,BS6113,1985
BS10873,BS4577,BS6260,1985
BS10878,BS21631,BS6063,1985
BS10880,BS25430,BS6411,1985
BS10881,BS35,BS28,1985
BS10885,BS714,BS21754,1985
BS10902,BS48,BS1794,1985
BS22871,BS19767,BS61,1985
BS23559,BS4564,BS25395,1985
BS25201,CF4509,BS6692,1985
BS25210,BS5333,BS5350,1985
BS25422,BS6462,CF3830,1985
BS25821,BS6253,BS6465,1985
BS25873,BS4765,BS25239,1985
BS27614,BS5316,BS1870,1985
BS27813,CF4523,BS21170,1985
BS27929,BS6680,BS6762,1985
BS11155,BS441,BS22523,1986
BS11156,BS21159,BS21402,1986
BS11160,BS25248,BS6758,1986
BS11177,BS5010,BS4555,1986
BS11178,CF4493,BS1317,1986
BS11179,BS6172,BS1522,1986
BS11180,BS8513,BS21781,1986
BS11184,CF3339,BS1375,1986
BS11185,BS23241,BS4774,1986
BS11187,BS7281,BS4732,1986
BS11188,CF3178,BS4735,1986
BS11189,CF137,BS1525,1986
BS11190,BS19062,BS1803,1986
BS11193,CF4476,BS355,1986
BS11200,BS7298,CF4530,1986
BS11201,BS5288,BS4950,1986
BS11202,BS9641,BS6258,1986
BS11204,CF4563,BS6469,1986
BS11205,BS4948,BS6421,1986
BS11206,CF4561,BS5312,1986
BS11208,BS5332,BS5373,1986
BS11209,BS25206,BS5376,1986
BS11210,BS6763,BS1948,1986
BS11214,BS1042,BS4565,1986
BS11217,BS957,BS6783,1986
BS11218,BS4957,BS5337,1986
BS11219,BS5340,BS1879,1986
BS11221,BS8169,BS25743,1986
BS11222,BS21442,BS5385,1986
BS11224,BS1073,BS1694,1986
BS11225,BS6424,BS10545,1986
BS11228,BS7632,BS4573,1986
BS11229,BS1896,BS4953,1986
BS11230,BS20054,BS4770,1986
BS11231,BS10550,BS932,1986
BS11232,BS6124,BS6244,1986
BS11234,BS6125,BS6686,1986
BS11238,BS4939,BS455,1986
BS11240,BS6691,BS6701,1986
BS11242,BS11995,BS903,1986
BS11243,BS4575,BS457,1986
BS11246,BS5287,BS887,1986
BS11251,BS10553,BS6191,1986
BS11252,BS22534,BS874,1986
BS11255,BS8693,BS6790,1986
BS11259,BS1918,BS849,1986
BS11260,BS4909,BS22529,1986
BS11261,BS11139,BS5194,1986
BS11262,BS4997,BS23224,1986
BS11264,BS22874,BS8692,1986
BS11265,BS5275,BS5236,1986
BS11268,BS6756,BS10502,1986
BS11270,BS25314,BS5012,1986
BS11271,BS21621,BS19047,1986
BS11273,BS1985,BS6661,1986
BS11275,BS1956,BS5279,1986
BS11276,BS7283,BS7295,1986
BS11277,BS25308,BS25309,1986
BS11284,BS5,BS199,1986
BS11285,CF3043,BS1784,1986
BS11290,CF3367,BS5808,1986
BS11295,BS6646,BS1311,1986
BS11296,BS4971,BS4982,1986
BS11305,BS6786,BS9802,1986
BS11307,BS9644,BS863,1986
BS11308,BS6456,BS1926,1986
BS11309,BS6768,BS5363,1986
BS11310,BS21417,BS5304,1986
BS11311,BS6178,BS6137,1986
BS11312,BS21451,BS21143,1986
BS11313,BS5298,BS1900,1986
BS22900,BS23603,BS8170,1986
BS23230,BS5009,CF3102,1986
BS25338,BS808,BS33,1986
BS25428,BS23608,BS22519,1986
BS25757,BS10547,BS6121,1986
BS27587,BS25817,BS21755,1986
BS27594,BS1524,BS1526,1986
BS27613,BS6687,BS5234,1986
BS27913,BS6132,BS897,1986
BS27925,BS5331,CF3757,1986
BS27928,BS1846,BS5327,1986
BS28053,BS164,CF3168,1986
BS28057,BS1964,CF3170,1986
BS11533,BS6196,BS1822,1987
BS11538,BS8242,BS5023,1987
BS11539,BS5024,BS9038,1987
BS11540,BS5025,BS10665,1987
BS11543,BS1961,BS5805,1987
BS11545,BS22502,BS5206,1987
BS11547,BS377,BS5280,1987
BS11549,BS5139,BS10625,1987
BS11550,BS317,BS1014,1987
BS11553,BS79,BS25813,1987
BS11555,BS1389,BS11134,1987
BS11557,BS9033,BS4729,1987
BS11574,BS5032,CF3399,1987
BS11575,BS1812,BS5832,1987
BS11582,BS2100,BS4775,1987
BS11584,BS5835,BS7297,1987
BS11585,BS15,BS9039,1987
BS11588,BS1988,BS5241,1987
BS11589,BS11994,BS1802,1987
BS11594,BS307,BS20560,1987
BS11595,BS5242,BS1799,1987
BS11599,CF4523,BS21170,1987
BS11607,BS8514,BS6516,1987
BS11608,BS27801,BS21168,1987
BS11612,BS20034,BS1983,1987
BS11616,BS8187,BS329,1987
BS11618,BS5225,BS25827,1987
BS11621,BS1758,BS19094,1987
BS11623,BS4765,BS25239,1987
BS11628,BS21526,CF3126,1987
BS11629,BS152,BS25282,1987
BS11631,BS35,BS28,1987
BS11634,BS25469,BS7624,1987
BS11636,CF3795,CF3148,1987
BS11637,BS22870,BS25225,1987
BS11638,BS9027,BS22511,1987
BS11639,BS9034,CF3519,1987
BS11641,BS10917,CF4591,1987
BS11645,BS10628,BS25806,1987
BS11647,BS25839,BS5836,1987
BS11652,BS5810,BS5216,1987
BS11655,BS6462,CF3830,1987
BS11656,BS423,BS1024,1987
BS11658,BS9629,BS5358,1987
BS11660,BS1702,BS4962,1987
BS11661,BS9642,BS6167,1987
BS11662,BS5313,BS1043,1987
BS11665,BS1032,BS1860,1987
BS11667,BS20051,BS6150,1987
BS11670,BS4564,BS25395,1987
BS11673,BS1086,CF3801,1987
BS11674,BS6232,BS6697,1987
BS11675,BS11323,BS6430,1987
BS11676,BS11059,BS6431,1987
BS11677,BS23204,BS979,1987
BS11679,BS11327,BS23237,1987
BS11680,BS7629,BS7291,1987
BS11683,BS21155,BS6095,1987
BS11687,BS6253,BS5328,1987
BS11688,BS23605,BS6056,1987
BS11689,BS5333,BS5350,1987
BS11690,CF4401,BS6057,1987
BS11691,BS11339,CF3875,1987
BS11693,BS6782,BS6223,1987
BS11697,BS8247,BS6416,1987
BS11701,BS27647,BS7257,1987
BS11702,BS1320,BS22861,1987
BS11703,BS10552,BS6418,1987
BS11705,BS21630,BS4790,1987
BS11708,BS454,BS912,1987
BS11717,BS6680,BS6762,1987
BS11719,BS21631,BS6063,1987
BS11721,BS25430,BS6411,1987
BS11723,BS7380,BS4907,1987
BS11727,BS5286,BS6177,1987
BS11731,CF3888,BS4925,1987
BS11734,BS25406,BS6766,1987
BS11736,BS4910,BS26,1987
BS11737,BS20037,BS4438,1987
BS11738,BS446,BS6444,1987
BS11739,BS6455,BS28280,1987
BS11740,BS6162,BS5365,1987
BS23566,BS714,BS21754,1987
BS25307,BS21642,BS3798,1987
BS25412,BS6065,BS11330,1987
BS25842,BS11340,BS6682,1987
BS27701,BS4798,BS4908,1987
BS28404,CF3507,CF4494,1987
BS11349,BS21406,BS10910,1988
BS11350,BS4968,BS5834,1988
BS11760,BS21159,BS21402,1988
BS11761,BS25817,BS21755,1988
BS11771,BS164,CF3168,1988
BS11773,BS21403,CF4487,1988
BS11779,BS5020,BS6663,1988
BS11781,CF3045,BS1756,1988
BS11784,CF3367,BS5808,1988
BS11786,BS19767,BS61,1988
BS11790,BS6646,BS1311,1988
BS11791,BS4971,BS4982,1988
BS11797,CF3043,BS1784,1988
BS11798,CF4563,BS6469,1988
BS11801,BS21408,CF3848,1988
BS11802,BS5332,BS5373,1988
BS11804,BS4947,CF4412,1988
BS11805,BS1846,BS5327,1988
BS11806,BS10056,CF4407,1988
BS11808,BS1857,BS1473,1988
BS11813,BS6178,BS6459,1988
BS11814,BS9020,BS6104,1988
BS11815,BS21451,BS21143,1988
BS11818,BS21417,BS5304,1988
BS11821,BS4796,BS6227,1988
BS11827,BS23608,BS22519,1988
BS11837,BS23245,BS837,1988
BS11838,BS22534,BS874,1988
BS11839,BS6687,BS5234,1988
BS11841,CF3883,BS6158,1988
BS11844,BS5400,BS4934,1988
BS11846,BS4575,BS457,1988
BS11847,BS11995,BS903,1988
BS11853,BS6691,BS6701,1988
BS11858,BS20054,BS4770,1988
BS11861,BS9684,BS6240,1988
BS11862,BS22866,BS1462,1988
BS11868,BS9646,BS6464,1988
BS11872,BS6424,BS10545,1988
BS11874,BS23603,BS8170,1988
BS11876,BS6255,BS6242,1988
BS11879,BS1896,BS4953,1988
BS11880,BS4966,BS1882,1988
BS11882,BS8169,BS25743,1988
BS11888,BS10919,BS9019,1988
BS11890,BS6768,BS5363,1988
BS11892,BS19046,CF3069,1988
BS11897,BS9022,BS28296,1988
BS11905,BS23241,BS4774,1988
BS11907,CF137,BS1525,1988
BS11911,BS7281,BS4732,1988
BS11913,BS5235,BS1990,1988
BS11918,BS10623,BS5240,1988
BS11919,BS5009,CF3102,1988
BS11920,BS19062,BS1803,1988
BS11927,BS7298,CF4530,1988
BS11928,BS11139,BS5194,1988
BS11929,BS4997,BS23224,1988
BS11936,BS25314,BS5012,1988
BS11937,BS21621,BS19047,1988
BS11938,BS5275,BS5236,1988
BS11940,BS22874,BS8692,1988
BS11945,BS25308,BS25309,1988
BS11946,BS7283,BS7295,1988
BS22868,BS7632,BS4573,1988
BS23634,BS25206,BS5376,1988
BS25219,BS1073,BS1694,1988
BS25345,BS5287,BS887,1988
BS25385,BS1956,BS5279,1988
BS25466,BS21156,BS22552,1988
BS25750,BS8693,BS6790,1988
BS25758,BS6420,BS1722,1988
BS25759,BS1524,BS1526,1988
BS27707,BS4957,BS5337,1988
BS27825,CF3178,BS4735,1988
BS30446,BS4909,BS22529,1988
BS10891,BS21631,BS6063,1989
BS10892,BS21630,BS4790,1989
BS11351,BS10552,BS6418,1989
BS11352,CF3880,BS6410,1989
BS11353,CF4401,BS6057,1989
BS11355,BS5316,BS1870,1989
BS11356,BS1938,BS6097,1989
BS11359,BS6680,BS6762,1989
BS11948,BS6132,BS897,1989
BS11950,BS25430,BS6411,1989
BS11953,BS7380,BS4907,1989
BS11955,BS11340,BS6682,1989
BS11956,BS20552,BS23609,1989
BS11958,BS5286,BS6177,1989
BS11961,BS9644,BS6700,1989
BS11963,BS4969,BS6677,1989
BS11964,BS6786,BS867,1989
BS11965,BS4910,BS26,1989
BS11966,BS25406,BS6766,1989
BS11968,BS4798,BS4908,1989
BS11969,BS6456,BS1926,1989
BS11970,BS20037,BS4438,1989
BS11971,BS6457,BS5319,1989
BS11973,BS5025,BS10665,1989
BS11977,BS6455,BS28280,1989
BS11983,BS27801,BS21168,1989
BS11988,BS25469,BS7624,1989
BS11990,BS8242,BS5023,1989
BS22865,BS4564,BS25395,1989
BS23211,BS8187,BS329,1989
BS25379,BS1313,BS4993,1989
BS25847,BS10911,BS10914,1989
BS27709,BS8247,BS6416,1989
BS27714,BS21442,BS5385,1989
BS27811,BS5010,BS4555,1989
BS28044,BS4765,BS25239,1989
BS28262,BS1389,BS11134,1989
BS32882,BS2100,BS4775,1989
BS9756,BS377,BS5280,1989
BS9758,BS5001,BS1998,1989
BS9763,BS5242,BS1799,1989
BS9765,BS21526,CF3126,1989
BS9775,BS714,BS21754,1989
BS9776,BS1960,CF4527,1989
BS9779,BS21530,BS21756,1989
BS9792,BS15,BS9039,1989
BS9794,BS11336,BS21622,1989
BS9796,BS5201,BS87,1989
BS9835,CF4509,BS6692,1989
BS9839,BS4577,BS6260,1989
BS9841,BS23204,BS979,1989
BS9844,BS6147,BS25744,1989
BS9847,BS19627,BS961,1989
BS9876,BS23605,BS6056,1989
BS9879,BS1885,BS6697,1989
BS9881,BS5340,BS6053,1989
BS9882,BS1038,CF4404,1989
BS9885,BS6232,BS4959,1989
BS9886,BS5233,BS6113,1989
BS9890,BS423,BS1024,1989
BS9891,BS9642,BS5874,1989
BS9892,BS5333,BS5350,1989
BS9894,BS1073,BS1694,1989
BS9895,BS7629,BS7291,1989
BS9896,BS1320,BS22861,1989
BS9897,BS11339,CF3875,1989
BS9899,BS11323,BS6430,1989
BS9910,BS22870,BS25225,1989
BS9917,BS5810,BS5216,1989
BS9921,BS192,BS7623,1989
BS9922,BS35,BS28,1989
BS9933,BS9033,BS4729,1989
BS9934,BS5032,CF3399,1989
BS9938,BS6403,BS8595,1989
BS9948,BS370,BS372,1989
BS12301,BS1896,BS4953,1990
BS12303,BS6255,BS6242,1990
BS12304,BS7632,BS4573,1990
BS12305,BS23603,BS8170,1990
BS12308,BS6424,BS21136,1990
BS12313,BS11333,BS21548,1990
BS12316,BS23604,BS23237,1990
BS12319,BS957,BS6783,1990
BS12320,BS4957,BS5337,1990
BS12324,BS20051,BS1948,1990
BS12325,BS4947,CF4412,1990
BS12328,BS25206,BS5376,1990
BS12333,BS446,BS6458,1990
BS12336,BS10565,BS4800,1990
BS12337,BS23608,BS22519,1990
BS12338,BS4909,BS22529,1990
BS12344,BS6148,BS1936,1990
BS12345,BS20054,BS4770,1990
BS12452,BS6691,BS6701,1990
BS12455,BS5287,BS887,1990
BS12463,BS8693,BS6790,1990
BS12469,BS21417,BS5304,1990
BS12470,BS4796,BS6227,1990
BS12473,BS23245,BS837,1990
BS12474,BS21451,BS21143,1990
BS12477,BS6178,BS6452,1990
BS12479,BS10553,BS6191,1990
BS12481,BS22534,BS874,1990
BS12485,BS4939,BS455,1990
BS12493,CF4563,BS6469,1990
BS12497,BS6462,CF3830,1990
BS12552,BS808,CF3384,1990
BS12557,CF3045,BS1756,1990
BS12560,BS5020,BS6663,1990
BS12561,BS20035,BS25294,1990
BS12563,CF3043,BS1784,1990
BS12571,BS25371,BS5251,1990
BS12576,BS21403,CF4487,1990
BS12578,BS164,CF3168,1990
BS12580,BS6172,BS20560,1990
BS12581,BS5235,BS1990,1990
BS12582,BS8513,BS21781,1990
BS12590,BS11994,BS1802,1990
BS12594,BS21156,BS22552,1990
BS12595,CF3178,BS4735,1990
BS12596,CF137,BS1525,1990
BS12600,BS22502,BS1513,1990
BS12609,BS5835,BS1014,1990
BS12613,BS4997,BS23224,1990
BS12614,BS79,BS25813,1990
BS12616,BS22874,BS8692,1990
BS12617,BS5275,BS5236,1990
BS12619,BS5213,BS1336,1990
BS12620,BS19062,BS1803,1990
BS12623,BS5009,CF3102,1990
BS12626,BS10623,BS5240,1990
BS12635,BS25817,BS21755,1990
BS12638,BS21621,BS19047,1990
BS12640,BS25314,BS5012,1990
BS12642,BS1956,BS5279,1990
BS12644,BS25308,BS25309,1990
BS12648,BS10917,CF4591,1990
BS12654,BS25300,BS25229,1990
BS12657,BS9022,BS28296,1990
BS12658,BS21151,BS5857,1990
BS12660,BS21406,BS10910,1990
BS12661,BS4968,BS5834,1990
BS12662,BS25848,BS7192,1990
BS12995,BS4971,BS4982,1990
BS12996,BS6646,BS1311,1990
BS23222,BS19767,BS61,1990
BS25241,CF3883,BS6158,1990
BS25322,BS23241,BS4774,1990
BS25334,BS20034,BS199,1990
BS25425,BS4966,BS1882,1990
BS25820,BS1857,BS1473,1990
BS25828,BS11995,BS903,1990
BS27597,BS11139,BS5194,1990
BS27617,BS6764,BS6229,1990
BS27828,CF3795,BS356,1990
BS28059,BS8514,BS6516,1990
BS30358,CF4561,BS5312,1990
BS12263,BS1389,BS11134,1991
BS12265,BS9033,BS4729,1991
BS12273,BS25839,BS10909,1991
BS12274,BS5827,CF3055,1991
BS12277,BS12407,CF3519,1991
BS12282,BS1678,BS25297,1991
BS12285,BS5024,BS9038,1991
BS12286,BS8242,BS5023,1991
BS12291,BS5139,BS10625,1991
BS12411,BS35,BS28,1991
BS12415,BS21526,CF3126,1991
BS12416,BS1524,BS25282,1991
BS12417,BS1313,BS4993,1991
BS12418,BS25469,BS7624,1991
BS12422,CF3367,BS5808,1991
BS12437,BS7281,BS4732,1991
BS12439,BS11046,BS11048,1991
BS12445,BS21530,BS21756,1991
BS12448,BS5242,BS1799,1991
BS12450,BS5010,BS4555,1991
BS12501,BS12405,BS12409,1991
BS12505,BS423,BS1024,1991
BS12508,BS9642,BS6167,1991
BS12511,BS5332,BS5373,1991
BS12513,BS4564,BS25395,1991
BS12518,CF4401,BS6057,1991
BS12521,BS11339,CF3875,1991
BS12524,BS21799,BS25742,1991
BS12525,BS19627,BS961,1991
BS12526,BS5340,BS6053,1991
BS12531,BS11323,BS6430,1991
BS12532,BS6232,BS6697,1991
BS12534,BS8169,BS25743,1991
BS12537,BS21155,BS11129,1991
BS12540,BS23605,BS6056,1991
BS12542,BS5333,BS5350,1991
BS12546,BS1938,BS6097,1991
BS12547,BS5387,BS6223,1991
BS12684,BS4575,BS453,1991
BS12686,BS21630,BS4790,1991
BS12687,CF4509,BS6692,1991
BS12689,BS27647,BS7257,1991
BS12706,BS5233,BS6113,1991
BS12709,BS6687,BS5234,1991
BS12711,BS23248,BS11748,1991
BS12712,BS21631,BS6063,1991
BS12713,BS6680,BS6762,1991
BS12727,CF3888,BS4925,1991
BS12729,BS6786,BS867,1991
BS12732,BS4910,BS26,1991
BS12733,BS4798,BS4908,1991
BS12734,BS20037,BS4438,1991
BS12735,BS6457,BS5319,1991
BS12736,BS6455,BS28280,1991
BS12738,BS6125,BS6695,1991
BS12743,BS5225,BS25827,1991
BS12750,BS6403,BS8595,1991
BS12752,BS25248,BS6758,1991
BS12753,BS714,BS21754,1991
BS18806,BS19046,BS179,1992
BS18809,BS21406,BS10910,1992
BS18825,CF4563,BS5874,1992
BS18830,BS5310,BS1850,1992
BS18831,BS20051,BS25620,1992
BS18832,BS6147,BS25744,1992
BS18839,BS4947,CF4412,1992
BS18840,BS25206,BS5376,1992
BS18844,BS6462,BS4962,1992
BS18848,BS11333,BS21548,1992
BS18850,BS23204,BS979,1992
BS18857,BS23604,BS23237,1992
BS18858,BS1073,BS6240,1992
BS18859,BS6424,BS21136,1992
BS18865,BS23603,BS8170,1992
BS18868,BS7629,BS11321,1992
BS18869,BS1086,BS6100,1992
BS18873,CF3880,BS6410,1992
BS18874,BS8247,BS6416,1992
BS18876,BS20054,BS4770,1992
BS18889,BS11995,BS903,1992
BS18896,BS10553,BS6191,1992
BS18909,BS11340,BS6682,1992
BS18914,BS4909,BS22529,1992
BS18916,BS10565,BS4800,1992
BS18918,BS12991,BS12992,1992
BS18933,BS23245,BS837,1992
BS18948,BS10434,BS12889,1992
BS18950,BS1985,BS6661,1992
BS18951,BS12766,BS11023,1992
BS18955,BS25314,BS5012,1992
BS18956,BS21621,BS19047,1992
BS18957,BS5213,BS1336,1992
BS18959,BS79,BS25813,1992
BS18960,BS4997,BS23224,1992
BS18971,BS22502,BS1513,1992
BS18973,BS8514,BS6516,1992
BS18974,BS7298,BS21170,1992
BS18977,BS25817,BS21755,1992
BS18980,BS714,BS21754,1992
BS18985,BS21403,CF4487,1992
BS18988,BS164,CF3168,1992
BS18991,BS25371,BS5251,1992
BS18995,BS5235,BS1990,1992
BS18996,BS6172,BS20560,1992
BS19008,BS2100,BS4775,1992
BS19010,BS23241,BS4774,1992
BS19011,BS1338,BS6404,1992
BS19014,BS21156,BS22552,1992
BS19015,BS7281,BS4732,1992
BS19018,CF137,BS1525,1992
BS19022,BS19062,BS1803,1992
BS19025,BS5009,CF3102,1992
BS19026,BS10623,BS5240,1992
BS19034,BS20034,BS199,1992
BS19035,BS20035,BS25294,1992
BS19051,BS5020,BS6663,1992
BS19052,BS4765,BS25239,1992
BS19056,BS195,BS5195,1992
BS19103,BS1985,BS6661,1993
BS19105,BS25308,BS25309,1993
BS19111,BS5025,BS10665,1993
BS19117,BS11341,BS12953,1993
BS19121,BS5810,BS5216,1993
BS19122,BS22512,BS25801,1993
BS19123,BS1678,BS25297,1993
BS19125,BS22870,BS25225,1993
BS19127,BS25839,BS10909,1993
BS19129,BS10628,BS25806,1993
BS19130,BS5827,CF3055,1993
BS19148,BS4564,BS25395,1993
BS19159,BS5340,BS6053,1993
BS19160,BS21799,BS25742,1993
BS19165,BS21155,BS11129,1993
BS19174,BS6232,BS6697,1993
BS19175,BS1059,BS6445,1993
BS19179,BS957,BS6783,1993
BS19183,CF4401,BS6057,1993
BS19184,BS1896,BS4953,1993
BS19187,BS1938,BS6097,1993
BS19190,BS6148,BS1936,1993
BS19195,BS6132,BS932,1993
BS19199,BS12969,BS9630,1993
BS19201,BS1320,BS22861,1993
BS19202,CF4521,BS4790,1993
BS19219,BS5233,BS6113,1993
BS19221,BS23248,BS11748,1993
BS19222,BS6680,BS6762,1993
BS19229,BS21631,BS6063,1993
BS19237,BS4784,BS11329,1993
BS19240,BS9644,BS6700,1993
BS19246,BS4910,BS26,1993
BS19261,BS19767,BS61,1993
BS19276,BS6196,BS1822,1993
BS19287,BS21642,BS21160,1993
BS19289,BS21159,BS1798,1993
BS19298,BS5235,BS1990,1993
BS19301,BS8513,BS21781,1993
BS19303,BS20037,BS23202,1993
BS19306,BS10911,BS10914,1993
BS19312,BS5009,CF3102,1993
BS19334,BS5001,BS1998,1993
BS19339,BS5835,BS1014,1993
BS19342,BS1389,BS11334,1993
BS19344,BS79,BS25813,1993
BS19346,BS5275,BS5236,1993
BS19349,BS370,BS5282,1993
BS19357,BS5032,CF3399,1993
BS25809,BS7283,BS7295,1993
BS19084,BS12405,BS12409,1994
BS19087,BS22502,BS21622,1994
BS19362,BS1956,BS5279,1994
BS19369,BS12766,BS11023,1994
BS19370,BS25314,BS5012,1994
BS19371,BS21621,BS19047,1994
BS19372,BS11139,BS25810,1994
BS19373,BS5213,BS1336,1994
BS19378,BS79,BS25813,1994
BS19379,BS396,BS4729,1994
BS19400,BS5009,CF3102,1994
BS19410,BS7281,BS4732,1994
BS19411,BS21156,BS22552,1994
BS19419,BS15,BS9039,1994
BS19428,BS6172,BS20560,1994
BS19432,BS20034,BS199,1994
BS19434,BS21526,BS358,1994
BS19436,BS20035,BS25294,1994
BS19438,BS5225,BS25827,1994
BS19442,BS5020,BS6663,1994
BS19444,BS35,BS25283,1994
BS19447,BS4765,BS25239,1994
BS19455,CF4563,BS5874,1994
BS19458,BS6462,BS4962,1994
BS19461,BS20051,BS25620,1994
BS19466,BS25206,BS5376,1994
BS19472,BS4947,CF4412,1994
BS19481,BS23204,BS979,1994
BS19484,BS22866,BS1879,1994
BS19485,BS11323,BS6781,1994
BS19487,BS19627,BS961,1994
BS19491,BS23604,BS23237,1994
BS19492,BS1073,BS6240,1994
BS19493,BS6424,BS21136,1994
BS19499,BS1086,BS6100,1994
BS19500,BS11339,CF3875,1994
BS19502,BS5387,BS6223,1994
BS19505,BS8247,BS22539,1994
BS19507,BS25415,BS19405,1994
BS19508,BS20054,BS4770,1994
BS19511,BS27647,BS21149,1994
BS19519,BS6691,BS6701,1994
BS19522,BS11995,BS903,1994
BS19524,CF4509,BS4916,1994
BS19527,BS4939,BS455,1994
BS19531,BS23245,BS837,1994
BS19533,BS19404,BS6104,1994
BS19537,BS10553,BS6191,1994
BS19545,BS8693,BS6790,1994
BS19555,BS6646,BS1311,1994
BS19558,BS7298,BS21170,1994
BS19562,BS714,BS21754,1994
BS19565,BS12406,BS4738,1994
BS19568,BS21403,BS1318,1994
BS19570,BS25371,BS5251,1994
BS19573,BS164,CF3168,1994
BS19574,BS8514,BS6516,1994
BS19583,BS25300,BS25229,1994
BS19589,BS4968,BS5834,1994
BS19593,BS19046,BS179,1994
BS19595,BS25848,BS12763,1994
BS19597,BS11340,BS6682,1994
BS19601,BS25430,BS25822,1994
BS19602,BS23608,BS22519,1994
BS19603,BS10565,BS4800,1994
BS19607,BS6764,BS6229,1994
BS19613,BS6456,CF4446,1994
BS19614,BS6455,BS28280,1994
BS19779,BS4564,BS25395,1995
BS19783,BS5332,BS5373,1995
BS19798,BS21155,BS11129,1995
BS19810,BS957,BS6783,1995
BS19820,BS23603,BS8170,1995
BS19823,BS23605,BS25867,1995
BS19824,CF4401,BS6057,1995
BS19834,BS6148,BS1936,1995
BS19839,BS1320,BS22861,1995
BS19843,BS23248,BS11748,1995
BS19866,BS21631,BS6063,1995
BS19867,BS7380,BS6123,1995
BS19871,BS4784,BS23609,1995
BS19877,BS9644,BS6700,1995
BS19883,BS4910,BS26,1995
BS19885,BS20037,CF4438,1995
BS19889,BS22534,BS6204,1995
BS19890,BS6457,BS5319,1995
BS19891,BS10628,BS25806,1995
BS19892,BS19763,BS11752,1995
BS19903,BS11341,BS12953,1995
BS19906,BS21406,BS10910,1995
BS19908,BS25839,BS10909,1995
BS19914,BS21642,BS3798,1995
BS19915,BS25817,BS21755,1995
BS19917,BS21159,BS1795,1995
BS19943,BS25371,BS5251,1995
BS19944,BS21530,BS4555,1995
BS19950,BS20037,BS23202,1995
BS19956,BS5032,CF3399,1995
BS19964,CF137,BS5240,1995
BS19972,BS10434,BS12889,1995
BS19974,BS10622,BS11047,1995
BS19976,CF3795,BS356,1995
BS19978,BS4971,BS4982,1995
BS19983,BS1524,BS25282,1995
BS19998,BS5024,BS9038,1995
BS19999,BS5025,BS10665,1995
BS20001,BS7283,BS7295,1995
BS20002,BS25308,BS25309,1995
BS20013,BS5275,BS5236,1995
BS20017,BS1389,BS11334,1995
BS20028,BS27801,BS21168,1995
BS20029,BS5225,BS25827,1995
BS27641,BS21799,BS25742,1995
BS19643,BS25848,BS12763,1996
BS19645,BS19046,BS179,1996
BS19650,BS12407,BS19045,1996
BS20071,BS19767,BS61,1996
BS20079,BS5225,BS25827,1996
BS20084,BS21526,BS358,1996
BS20085,BS20035,BS25294,1996
BS20086,BS808,BS1784,1996
BS20089,BS27805,BS25874,1996
BS20097,BS164,CF3168,1996
BS20102,BS714,BS21754,1996
BS20105,BS21159,BS21402,1996
BS20106,BS7298,BS21170,1996
BS20109,BS12405,BS12409,1996
BS20116,BS20037,BS23202,1996
BS20133,BS7281,BS4732,1996
BS20154,BS5835,BS1014,1996
BS20166,BS11139,BS25810,1996
BS20211,BS6462,BS4962,1996
BS20221,BS1938,BS1947,1996
BS20236,BS19627,BS961,1996
BS20243,BS23604,BS23237,1996
BS20244,BS23204,BS979,1996
BS20259,BS12969,BS9630,1996
BS20263,BS6691,BS6701,1996
BS20271,BS21451,BS21143,1996
BS20272,BS19404,BS6104,1996
BS20281,BS8693,BS6790,1996
BS20289,BS11340,BS6682,1996
BS20295,BS23608,BS22519,1996
BS19665,BS7184,BS25806,1997
BS19666,BS19763,BS11752,1997
BS19680,BS21151,BS5857,1997
BS19685,BS21530,BS4555,1997
BS19697,BS22502,BS4775,1997
BS19712,BS1985,BS6661,1997
BS19715,BS25308,BS25309,1997
BS19719,BS25817,BS21755,1997
BS19729,BS25248,BS8595,1997
BS19734,BS4971,BS19630,1997
BS19738,BS20069,BS25282,1997
BS19766,BS19763,BS11752,1997
BS20185,BS5020,BS6663,1997
BS21303,BS27801,BS21168,1997
BS21308,BS19062,BS1803,1997
BS21323,BS25384,BS21627,1997
BS21330,BS21625,BS5236,1997
BS21358,BS957,BS6783,1997
BS21361,CF4563,BS5874,1997
BS21369,BS20051,BS25620,1997
BS21374,BS4564,BS25395,1997
BS21381,BS8169,BS25743,1997
BS21383,BS21155,BS11129,1997
BS21392,BS22866,BS1879,1997
BS21663,BS27647,BS21149,1997
BS21664,BS6148,BS1936,1997
BS21665,BS20054,BS4770,1997
BS21670,BS21630,BS4790,1997
BS21675,BS5233,BS6113,1997
BS21685,BS21631,BS6063,1997
BS21704,BS4910,BS26,1997
BS21707,BS6457,BS5319,1997
BS20307,BS1678,BS25297,1998
BS20316,BS25300,BS25229,1998
BS20325,BS11139,BS25810,1998
BS20326,BS25314,BS5012,1998
BS20330,BS5242,BS10502,1998
BS20345,BS5835,BS1014,1998
BS20370,BS21156,BS22552,1998
BS20373,BS197,BS6082,1998
BS20381,BS23241,BS4774,1998
BS20394,BS25248,BS8595,1998
BS20395,BS21159,BS21402,1998
BS20400,BS164,CF3168,1998
BS20405,BS25371,BS5251,1998
BS20413,BS21403,BS87,1998
BS20424,BS21456,BS11029,1998
BS20442,BS11340,BS6682,1998
BS20458,BS8693,BS6790,1998
BS20460,BS23248,BS11748,1998
BS20464,BS10553,BS6191,1998
BS20465,BS21455,BS20057,1998
BS20491,BS11059,BS4959,1998
BS20495,BS23204,BS1979,1998
BS20499,BS23604,BS23237,1998
BS20506,BS6691,BS6701,1998
BS20513,BS1073,BS6240,1998
BS20517,BS23603,BS25742,1998
BS20524,BS6462,BS4962,1998
BS21502,BS20035,BS25294,1998
BS21524,BS27805,BS25874,1998
BS21534,BS5225,BS25827,1998
BS20563,BS20054,BS4770,1999
BS20566,BS5387,BS6223,1999
BS20567,CF4401,BS6057,1999
BS20579,BS957,BS6783,1999
BS20594,BS21790,BS6695,1999
BS20595,BS4919,BS26,1999
BS20608,BS23608,BS22519,1999
BS20650,CF4563,BS5874,1999
BS20656,BS21630,BS4790,1999
BS20660,BS25384,BS21627,1999
BS20664,BS21621,BS5209,1999
BS20667,BS5032,CF3399,1999
BS20682,BS21527,BS10541,1999
BS20727,BS22502,BS4775,1999
BS20745,BS10565,BS22529,1999
BS20749,BS20501,BS21632,1999
BS20770,BS20034,BS199,1999
BS20794,BS20069,BS25282,1999
BS20796,BS4971,BS19630,1999
BS21106,BS25817,BS21755,1999
BS21118,BS35,BS25283,1999
BS21124,BS21526,BS358,1999
BS21129,BS4765,BS25239,1999
BS21178,BS25848,BS12763,2000
BS21180,BS7184,BS25806,2000
BS21184,BS21153,BS25297,2000
BS21185,BS21629,BS21152,2000
BS21188,BS22870,BS25225,2000
BS21196,BS12407,BS19045,2000
BS21197,BS12402,BS19764,2000
BS21207,BS4564,BS25395,2000
BS21208,BS4947,CF4403,2000
BS21240,BS21155,BS11129,2000
BS21252,BS25415,BS19405,2000
BS21261,BS6691,BS6701,2000
BS21267,BS12969,BS9630,2000
BS21270,BS27647,BS21149,2000
BS21271,BS19404,BS6104,2000
BS21281,BS10553,BS6191,2000
BS21299,BS21631,BS6063,2000
BS21424,BS21406,BS10910,2000
BS21439,BS25430,BS9802,2000
BS21463,BS21456,BS11029,2000
BS21471,BS5287,BS5365,2000
BS21477,BS25308,BS25309,2000
BS21486,BS25314,BS5012,2000
BS21555,BS5020,BS6663,2000
BS21566,BS20035,BS25294,2000
BS21576,BS21159,BS21402,2000
BS21577,BS25248,BS8595,2000
BS21619,BS19048,BS11054,2000
BS21740,BS23241,BS4774,2000
BS22590,BS25384,BS21627,2001
BS22596,BS21621,BS5209,2001
BS22602,BS21530,BS4555,2001
BS22612,BS20037,BS23202,2001
BS22632,BS25371,BS5251,2001
BS22634,BS25817,BS21755,2001
BS22654,BS22512,BS25801,2001
BS22657,BS19046,BS22511,2001
BS22658,BS19763,BS11752,2001
BS22660,BS21527,BS10541,2001
BS22699,BS23603,BS6791,2001
BS22700,BS25206,BS6258,2001
BS22701,CF4401,BS6057,2001
BS22707,BS957,BS6783,2001
BS22719,BS23604,BS23237,2001
BS22730,BS21630,BS4790,2001
BS22744,BS20553,BS21454,2001
BS22756,BS5032,CF3399,2001
BS22757,BS21156,BS22552,2001
BS22758,BS7281,BS4732,2001
BS22763,BS22502,BS4775,2001
BS22782,BS8693,BS6790,2001
BS22787,BS11340,BS6682,2001
BS22792,BS23608,BS22519,2001
BS22798,BS10565,BS22529,2001
BS22840,BS27805,BS25874,2001
BS22845,BS21526,BS358,2001
BS22855,BS4971,BS19630,2001
BS22858,BS27801,BS21168,2001
BS22882,BS25300,BS25229,2002
BS22927,BS21155,BS11129,2002
BS22966,BS22870,BS25225,2002
BS22967,BS21406,BS10910,2002
BS22981,BS21455,BS20057,2002
BS22986,BS19757,BS22964,2002
BS22990,BS21629,BS21152,2002
BS23003,BS21456,BS11029,2002
BS23006,BS25406,BS4925,2002
BS23014,BS25430,BS9802,2002
BS23030,BS27647,BS21149,2002
BS23032,BS12969,BS9630,2002
BS23034,BS25415,BS19405,2002
BS23038,BS22873,BS21171,2002
BS23071,BS20035,BS25294,2002
BS23077,BS22873,BS21452,2002
BS23084,BS25248,BS8595,2002
BS23101,BS25371,BS5251,2002
BS23122,BS25308,BS25309,2002
BS23128,BS25314,BS5012,2002
BS23132,BS19048,BS11054,2002
BS23155,BS25384,BS21627,2002
BS23194,BS20034,BS199,2002
BS23577,BS23608,BS22519,2003
BS23580,BS23247,BS23609,2003
BS23583,BS10565,BS22529,2003
BS23586,BS11340,BS6682,2003
BS23599,BS8693,BS6790,2003
BS23747,BS27804,BS21132,2003
BS23751,BS21526,BS358,2003
BS23780,BS22512,BS25801,2003
BS23794,BS12402,BS19764,2003
BS25115,BS20553,BS21454,2003
BS25117,BS6691,BS6701,2003
BS25129,BS21790,BS28280,2003
BS25155,BS20501,BS21632,2003
BS25157,BS23604,BS23237,2003
BS25164,BS23603,BS6791,2003
BS25183,BS4564,BS5874,2003
BS25194,BS21799,BS5328,2003
BS25195,CF4401,BS23209,2003
BS25265,BS7281,BS4732,2003
BS25266,BS21156,BS22552,2003
BS25270,BS23241,BS4774,2003
BS25272,BS20037,BS23202,2003
BS25279,BS21530,BS4555,2003
BS25475,BS25300,BS25229,2004
BS25478,BS22870,BS25225,2004
BS25481,BS21629,BS21152,2004
BS25483,BS19763,BS11752,2004
BS25486,BS21406,BS10910,2004
BS25491,BS25206,BS6258,2004
BS25512,BS25406,BS4925,2004
BS25530,BS25222,BS11823,2004
BS25535,BS19757,BS22964,2004
BS25540,BS21455,BS20057,2004
BS25559,BS27647,BS21149,2004
BS25564,BS25415,BS19405,2004
BS25657,BS25371,BS5251,2004
BS25661,BS25248,BS8595,2004
BS25678,BS22503,BS25288,2004
BS25681,BS22502,BS4775,2004
BS25732,BS25384,BS21627,2004
BS25739,BS20069,BS25282,2004
BS26503,BS23603,BS6791,2005
BS26544,BS20501,BS21632,2005
BS26549,BS23605,BS25867,2005
BS26551,CF4401,BS23209,2005
BS26586,BS25430,BS25822,2005
BS26590,BS23247,BS23609,2005
BS26604,BS21407,BS21798,2005
BS26608,BS23608,BS22519,2005
BS26621,BS21790,BS28280,2005
BS26637,BS12402,BS19764,2005
BS26647,BS22512,BS25801,2005
BS26674,BS7281,BS4732,2005
BS26701,BS25817,BS21755,2005
BS26725,BS27804,BS21132,2005
BS26728,BS21526,BS358,2005
BS26735,BS20035,BS25294,2005
BS25439,BS10565,BS11330,2006
BS25443,BS25222,BS11823,2006
BS25445,BS11340,BS6682,2006
BS25772,BS20553,BS21454,2006
BS25885,BS19763,BS11752,2006
BS25948,BS25839,BS21626,2006
BS25953,BS5213,BS25879,2006
BS25964,BS25308,BS25309,2006
BS27554,BS25300,BS25229,2006
BS27609,BS27804,BS21132,2007
BS27635,BS25430,BS9802,2007
BS27652,BS23247,BS23609,2007
BS27666,BS19757,BS22964,2007
BS27694,BS12402,BS19764,2007
BS27732,BS20501,BS21632,2007
BS27862,BS27801,BS21168,2007
BS27880,BS25396,BS19557,2007
BS27895,BS21174,BS27592,2007
BS28024,BS22503,BS25288,2007
BS27940,BS23603,BS6791,2008
BS27969,BS25222,BS11823,2008
BS27980,BS21455,BS6191,2008
BS27984,BS11340,BS6682,2008
BS28077,BS25308,BS25309,2008
BS28248,BS21799,BS23664,2008
BS28308,BS20501,BS21632,2009
BS28387,BS19757,BS22964,2009
BS28388,BS27770,BS5776,2009
BS28427,BS12402,BS19764,2009
BS28472,BS25856,BS28412,2009
BS28506,BS20038,BS20040,2009
BS28533,BS27804,BS21132,2009
BS28579,BS25396,BS19557,2009
BS28626,BS12331,BS28270,2010
BS28748,BS25868,BS21163,2010
BS28767,BS25222,BS11823,2010
BS28786,BS21455,BS6191,2010
BS28792,BS19072,BS8023,2010
BS28953,BS12402,BS19764,2011
BS29788,BS19757,BS22964,2011
BS29828,BS20501,BS21632,2011
BS29855,BS27824,BS25393,2011
BS29878,BS25816,NA,2011
BS29901,BS22885,NA,2011
BS29923,BS27804,BS21132,2011
BS30030,BS25389,NA,2012
BS30161,NA,BS25229,2012
BS30213,BS21455,BS6191,2012
BS30239,BS25868,BS21163,2012
BS30242,NA,BS25400,2012
BS29984,BS21174,BS27592,2013
BS30141,BS27824,BS25393,2013
BS30274,BS11340,BS6682,2013
BS30332,BS20501,BS21632,2013
BS31006,BS23627,BS10385,2013
BS31035,BS27804,BS21132,2013
BS31056,BS22503,BS25288,2013
BS31093,BS20038,BS10382,2013
BS31096,BS25816,BS28283,2013
BS31114,BS25868,BS21163,2014
BS31177,BS28297,BS10855,2014
BS31356,BS25300,BS25229,2014
BS31360,BS22269,BS25298,2014
BS31487,NA,BS27618,2014
BS30382,BS20501,BS21632,2015
BS30468,BS25415,NA,2015
BS30470,BS30345,NA,2015
BS30488,BS25218,NA,2015
BS31284,BS27824,BS25393,2015
BS31536,BS27804,BS21132,2015
BS31538,NA,BS30130,2015
BS32760,NA,BS28611,2015
BS31657,NA,BS27618,2016
BS31667,BS25868,BS21163,2016
BS31698,BS28279,NA,2016
BS31728,BS28255,BS28605,2016
BS33286,BS30433,NA,2016
BS33369,BS28294,BS31298,2016
BS33022,Darvik MU0,BS23561,2017
BS33402,BS20776,NA,2017
BS33403,BS28630,NA,2017
BS33452,BS21131,BS28283,2017
BS33475,BS27824,NA,2017
BS33480,BS22553,NA,2017
BS6999,BS1964,CF3318,1976
BS22510,CF3273,BS5823,1977
BS23233,CF3292,BS21452,1977
BS9469,BS900,BS6247,1977
BS9549,CF3346,BS5866,1977
BS9553,BS1389,CF3299,1977
BS8047,CF3259,BS5874,1980
BS10307,BS4658,BS4666,1983
BS10310,BS1232,BS5867,1983
BS10317,BS6600,BS20551,1983
BS10369,BS1532,BS74,1983
BS10374,CF3292,BS21452,1983
BS10376,BS5072,BS1555,1983
BS10389,BS193,BS5956,1983
BS22899,BS6008,BS6185,1983
BS23203,BS4655,BS21617,1983
BS23621,BS6032,BS4695,1983
BS25823,BS7255,CF4417,1983
BS9077,BS5165,BS4683,1983
BS9097,BS21644,BS6108,1983
BS9098,BS21615,BS6463,1983
BS10712,BS6008,BS6185,1985
BS10717,BS7081,BS6568,1985
BS10718,BS22864,BS9377,1985
BS10760,BS21644,BS6108,1985
BS10769,BS4655,BS21617,1985
BS10773,BS4658,BS4666,1985
BS10781,BS1232,BS5867,1985
BS10804,CF3292,BS21452,1985
BS10805,BS5072,BS1555,1985
BS10812,BS10657,BS5943,1985
BS10813,BS768,BS25283,1985
BS10818,BS5120,BS5806,1985
BS10843,BS7075,BS6580,1985
BS10845,BS7046,BS6582,1985
BS10846,BS23243,BS27713,1985
BS10850,BS7255,CF4417,1985
BS10857,BS1640,BS6443,1985
BS10861,BS6577,BS7057,1985
BS10863,BS6600,BS20551,1985
BS10864,BS6032,BS4695,1985
BS10867,BS7068,BS7063,1985
BS10871,BS5976,BS6224,1985
BS10872,BS6202,BS873,1985
BS10874,BS20056,BS6789,1985
BS10876,BS21139,BS5172,1985
BS10901,BS25304,BS6649,1985
BS22891,BS1650,BS5151,1985
BS23244,BS5165,BS4683,1985
BS23554,BS22527,BS1233,1985
BS23560,BS5089,BS8595,1985
BS25205,BS21458,BS9356,1985
BS11159,BS6550,BS5192,1986
BS11174,BS4632,BS6513,1986
BS11176,BS25872,BS6757,1986
BS11182,BS6523,BS5259,1986
BS11183,BS9322,BS5097,1986
BS11186,BS5920,BS6526,1986
BS11192,BS1980,BS797,1986
BS11195,BS6948,BS6947,1986
BS11199,BS1338,BS1182,1986
BS11212,BS6563,BS23637,1986
BS11213,BS6564,BS5987,1986
BS11216,BS4662,BS6781,1986
BS11223,BS4674,BS21136,1986
BS11227,BS23604,BS1607,1986
BS11233,BS21453,BS25198,1986
BS11235,BS5323,BS12673,1986
BS11236,BS4671,BS4792,1986
BS11239,BS6703,BS1399,1986
BS11241,BS12669,BS6061,1986
BS11244,BS5736,BS6247,1986
BS11247,BS7058,BS25748,1986
BS11249,BS6562,BS6439,1986
BS11256,BS4690,BS4700,1986
BS11257,BS25213,BS6203,1986
BS11258,BS6281,BS7202,1986
BS11266,BS4633,BS5282,1986
BS11269,BS6270,BS767,1986
BS11272,BS1163,BS25810,1986
BS11278,BS9524,BS4644,1986
BS11279,BS4746,BS5123,1986
BS11281,BS7694,BS25819,1986
BS11283,BS5115,BS5090,1986
BS11286,BS1006,BS156,1986
BS11298,BS11041,BS28043,1986
BS11306,BS4712,BS6230,1986
BS11315,BS5698,BS10532,1986
BS11316,BS5683,BS5968,1986
BS25209,BS21140,BS22867,1986
BS25245,BS5691,BS25212,1986
BS25306,BS23234,BS1989,1986
BS25325,BS9342,BS25327,1986
BS25404,CF3259,BS5874,1986
BS28058,BS6262,BS23236,1986
BS11537,BS9488,BS6558,1987
BS11541,BS10664,BS6994,1987
BS11554,BS25234,CF3333,1987
BS11558,BS4623,CF3293,1987
BS11559,BS4641,BS11054,1987
BS11561,BS6541,BS6540,1987
BS11563,BS9037,BS4643,1987
BS11564,BS6546,BS6294,1987
BS11565,BS23239,BS25878,1987
BS11567,BS25389,BS25323,1987
BS11572,CF3346,BS1809,1987
BS11578,BS7288,BS22505,1987
BS11583,BS11046,BS6263,1987
BS11586,BS5919,BS6524,1987
BS11587,BS4634,BS7279,1987
BS11593,BS6403,CF3182,1987
BS11596,BS23626,CF3244,1987
BS11598,BS5561,BS21788,1987
BS11624,BS10657,BS5943,1987
BS11644,BS7184,BS4647,1987
BS11646,BS25848,BS7749,1987
BS11650,BS10915,BS5887,1987
BS11651,BS9032,BS5043,1987
BS11653,BS4648,BS5807,1987
BS11654,BS22869,BS5889,1987
BS11657,BS5750,BS7664,1987
BS11663,BS22864,BS9377,1987
BS11664,BS7081,BS6568,1987
BS11666,BS11326,BS1226,1987
BS11668,BS9364,BS1415,1987
BS11672,CF4402,BS9632,1987
BS11681,BS4655,BS21617,1987
BS11684,BS21644,BS25742,1987
BS11692,BS7061,BS9368,1987
BS11694,BS22521,BS27713,1987
BS11695,BS6148,BS4689,1987
BS11696,BS7046,BS6582,1987
BS11698,BS7075,BS6580,1987
BS11699,BS7255,CF4417,1987
BS11700,BS5165,BS4683,1987
BS11704,BS5743,BS4685,1987
BS11706,BS4678,BS9636,1987
BS11710,BS5976,BS6224,1987
BS11712,BS6202,BS873,1987
BS11713,BS7076,BS1241,1987
BS11714,BS21139,BS5172,1987
BS11715,BS20503,BS6046,1987
BS11716,BS11030,BS4687,1987
BS11718,BS7712,BS5749,1987
BS11722,BS9410,BS6769,1987
BS11724,BS928,BS6679,1987
BS11729,BS25756,BS10513,1987
BS11735,BS11331,BS27922,1987
BS23218,BS20056,BS6789,1987
BS23668,BS1586,BS6775,1987
BS25287,BS5651,BS5663,1987
BS25289,BS22881,BS1815,1987
BS25328,BS5660,BS25317,1987
BS25347,BS25409,BS6677,1987
BS25426,BS1232,BS5867,1987
BS25863,BS6271,BS5138,1987
BS27596,BS25373,BS25461,1987
BS11762,BS5570,BS8350,1988
BS11763,BS6550,BS5192,1988
BS11765,BS8332,BS10611,1988
BS11769,BS7765,BS22961,1988
BS11776,BS5115,BS5090,1988
BS11777,BS21167,BS11053,1988
BS11782,BS8324,BS8190,1988
BS11783,BS23234,BS1989,1988
BS11785,BS5574,BS74,1988
BS11792,BS22514,BS22554,1988
BS11793,BS21165,BS7704,1988
BS11799,BS7855,BS25620,1988
BS11803,BS6564,BS5987,1988
BS11807,BS6563,BS23637,1988
BS11809,BS21453,BS25198,1988
BS11810,BS5150,BS9691,1988
BS11817,BS27712,BS6716,1988
BS11819,BS5765,BS5776,1988
BS11820,BS25413,BS5763,1988
BS11824,BS7727,BS27650,1988
BS11828,BS6281,BS7202,1988
BS11830,BS4690,BS4700,1988
BS11833,BS4692,BS21416,1988
BS11836,BS7068,BS7063,1988
BS11842,BS1640,BS6443,1988
BS11845,BS5736,BS6247,1988
BS11850,BS6032,BS4695,1988
BS11852,BS6703,BS1599,1988
BS11854,BS6577,BS7057,1988
BS11856,BS4671,BS4792,1988
BS11859,BS22527,BS1233,1988
BS11860,BS7707,BS1679,1988
BS11863,BS4658,BS4666,1988
BS11866,BS4662,BS6781,1988
BS11869,BS5723,BS9360,1988
BS11873,BS11038,BS7656,1988
BS11877,BS1650,BS5151,1988
BS11883,BS11018,BS27611,1988
BS11885,BS9450,BS6238,1988
BS11886,BS5683,BS5968,1988
BS11887,BS8554,BS25418,1988
BS11889,BS23246,BS11749,1988
BS11894,BS1678,BS8323,1988
BS11895,BS23623,BS9508,1988
BS11898,BS5680,BS25805,1988
BS11899,BS11343,BS6824,1988
BS11903,BS6523,BS5259,1988
BS11906,CF3386,BS25291,1988
BS11908,BS25301,BS7764,1988
BS11910,BS28413,BS28402,1988
BS11915,BS1178,BS5555,1988
BS11916,BS1177,BS1165,1988
BS11917,BS7737,BS5597,1988
BS11923,BS11145,BS5662,1988
BS11925,BS8310,BS1183,1988
BS11926,BS1338,BS1182,1988
BS11931,BS4633,BS5282,1988
BS11933,BS1163,BS25810,1988
BS11934,BS22509,BS8556,1988
BS11935,BS6270,BS767,1988
BS11941,BS25316,BS25235,1988
BS11942,BS9350,BS5108,1988
BS11947,BS4746,BS5123,1988
BS23562,BS10918,BS5671,1988
BS23565,BS21528,BS6479,1988
BS25224,BS21342,BS25200,1988
BS25233,BS7867,BS6981,1988
BS25244,BS5691,BS25212,1988
BS25380,BS11041,BS28043,1988
BS25402,BS5755,BS8441,1988
BS25763,BS5698,BS10532,1988
BS27830,BS25872,BS6757,1988
BS28405,BS1006,BS156,1988
BS10893,BS5743,BS4685,1989
BS10894,BS7081,BS6568,1989
BS10895,BS8395,BS25419,1989
BS10896,BS23243,BS27713,1989
BS11354,BS4655,BS21617,1989
BS11357,BS5703,BS5981,1989
BS11360,BS22517,BS6121,1989
BS11951,BS9410,BS6769,1989
BS11952,BS25410,BS8023,1989
BS11954,BS25246,BS8027,1989
BS11957,BS27602,BS11329,1989
BS11959,BS928,BS6679,1989
BS11960,BS4712,BS6230,1989
BS11962,BS11126,BS21612,1989
BS11980,BS8575,BS23235,1989
BS11981,BS9810,BS5187,1989
BS11982,BS27705,BS27645,1989
BS11984,BS9391,BS4916,1989
BS11985,BS6107,BS6714,1989
BS23240,BS6271,BS5138,1989
BS25292,BS6264,BS6263,1989
BS25331,BS23626,CF3244,1989
BS25429,BS22521,BS5729,1989
BS25747,BS20503,BS6046,1989
BS25849,BS4648,BS5807,1989
BS25880,BS7745,BS7741,1989
BS27802,BS25234,CF3333,1989
BS27808,BS5660,BS25317,1989
BS27812,BS9032,BS5043,1989
BS28049,BS23669,BS10916,1989
BS9755,BS23229,BS11048,1989
BS9760,BS6948,BS6947,1989
BS9766,BS25304,BS1975,1989
BS9769,BS4980,BS1667,1989
BS9778,BS22881,BS1815,1989
BS9780,BS22896,BS25238,1989
BS9789,BS10657,BS5943,1989
BS9790,BS25384,BS6549,1989
BS9793,BS1981,BS1169,1989
BS9795,BS6297,BS9827,1989
BS9797,BS9037,BS4643,1989
BS9799,BS4623,CF3293,1989
BS9836,BS1232,BS5867,1989
BS9842,BS22864,BS9377,1989
BS9843,BS8226,BS6570,1989
BS9845,BS7709,BS8484,1989
BS9846,BS7046,BS6582,1989
BS9849,BS7712,BS5749,1989
BS9872,BS21644,BS6108,1989
BS9874,BS5773,BS5682,1989
BS9875,BS5165,BS4683,1989
BS9878,BS21458,BS5870,1989
BS9883,BS25330,BS5708,1989
BS9893,BS5768,BS8018,1989
BS9898,BS5331,BS5149,1989
BS9901,BS9804,BS7156,1989
BS9903,BS8530,BS7852,1989
BS9915,BS25373,BS25461,1989
BS9924,BS1819,BS21166,1989
BS9928,BS5561,BS21788,1989
BS9931,BS4634,BS7279,1989
BS9932,BS8702,BS21775,1989
BS9939,BS1586,BS23202,1989
BS9946,CF3292,BS21452,1989
BS9949,BS23239,BS25878,1989
BS9950,BS7742,BS10617,1989
BS12302,BS1650,BS5151,1990
BS12306,BS11038,BS7656,1990
BS12310,BS441,BS6006,1990
BS12311,BS8852,BS27915,1990
BS12312,BS4662,BS6781,1990
BS12315,BS8394,BS8899,1990
BS12318,BS7662,BS21134,1990
BS12321,BS21342,BS25200,1990
BS12323,BS8416,BS7670,1990
BS12330,BS8396,BS5690,1990
BS12332,BS21457,BS5769,1990
BS12334,BS11331,BS27922,1990
BS12339,BS7727,BS27650,1990
BS12342,BS22527,BS1233,1990
BS12346,BS7058,BS5978,1990
BS12347,BS4678,BS9636,1990
BS12348,BS4671,BS4792,1990
BS12349,BS5691,BS25212,1990
BS12451,BS7255,BS20551,1990
BS12453,BS6577,BS7057,1990
BS12458,BS7068,BS7063,1990
BS12459,BS5976,BS6224,1990
BS12460,BS1640,BS6443,1990
BS12462,BS5755,BS8441,1990
BS12464,BS4690,BS4700,1990
BS12465,BS25213,BS6203,1990
BS12466,BS6281,BS7202,1990
BS12467,BS8032,BS5766,1990
BS12468,BS25413,BS5763,1990
BS12471,BS8003,BS8034,1990
BS12472,BS11030,BS4687,1990
BS12475,BS22903,BS4691,1990
BS12478,BS6562,BS6439,1990
BS12480,BS27711,BS27649,1990
BS12482,BS20056,BS6789,1990
BS12483,BS25411,BS873,1990
BS12484,BS6032,BS4695,1990
BS12486,BS5150,BS9691,1990
BS12489,BS12969,BS8455,1990
BS12490,BS11754,BS8418,1990
BS12491,BS27615,BS8414,1990
BS12492,BS25854,BS5688,1990
BS12495,BS23249,BS8390,1990
BS12498,CF4402,BS6258,1990
BS12499,BS25217,BS21146,1990
BS12500,BS5683,BS5968,1990
BS12554,BS5574,BS74,1990
BS12555,BS23234,BS1989,1990
BS12559,BS9699,BS7700,1990
BS12562,BS1006,BS156,1990
BS12567,BS8591,BS11143,1990
BS12568,BS5115,BS5090,1990
BS12572,BS8537,BS28406,1990
BS12573,BS8332,BS10611,1990
BS12579,BS7765,BS22961,1990
BS12583,BS25305,BS8528,1990
BS12584,BS6523,BS5259,1990
BS12587,CF3386,BS25291,1990
BS12588,BS5920,BS6526,1990
BS12589,BS23618,BS25463,1990
BS12591,BS11033,BS4603,1990
BS12592,BS7288,BS22505,1990
BS12597,BS25301,BS7764,1990
BS12599,BS25389,BS25323,1990
BS12602,BS12952,BS7755,1990
BS12603,BS8720,BS8765,1990
BS12605,BS1338,BS1182,1990
BS12606,BS8310,BS1183,1990
BS12607,BS4641,BS11054,1990
BS12608,BS21162,BS25818,1990
BS12610,BS8779,BS7911,1990
BS12611,BS5651,BS7918,1990
BS12621,BS28413,BS28402,1990
BS12622,BS9342,BS25327,1990
BS12624,BS11144,BS8500,1990
BS12625,BS21545,BS5589,1990
BS12627,BS7737,BS5597,1990
BS12628,BS1177,BS1165,1990
BS12629,BS8729,BS25357,1990
BS12631,BS25382,BS25462,1990
BS12632,BS25236,BS23238,1990
BS12633,BS12000,CF3847,1990
BS12636,BS28410,BS27829,1990
BS12637,BS25872,BS6757,1990
BS12639,BS6270,BS767,1990
BS12641,BS9350,BS5108,1990
BS12645,BS4746,BS5123,1990
BS12646,BS9524,BS4644,1990
BS12647,BS8562,BS8492,1990
BS12650,BS6556,BS5819,1990
BS12651,BS22869,BS5889,1990
BS12652,BS23623,BS9508,1990
BS12653,BS23563,BS8323,1990
BS12656,BS8375,BS8786,1990
BS12659,BS25802,CF3522,1990
BS12665,BS8807,BS23665,1990
BS12666,BS8554,BS25418,1990
BS12672,BS193,BS5956,1990
BS12997,BS25826,BS27593,1990
BS12998,BS22514,BS22554,1990
BS12999,BS21165,BS7704,1990
BS13000,BS21777,BS25280,1990
BS22879,BS21453,BS25198,1990
BS23568,BS25303,BS6963,1990
BS25230,BS5680,BS25805,1990
BS25247,BS10918,BS5671,1990
BS25381,BS48,BS5936,1990
BS25401,BS8763,BS25423,1990
BS25408,BS8461,BS1638,1990
BS25424,BS21140,BS22867,1990
BS27642,BS8419,BS22532,1990
BS27809,BS11145,BS5662,1990
BS27914,BS5750,BS21341,1990
BS28050,BS4633,BS5282,1990
BS28054,BS11989,BS23220,1990
BS12252,BS7742,BS10617,1991
BS12253,BS22509,BS8556,1991
BS12254,BS4623,BS5005,1991
BS12255,BS23563,CF3393,1991
BS12256,BS5660,BS25317,1991
BS12260,BS25316,BS25235,1991
BS12261,BS25234,CF3333,1991
BS12264,BS22881,BS1815,1991
BS12268,BS21528,BS6479,1991
BS12270,BS9804,BS7156,1991
BS12280,BS4648,BS5807,1991
BS12295,BS6948,BS6947,1991
BS12297,BS8775,BS8793,1991
BS12298,BS9037,BS4643,1991
BS12410,BS8575,BS23235,1991
BS12421,BS12959,BS28612,1991
BS12423,BS10367,BS25335,1991
BS12426,BS8324,BS375,1991
BS12429,BS1178,BS5209,1991
BS12430,BS1981,BS1169,1991
BS12432,BS28610,BS23625,1991
BS12433,BS1091,CF3265,1991
BS12443,BS25384,BS6549,1991
BS12444,BS12404,BS25302,1991
BS12447,BS1586,BS23202,1991
BS12503,BS22538,BS25351,1991
BS12507,BS5331,BS5149,1991
BS12509,BS5773,BS5682,1991
BS12510,BS22864,BS9377,1991
BS12512,BS22889,BS21409,1991
BS12516,BS1032,BS9432,1991
BS12519,BS6563,BS23637,1991
BS12520,BS6578,BS6094,1991
BS12522,BS21644,BS6108,1991
BS12523,BS21615,BS6463,1991
BS12527,BS4655,BS21617,1991
BS12528,BS4658,BS4666,1991
BS12529,BS23217,BS6433,1991
BS12530,BS25330,BS5708,1991
BS12536,BS21412,BS8472,1991
BS12538,BS23641,BS25204,1991
BS12539,BS7675,BS8230,1991
BS12543,BS8850,BS23646,1991
BS12544,BS9829,BS8481,1991
BS12548,BS8226,BS6570,1991
BS12549,BS9450,BS6238,1991
BS12693,BS12669,BS6061,1991
BS12694,BS27644,BS8459,1991
BS12696,BS7075,BS6580,1991
BS12697,BS8867,BS25203,1991
BS12698,BS5699,BS23664,1991
BS12701,BS8423,BS12673,1991
BS12702,BS21139,BS6247,1991
BS12703,BS25410,BS8023,1991
BS12721,BS27602,BS11329,1991
BS12722,BS8875,CF4418,1991
BS12723,BS6065,BS22530,1991
BS12725,BS4712,BS6230,1991
BS12726,BS25406,BS21416,1991
BS12730,BS25409,BS6677,1991
BS12739,BS8031,BS5694,1991
BS12745,CF3292,BS21452,1991
BS12746,BS7694,BS25819,1991
BS12747,BS25304,BS1975,1991
BS12748,BS5561,BS21788,1991
BS12758,BS25220,BS25242,1991
BS12762,BS9322,BS5097,1991
BS21782,BS20503,BS6046,1991
BS25216,BS5768,BS8018,1991
BS27827,BS8530,BS7852,1991
BS18807,BS7184,BS4647,1992
BS18811,BS18802,BS21346,1992
BS18812,BS25802,CF3522,1992
BS18813,BS25869,BS5675,1992
BS18814,BS9032,BS5043,1992
BS18815,BS22513,BS9048,1992
BS18817,BS23563,BS8323,1992
BS18818,BS22869,BS5889,1992
BS18819,BS6556,BS5819,1992
BS18821,BS12765,BS8790,1992
BS18822,BS10918,BS5671,1992
BS18823,BS18803,BS4725,1992
BS18824,BS25854,BS5688,1992
BS18827,BS5750,BS21341,1992
BS18828,BS23249,BS8390,1992
BS18829,BS12988,BS7680,1992
BS18833,BS8416,BS7670,1992
BS18836,BS8887,BS6003,1992
BS18842,BS25858,BS8829,1992
BS18843,BS11770,BS25419,1992
BS18845,BS8852,BS27915,1992
BS18846,BS8817,BS27923,1992
BS18851,BS1232,BS5867,1992
BS18852,BS5723,BS7659,1992
BS18853,BS23250,BS27618,1992
BS18855,BS7668,BS6464,1992
BS18856,BS25416,BS21418,1992
BS18862,BS7662,BS21134,1992
BS18867,BS1650,BS5151,1992
BS18870,BS27615,BS8414,1992
BS18871,BS22527,BS1233,1992
BS18877,BS27644,BS8459,1992
BS18878,BS21453,BS25198,1992
BS18880,BS5165,BS4683,1992
BS18882,BS4678,BS9636,1992
BS18885,BS7255,BS20551,1992
BS18888,BS6577,BS7057,1992
BS18890,BS25214,BS11151,1992
BS18891,BS10355,BS23649,1992
BS18893,BS7068,BS7063,1992
BS18895,BS12670,BS9975,1992
BS18904,BS25213,BS6203,1992
BS18912,BS21140,BS22867,1992
BS18922,BS21457,BS5769,1992
BS18931,BS8003,BS8034,1992
BS18934,BS11030,BS4687,1992
BS18937,BS22903,BS4691,1992
BS18941,CF4402,BS6258,1992
BS18949,BS9350,BS5108,1992
BS18952,BS8839,BS25313,1992
BS18953,BS21412,BS8472,1992
BS18954,BS9524,BS4644,1992
BS18962,BS5558,BS25741,1992
BS18963,BS8779,BS7911,1992
BS18964,BS21162,BS25818,1992
BS18965,BS8310,BS1183,1992
BS18966,BS10380,BS12886,1992
BS18967,BS10396,BS25861,1992
BS18968,BS8720,BS8765,1992
BS18970,BS12952,BS7755,1992
BS18972,BS25389,BS25323,1992
BS18975,BS12000,CF3847,1992
BS18978,BS193,BS5956,1992
BS18979,BS28410,BS27829,1992
BS18981,BS25872,BS6757,1992
BS18984,BS48,BS5936,1992
BS18986,BS8374,BS10371,1992
BS18987,BS8766,BS8734,1992
BS18989,BS7765,BS22961,1992
BS18990,BS8537,BS28406,1992
BS18994,BS25382,BS25462,1992
BS18997,BS8747,BS8726,1992
BS18998,BS10017,BS8798,1992
BS18999,BS4634,BS7279,1992
BS19000,BS6523,BS5259,1992
BS19001,BS25303,BS6963,1992
BS19002,BS12401,BS6524,1992
BS19003,BS25305,BS8528,1992
BS19004,BS8743,BS21789,1992
BS19005,BS23618,BS25463,1992
BS19006,BS22897,BS9206,1992
BS19007,BS5920,BS6526,1992
BS19009,CF3386,BS25291,1992
BS19012,BS11033,BS4603,1992
BS19016,BS23223,BS10414,1992
BS19019,BS11145,BS5662,1992
BS19020,BS7288,BS22505,1992
BS19021,BS25301,BS7764,1992
BS19023,BS9342,BS25327,1992
BS19024,BS7867,BS6981,1992
BS19028,BS8729,BS25357,1992
BS19029,BS4893,BS28060,1992
BS19030,BS8543,BS28045,1992
BS19031,BS8304,BS8303,1992
BS19032,BS25236,BS23238,1992
BS19036,BS25284,BS25295,1992
BS19038,BS25882,BS8548,1992
BS19050,BS21167,BS11053,1992
BS19053,BS19063,BS22951,1992
BS19055,BS8735,BS8571,1992
BS19057,BS11041,BS28043,1992
BS19059,BS23231,BS23210,1992
BS19060,BS23234,BS1989,1992
BS19061,BS4632,BS23200,1992
BS20053,BS9991,BS10435,1992
BS19075,BS12968,BS27703,1993
BS19076,BS5699,BS23664,1993
BS19104,BS9997,BS9249,1993
BS19118,BS21528,BS6479,1993
BS19119,BS23623,BS9508,1993
BS19126,BS4648,BS5807,1993
BS19128,BS5680,BS25805,1993
BS19132,BS23669,BS10916,1993
BS19138,BS9184,BS9065,1993
BS19141,BS7081,BS6791,1993
BS19143,BS5773,BS5682,1993
BS19156,BS21615,BS6463,1993
BS19157,BS27708,BS23206,1993
BS19163,BS4658,BS4666,1993
BS19166,BS22517,BS6121,1993
BS19168,BS23641,BS25204,1993
BS19176,BS25330,BS5708,1993
BS19181,BS8226,BS6570,1993
BS19182,BS8850,BS23646,1993
BS19186,BS22962,BS8420,1993
BS19188,BS25243,BS25423,1993
BS19189,BS8419,BS22532,1993
BS19193,BS23243,BS27713,1993
BS19194,BS9091,BS5729,1993
BS19196,BS19072,BS6580,1993
BS19197,BS11754,BS8418,1993
BS19198,BS8035,BS9368,1993
BS19200,BS5768,BS8018,1993
BS19204,BS9166,BS10532,1993
BS19212,BS25410,BS8023,1993
BS19213,BS21139,BS9359,1993
BS19214,BS25427,BS9195,1993
BS19223,BS25411,BS873,1993
BS19224,BS7076,BS23661,1993
BS19226,BS6562,BS6439,1993
BS19227,BS20503,BS6046,1993
BS19228,BS10328,BS12676,1993
BS19231,BS11753,BS6706,1993
BS19232,BS19049,BS10342,1993
BS19235,BS8875,CF4418,1993
BS19238,BS25756,BS11330,1993
BS19239,BS6065,BS22530,1993
BS19241,BS10733,BS21415,1993
BS19242,BS25406,BS21416,1993
BS19245,BS11153,BS10725,1993
BS19250,BS25220,BS25242,1993
BS19251,BS9410,BS6769,1993
BS19256,BS22952,BS25332,1993
BS19257,BS22514,BS22554,1993
BS19265,BS8324,BS8190,1993
BS19267,BS10367,BS25335,1993
BS19268,BS22896,BS25238,1993
BS19272,BS6297,BS9827,1993
BS19274,BS1006,BS156,1993
BS19278,BS25377,BS8723,1993
BS19279,BS8304,BS8303,1993
BS19281,BS5115,BS1555,1993
BS19282,CF3292,BS21452,1993
BS19283,BS7694,BS25819,1993
BS19284,BS25304,BS1975,1993
BS19285,BS5561,BS21788,1993
BS19286,BS23628,BS23567,1993
BS19290,BS8555,BS8350,1993
BS19294,BS10657,BS8733,1993
BS19295,BS8530,BS7852,1993
BS19296,BS5595,BS25846,1993
BS19297,BS23626,CF3244,1993
BS19300,BS25286,BS8742,1993
BS19305,BS1981,BS1169,1993
BS19307,BS7737,BS5597,1993
BS19308,BS10825,BS10739,1993
BS19309,BS1177,BS10404,1993
BS19310,BS23225,BS7762,1993
BS19311,BS21545,BS8500,1993
BS19316,BS23614,BS8307,1993
BS19318,BS8755,BS22551,1993
BS19319,BS6271,BS5138,1993
BS19320,BS8757,BS8751,1993
BS19321,BS10386,BS8764,1993
BS19322,BS8375,BS19771,1993
BS19323,BS11145,BS5662,1993
BS19324,BS10912,CF3265,1993
BS19326,BS6948,BS6947,1993
BS19328,BS28046,BS8753,1993
BS19329,BS9037,BS4643,1993
BS19331,BS4633,BS11150,1993
BS19335,BS6541,BS6540,1993
BS19336,BS9033,BS805,1993
BS19340,BS5651,BS7918,1993
BS19341,BS22881,BS1815,1993
BS19347,BS25316,BS25235,1993
BS19351,BS7742,BS10617,1993
BS19352,BS10745,BS28407,1993
BS19353,BS10433,BS27599,1993
BS19354,BS22509,BS8556,1993
BS19355,BS10751,BS8559,1993
BS19356,BS28610,BS23625,1993
BS19081,BS9991,BS10435,1994
BS19082,BS27598,BS19098,1994
BS19083,BS8310,BS1183,1994
BS19085,BS25382,BS25462,1994
BS19089,BS8779,BS7911,1994
BS19090,BS21162,BS25818,1994
BS19363,BS9350,BS5108,1994
BS19364,BS10406,BS25312,1994
BS19365,BS9524,BS4644,1994
BS19366,BS9223,BS10740,1994
BS19368,BS8562,BS8492,1994
BS19375,BS19048,BS25317,1994
BS19380,BS5558,BS25741,1994
BS19391,BS12952,BS7755,1994
BS19393,BS8720,BS8765,1994
BS19394,BS10380,BS12886,1994
BS19395,BS10396,BS25861,1994
BS19396,BS1178,BS5209,1994
BS19397,BS8729,BS25357,1994
BS19399,BS12401,BS1165,1994
BS19408,BS28413,BS28402,1994
BS19409,BS23223,BS10414,1994
BS19412,BS7288,BS22505,1994
BS19413,BS8580,BS8750,1994
BS19415,BS4893,BS28060,1994
BS19416,BS23618,BS25463,1994
BS19420,BS8743,BS21789,1994
BS19422,BS25303,BS6963,1994
BS19423,BS6523,BS5259,1994
BS19424,BS4634,BS7279,1994
BS19425,BS10011,BS11337,1994
BS19426,BS10017,BS8798,1994
BS19430,BS25469,BS4592,1994
BS19433,BS21167,BS11053,1994
BS19435,BS25284,BS25295,1994
BS19440,BS5574,BS8573,1994
BS19441,BS25882,BS8548,1994
BS19445,BS4632,BS23200,1994
BS19446,BS8702,BS21775,1994
BS19449,BS11041,BS28043,1994
BS19451,CF4402,BS6258,1994
BS19452,BS23249,BS8390,1994
BS19453,BS5750,BS21341,1994
BS19454,BS25854,BS5688,1994
BS19456,BS22538,BS25351,1994
BS19457,BS12988,BS7680,1994
BS19459,BS11770,BS25419,1994
BS19463,BS22864,BS9377,1994
BS19464,BS25858,BS8829,1994
BS19475,BS8887,BS6003,1994
BS19476,BS27704,BS25199,1994
BS19477,BS8226,BS6570,1994
BS19482,BS1232,BS5867,1994
BS19483,BS5723,BS7659,1994
BS19488,BS21342,BS25200,1994
BS19489,BS5703,BS5981,1994
BS19490,BS25416,BS21418,1994
BS19495,BS7662,BS21134,1994
BS19496,BS21412,BS8473,1994
BS19498,BS1650,BS5151,1994
BS19501,BS27615,BS8414,1994
BS19506,BS21458,BS5870,1994
BS19510,BS21453,BS25198,1994
BS19514,BS21148,BS6418,1994
BS19515,BS4678,BS9636,1994
BS19516,BS4671,BS4792,1994
BS19517,BS6577,BS7057,1994
BS19520,BS7255,BS20551,1994
BS19523,BS8423,BS9386,1994
BS19525,BS10879,BS9972,1994
BS19528,BS10355,BS23649,1994
BS19532,BS11030,BS4687,1994
BS19534,BS8003,BS8034,1994
BS19535,BS12670,BS9975,1994
BS19539,BS20056,BS6789,1994
BS19540,BS9164,BS8440,1994
BS19541,BS1640,BS6443,1994
BS19542,BS27711,BS27649,1994
BS19543,BS5755,BS8441,1994
BS19544,BS4690,BS4700,1994
BS19546,BS25213,BS6203,1994
BS19547,BS22521,BS25751,1994
BS19551,BS23631,BS23235,1994
BS19552,BS21165,BS25296,1994
BS19554,BS25826,BS27593,1994
BS19556,BS21777,BS25280,1994
BS19559,BS12000,CF3847,1994
BS19561,BS193,BS5956,1994
BS19564,BS25373,BS25461,1994
BS19567,BS8374,BS10371,1994
BS19569,BS48,BS5936,1994
BS19571,BS8537,BS28406,1994
BS19572,BS8766,BS8734,1994
BS19575,BS18802,BS21346,1994
BS19577,BS10755,BS19044,1994
BS19578,BS9045,BS28042,1994
BS19580,BS22869,BS5889,1994
BS19581,BS6556,BS5819,1994
BS19582,BS5632,BS8790,1994
BS19584,BS22513,BS9048,1994
BS19586,BS12407,BS7156,1994
BS19587,BS25869,BS5675,1994
BS19588,BS25802,CF3522,1994
BS19590,BS9152,BS21542,1994
BS19591,BS10785,BS6824,1994
BS19592,BS7184,BS4647,1994
BS19594,BS10906,BS9157,1994
BS19596,BS10918,BS5671,1994
BS19598,BS8032,BS5766,1994
BS19599,BS21140,BS22867,1994
BS19605,BS25409,BS10583,1994
BS19606,BS4712,BS6230,1994
BS19608,BS11328,BS27926,1994
BS19610,BS9987,BS8450,1994
BS19611,BS10343,BS11029,1994
BS19612,BS11331,BS27922,1994
BS19617,BS21407,BS25417,1994
BS19619,BS5683,BS5968,1994
BS19620,BS9192,BS9171,1994
BS25824,BS5150,BS9691,1994
BS32817,BS25236,BS23238,1994
BS19773,BS5699,BS23664,1995
BS19774,BS12968,BS27703,1995
BS19776,BS4796,BS28256,1995
BS19777,BS9184,BS9065,1995
BS19781,BS6065,BS22530,1995
BS19785,BS8867,BS25203,1995
BS19787,BS6563,BS23637,1995
BS19788,BS6578,BS6094,1995
BS19792,BS7081,BS6791,1995
BS19793,BS25329,BS27923,1995
BS19794,BS9450,BS6238,1995
BS19797,BS23641,BS25204,1995
BS19800,BS22517,BS6121,1995
BS19803,BS23217,BS6433,1995
BS19804,BS23250,BS27618,1995
BS19808,BS4655,BS21617,1995
BS19809,BS7668,BS6464,1995
BS19811,BS9829,BS8481,1995
BS19813,BS4658,BS4666,1995
BS19814,BS25330,BS5708,1995
BS19818,BS21644,BS6242,1995
BS19821,BS7675,BS8230,1995
BS19826,BS8850,BS23646,1995
BS19828,BS22962,BS8420,1995
BS19831,BS25243,BS25423,1995
BS19832,BS8419,BS22532,1995
BS19833,BS5165,BS1638,1995
BS19838,BS5768,BS8018,1995
BS19844,BS27644,BS5728,1995
BS19845,BS25214,BS11151,1995
BS19846,BS25427,BS9195,1995
BS19847,BS21139,BS6247,1995
BS19848,BS5287,BS10322,1995
BS19852,BS27712,BS6716,1995
BS19854,BS25411,BS873,1995
BS19855,BS9989,BS8889,1995
BS19856,BS22903,BS4691,1995
BS19860,BS8875,CF4418,1995
BS19863,BS12960,BS25619,1995
BS19864,BS9410,BS6769,1995
BS19865,BS25246,BS8027,1995
BS19868,BS12991,BS8445,1995
BS19869,BS23246,BS11749,1995
BS19870,BS23247,BS8434,1995
BS19874,BS25756,BS11330,1995
BS19875,BS27602,BS11329,1995
BS19882,BS25217,BS8206,1995
BS19884,BS23606,BS863,1995
BS19886,BS8884,BS8020,1995
BS19887,BS21141,BS8901,1995
BS19893,BS9049,BS5043,1995
BS19896,BS18801,BS10403,1995
BS19897,BS21528,BS6479,1995
BS19899,BS23563,BS8323,1995
BS19900,BS23623,BS9508,1995
BS19902,BS11566,BS5887,1995
BS19907,BS28294,BS25807,1995
BS19909,BS5680,BS25805,1995
BS19911,BS5661,BS21788,1995
BS19913,BS23628,BS23567,1995
BS19916,BS8555,BS8350,1995
BS19918,BS8787,BS27829,1995
BS19919,BS8530,BS7852,1995
BS19922,BS10657,BS8733,1995
BS19927,BS7694,BS25819,1995
BS19928,BS5115,BS1555,1995
BS19931,CF3292,BS21452,1995
BS19933,BS6297,BS9827,1995
BS19934,BS8543,BS28045,1995
BS19935,BS19751,BS9230,1995
BS19937,BS10367,BS25335,1995
BS19940,BS12959,BS28612,1995
BS19941,BS25377,BS8723,1995
BS19942,BS8591,BS11143,1995
BS19945,BS23626,CF3244,1995
BS19947,BS12404,BS25302,1995
BS19948,BS25286,BS8742,1995
BS19949,BS8747,BS8726,1995
BS19953,BS6271,BS5138,1995
BS19958,BS7744,BS4603,1995
BS19960,BS23229,BS11048,1995
BS19961,BS1177,BS10404,1995
BS19963,BS10825,BS10739,1995
BS19965,BS21545,BS8500,1995
BS19967,BS10386,BS8764,1995
BS19968,BS8375,BS19771,1995
BS19969,BS11145,BS5662,1995
BS19970,BS10912,CF3265,1995
BS19971,BS25384,BS6549,1995
BS19973,BS23226,BS11999,1995
BS19975,BS5835,BS25291,1995
BS19982,BS22514,BS22554,1995
BS19987,BS23231,BS23210,1995
BS19993,BS8735,BS8571,1995
BS19994,BS1006,BS156,1995
BS19997,BS22896,BS25238,1995
BS20003,BS9997,BS9249,1995
BS20006,BS21623,BS8553,1995
BS20008,BS7742,BS10617,1995
BS20009,BS10751,BS8559,1995
BS20011,BS9488,BS11054,1995
BS20015,BS25234,CF3333,1995
BS20018,BS22881,BS1815,1995
BS20019,BS5651,BS7918,1995
BS20023,BS28046,BS8753,1995
BS20024,BS25464,BS6294,1995
BS20025,BS6541,BS6540,1995
BS20027,BS10018,BS10016,1995
BS27815,BS8757,BS8751,1995
BS19631,BS25406,BS21416,1996
BS19632,BS10343,BS11029,1996
BS19634,BS11331,BS27922,1996
BS19635,BS23246,BS11749,1996
BS19637,BS8003,BS8034,1996
BS19638,BS8035,BS10620,1996
BS19640,BS9642,BS5968,1996
BS19642,BS9192,BS9171,1996
BS19644,BS10918,BS5671,1996
BS19646,BS10785,BS6824,1996
BS19652,BS22513,BS9048,1996
BS19657,BS9045,BS28042,1996
BS19658,BS6556,BS5819,1996
BS19661,BS9809,BS9560,1996
BS20041,BS25826,BS27593,1996
BS20042,BS22952,BS25332,1996
BS20044,BS11766,BS19065,1996
BS20046,BS21165,BS25296,1996
BS20047,BS23631,BS23235,1996
BS20049,BS11041,BS28043,1996
BS20075,BS4632,BS23200,1996
BS20077,BS192,BS21166,1996
BS20078,BS25882,BS8548,1996
BS20083,BS25284,BS25295,1996
BS20087,BS21167,BS11051,1996
BS20092,BS25469,BS4592,1996
BS20094,BS25236,BS23238,1996
BS20096,BS8537,BS28406,1996
BS20100,BS25373,BS25461,1996
BS20101,BS22897,BS19768,1996
BS20103,BS25872,BS6757,1996
BS20111,BS5595,BS25846,1996
BS20114,BS10011,BS11337,1996
BS20117,BS4634,BS7279,1996
BS20119,BS6523,BS5259,1996
BS20120,BS25303,BS6963,1996
BS20121,BS25305,BS25293,1996
BS20123,BS23614,BS8307,1996
BS20125,BS8580,BS8750,1996
BS20126,BS23618,BS25463,1996
BS20129,BS20038,BS6263,1996
BS20134,BS23223,BS10414,1996
BS20135,BS28413,BS28402,1996
BS20138,BS9342,BS25327,1996
BS20139,BS12401,BS1165,1996
BS20140,BS23227,BS10914,1996
BS20141,BS28610,BS23625,1996
BS20143,BS10380,BS12886,1996
BS20144,BS23239,BS25878,1996
BS20145,BS10750,BS11150,1996
BS20146,BS10380,BS12886,1996
BS20149,BS8310,BS1183,1996
BS20151,BS21162,BS25818,1996
BS20155,BS8779,BS7911,1996
BS20156,BS5558,BS25741,1996
BS20157,BS27598,BS19098,1996
BS20158,BS9991,BS10435,1996
BS20161,BS8562,BS8492,1996
BS20169,BS4633,BS5282,1996
BS20172,BS25316,BS25235,1996
BS20173,BS25864,BS21146,1996
BS20174,CF4402,BS6258,1996
BS20175,BS23249,BS8390,1996
BS20176,BS5750,BS21341,1996
BS20178,BS22538,BS25351,1996
BS20181,BS18802,BS21346,1996
BS20213,BS22864,BS9377,1996
BS20216,BS8031,BS8412,1996
BS20223,BS7046,BS28257,1996
BS20226,BS27704,BS25199,1996
BS20229,BS8887,BS6003,1996
BS20237,BS5703,BS5981,1996
BS20238,BS5723,BS7659,1996
BS20248,BS8226,BS6570,1996
BS20250,BS27615,BS8414,1996
BS20254,BS21458,BS5870,1996
BS20256,BS21453,BS25198,1996
BS20257,BS27648,BS9955,1996
BS20258,BS5150,BS9691,1996
BS20260,BS21148,BS6418,1996
BS20262,BS4671,BS4792,1996
BS20266,BS25749,BS9968,1996
BS20267,BS25410,BS8023,1996
BS20268,BS8423,BS9386,1996
BS20273,BS12670,BS9975,1996
BS20275,BS10328,BS12676,1996
BS20277,BS27711,BS27649,1996
BS20278,BS20056,BS6789,1996
BS20279,BS12966,BS10324,1996
BS20282,BS25213,BS6203,1996
BS20283,BS4690,BS4700,1996
BS20284,BS11753,BS6706,1996
BS20285,BS22521,BS25751,1996
BS20290,BS8032,BS5766,1996
BS20293,BS21140,BS22867,1996
BS20297,BS11328,BS27926,1996
BS20298,BS25409,BS20065,1996
BS20300,BS4712,BS6230,1996
BS19662,BS10906,BS9157,1997
BS19672,BS22513,BS9048,1997
BS19673,BS21528,BS6479,1997
BS19674,BS18801,BS10403,1997
BS19678,BS21757,BS9564,1997
BS19679,BS25869,BS7156,1997
BS19681,BS28294,BS25807,1997
BS19682,BS23628,BS23567,1997
BS19684,BS10018,BS10016,1997
BS19686,BS23626,CF3244,1997
BS19687,BS25286,BS8742,1997
BS19688,BS12404,BS25302,1997
BS19690,BS8747,BS8726,1997
BS19692,BS1153,BS6524,1997
BS19694,BS8743,BS1317,1997
BS19695,BS19629,BS22551,1997
BS19701,BS25389,BS25323,1997
BS19702,BS6948,BS6947,1997
BS19705,BS25464,BS6294,1997
BS19707,BS28046,BS8753,1997
BS19713,BS21623,BS8553,1997
BS19720,BS5699,BS23664,1997
BS19722,BS28410,BS27829,1997
BS19730,BS19751,BS9230,1997
BS19737,BS22514,BS22554,1997
BS19742,BS11041,BS28043,1997
BS19743,BS25333,BS9759,1997
BS19748,BS23231,BS23210,1997
BS20183,BS12959,BS28612,1997
BS20189,BS5115,BS5195,1997
BS20305,BS25377,BS8723,1997
BS21301,BS7694,BS25819,1997
BS21311,BS11145,BS5662,1997
BS21315,BS23229,BS11048,1997
BS21316,BS1177,BS10404,1997
BS21322,BS23226,BS11999,1997
BS21332,BS9488,BS11054,1997
BS21334,BS9242,BS21626,1997
BS21335,BS7742,BS10617,1997
BS21336,BS22962,BS8420,1997
BS21352,BS1232,BS5151,1997
BS21354,BS21644,BS6242,1997
BS21357,BS7675,BS8230,1997
BS21365,BS7081,BS6791,1997
BS21368,BS5773,BS5682,1997
BS21370,BS10775,BS9173,1997
BS21372,BS8867,BS25203,1997
BS21378,BS6563,BS23637,1997
BS21380,BS25329,BS27923,1997
BS21382,BS23641,BS25204,1997
BS21386,BS22517,BS6121,1997
BS21391,BS23250,BS27618,1997
BS21393,BS4655,BS21617,1997
BS21395,BS4658,BS4666,1997
BS21399,BS8419,BS22532,1997
BS21400,BS25243,BS25423,1997
BS21654,BS19072,BS6580,1997
BS21662,BS22527,BS25197,1997
BS21667,BS23243,BS27713,1997
BS21668,BS22903,BS5729,1997
BS21669,BS27644,BS5728,1997
BS21672,BS7255,BS20551,1997
BS21674,BS25397,BS9957,1997
BS21676,BS25427,BS9195,1997
BS21680,BS9164,BS8440,1997
BS21681,BS25411,BS873,1997
BS21683,BS20503,BS6046,1997
BS21686,BS9810,BS10342,1997
BS21689,BS27602,BS11329,1997
BS21692,BS6281,BS7202,1997
BS21693,BS25756,BS11330,1997
BS21694,BS6065,BS22530,1997
BS21695,BS8875,CF4418,1997
BS21701,BS9987,BS8450,1997
BS21703,BS23606,BS863,1997
BS21705,BS27705,BS27645,1997
BS21708,BS21141,BS8901,1997
BS21713,BS25220,BS25242,1997
BS21718,BS27712,BS6716,1997
BS21719,BS9989,BS8889,1997
BS19704,BS10918,BS5671,1998
BS20076,BS10785,BS6824,1998
BS20195,BS9909,BS9919,1998
BS20197,BS23669,BS10916,1998
BS20198,BS19067,BS11348,1998
BS20304,BS23563,BS10907,1998
BS20306,BS9045,BS28042,1998
BS20309,BS6566,BS5819,1998
BS20314,BS22869,BS5807,1998
BS20317,BS18802,BS21346,1998
BS20327,BS23225,BS8559,1998
BS20328,BS9524,BS767,1998
BS20332,BS19048,BS25317,1998
BS20334,BS23223,BS6949,1998
BS20339,BS27598,BS19098,1998
BS20342,BS5558,BS25741,1998
BS20344,BS8779,BS7911,1998
BS20346,BS396,CF3293,1998
BS20349,BS10835,BS10795,1998
BS20350,BS10796,BS27599,1998
BS20352,BS21162,BS25818,1998
BS20354,BS25862,BS8765,1998
BS20360,BS12401,BS1165,1998
BS20367,BS28413,BS28402,1998
BS20374,BS23618,BS25463,1998
BS20392,BS25236,BS23238,1998
BS20393,BS12406,CF3847,1998
BS20397,BS25872,BS6757,1998
BS20398,BS4980,BS25461,1998
BS20408,BS8035,BS10620,1998
BS20410,BS8003,BS8034,1998
BS20411,BS8766,BS8734,1998
BS20417,BS25413,BS5763,1998
BS20421,BS21457,BS5769,1998
BS20432,BS11328,BS27926,1998
BS20436,BS21140,BS22867,1998
BS20438,BS7727,BS27650,1998
BS20439,BS23247,BS8434,1998
BS20441,BS8032,BS5766,1998
BS20444,BS25213,BS6203,1998
BS20445,BS4690,BS4700,1998
BS20450,BS6032,BS4695,1998
BS20456,BS22521,BS25751,1998
BS20462,BS27711,BS27649,1998
BS20466,BS10328,BS12676,1998
BS20468,BS23245,BS4687,1998
BS20469,BS25749,BS9968,1998
BS20470,BS25214,BS11151,1998
BS20475,BS21148,BS6418,1998
BS20479,BS23249,BS8390,1998
BS20481,BS4796,BS28256,1998
BS20484,BS27704,BS25199,1998
BS20486,BS8226,BS6570,1998
BS20496,BS23217,BS6433,1998
BS20497,BS4658,BS4666,1998
BS20500,BS9829,BS8481,1998
BS20508,BS4671,BS4792,1998
BS20509,BS21139,BS6247,1998
BS20510,BS25410,BS8023,1998
BS20512,BS25330,BS5708,1998
BS20514,BS9450,BS21136,1998
BS20516,BS21412,BS8473,1998
BS20518,BS6467,BS23646,1998
BS20519,BS7662,BS21134,1998
BS20521,BS25864,BS21146,1998
BS20522,BS5750,BS21341,1998
BS20530,BS22889,BS21409,1998
BS20533,BS7046,BS28257,1998
BS20535,BS28277,BS5690,1998
BS20539,BS25858,BS8829,1998
BS20545,BS8887,BS6003,1998
BS20546,BS21615,BS6463,1998
BS20547,BS21342,BS25200,1998
BS21503,BS22952,BS25332,1998
BS21505,BS21165,BS25296,1998
BS21507,BS21777,BS25280,1998
BS21509,BS23631,BS23235,1998
BS21511,BS11041,BS28043,1998
BS21514,BS9990,BS5943,1998
BS21516,BS4632,BS23200,1998
BS21517,BS8324,BS8190,1998
BS21519,BS192,BS21166,1998
BS21520,BS22896,BS25238,1998
BS21522,BS1006,BS156,1998
BS21525,BS25469,BS4592,1998
BS21532,BS25882,BS8548,1998
BS21535,BS8543,BS28045,1998
BS21538,CF3292,BS21452,1998
BS21539,BS9929,BS1555,1998
BS21540,BS21167,BS11053,1998
BS21607,BS5703,BS5981,1998
BS20562,BS23243,BS27713,1999
BS20571,BS7675,BS8230,1999
BS20574,BS25416,BS21418,1999
BS20577,BS22517,BS6121,1999
BS20588,BS6563,BS23637,1999
BS20592,BS23246,BS11749,1999
BS20596,BS23606,BS863,1999
BS20607,BS8875,CF4418,1999
BS20609,BS25756,BS11330,1999
BS20611,BS18900,BS21410,1999
BS20613,BS12960,BS25619,1999
BS20614,BS25220,BS25242,1999
BS20615,BS8423,BS25843,1999
BS20616,BS6281,BS7202,1999
BS20619,BS20503,BS6046,1999
BS20621,BS25411,BS873,1999
BS20622,BS9164,BS8440,1999
BS20624,BS12966,BS10324,1999
BS20628,BS27712,BS6716,1999
BS20629,BS9989,BS8889,1999
BS20630,BS22903,BS4691,1999
BS20632,BS25427,BS9195,1999
BS20633,BS21442,BS8876,1999
BS20634,BS7255,BS20551,1999
BS20638,BS27644,BS5728,1999
BS20641,BS22527,BS25197,1999
BS20642,BS21453,BS25198,1999
BS20645,BS10775,BS9173,1999
BS20646,BS11770,BS25419,1999
BS20647,BS9184,BS9065,1999
BS20649,BS25854,BS25351,1999
BS20652,BS5699,BS23664,1999
BS20653,BS12968,BS27703,1999
BS20655,BS27708,BS23206,1999
BS20666,BS21545,BS8500,1999
BS20668,BS10386,BS8764,1999
BS20670,BS11743,BS4603,1999
BS20674,BS18801,BS10403,1999
BS20676,BS18803,BS4725,1999
BS20683,BS25869,BS21542,1999
BS20684,BS21757,BS9564,1999
BS20687,BS21528,BS6479,1999
BS20688,BS22513,BS9048,1999
BS20689,BS23623,BS9508,1999
BS20691,BS5561,BS21788,1999
BS20693,BS23628,BS23567,1999
BS20695,BS12404,BS25302,1999
BS20698,BS8562,BS8492,1999
BS20706,BS10406,BS25312,1999
BS20714,BS25234,CF3333,1999
BS20717,BS5651,BS7918,1999
BS20719,BS28046,BS10753,1999
BS20724,BS19629,BS22551,1999
BS20729,BS25389,BS25323,1999
BS20731,BS10434,BS10798,1999
BS20733,BS25464,BS6294,1999
BS20735,BS23239,BS25878,1999
BS20739,BS11331,BS27922,1999
BS20743,BS27602,BS11329,1999
BS20746,BS22521,BS25751,1999
BS20752,BS23250,BS27618,1999
BS20757,BS18913,BS18936,1999
BS20761,BS23229,BS11048,1999
BS20762,BS5595,BS25846,1999
BS20763,BS23626,CF3244,1999
BS20777,BS28410,BS27829,1999
BS20779,BS25382,BS25462,1999
BS20782,BS8537,BS28406,1999
BS20784,BS22514,BS22554,1999
BS20785,BS5115,BS21775,1999
BS20787,BS12959,BS28612,1999
BS20797,BS19751,BS9230,1999
BS20800,BS11766,BS19065,1999
BS21101,BS10912,CF3265,1999
BS21102,BS11145,BS5662,1999
BS21104,BS25377,BS8723,1999
BS21107,BS20032,BS27810,1999
BS21114,BS23231,BS23210,1999
BS21121,BS8591,BS11143,1999
BS21126,BS25304,BS10414,1999
BS21127,BS8580,BS8750,1999
BS21130,BS7694,BS25819,1999
BS21181,BS10785,BS6824,2000
BS21193,BS11566,BS5887,2000
BS21194,BS23563,BS10907,2000
BS21198,BS19067,BS11348,2000
BS21199,BS25802,CF3522,2000
BS21204,BS7046,BS28257,2000
BS21205,BS25858,BS8829,2000
BS21206,BS28277,BS5690,2000
BS21211,BS22538,BS25203,2000
BS21213,BS18864,BS19150,2000
BS21218,BS8887,BS6003,2000
BS21219,BS21615,BS6463,2000
BS21220,BS21342,BS25200,2000
BS21223,BS21412,BS8473,2000
BS21224,BS7662,BS21134,2000
BS21225,BS9450,BS21136,2000
BS21227,BS25330,BS5708,2000
BS21235,BS23641,BS25204,2000
BS21238,BS25329,BS27923,2000
BS21239,BS8226,BS6570,2000
BS21242,BS5703,BS5981,2000
BS21247,BS18881,BS27915,2000
BS21248,BS21144,BS25418,2000
BS21249,BS21407,BS25417,2000
BS21255,BS21458,BS5870,2000
BS21257,BS25243,BS25423,2000
BS21264,BS6713,BS27710,2000
BS21265,BS21148,BS6418,2000
BS21266,BS4671,BS4792,2000
BS21273,BS25214,BS11151,2000
BS21275,BS25410,BS8023,2000
BS21276,BS6032,BS4695,2000
BS21277,BS27648,BS8806,2000
BS21279,BS10355,BS23649,2000
BS21283,BS11826,BS8878,2000
BS21288,BS10328,BS12676,2000
BS21290,BS23248,BS23661,2000
BS21291,BS7727,BS27650,2000
BS21292,BS23247,BS8434,2000
BS21294,BS4690,BS4700,2000
BS21297,BS25213,BS6203,2000
BS21300,BS8032,BS5766,2000
BS21426,BS23249,BS8390,2000
BS21427,BS25864,BS21146,2000
BS21432,BS11328,BS27926,2000
BS21433,BS25409,BS20065,2000
BS21437,BS21140,BS22867,2000
BS21443,BS27704,BS25199,2000
BS21464,BS19233,BS10725,2000
BS21465,BS25217,BS8206,2000
BS21466,BS21760,BS21142,2000
BS21468,BS21457,BS5769,2000
BS21469,BS4712,BS21416,2000
BS21473,BS25413,BS5763,2000
BS21474,BS25246,BS8027,2000
BS21476,BS7742,BS5123,2000
BS21480,BS9223,BS10665,2000
BS21481,BS21147,BS28407,2000
BS21483,BS21623,BS8553,2000
BS21489,BS21165,BS25296,2000
BS21492,BS23631,BS23235,2000
BS21494,BS25333,BS9759,2000
BS21497,BS25826,BS27593,2000
BS21552,BS192,BS21166,2000
BS21554,BS6297,BS9827,2000
BS21556,BS10367,BS8573,2000
BS21557,BS4632,BS23200,2000
BS21559,BS8324,BS8190,2000
BS21560,BS25882,BS8548,2000
BS21563,BS21167,BS11053,2000
BS21565,BS25284,BS25295,2000
BS21567,CF3292,BS21452,2000
BS21571,BS19058,BS25335,2000
BS21573,BS23226,BS11999,2000
BS21579,BS23227,BS10914,2000
BS21580,BS12401,BS1165,2000
BS21581,BS8310,BS1183,2000
BS21583,BS4633,BS7755,2000
BS21590,BS10380,BS9532,2000
BS21591,BS27598,BS19098,2000
BS21593,BS5558,BS25741,2000
BS21595,BS22881,BS23224,2000
BS21596,BS8779,BS7911,2000
BS21597,BS22509,BS10748,2000
BS21599,BS21162,BS25818,2000
BS21620,BS25316,BS25235,2000
BS21637,BS23223,BS6949,2000
BS21638,BS5235,BS25327,2000
BS21645,BS28413,BS28402,2000
BS21647,BS25383,BS6082,2000
BS21650,BS8757,BS8751,2000
BS21728,BS4634,BS10792,2000
BS21729,BS23618,BS25463,2000
BS21735,BS25303,BS6963,2000
BS21743,BS25286,BS8742,2000
BS21745,BS193,BS5956,2000
BS21762,BS25872,BS6757,2000
BS21768,BS25373,BS25461,2000
BS21769,BS22897,BS19768,2000
BS22555,BS9524,BS23221,2001
BS22556,BS8562,BS8492,2001
BS22567,BS21625,BS25317,2001
BS22575,BS21405,BS805,2001
BS22576,BS10796,BS27599,2001
BS22577,BS8310,BS1183,2001
BS22578,BS28046,BS10753,2001
BS22579,BS25862,BS8765,2001
BS22580,BS23239,BS25321,2001
BS22582,BS25464,BS6294,2001
BS22587,BS10434,BS10798,2001
BS22589,BS23225,BS12442,2001
BS22595,BS10825,BS10739,2001
BS22597,BS28610,BS23625,2001
BS22598,BS23229,BS11048,2001
BS22599,BS19332,BS12434,2001
BS22600,BS5235,BS25327,2001
BS22604,BS12404,BS25302,2001
BS22623,BS22507,BS8733,2001
BS22629,BS28410,BS27829,2001
BS22636,BS23628,BS23567,2001
BS22638,BS5561,BS21788,2001
BS22640,BS25236,BS23238,2001
BS22643,BS18801,BS10403,2001
BS22645,BS25869,BS7156,2001
BS22646,BS21757,BS9564,2001
BS22648,BS21528,BS6479,2001
BS22651,BS23564,BS9902,2001
BS22652,BS22513,BS9048,2001
BS22653,BS23623,BS9508,2001
BS22662,BS25839,BS9919,2001
BS22665,BS18803,BS4725,2001
BS22667,BS28294,BS25807,2001
BS22670,BS5750,BS21341,2001
BS22671,BS25854,BS25351,2001
BS22676,BS9184,BS9065,2001
BS22678,BS10775,BS9173,2001
BS22685,BS6563,BS23637,2001
BS22693,BS27708,BS23206,2001
BS22702,BS22516,BS23646,2001
BS22703,BS21644,BS6242,2001
BS22710,BS23250,BS27618,2001
BS22712,BS22517,BS6121,2001
BS22720,BS23217,BS8481,2001
BS22721,BS4658,BS4666,2001
BS22722,BS4655,BS21617,2001
BS22724,BS22903,BS5729,2001
BS22729,BS22527,BS25197,2001
BS22731,BS5691,BS9636,2001
BS22732,BS27644,BS5728,2001
BS22734,BS7255,BS20551,2001
BS22737,BS21139,BS6247,2001
BS22739,BS18913,BS18936,2001
BS22742,BS27712,BS6716,2001
BS22743,BS9989,BS8889,2001
BS22745,BS9986,BS25881,2001
BS22746,BS12966,BS10324,2001
BS22748,BS25411,BS873,2001
BS22749,BS9164,BS8440,2001
BS22751,BS10386,BS8764,2001
BS22752,BS11145,BS5662,2001
BS22753,BS10912,CF3265,2001
BS22755,BS28413,BS28402,2001
BS22759,BS7288,BS22505,2001
BS22762,BS19629,BS22551,2001
BS22764,BS20038,BS6263,2001
BS22775,BS20503,BS6046,2001
BS22776,BS21797,BS8034,2001
BS22778,BS12960,BS25619,2001
BS22781,BS21550,BS12717,2001
BS22785,BS8423,BS25843,2001
BS22786,BS22521,BS25751,2001
BS22793,BS7727,BS27650,2001
BS22794,BS6065,BS22530,2001
BS22795,BS23607,BS25841,2001
BS22796,BS27602,BS11329,2001
BS22800,BS25756,BS11330,2001
BS22802,BS11331,BS27922,2001
BS22803,BS23606,BS863,2001
BS22807,BS25217,BS8206,2001
BS22809,BS12991,BS21415,2001
BS22813,BS23246,BS11749,2001
BS22815,BS22526,BS18945,2001
BS22816,BS12968,BS27703,2001
BS22817,BS23557,BS23665,2001
BS22818,BS25811,BS27715,2001
BS22827,BS23231,BS23210,2001
BS22828,BS5115,BS21775,2001
BS22837,BS25377,BS8723,2001
BS22839,BS8591,BS11143,2001
BS22843,BS25304,BS1784,2001
BS22846,BS21777,BS25280,2001
BS22847,BS11766,BS19065,2001
BS22849,BS22514,BS22554,2001
BS22857,BS19751,BS9230,2001
BS22906,BS22869,BS5807,2002
BS22907,BS11566,BS5887,2002
BS22909,BS19067,BS11348,2002
BS22910,BS25802,CF3522,2002
BS22914,BS27648,BS8806,2002
BS22921,BS18881,BS27915,2002
BS22923,BS25329,BS27923,2002
BS22926,BS23641,BS25204,2002
BS22934,BS25330,BS5708,2002
BS22938,BS9450,BS21136,2002
BS22941,BS21412,BS23553,2002
BS22948,BS21342,BS25200,2002
BS22970,BS25839,BS9919,2002
BS22972,BS10785,BS6824,2002
BS22974,BS25214,BS11151,2002
BS22977,BS25410,BS8023,2002
BS22984,BS10328,BS12676,2002
BS22991,BS25413,BS5763,2002
BS22992,BS25220,BS25242,2002
BS22997,BS21457,BS5769,2002
BS22998,BS19233,BS10725,2002
BS23000,BS21760,BS21142,2002
BS23012,BS25409,BS20065,2002
BS23017,BS21140,BS22867,2002
BS23022,BS8032,BS5766,2002
BS23025,BS4690,BS4700,2002
BS23026,BS25246,BS8027,2002
BS23027,BS10355,BS11748,2002
BS23028,BS21148,BS6418,2002
BS23031,BS21453,BS25198,2002
BS23035,BS22903,BS5729,2002
BS23036,BS25213,BS22539,2002
BS23037,BS21458,BS5870,2002
BS23039,BS25243,BS25423,2002
BS23044,BS25858,BS8829,2002
BS23046,BS22864,BS7670,2002
BS23051,BS28277,BS5690,2002
BS23053,BS7046,BS28257,2002
BS23054,BS27912,BS25419,2002
BS23059,BS27704,BS25199,2002
BS23060,BS8887,BS28256,2002
BS23061,BS9184,BS9065,2002
BS23064,BS21407,BS25417,2002
BS23065,BS21144,BS25418,2002
BS23069,BS25826,BS27593,2002
BS23072,BS25284,BS25295,2002
BS23074,BS25469,BS4592,2002
BS23082,BS10367,BS8573,2002
BS23094,BS4622,BS22961,2002
BS23095,BS25373,BS25461,2002
BS23097,BS25872,BS6757,2002
BS23100,BS22897,BS19768,2002
BS23105,BS21165,BS25296,2002
BS23106,BS23631,BS23235,2002
BS23109,BS25333,BS9759,2002
BS23113,BS22896,BS25238,2002
BS23114,BS19058,BS25335,2002
BS23115,BS8324,BS8190,2002
BS23116,BS192,BS21166,2002
BS23120,BS21623,BS8553,2002
BS23127,BS21147,BS28407,2002
BS23130,BS25234,BS8776,2002
BS23133,BS25316,BS25235,2002
BS23138,BS22881,BS21161,2002
BS23140,BS5651,BS7918,2002
BS23142,BS8779,BS7911,2002
BS23143,BS21162,BS25818,2002
BS23146,BS28046,BS10753,2002
BS23148,BS25464,BS6294,2002
BS23149,BS10380,BS9532,2002
BS23151,BS25389,BS25323,2002
BS23153,BS11145,BS5662,2002
BS23154,BS10018,BS10016,2002
BS23156,BS23226,BS11999,2002
BS23159,BS12401,BS1165,2002
BS23160,BS10825,BS10739,2002
BS23164,BS8757,BS8751,2002
BS23176,BS23618,BS25463,2002
BS23177,BS4634,BS10792,2002
BS23182,BS25305,BS25293,2002
BS23184,BS25303,BS6963,2002
BS23187,BS8743,BS21789,2002
BS23190,BS25286,BS8742,2002
BS23198,BS21167,BS11053,2002
BS23574,BS12991,BS21415,2003
BS23575,BS23607,BS25841,2003
BS23578,BS6065,BS22530,2003
BS23579,BS7727,BS27650,2003
BS23582,BS27602,BS11329,2003
BS23585,BS22521,BS25751,2003
BS23592,BS22887,BS18921,2003
BS23593,BS12960,BS25619,2003
BS23597,BS6281,BS7202,2003
BS23598,BS8423,BS25843,2003
BS23651,BS22507,BS8733,2003
BS23653,BS23612,BS8734,2003
BS23658,BS28410,BS27829,2003
BS23660,BS23628,BS23567,2003
BS23670,BS19751,BS9230,2003
BS23676,BS22514,BS22554,2003
BS23682,BS5561,BS21788,2003
BS23683,BS25236,BS23238,2003
BS23686,BS23570,BS5956,2003
BS23689,BS23672,BS28406,2003
BS23690,BS6297,BS10385,2003
BS23697,BS8562,BS8492,2003
BS23700,BS9524,BS23221,2003
BS23707,BS27807,BS6949,2003
BS23714,BS8310,BS25741,2003
BS23715,BS22860,BS19338,2003
BS23716,BS21405,BS6559,2003
BS23717,BS27598,BS27810,2003
BS23721,BS10796,BS27599,2003
BS23725,BS10434,BS10798,2003
BS23727,BS25862,BS8765,2003
BS23728,BS4633,BS21626,2003
BS23730,BS23225,BS12442,2003
BS23740,BS12959,BS28612,2003
BS23752,BS21777,BS23200,2003
BS23763,BS25848,BS9157,2003
BS23766,BS18803,BS4725,2003
BS23771,BS23669,BS5671,2003
BS23773,BS5680,BS25805,2003
BS23776,BS28294,BS25807,2003
BS23778,BS19656,BS19660,2003
BS23781,BS23623,BS10790,2003
BS23782,BS22513,BS9048,2003
BS23783,BS23564,BS9902,2003
BS23784,BS23563,BS10907,2003
BS23786,BS21528,BS6479,2003
BS23789,BS18801,BS10403,2003
BS23793,BS19288,BS8794,2003
BS23798,BS25756,BS8450,2003
BS23800,BS25217,BS8206,2003
BS25103,BS27711,BS27649,2003
BS25105,BS9164,BS8440,2003
BS25108,BS21797,BS8034,2003
BS25110,BS18913,BS18936,2003
BS25111,BS27712,BS6716,2003
BS25114,BS9986,BS25881,2003
BS25116,BS7255,BS20551,2003
BS25118,BS6713,BS27710,2003
BS25121,BS4671,BS8876,2003
BS25123,BS9989,BS19220,2003
BS25125,BS21631,BS23649,2003
BS25126,BS12966,BS10324,2003
BS25127,BS27644,BS5728,2003
BS25128,BS22527,BS25197,2003
BS25131,BS23246,BS11749,2003
BS25132,BS25811,BS27715,2003
BS25138,BS23243,BS27713,2003
BS25142,BS25864,BS23664,2003
BS25143,BS23557,BS23665,2003
BS25144,BS22526,BS18945,2003
BS25146,BS23249,BS8390,2003
BS25151,BS22517,BS6121,2003
BS25159,BS21644,BS6242,2003
BS25160,BS22516,BS23646,2003
BS25165,BS23250,BS27618,2003
BS25169,BS27708,BS23206,2003
BS25174,BS6563,BS23637,2003
BS25179,BS10775,BS9173,2003
BS25188,BS23208,BS5682,2003
BS25192,BS23217,BS8481,2003
BS25256,BS23227,BS10914,2003
BS25257,BS28610,BS23625,2003
BS25258,BS10386,BS8764,2003
BS25260,BS23229,BS11048,2003
BS25262,BS28413,BS28402,2003
BS25267,BS19629,BS22551,2003
BS25269,BS10622,BS6526,2003
BS25276,BS9777,BS10400,2003
BS25278,BS23626,BS25846,2003
BS25473,BS6556,BS9564,2004
BS25474,BS11566,BS5887,2004
BS25477,BS22869,BS5807,2004
BS25484,BS19067,BS11348,2004
BS25494,BS25854,BS25351,2004
BS25495,BS9184,BS9065,2004
BS25500,BS25427,BS8889,2004
BS25504,BS21457,BS5769,2004
BS25507,BS23606,BS863,2004
BS25510,BS25217,BS8206,2004
BS25518,BS25409,BS20065,2004
BS25525,BS25411,BS873,2004
BS25528,BS21140,BS22867,2004
BS25532,BS25220,BS25242,2004
BS25533,BS25413,BS5763,2004
BS25544,BS25410,BS8441,2004
BS25545,BS25246,BS8027,2004
BS25552,BS21139,BS6247,2004
BS25560,BS21453,BS25198,2004
BS25561,BS21458,BS5870,2004
BS25563,BS22903,BS5729,2004
BS25567,BS25243,BS25423,2004
BS25574,BS22538,BS25203,2004
BS25579,BS22864,BS7670,2004
BS25582,BS27615,BS19469,2004
BS25583,BS27912,BS25419,2004
BS25585,BS21144,BS25418,2004
BS25591,BS18881,BS27915,2004
BS25593,BS25329,BS27923,2004
BS25602,BS21342,BS25200,2004
BS25610,BS21412,BS23553,2004
BS25613,BS25330,BS5708,2004
BS25622,BS25284,BS25295,2004
BS25623,BS11766,BS25280,2004
BS25625,BS25333,BS9759,2004
BS25628,BS19063,BS22951,2004
BS25630,BS21777,BS23200,2004
BS25631,BS23231,BS23210,2004
BS25635,BS22896,BS25238,2004
BS25636,BS19058,BS25335,2004
BS25638,BS25336,BS28045,2004
BS25646,BS25469,BS4592,2004
BS25653,BS22897,BS19768,2004
BS25660,BS25373,BS25461,2004
BS25663,BS10018,BS10016,2004
BS25664,BS25382,BS25462,2004
BS25667,BS25286,BS8742,2004
BS25670,BS25383,BS10382,2004
BS25672,BS20038,BS25302,2004
BS25676,BS4634,BS10792,2004
BS25680,BS23618,BS25463,2004
BS25683,BS7288,BS25291,2004
BS25691,BS8757,BS8751,2004
BS25695,BS5235,BS25327,2004
BS25707,BS25234,BS8776,2004
BS25711,BS21625,BS25317,2004
BS25712,BS25319,BS21326,2004
BS25713,BS22881,BS21161,2004
BS25715,BS21162,BS25818,2004
BS25719,BS23239,BS25321,2004
BS25720,BS25464,BS6294,2004
BS25723,BS25389,BS25323,2004
BS25724,BS11145,BS5662,2004
BS25730,BS23226,BS11999,2004
BS25731,BS25465,BS20168,2004
BS25735,BS21167,BS11053,2004
BS25740,BS21165,BS25296,2004
BS25981,BS21405,BS6559,2005
BS25982,BS10796,BS27599,2005
BS25983,BS27598,BS27810,2005
BS26000,BS28413,BS28402,2005
BS26501,BS5750,BS21341,2005
BS26514,BS23250,BS27618,2005
BS26516,BS4655,BS21617,2005
BS26521,BS21644,BS6242,2005
BS26524,BS21155,BS22522,2005
BS26525,BS22517,BS6121,2005
BS26527,BS27704,BS25199,2005
BS26530,BS9184,BS9065,2005
BS26535,BS23208,BS5682,2005
BS26542,BS27708,BS23206,2005
BS26546,BS23641,BS25204,2005
BS26550,BS22516,BS23646,2005
BS26556,BS25213,BS22539,2005
BS26560,BS23243,BS27713,2005
BS26562,BS27644,BS5728,2005
BS26563,BS22527,BS25197,2005
BS26564,BS6713,BS27710,2005
BS26568,BS4671,BS8876,2005
BS26571,BS21631,BS23649,2005
BS26572,BS9164,BS23640,2005
BS26573,BS23248,BS23661,2005
BS26575,BS27711,BS27649,2005
BS26582,BS4690,BS4700,2005
BS26583,BS8423,BS25843,2005
BS26585,BS22521,BS25751,2005
BS26588,BS27602,BS11329,2005
BS26591,BS7727,BS27650,2005
BS26595,BS21550,BS12717,2005
BS26599,BS27712,BS6716,2005
BS26601,BS18913,BS18936,2005
BS26603,BS9986,BS25881,2005
BS26605,BS25864,BS23664,2005
BS26606,BS23557,BS23665,2005
BS26607,BS22526,BS18945,2005
BS26609,BS12991,BS21415,2005
BS26612,BS19233,BS10731,2005
BS26614,BS21456,BS21416,2005
BS26618,BS25756,BS8450,2005
BS26622,BS25811,BS27715,2005
BS26626,BS5680,BS25805,2005
BS26627,BS25869,BS25806,2005
BS26628,BS10785,BS6824,2005
BS26629,BS25848,BS9157,2005
BS26630,BS23669,BS5671,2005
BS26633,BS28294,BS25807,2005
BS26639,BS25802,BS19045,2005
BS26641,BS23563,BS10907,2005
BS26642,BS21528,BS6479,2005
BS26644,BS23564,BS9902,2005
BS26645,BS22513,BS9048,2005
BS26646,BS23623,BS9508,2005
BS26649,BS19656,BS19660,2005
BS26651,BS18801,BS10403,2005
BS26653,BS19062,BS5138,2005
BS26655,BS19629,BS22551,2005
BS26661,BS22860,BS19338,2005
BS26677,BS25305,BS25293,2005
BS26678,BS25304,BS5097,2005
BS26679,BS25875,BS6524,2005
BS26680,BS25303,BS6963,2005
BS26686,BS9777,BS10400,2005
BS26691,BS23672,BS28406,2005
BS26694,BS28410,BS27829,2005
BS26705,BS5561,BS21788,2005
BS26706,BS23628,BS23567,2005
BS26708,BS25377,BS11143,2005
BS26717,BS5115,BS21775,2005
BS26726,BS22514,BS22554,2005
BS26729,BS19751,BS9230,2005
BS26747,BS19736,BS19977,2005
BS26749,BS25826,BS27593,2005
BS25361,BS21457,BS5769,2006
BS25367,BS23606,BS863,2006
BS25370,BS25217,BS8206,2006
BS25436,BS25409,BS20065,2006
BS25441,BS21140,BS22867,2006
BS25447,BS6281,BS7202,2006
BS25448,BS25220,BS25242,2006
BS25451,BS25246,BS8027,2006
BS25770,BS25336,BS28045,2006
BS25771,BS25427,BS8889,2006
BS25776,BS7255,BS20551,2006
BS25780,BS9184,BS9065,2006
BS25784,BS25858,BS8829,2006
BS25787,BS27912,BS25419,2006
BS25791,BS21799,BS5690,2006
BS25794,BS28277,BS8831,2006
BS25892,BS19058,BS25335,2006
BS25894,BS12959,BS28612,2006
BS25896,BS22896,BS25238,2006
BS25897,BS25333,BS9759,2006
BS25917,BS21777,BS25332,2006
BS25918,BS21165,BS25296,2006
BS25920,BS25284,BS25295,2006
BS25931,BS22897,BS19768,2006
BS25934,BS23570,BS25833,2006
BS25936,BS25373,BS25461,2006
BS25938,BS25314,BS28407,2006
BS25945,BS25864,BS25840,2006
BS25957,BS25391,BS10435,2006
BS27510,BS25329,BS27923,2006
BS27519,BS21342,BS25200,2006
BS27535,BS21453,BS25198,2006
BS27538,BS22527,BS25197,2006
BS27542,BS25243,BS25423,2006
BS27544,BS22903,BS5729,2006
BS27546,BS21144,BS25418,2006
BS27548,BS25202,BS25835,2006
BS27553,BS11566,BS5887,2006
BS27557,BS22869,BS5807,2006
BS27563,BS11145,BS5662,2006
BS27565,BS8757,BS8751,2006
BS27569,BS20715,BS22550,2006
BS27576,BS4634,BS10792,2006
BS27577,BS23618,BS25463,2006
BS27579,BS7288,BS25291,2006
BS27581,BS25286,BS8742,2006
BS27582,BS25383,BS10382,2006
BS27585,BS25816,BS19735,2006
J26811,BS27615,BS19469,2006
BS27604,BS19751,BS9230,2007
BS27606,BS25826,BS27593,2007
BS27622,BS25811,BS27715,2007
BS27627,BS25756,BS8450,2007
BS27629,BS19233,BS10731,2007
BS27634,BS12991,BS21415,2007
BS27638,BS6065,BS22530,2007
BS27651,BS27602,BS11329,2007
BS27656,BS7727,BS27650,2007
BS27659,BS25411,BS22533,2007
BS27660,BS6563,BS27703,2007
BS27662,BS9986,BS25881,2007
BS27663,BS27705,BS27645,2007
BS27664,BS27712,BS6716,2007
BS27665,BS18913,BS18936,2007
BS27668,BS22528,BS19862,2007
BS27670,BS25413,BS5763,2007
BS27675,BS23248,BS23661,2007
BS27677,BS4690,BS4700,2007
BS27678,BS27711,BS27649,2007
BS27681,BS9164,BS23640,2007
BS27686,BS23669,BS5671,2007
BS27687,BS25848,BS9157,2007
BS27688,BS10785,BS6824,2007
BS27690,BS5680,BS25805,2007
BS27692,BS28294,BS25807,2007
BS27695,BS25802,BS19045,2007
BS27698,BS22513,BS9048,2007
BS27699,BS23623,BS9508,2007
BS27730,BS22516,BS8481,2007
BS27733,BS23250,BS27618,2007
BS27735,BS23243,BS27713,2007
BS27740,BS27644,BS5728,2007
BS27742,BS6713,BS27710,2007
BS27743,BS21148,BS21138,2007
BS27744,BS25844,BS11932,2007
BS27747,BS25214,BS11151,2007
BS27749,BS25397,BS6701,2007
BS27816,BS10796,BS27599,2007
BS27820,BS25862,BS9532,2007
BS27836,BS5115,BS21775,2007
BS27837,BS23231,BS23200,2007
BS27841,BS12744,BS1926,2007
BS27875,BS28410,BS27829,2007
BS27878,BS23628,BS23567,2007
BS27879,BS5561,BS21788,2007
BS27898,BS27807,BS6949,2007
BS27902,BS18801,BS10403,2007
BS27909,BS27598,BS27810,2007
BS27910,BS21162,BS25818,2007
BS28003,BS22502,BS10798,2007
BS28005,BS25389,BS25323,2007
BS28007,BS11145,BS5662,2007
BS28008,BS23225,BS12442,2007
BS28018,BS28413,BS28402,2007
BS28026,BS19062,BS6526,2007
BS28028,BS19629,BS22551,2007
BS28031,BS25305,BS25293,2007
BS28033,BS25303,BS6963,2007
BS28034,BS25872,BS11337,2007
BS28038,BS9777,BS10400,2007
BS28041,BS19255,BS20201,2007
BS27918,BS5750,BS21341,2008
BS27919,BS25854,BS25351,2008
BS27932,BS9184,BS9065,2008
BS27934,BS27912,BS25419,2008
BS27951,BS25329,BS27923,2008
BS27960,BS20419,BS27924,2008
BS27964,BS25217,BS8206,2008
BS27967,BS25409,BS20065,2008
BS27970,BS21140,BS22867,2008
BS27978,BS23606,BS863,2008
BS27986,BS21550,BS12717,2008
BS27987,BS8423,BS25843,2008
BS27993,BS25415,BS19220,2008
BS27997,BS22527,BS25197,2008
BS27999,BS21453,BS25198,2008
BS28065,BS22869,BS5807,2008
BS28071,BS23563,BS10907,2008
BS28086,BS25391,BS10435,2008
BS28090,BS22860,BS19338,2008
BS28096,BS25864,BS25840,2008
BS28098,BS22514,BS22554,2008
BS28103,BS21165,BS28048,2008
BS28108,BS25333,BS9759,2008
BS28110,BS21777,BS10005,2008
BS28111,BS25284,BS25295,2008
BS28114,BS19058,BS25335,2008
BS28115,BS22896,BS25874,2008
BS28119,BS25336,BS28045,2008
BS28130,BS25377,BS20791,2008
BS28137,BS25373,BS25461,2008
BS28142,BS22897,BS19768,2008
BS28155,BS20715,BS22550,2008
BS28157,BS8757,BS8751,2008
BS28165,BS4634,BS10792,2008
BS28166,BS7288,BS25291,2008
BS28172,BS25383,BS10382,2008
BS28175,BS25382,BS25462,2008
BS28186,BS23612,BS19691,2008
BS28204,BS9450,BS21136,2008
BS28209,BS21458,BS25853,2008
BS28213,BS27708,BS23206,2008
BS28220,BS27704,BS25199,2008
BS28223,BS25858,BS8829,2008
BS28225,BS22864,BS7670,2008
BS28227,BS28277,BS8831,2008
BS28228,BS957,BS9173,2008
BS28231,BS27615,BS19469,2008
BS28240,BS1073,BS19825,2008
BS28249,BS23557,BS23665,2008
BS28250,BS21144,BS25418,2008
BS28252,BS21407,BS25417,2008
BS28302,BS25350,BS21608,2009
BS28305,BS23250,BS27618,2009
BS28307,BS4655,BS21617,2009
BS28316,BS22516,BS23646,2009
BS28328,BS25865,BS5688,2009
BS28330,BS9184,BS28257,2009
BS28333,BS4671,BS5682,2009
BS28334,BS7046,BS9065,2009
BS28336,BS22517,BS21409,2009
BS28352,BS27644,BS5728,2009
BS28355,BS21148,BS21138,2009
BS28356,BS6713,BS27710,2009
BS28360,BS25397,BS6701,2009
BS28362,BS9164,BS23640,2009
BS28370,BS22521,BS25751,2009
BS28373,BS25411,BS22533,2009
BS28381,BS18913,BS18936,2009
BS28382,BS27647,BS4697,2009
BS28384,BS22528,BS19862,2009
BS28386,BS25413,BS5763,2009
BS28389,BS27712,BS25242,2009
BS28390,BS6281,BS7202,2009
BS28391,BS12991,BS21415,2009
BS28394,BS19233,BS10731,2009
BS28395,BS25756,BS8450,2009
BS28397,BS21456,BS27922,2009
BS28415,BS6563,BS27703,2009
BS28417,BS25811,BS27715,2009
BS28422,BS5680,BS25805,2009
BS28423,BS10785,BS6824,2009
BS28425,BS28294,BS25807,2009
BS28429,BS25802,BS19045,2009
BS28432,BS22513,BS9048,2009
BS28434,BS19656,BS19660,2009
BS28436,BS20675,BS20200,2009
BS28461,BS27598,BS27810,2009
BS28462,BS10796,BS27599,2009
BS28474,BS22502,BS10798,2009
BS28491,BS28413,BS28402,2009
BS28508,BS25303,BS6963,2009
BS28519,BS23231,BS23200,2009
BS28521,BS5115,BS21775,2009
BS28532,BS21777,BS25332,2009
BS28536,BS25826,BS27593,2009
BS28540,BS19063,BS22951,2009
BS28560,BS28410,BS27829,2009
BS28564,BS25382,BS25462,2009
BS28567,BS9777,BS10400,2009
BS28569,BS25845,BS8742,2009
BS28572,BS25872,BS11337,2009
BS28577,BS23628,BS23567,2009
BS28578,BS5561,BS21788,2009
BS28587,BS20419,BS27924,2010
BS28597,BS25858,BS8829,2010
BS28614,BS5750,BS21341,2010
BS28615,BS25854,BS25351,2010
BS28627,BS27912,BS25419,2010
BS28701,BS957,BS9173,2010
BS28702,BS22864,BS9176,2010
BS28707,BS28277,BS8331,2010
BS28717,BS21342,BS25200,2010
BS28726,BS25329,BS27923,2010
BS28736,BS21458,BS25853,2010
BS28738,BS22516,BS8481,2010
BS28751,BS27708,BS23206,2010
BS28759,BS25217,BS8206,2010
BS28764,BS25409,BS20065,2010
BS28768,BS21140,BS22867,2010
BS28770,BS7727,BS27650,2010
BS28778,BS8423,BS25843,2010
BS28790,BS25415,BS19220,2010
BS28793,BS21631,BS23649,2010
BS28796,BS22527,BS25197,2010
BS28799,BS4401,BS25198,2010
BS28804,BS7255,BS5729,2010
BS28805,BS25243,BS25423,2010
BS28813,BS19751,BS9230,2010
BS28833,BS25391,BS10435,2010
BS28837,BS22860,BS19338,2010
BS28838,BS21162,BS25818,2010
BS28840,BS11168,BS28611,2010
BS28842,BS27600,BS9532,2010
BS28862,BS4634,BS10792,2010
BS28863,BS7288,BS12446,2010
BS28873,BS28610,BS8726,2010
BS28882,BS25333,BS9759,2010
BS28886,BS21165,BS28048,2010
BS28888,BS21777,BS23210,2010
BS28891,BS22896,BS25238,2010
BS28892,BS12959,BS28612,2010
BS28895,BS25284,BS25295,2010
BS28905,BS25377,BS20791,2010
BS28913,BS23612,BS19691,2010
BS28928,BS8591,BS28406,2010
BS28931,BS25373,BS25461,2010
BS28935,BS19275,BS19723,2010
BS28936,BS21148,BS21138,2011
BS28937,BS25397,BS6701,2011
BS28938,BS9164,BS23640,2011
BS28940,BS28265,BS20601,2011
BS28952,BS25802,BS19045,2011
BS28954,NA,BS19669,2011
BS28979,BS10796,BS27599,2011
BS28985,BS27598,BS27810,2011
BS28987,BS10796,NA,2011
BS28991,BS11168,BS25323,2011
BS28995,BS25864,BS25840,2011
BS28996,BS22502,BS10798,2011
BS29757,BS22521,BS25751,2011
BS29758,BS25411,BS28645,2011
BS29764,BS27602,BS11329,2011
BS29770,BS12991,BS21415,2011
BS29775,BS25756,BS8450,2011
BS29783,BS27712,BS25242,2011
BS29785,BS25413,BS5763,2011
BS29786,BS22528,BS19862,2011
BS29790,BS18913,BS18936,2011
BS29796,BS25865,BS5688,2011
BS29799,BS7046,NA,2011
BS29818,BS25350,BS21608,2011
BS29841,BS6563,BS27703,2011
BS29845,NA,BS20200,2011
BS29847,BS22663,NA,2011
BS29849,BS22513,BS9048,2011
BS29860,BS23618,BS10834,2011
BS29861,BS5235,BS25327,2011
BS29874,BS25305,BS25293,2011
BS29875,BS25875,BS6524,2011
BS29877,BS25303,BS6963,2011
BS29881,BS25872,BS11337,2011
BS29887,BS25382,BS25462,2011
BS29896,BS21749,BS18993,2011
BS29902,BS28410,BS27829,2011
BS29926,BS25826,BS27593,2011
BS29931,BS19058,BS25335,2011
BS29935,BS23231,BS23200,2011
BS29940,BS21777,BS25332,2011
BS29947,BS19063,BS22951,2011
BS29953,NA,BS9230,2011
BS28670,BS25329,BS27923,2012
BS28685,BS25858,BS8829,2012
BS28688,NA,BS9173,2012
BS28689,BS28277,BS30341,2012
BS28692,BS27615,BS19469,2012
BS28695,BS27912,BS25419,2012
BS28699,BS25854,BS25351,2012
BS29996,BS31248,BS25417,2012
BS29997,BS5750,BS21341,2012
BS30018,BS22860,BS19338,2012
BS30020,BS21162,BS25818,2012
BS30021,BS11168,BS28611,2012
BS30040,BS20715,BS22550,2012
BS30044,BS25689,BS29956,2012
BS30060,BS23612,BS19691,2012
BS30078,BS8591,BS28406,2012
BS30092,BS22896,NA,2012
BS30098,BS25333,BS9759,2012
BS30108,BS23678,BS20201,2012
BS30111,BS25284,BS25295,2012
BS30157,BS12281,NA,2012
BS30162,NA,BS19660,2012
BS30164,BS20252,BS20680,2012
BS30170,BS21144,BS25418,2012
BS30177,BS25217,BS8206,2012
BS30185,BS20419,BS27924,2012
BS30191,BS28279,BS12728,2012
BS30196,BS25409,BS20065,2012
BS30201,BS21140,BS22867,2012
BS30206,BS8423,BS25843,2012
BS30211,BS25415,BS19220,2012
BS30219,BS6713,BS27710,2012
BS30223,BS22527,BS25197,2012
BS30232,BS25243,BS25423,2012
BS30234,BS21342,BS25200,2012
BS30247,BS27708,BS23206,2012
BS30136,BS10796,BS27599,2013
BS30261,BS12991,BS21415,2013
BS30273,BS25411,BS28645,2013
BS30275,BS22521,BS25751,2013
BS30281,BS9164,BS23640,2013
BS30288,BS25573,BS21209,2013
BS30294,BS25413,BS5763,2013
BS30295,BS22528,BS19862,2013
BS30300,BS18913,BS18936,2013
BS30331,BS21458,BS25853,2013
BS30335,BS22516,BS23646,2013
BS30338,BS21615,BS6463,2013
BS30405,BS25213,BS28253,2013
BS30409,BS28265,BS20601,2013
BS30419,BS26547,BS28267,2013
BS30426,BS25865,BS5688,2013
BS31005,BS21749,BS18993,2013
BS31040,BS19751,BS9230,2013
BS31043,BS23231,BS23200,2013
BS31050,BS19058,BS25335,2013
BS31067,BS25875,BS6524,2013
BS31069,BS25305,BS25293,2013
BS31076,BS25373,BS25874,2013
BS31091,BS25382,BS25462,2013
BS31094,BS25872,BS11337,2013
BS31206,BS22513,BS9048,2013
BS31217,BS5680,NA,2013
BS31224,BS28294,BS25807,2013
BS31228,BS26668,BS29961,2013
BS31233,BS25802,BS19045,2013
BS31119,BS25243,BS25423,2014
BS31127,BS22527,BS25197,2014
BS31131,BS6713,BS27710,2014
BS31147,BS8423,BS25843,2014
BS31156,BS25409,BS20065,2014
BS31159,BS28279,BS12728,2014
BS31179,BS9986,BS25881,2014
BS31183,BS6563,BS27703,2014
BS31184,BS21144,BS25418,2014
BS31326,BS27598,BS27810,2014
BS31353,BS20252,BS20680,2014
BS31355,BS19656,BS19660,2014
BS31375,NA,BS12446,2014
BS31391,BS25284,BS25295,2014
BS31395,BS23678,BS20201,2014
BS31407,BS25826,BS27593,2014
BS31409,BS22896,BS25238,2014
BS31424,BS23612,BS19691,2014
BS31437,BS28410,BS27829,2014
BS31443,BS8591,BS28406,2014
BS31456,BS5750,BS21341,2014
BS31459,BS27912,BS25419,2014
BS31463,BS25854,BS25199,2014
BS31469,BS28277,BS30341,2014
BS31471,BS0957,BS9173,2014
BS31474,BS27615,BS19469,2014
BS31491,BS23250,BS21633,2014
BS30373,BS27708,BS23206,2015
BS30376,BS21342,BS25200,2015
BS30383,BS21458,BS25853,2015
BS30397,BS26547,BS28267,2015
BS30441,BS9184,BS9065,2015
BS30442,NA,BS5688,2015
BS30462,BS23248,BS23661,2015
BS30469,BS22521,BS25751,2015
BS30476,BS28265,BS20601,2015
BS30480,BS27981,NA,2015
BS30484,BS25411,BS28645,2015
BS31253,NA,BS19107,2015
BS31256,BS25875,BS6524,2015
BS31259,BS25305,BS25293,2015
BS31268,BS22553,BS20131,2015
BS31274,NA,BS8751,2015
BS31275,BS20715,BS22550,2015
BS31278,BS25845,BS10834,2015
BS31511,NA,BS19154,2015
BS31518,BS18913,BS18936,2015
BS31525,BS22528,BS19862,2015
BS32762,BS6961,BS25861,2015
BS32766,BS19291,BS12284,2015
BS32777,BS26668,BS29961,2015
BS32780,BS22513,BS9048,2015
BS32784,BS10796,BS27599,2015
BS32823,BS22895,BS23200,2015
BS32829,BS19058,BS25335,2015
BS32832,BS22875,BS19585,2015
BS32839,NA,BS28045,2015
BS32863,BS21749,BS18993,2015
BS32877,BS19751,BS9230,2015
BS31701,BS8423,BS25843,2016
BS31713,NA,BS19220,2016
BS32938,NA,BS23123,2016
BS32941,BS27598,BS27810,2016
BS33253,BS25854,BS25351,2016
BS33298,BS28277,BS30341,2016
BS33299,BS0957,BS9173,2016
BS33312,BS23678,BS20201,2016
BS33329,BS25284,BS25295,2016
BS33331,NA,BS25461,2016
BS33368,BS12281,NA,2016
BS33377,BS25802,BS19045,2016
BS33379,BS22869,BS25298,2016
BS33384,BS23612,BS19691,2016
BS31588,BS21458,BS25853,2017
BS31598,BS27708,BS23206,2017
BS31614,BS28265,BS20601,2017
BS31637,BS23250,BS21633,2017
BS31722,BS25411,BS28645,2017
BS31731,BS26547,BS28267,2017
BS32962,BS9184,BS9065,2017
BS32977,BS22521,BS25751,2017
BS32999,BS22528,BS19862,2017
BS33001,BS23685,BS25979,2017
BS33021,NA,BS12284,2017
BS33032,BS19260,BS8751,2017
BS33037,BS22513,BS9048,2017
BS33040,BS26668,BS29961,2017
BS33046,NA,BS19585,2017
BS33048,BS20252,BS20680,2017
BS33419,BS21749,BS18993,2017
BS33432,BS23231,BS23200,2017
BS33436,BS19058,BS25335,2017
BS33457,BS25845,BS8742,2017
BS33462,BS25305,BS25293,2017
BS33489,BS20715,BS22550,2017
BS33494,BS10860,BS11053,2017
BS9557,BS1219,BS7296,1977
BS10387,BS21795,BS5957,1983
BS10394,BS6476,BS752,1983
BS10397,BS9305,BS4592,1983
BS21643,BS4598,BS1210,1983
BS22508,BS734,CF3237,1983
BS25281,BS8240,BS5060,1983
BS28052,BS198,BS5080,1983
BS10808,BS5020,BS5062,1985
BS10811,BS198,BS5080,1985
BS10819,BS25240,BS6497,1985
BS23636,BS6476,BS752,1985
BS25760,BS734,CF3237,1985
BS25832,BS396,BS9311,1985
BS27589,BS6979,BS5908,1985
BS11157,BS1216,CF3847,1986
BS11196,BS25862,BS9558,1986
BS11215,BS9418,BS6575,1986
BS11263,BS11022,BS25320,1986
BS11267,BS27823,BS6949,1986
BS11282,BS1222,BS4611,1986
BS11287,BS1214,BS4605,1986
BS11288,BS9330,BS1970,1986
BS11289,BS5050,BS739,1986
BS11291,BS4596,BS1011,1986
BS11293,BS5059,BS5064,1986
BS11294,BS4598,BS1210,1986
BS11300,BS9522,BS6928,1986
BS11314,BS9480,BS5694,1986
BS21546,BS9526,BS9532,1986
BS25470,BS5900,BS25386,1986
BS27803,BS23617,BS23221,1986
BS11542,BS23624,BS25310,1987
BS11548,BS9339,BS5005,1987
BS11552,BS5590,BS9552,1987
BS11560,BS1208,BS805,1987
BS11570,BS10504,BS25468,1987
BS11577,BS21787,BS25290,1987
BS11591,BS21158,BS9518,1987
BS11601,BS4622,BS5078,1987
BS11602,BS23570,BS25340,1987
BS11603,BS21795,BS5957,1987
BS11609,BS9305,BS4592,1987
BS11611,BS4895,BS5082,1987
BS11617,BS6297,BS5054,1987
BS11619,BS198,BS5080,1987
BS11622,BS4638,BS6927,1987
BS11627,BS734,CF3237,1987
BS11632,BS25240,BS6497,1987
BS11635,BS396,BS9311,1987
BS11649,BS6933,BS10660,1987
BS11659,BS5718,BS9425,1987
BS11669,BS5720,BS25420,1987
BS11671,BS5725,BS9435,1987
BS11707,BS5768,BS9462,1987
BS11733,BS9473,BS11029,1987
BS23213,BS7743,BS9316,1987
BS25375,BS21776,BS9486,1987
BS27591,BS6478,BS752,1987
BS27822,BS25326,BS25388,1987
BS11774,BS1222,BS4611,1988
BS11778,BS1214,BS4605,1988
BS11780,BS9330,BS1970,1988
BS11788,BS5059,BS5064,1988
BS11794,BS9522,BS6928,1988
BS11843,BS5744,BS9468,1988
BS11848,BS6713,BS9472,1988
BS11857,BS8022,BS27646,1988
BS11864,BS9448,BS9443,1988
BS11884,BS8001,BS21344,1988
BS11893,BS5678,BS22876,1988
BS11904,BS5900,BS25386,1988
BS11924,BS25862,BS9558,1988
BS11930,BS6961,BS21558,1988
BS11939,BS11022,BS25320,1988
BS25421,BS23622,BS9466,1988
BS25467,BS23617,BS23221,1988
BS28051,BS25356,BS22506,1988
BS28056,BS1216,CF3847,1988
BS11979,BS27804,BS5060,1989
BS25232,BS23624,BS25310,1989
BS25403,BS5719,BS9425,1989
BS25753,BS19402,BS6791,1989
BS27806,BS9339,BS5005,1989
BS28287,BS21776,BS9486,1989
BS9735,BS5050,NA,1989
BS9757,BS21158,BS9518,1989
BS9761,BS1214,BS4605,1989
BS9772,BS7743,BS9316,1989
BS9774,BS23570,BS25340,1989
BS9781,BS25240,BS6497,1989
BS9782,BS9526,BS9532,1989
BS9783,BS1208,BS805,1989
BS9788,BS6979,BS1555,1989
BS9838,BS7655,BS23643,1989
BS9850,BS5720,BS25420,1989
BS9855,BS8221,BS28256,1989
BS9873,BS9418,BS6575,1989
BS9877,BS21794,BS23207,1989
BS9880,BS7666,BS8046,1989
BS9889,BS23557,BS9438,1989
BS9920,BS6476,BS752,1989
BS9930,BS4622,BS5078,1989
BS9936,BS198,BS5080,1989
BS9940,BS25326,BS25388,1989
BS9941,BS5590,BS9552,1989
BS9942,BS7914,BS25315,1989
BS9945,BS21795,BS5957,1989
BS12307,BS5738,BS8231,1990
BS12309,BS8001,BS21344,1990
BS12317,BS9448,BS9443,1990
BS12322,BS8891,BS8006,1990
BS12326,BS5725,BS9435,1990
BS12329,BS23557,BS9438,1990
BS12456,BS23622,BS9466,1990
BS12556,BS4596,BS7297,1990
BS12558,BS9330,BS1970,1990
BS12565,BS9522,BS6975,1990
BS12566,BS1222,BS4611,1990
BS12570,BS7855,BS21780,1990
BS12593,BS6796,BS9520,1990
BS12601,BS25862,BS9558,1990
BS12630,BS10664,BS25468,1990
BS12643,BS23617,BS23221,1990
BS12667,BS21144,BS25223,1990
BS28298,BS25356,BS22506,1990
BS28721,BS6961,BS21558,1990
BS12257,BS27823,BS6949,1991
BS12258,BS5590,BS9552,1991
BS12262,BS25318,BS25320,1991
BS12276,BS6933,BS10660,1991
BS12293,BS9526,BS9532,1991
BS12412,BS25240,BS6497,1991
BS12414,BS7743,BS9316,1991
BS12420,BS396,BS9311,1991
BS12424,BS5050,BS739,1991
BS12435,BS25326,BS25388,1991
BS12436,BS21787,BS25290,1991
BS12504,BS5719,BS9425,1991
BS12514,BS19402,BS5987,1991
BS12515,BS7655,BS23643,1991
BS12517,BS27704,BS9064,1991
BS12545,BS5720,BS25420,1991
BS12683,BS9471,BS9386,1991
BS12690,BS23219,BS6244,1991
BS12699,BS25202,BS25341,1991
BS12704,BS5744,BS9468,1991
BS12708,BS6713,BS9472,1991
BS12731,BS5770,BS25405,1991
BS12754,BS21795,BS5957,1991
BS12755,BS23570,BS25340,1991
BS25752,BS8221,BS28256,1991
BS31571,BS21145,BS23642,1991
BS18835,BS23671,BS9067,1992
BS18838,BS5725,BS9435,1992
BS18841,BS23557,BS9438,1992
BS18863,BS21794,BS23207,1992
BS18866,BS9448,BS9443,1992
BS18872,BS8685,BS23242,1992
BS18917,BS9974,BS9479,1992
BS18927,BS27702,BS5776,1992
BS18958,BS6961,BS21558,1992
BS18982,BS6476,BS752,1992
BS18983,BS7855,BS21780,1992
BS18992,BS4622,BS5078,1992
BS19017,BS6796,BS9520,1992
BS19027,BS10664,BS25468,1992
BS19033,BS9522,BS6975,1992
BS19037,BS198,BS5080,1992
BS19102,BS23617,BS23221,1993
BS19108,BS4596,BS5123,1993
BS19116,BS6933,BS9564,1993
BS19134,BS11326,BS9404,1993
BS19137,BS5719,BS9425,1993
BS19139,BS5720,BS25420,1993
BS19140,BS11202,BS8837,1993
BS19158,BS10711,BS10759,1993
BS19169,BS8001,BS21344,1993
BS19191,BS10765,BS21441,1993
BS19210,BS9986,BS10316,1993
BS19211,BS23622,BS9466,1993
BS19215,BS5744,BS9468,1993
BS19217,BS10334,BS9956,1993
BS19218,BS6713,BS9472,1993
BS19243,BS5770,BS25405,1993
BS19254,BS27804,BS5060,1993
BS19258,BS21776,BS9486,1993
BS19264,BS10881,BS9229,1993
BS19277,BS25337,BS10361,1993
BS19292,BS23570,BS25340,1993
BS19299,BS8760,BS25386,1993
BS19302,BS21158,BS9518,1993
BS19313,BS25326,BS25388,1993
BS19327,BS25862,BS9558,1993
BS19333,BS11190,BS10799,1993
BS19343,BS25318,BS25320,1993
BS19345,BS5590,BS9552,1993
BS19348,BS27823,BS6949,1993
BS19350,BS11264,BS8776,1993
BS19374,BS7914,BS25315,1994
BS19376,BS11261,BS10752,1994
BS19377,BS6961,BS21558,1994
BS19392,BS10902,BS25321,1994
BS19398,BS10664,BS25468,1994
BS19437,BS10810,BS23199,1994
BS19439,BS198,BS5080,1994
BS19443,BS5050,BS739,1994
BS19448,BS11020,BS23232,1994
BS19450,BS23234,BS25873,1994
BS19460,BS25422,BS9188,1994
BS19462,BS7046,BS23558,1994
BS19465,BS23557,BS9438,1994
BS19467,BS25821,BS25870,1994
BS19468,BS5725,BS9435,1994
BS19471,BS23559,BS9169,1994
BS19474,BS23671,BS9067,1994
BS19479,BS10852,BS22522,1994
BS19486,BS27925,BS9186,1994
BS19494,BS5333,BS8231,1994
BS19504,BS9085,BS23242,1994
BS19512,BS8031,BS27646,1994
BS19513,BS25211,BS25201,1994
BS19518,BS10320,BS27710,1994
BS19538,BS10321,BS8878,1994
BS19550,BS27702,BS5776,1994
BS19604,BS23607,BS9479,1994
BS19618,BS25202,BS25341,1994
BS19621,BS21144,BS25223,1994
BS19622,BS10746,BS10311,1994
BS21164,BS27613,BS9064,1994
BS19775,BS11326,BS9404,1995
BS19778,BS5719,BS9425,1995
BS19782,BS23644,BS6575,1995
BS19784,BS7655,BS23643,1995
BS19786,BS21549,BS27614,1995
BS19789,BS7666,BS8046,1995
BS19790,BS5720,BS25420,1995
BS19791,BS11202,BS8837,1995
BS19795,BS27912,BS10783,1995
BS19805,BS10702,BS25757,1995
BS19807,BS10711,BS10759,1995
BS19812,BS25210,BS23205,1995
BS19816,BS27913,BS9443,1995
BS19817,BS21794,BS1694,1995
BS19822,BS21133,BS8844,1995
BS19830,BS10766,BS9089,1995
BS19835,BS10334,BS9956,1995
BS19840,BS5770,BS25405,1995
BS19841,BS23219,BS6244,1995
BS19842,BS11312,BS9958,1995
BS19850,BS23622,BS9466,1995
BS19873,BS11240,BS27929,1995
BS19880,BS11252,BS10731,1995
BS19888,BS9094,BS21142,1995
BS19895,BS12971,BS22876,1995
BS19898,BS11205,BS10790,1995
BS19912,BS23566,BS25307,1995
BS19923,BS25356,BS22506,1995
BS19929,BS5882,BS6975,1995
BS19930,BS21135,BS28404,1995
BS19932,BS25376,BS8705,1995
BS19936,BS9522,BS7700,1995
BS19938,BS10881,BS9229,1995
BS19939,BS19766,BS74,1995
BS19946,BS23230,BS10384,1995
BS19951,BS21158,BS9518,1995
BS19957,BS21787,BS25290,1995
BS19959,BS11271,BS9201,1995
BS19980,BS27804,BS5060,1995
BS19984,BS21776,BS9486,1995
BS19985,BS734,BS23236,1995
BS19986,BS5050,BS739,1995
BS19991,BS25240,BS4605,1995
BS19992,BS25337,BS10361,1995
BS20000,BS4596,BS5123,1995
BS20004,BS8995,BS25385,1995
BS20007,BS23617,BS23221,1995
BS20010,BS11264,BS8776,1995
BS20012,BS5590,BS9552,1995
BS20014,BS11547,BS10748,1995
BS20026,BS9526,BS9532,1995
BS19633,BS25219,BS11731,1996
BS19641,BS25202,BS25341,1996
BS20080,BS198,BS5080,1996
BS20082,BS10810,BS23199,1996
BS20107,BS11620,BS25355,1996
BS20124,BS22874,BS25850,1996
BS20136,BS11582,BS11574,1996
BS20159,BS25318,BS25320,1996
BS20164,BS23624,BS25310,1996
BS20167,BS22509,BS11936,1996
BS20177,BS21145,BS23642,1996
BS20214,BS11543,BS7670,1996
BS20215,BS27613,BS9064,1996
BS20217,BS5725,BS9435,1996
BS20219,BS19402,BS5987,1996
BS20220,BS25206,BS8006,1996
BS20222,BS25821,BS25870,1996
BS20224,BS25422,BS9188,1996
BS20225,BS8822,BS28262,1996
BS20227,BS23671,BS9067,1996
BS20233,BS22900,BS11688,1996
BS20235,BS27925,BS9186,1996
BS20241,BS5333,BS8231,1996
BS20242,BS10777,BS8484,1996
BS20246,BS10852,BS22522,1996
BS20251,BS7707,BS27620,1996
BS20255,BS25211,BS25201,1996
BS20264,BS10334,BS9956,1996
BS20286,BS25842,BS10737,1996
BS20287,BS11232,BS6177,1996
BS20291,BS11251,BS11701,1996
BS20299,BS23607,BS9479,1996
BS19668,BS11205,BS10790,1997
BS19676,BS12971,BS22876,1997
BS19689,BS21158,BS9518,1997
BS19696,BS25466,BS11594,1997
BS19700,BS11168,BS11268,1997
BS19716,BS4596,BS5123,1997
BS19724,BS21795,BS5957,1997
BS19725,BS23570,BS25340,1997
BS19744,BS11020,BS23232,1997
BS19746,BS28057,BS9226,1997
BS19747,BS734,BS23236,1997
BS20182,BS10881,BS9229,1997
BS20188,BS1381,BS10361,1997
BS20190,BS5050,BS739,1997
BS20203,BS28053,BS11612,1997
BS21302,BS27825,BS11608,1997
BS21306,BS21787,BS25290,1997
BS21314,BS11271,BS9201,1997
BS21319,BS12766,BS25468,1997
BS21327,BS6961,BS21558,1997
BS21328,BS11547,BS10748,1997
BS21331,BS11264,BS8776,1997
BS21338,BS27709,BS11677,1997
BS21353,BS11218,BS10767,1997
BS21355,BS21133,BS8844,1997
BS21359,BS27913,BS9443,1997
BS21360,BS23559,BS9169,1997
BS21362,BS5719,BS9425,1997
BS21364,BS7666,BS8046,1997
BS21371,BS7655,BS23643,1997
BS21376,BS23644,BS6575,1997
BS21377,BS21549,BS27614,1997
BS21384,BS27912,BS10783,1997
BS21385,BS11214,BS10308,1997
BS21396,BS10779,BS25390,1997
BS21397,BS11876,BS11686,1997
BS21398,BS10711,BS10759,1997
BS21401,BS23230,BS10834,1997
BS21653,BS10765,BS21441,1997
BS21677,BS23622,BS9466,1997
BS21691,BS5691,BS9076,1997
BS21697,BS11252,BS10731,1997
BS21700,BS5770,BS25405,1997
BS21702,BS11872,BS27701,1997
BS21717,BS12832,BS9462,1997
BS20303,BS9890,BS9906,1998
BS20320,BS23624,BS25310,1998
BS20324,BS6490,BS11936,1998
BS20336,BS25318,BS25320,1998
BS20340,BS11557,BS9937,1998
BS20348,BS11261,BS6540,1998
BS20353,BS11790,BS11791,1998
BS20364,BS25326,BS25388,1998
BS20386,BS9775,BS8798,1998
BS20399,BS4622,BS5078,1998
BS20409,BS19754,BS12477,1998
BS20418,BS27702,BS5776,1998
BS20426,BS25219,BS11731,1998
BS20430,BS23607,BS9479,1998
BS20451,BS19761,BS11727,1998
BS20453,BS11232,BS6177,1998
BS20455,BS25842,BS10737,1998
BS20476,BS10765,BS21441,1998
BS20478,BS20052,BS9897,1998
BS20480,BS12508,BS5688,1998
BS20482,BS5720,BS25420,1998
BS20485,BS8040,BS10719,1998
BS20489,BS10852,BS22522,1998
BS20490,BS10702,BS25757,1998
BS20498,BS25210,BS23205,1998
BS20504,BS25211,BS25201,1998
BS20511,BS10777,BS8484,1998
BS20515,BS5333,BS8231,1998
BS20520,BS21794,BS23207,1998
BS20523,BS21145,BS23642,1998
BS20525,BS11260,BS9187,1998
BS20527,BS8842,BS28262,1998
BS20528,BS20061,BS23634,1998
BS20529,BS9899,BS12304,1998
BS20531,BS25345,BS11802,1998
BS20532,BS23557,BS9438,1998
BS20534,BS25821,BS25870,1998
BS20538,BS11543,BS7670,1998
BS20540,BS25206,BS8006,1998
BS20541,BS27613,BS9064,1998
BS20542,BS12301,BS22865,1998
BS20548,BS25241,BS9892,1998
BS21504,BS8242,BS22953,1998
BS21510,BS23234,BS25873,1998
BS21512,BS25334,BS9765,1998
BS21515,BS19766,BS74,1998
BS21604,BS27925,BS9186,1998
BS21605,BS22900,BS11688,1998
BS21610,BS25202,BS25341,1998
BS20565,BS18991,BS23242,1999
BS20568,BS11218,BS10767,1999
BS20572,BS27913,BS9443,1999
BS20573,BS11876,BS11686,1999
BS20576,BS27617,BS27714,1999
BS20578,BS27912,BS10783,1999
BS20581,BS10711,BS10759,1999
BS20582,BS27619,BS27707,1999
BS20584,BS27709,BS11677,1999
BS20585,BS23671,BS9067,1999
BS20586,BS10714,BS10772,1999
BS20589,BS25422,BS12325,1999
BS20598,BS21793,BS11968,1999
BS20599,BS11359,BS11827,1999
BS20602,BS5770,BS25405,1999
BS20604,BS11252,BS10731,1999
BS20618,BS11966,BS25750,1999
BS20625,BS12832,BS9462,1999
BS20626,BS11305,BS10855,1999
BS20639,BS12337,BS8018,1999
BS20640,BS23219,BS6244,1999
BS20643,BS21549,BS27614,1999
BS20644,BS22864,BS9435,1999
BS20648,BS12988,BS23558,1999
BS20661,BS12766,BS25468,1999
BS20672,BS23614,BS25386,1999
BS20681,BS19127,BS21345,1999
BS20690,BS11205,BS10790,1999
BS20692,BS23566,BS25307,1999
BS20696,BS12613,BS12640,1999
BS20707,BS23617,BS5108,1999
BS20709,BS21348,BS25385,1999
BS20712,BS6961,BS21558,1999
BS20720,BS23230,BS10834,1999
BS20722,BS21158,BS9518,1999
BS20725,BS25466,BS11594,1999
BS20728,BS11168,BS11268,1999
BS20734,BS27823,BS25861,1999
BS20738,BS11264,BS8776,1999
BS20740,BS11872,BS27701,1999
BS20751,BS7666,BS8046,1999
BS20753,BS23559,BS9169,1999
BS20767,BS12635,BS27590,1999
BS20781,BS21795,BS5957,1999
BS20783,BS23611,BS21780,1999
BS20789,BS21776,BS74,1999
BS20790,BS5050,BS375,1999
BS21103,BS27804,BS5060,1999
BS21111,BS25337,BS10361,1999
BS21113,BS734,BS23236,1999
BS21125,BS23570,BS25340,1999
BS21128,BS28057,BS9226,1999
BS21175,BS12971,BS22876,2000
BS21177,BS12662,BS21542,2000
BS21183,BS12765,BS11637,2000
BS21187,BS12281,BS19125,2000
BS21189,BS27811,BS21154,2000
BS21202,BS19402,BS23643,2000
BS21203,BS25821,BS25870,2000
BS21212,BS20067,BS12452,2000
BS21214,BS27613,BS9064,2000
BS21215,BS12301,BS22865,2000
BS21221,BS25241,BS9892,2000
BS21231,BS25210,BS23205,2000
BS21232,BS10777,BS8484,2000
BS21241,BS10702,BS25757,2000
BS21245,BS27925,BS9186,2000
BS21246,BS22900,BS11688,2000
BS21250,BS11805,BS10311,2000
BS21251,BS25202,BS25341,2000
BS21253,BS20052,BS9897,2000
BS21259,BS22962,BS9081,2000
BS21262,BS25211,BS10859,2000
BS21263,BS6562,BS27646,2000
BS21268,BS10334,BS21138,2000
BS21272,BS23622,BS9466,2000
BS21296,BS25842,BS10737,2000
BS21298,BS11232,BS6177,2000
BS21428,BS12508,BS5688,2000
BS21431,BS11953,BS11813,2000
BS21444,BS5720,BS25420,2000
BS21445,BS8822,BS28262,2000
BS21447,BS11260,BS9187,2000
BS21448,BS20061,BS23634,2000
BS21449,BS9899,BS12304,2000
BS21450,BS25345,BS11802,2000
BS21462,BS25219,BS11731,2000
BS21472,BS27702,BS5776,2000
BS21475,BS18899,BS11890,2000
BS21479,BS23624,BS25310,2000
BS21491,BS25240,BS25285,2000
BS21495,BS19253,BS12415,2000
BS21496,BS8242,BS22953,2000
BS21553,BS25376,BS19280,2000
BS21562,BS28053,BS11612,2000
BS21569,BS21135,BS28404,2000
BS21570,BS12743,BS28284,2000
BS21592,BS25318,BS25320,2000
BS21598,BS19344,BS18960,2000
BS21600,BS27807,BS12609,2000
BS21639,BS25815,BS11574,2000
BS21648,BS25326,BS25388,2000
BS21738,BS21628,BS11905,2000
BS21742,BS11589,BS11902,2000
BS21744,BS22871,BS18973,2000
BS21748,BS9775,BS8798,2000
BS21766,BS11607,BS18993,2000
BS21772,BS27825,BS11608,2000
BS22560,BS6961,BS21558,2001
BS22561,BS18808,BS11990,2001
BS22562,BS12613,BS12640,2001
BS22566,BS23617,BS5108,2001
BS22569,BS21348,BS25385,2001
BS22573,BS11557,BS9937,2001
BS22574,BS22553,BS19342,2001
BS22581,BS27823,BS25861,2001
BS22592,BS12766,BS25468,2001
BS22603,BS19593,BS18995,2001
BS22606,BS9775,BS8798,2001
BS22608,BS19263,BS19301,2001
BS22609,BS21158,BS9518,2001
BS22619,BS23611,BS21780,2001
BS22621,BS12635,BS27590,2001
BS22622,BS25356,BS22506,2001
BS22625,BS19275,BS18980,2001
BS22630,BS23570,BS25340,2001
BS22631,BS21795,BS5957,2001
BS22637,BS23566,BS25307,2001
BS22650,BS23669,BS19122,2001
BS22655,BS6933,BS28042,2001
BS22656,BS6556,BS12282,2001
BS22668,BS20552,BS12505,2001
BS22672,BS21145,BS23642,2001
BS22673,BS12988,BS23558,2001
BS22679,BS23644,BS21409,2001
BS22681,BS23559,BS9169,2001
BS22684,BS7655,BS12686,2001
BS22688,BS10714,BS10772,2001
BS22689,BS21549,BS27614,2001
BS22691,BS23671,BS9067,2001
BS22695,BS27709,BS11677,2001
BS22697,BS27619,BS27707,2001
BS22704,BS11218,BS10767,2001
BS22705,BS21794,BS23207,2001
BS22706,BS27913,BS9443,2001
BS22708,BS10711,BS10759,2001
BS22713,BS27617,BS27714,2001
BS22723,BS11312,BS22532,2001
BS22727,BS12337,BS8018,2001
BS22728,BS23219,BS6244,2001
BS22740,BS11305,BS10855,2001
BS22741,BS12832,BS9462,2001
BS22750,BS11240,BS27929,2001
BS22761,BS21131,BS25290,2001
BS22765,BS25466,BS11594,2001
BS22768,BS23614,BS25386,2001
BS22783,BS11966,BS25750,2001
BS22788,BS19195,BS12714,2001
BS22789,BS11251,BS11701,2001
BS22790,BS18857,BS19042,2001
BS22791,BS21419,BS12455,2001
BS22797,BS19761,BS11727,2001
BS22805,BS11359,BS11827,2001
BS22806,BS11252,BS10731,2001
BS22811,BS21141,BS12333,2001
BS22821,BS10810,BS23199,2001
BS22824,BS9929,BS5080,2001
BS22829,BS25334,BS9765,2001
BS22830,BS734,BS23236,2001
BS22831,BS11020,BS23232,2001
BS22833,BS23234,BS25873,2001
BS22834,BS23214,BS11797,2001
BS22850,BS28057,BS9226,2001
BS22851,BS21776,BS9486,2001
BS22880,BS12765,BS11637,2002
BS22917,BS10334,BS21138,2002
BS22936,BS10777,BS8484,2002
BS22937,BS11876,BS11686,2002
BS22940,BS25210,BS6464,2002
BS22943,BS19502,BS21163,2002
BS22945,BS11214,BS4573,2002
BS22947,BS22889,BS11353,2002
BS22949,BS22900,BS11688,2002
BS22965,BS12281,BS19125,2002
BS23002,BS21793,BS11968,2002
BS23004,BS9993,BS25405,2002
BS23007,BS19602,BS12729,2002
BS23010,BS25219,BS12728,2002
BS23013,BS11953,BS11813,2002
BS23015,BS25241,BS12338,2002
BS23020,BS22868,BS27921,2002
BS23023,BS25842,BS10737,2002
BS23029,BS25211,BS25201,2002
BS23033,BS22962,BS9081,2002
BS23041,BS27613,BS19150,2002
BS23043,BS25422,BS20055,2002
BS23045,BS20067,BS12452,2002
BS23049,BS19402,BS23643,2002
BS23052,BS25345,BS11802,2002
BS23055,BS8822,BS28262,2002
BS23056,BS19810,BS19491,2002
BS23057,BS25821,BS8046,2002
BS23063,BS25202,BS25341,2002
BS23066,BS21417,BS25223,2002
BS23070,BS21135,BS28404,2002
BS23073,BS9800,BS25379,2002
BS23075,BS18951,BS25819,2002
BS23079,BS12743,BS28284,2002
BS23081,BS28053,BS11612,2002
BS23088,BS22871,BS18973,2002
BS23093,BS11607,BS18993,2002
BS23107,BS19570,BS28043,2002
BS23110,BS21776,BS9486,2002
BS23129,BS22509,BS11936,2002
BS23136,BS25809,BS25320,2002
BS23141,BS19344,BS18960,2002
BS23145,BS25322,BS10795,2002
BS23158,BS19287,BS19306,2002
BS23162,BS21545,BS11918,2002
BS23168,BS25326,BS25388,2002
BS23170,BS25815,BS11574,2002
BS23171,BS21131,BS25290,2002
BS23178,BS21628,BS11905,2002
BS23186,BS23614,BS25386,2002
BS23189,BS12581,BS11902,2002
BS23195,BS25376,BS19280,2002
BS23197,BS25240,BS25285,2002
BS23573,BS21419,BS12455,2003
BS23581,BS25828,BS21410,2003
BS23584,BS19761,BS11727,2003
BS23588,BS18857,BS19042,2003
BS23589,BS11251,BS11701,2003
BS23590,BS19195,BS12714,2003
BS23594,BS27702,BS5776,2003
BS23600,BS11966,BS25750,2003
BS23654,BS25882,BS18985,2003
BS23655,BS19275,BS18980,2003
BS23680,BS25356,BS22506,2003
BS23681,BS23566,BS25307,2003
BS23687,BS19719,BS19943,2003
BS23688,BS21795,BS5957,2003
BS23692,BS23611,BS21780,2003
BS23693,BS12635,BS27590,2003
BS23695,BS18808,BS11990,2003
BS23703,BS23617,BS5108,2003
BS23705,BS12613,BS12640,2003
BS23708,BS6961,BS21558,2003
BS23713,BS11557,BS9937,2003
BS23718,BS22553,BS19342,2003
BS23722,BS27823,BS25861,2003
BS23736,BS10810,BS23199,2003
BS23737,BS9929,BS5080,2003
BS23744,BS28057,BS9226,2003
BS23745,BS19253,BS12415,2003
BS23748,BS11020,BS23232,2003
BS23750,BS23234,BS25873,2003
BS23756,BS5115,BS10375,2003
BS23757,BS734,BS23236,2003
BS23764,BS23650,BS18806,2003
BS23772,BS19906,BS19121,2003
BS23779,BS6933,BS28042,2003
BS23795,BS12896,BS19246,2003
BS23797,BS11359,BS11827,2003
BS25106,BS11240,BS27929,2003
BS25107,BS11305,BS10855,2003
BS25109,BS12832,BS9462,2003
BS25113,BS27925,BS18938,2003
BS25120,BS6562,BS27646,2003
BS25133,BS12337,BS8018,2003
BS25139,BS19851,BS23242,2003
BS25145,BS20552,BS12505,2003
BS25152,BS27617,BS27714,2003
BS25154,BS21133,BS6697,2003
BS25158,BS11218,BS10767,2003
BS25161,BS21794,BS23207,2003
BS25162,BS23219,BS8837,2003
BS25167,BS27619,BS27707,2003
BS25168,BS27709,BS11677,2003
BS25170,BS23671,BS9067,2003
BS25173,BS7655,BS12686,2003
BS25177,BS21549,BS27614,2003
BS25178,BS23559,BS9169,2003
BS25180,BS23644,BS21409,2003
BS25184,BS12508,BS5688,2003
BS25185,BS21145,BS23642,2003
BS25186,BS12988,BS23558,2003
BS25193,BS27913,BS9443,2003
BS25253,BS6271,BS9776,2003
BS25261,BS23230,BS10834,2003
BS25273,BS9775,BS8798,2003
BS25277,BS19593,BS18995,2003
BS25479,BS12281,BS19125,2004
BS25482,BS12765,BS11637,2004
BS25498,BS25422,BS20055,2004
BS25506,BS21793,BS11968,2004
BS25509,BS9993,BS25405,2004
BS25511,BS19602,BS12729,2004
BS25514,BS25218,BS12336,2004
BS25515,BS25219,BS12728,2004
BS25517,BS11953,BS11813,2004
BS25523,BS25241,BS12338,2004
BS25526,BS22868,BS27921,2004
BS25537,BS18933,BS25414,2004
BS25562,BS27928,BS11697,2004
BS25568,BS20052,BS9897,2004
BS25570,BS18864,BS10772,2004
BS25576,BS19402,BS23643,2004
BS25577,BS12301,BS18837,2004
BS25581,BS25345,BS11802,2004
BS25584,BS11260,BS9187,2004
BS25586,BS25202,BS25341,2004
BS25588,BS7046,BS25420,2004
BS25589,BS8822,BS28262,2004
BS25603,BS19819,BS9892,2004
BS25604,BS22889,BS11353,2004
BS25608,BS25210,BS4666,2004
BS25624,BS19570,BS28043,2004
BS25626,BS25334,BS9765,2004
BS25641,BS25376,BS19280,2004
BS25643,BS12743,BS28284,2004
BS25648,BS22871,BS18973,2004
BS25668,BS12581,BS11902,2004
BS25675,BS23614,BS25386,2004
BS25688,BS21628,BS11905,2004
BS25696,BS25326,BS25388,2004
BS25698,BS21131,BS25290,2004
BS25702,BS21348,BS25385,2004
BS25709,BS22509,BS25315,2004
BS25714,BS19344,BS18960,2004
BS25718,BS25322,BS10795,2004
BS25726,BS19287,BS19306,2004
BS25728,BS4971,BS25468,2004
BS25734,BS28053,BS11612,2004
BS25736,BS25240,BS25285,2004
BS30432,BS22900,BS11688,2004
BS25972,BS23617,BS5108,2005
BS25973,BS25809,BS8492,2005
BS25977,BS11557,BS19113,2005
BS25978,BS12613,BS12640,2005
BS25984,BS22553,BS19342,2005
BS25997,BS23230,BS10834,2005
BS26502,BS25821,BS8046,2005
BS26505,BS27913,BS9443,2005
BS26506,BS957,BS10759,2005
BS26508,BS27709,BS11677,2005
BS26509,BS23671,BS9067,2005
BS26512,BS27619,BS27707,2005
BS26513,BS27617,BS19825,2005
BS26517,BS11218,BS8484,2005
BS26519,BS11876,BS21163,2005
BS26520,BS21794,BS23207,2005
BS26531,BS20552,BS12505,2005
BS26533,BS21145,BS23642,2005
BS26534,BS12988,BS23558,2005
BS26537,BS23559,BS9169,2005
BS26538,BS9899,BS20536,2005
BS26539,BS21549,BS27614,2005
BS26541,BS7655,BS12686,2005
BS26553,BS20259,BS25196,2005
BS26554,BS11312,BS22532,2005
BS26555,BS19851,BS23242,2005
BS26558,BS22962,BS9081,2005
BS26561,BS12337,BS8018,2005
BS26567,BS23645,BS27646,2005
BS26587,BS19761,BS11727,2005
BS26589,BS25828,BS21410,2005
BS26593,BS11251,BS11701,2005
BS26598,BS27702,BS5776,2005
BS26600,BS12832,BS9462,2005
BS26610,BS21419,BS12455,2005
BS26616,BS11359,BS11827,2005
BS26619,BS12896,BS19246,2005
BS26620,BS21141,BS12333,2005
BS26636,BS20307,BS19645,2005
BS26638,BS27811,BS25299,2005
BS26648,BS6933,BS28042,2005
BS26660,BS27823,BS25861,2005
BS26672,BS25815,BS11574,2005
BS26673,BS25877,BS19312,2005
BS26684,BS12581,BS11902,2005
BS26685,BS19593,BS18995,2005
BS26687,BS25882,BS18985,2005
BS26689,BS25356,BS22506,2005
BS26690,BS12635,BS27590,2005
BS26696,BS23611,BS21780,2005
BS26698,BS25872,BS27587,2005
BS26704,BS23566,BS25307,2005
BS26721,BS11020,BS23232,2005
BS26727,BS9800,BS25379,2005
BS26730,BS734,BS23236,2005
BS26734,BS9929,BS5080,2005
BS26739,BS21135,BS28404,2005
BS26743,BS18951,BS25819,2005
BS26745,BS27825,BS11608,2005
BS25369,BS9993,BS25405,2006
BS25432,BS25218,BS12336,2006
BS25435,BS11953,BS11813,2006
BS25437,BS25219,BS25841,2006
BS25444,BS22868,BS27921,2006
BS25446,BS25842,BS10737,2006
BS25449,BS18899,BS11890,2006
BS25455,BS12966,BS12713,2006
BS25458,BS11240,BS27929,2006
BS25764,BS28053,BS11612,2006
BS25766,BS23629,BS19034,2006
BS25767,BS10810,BS23199,2006
BS25779,BS25425,BS5149,2006
BS25781,BS8822,BS28262,2006
BS25785,BS11260,BS9187,2006
BS25789,BS25345,BS11802,2006
BS25793,BS19402,BS23643,2006
BS25795,BS22538,BS12452,2006
BS25888,BS12743,BS28284,2006
BS25899,BS19570,BS28043,2006
BS25914,BS23234,BS25873,2006
BS25923,BS22871,BS18973,2006
BS25932,BS21795,BS25355,2006
BS25937,BS25240,BS25285,2006
BS25943,BS25322,BS10795,2006
BS25950,BS19287,BS19306,2006
BS25952,BS22509,BS25315,2006
BS25960,BS19344,BS18960,2006
BS25963,BS18808,BS11990,2006
BS25965,BS21348,BS25385,2006
BS25970,BS25318,BS11936,2006
BS27502,BS11214,BS25757,2006
BS27520,BS19819,BS9892,2006
BS27521,BS22889,BS11353,2006
BS27526,BS22900,BS11688,2006
BS27528,BS27925,BS25829,2006
BS27529,BS20569,BS10767,2006
BS27534,BS20059,BS9897,2006
BS27539,BS25211,BS25201,2006
BS27550,BS21197,BS19669,2006
BS27556,BS12281,BS19125,2006
BS27561,BS5235,BS25847,2006
BS27571,BS25326,BS25388,2006
BS27572,BS21131,BS25290,2006
BS27584,BS25466,BS11594,2006
BS27610,BS21526,BS22953,2007
BS27621,BS20552,BS12505,2007
BS27623,BS25354,BS19883,2007
BS27625,BS11359,BS11827,2007
BS27630,BS19602,BS12729,2007
BS27632,BS21419,BS12455,2007
BS27633,BS21141,BS11307,2007
BS27636,BS21797,BS11309,2007
BS27640,BS19761,BS11727,2007
BS27653,BS25828,BS21410,2007
BS27658,BS11251,BS11701,2007
BS27669,BS25241,BS25619,2007
BS27671,BS27702,BS5776,2007
BS27682,BS19851,BS23242,2007
BS27683,BS23650,BS18806,2007
BS27717,BS21145,BS23642,2007
BS27719,BS9899,BS20536,2007
BS27720,BS27613,BS9176,2007
BS27721,BS23559,BS9169,2007
BS27722,BS21549,BS27614,2007
BS27723,BS18864,BS10772,2007
BS27724,BS7655,BS12686,2007
BS27731,BS11218,BS8484,2007
BS27745,BS23622,BS9466,2007
BS27819,BS27823,BS25861,2007
BS27834,BS734,BS23236,2007
BS27839,BS20207,BS20071,2007
BS27850,BS25376,BS19280,2007
BS27851,BS9929,BS5080,2007
BS27853,BS18951,BS25819,2007
BS27857,BS21135,BS28404,2007
BS27861,BS27825,BS11608,2007
BS27867,BS12635,BS27590,2007
BS27868,BS25356,BS22506,2007
BS27873,BS11911,BS19563,2007
BS27886,BS25809,BS8492,2007
BS27889,BS11557,BS19113,2007
BS27892,BS23617,BS23221,2007
BS27897,BS12613,BS12640,2007
BS27905,BS20307,BS19645,2007
BS27908,BS22553,BS19342,2007
BS28010,BS23227,BS25468,2007
BS28012,BS25845,BS9776,2007
BS28020,BS25815,BS11574,2007
BS28022,BS23230,BS10834,2007
BS28029,BS9775,BS11905,2007
BS28039,BS19593,BS18995,2007
BS28040,BS9800,BS25379,2007
BS27920,BS12301,BS23558,2008
BS27933,BS11260,BS9187,2008
BS27936,BS7046,BS25420,2008
BS27937,BS25821,BS8046,2008
BS27939,BS23219,BS8837,2008
BS27954,BS10852,BS22522,2008
BS27958,BS27925,BS18938,2008
BS27965,BS25218,BS12336,2008
BS27968,BS11953,BS11813,2008
BS27972,BS18899,BS11890,2008
BS27976,BS12896,BS19246,2008
BS27982,BS25219,BS19042,2008
BS27985,BS25842,BS10737,2008
BS27989,BS21644,BS25750,2008
BS27992,BS12966,BS12713,2008
BS27995,BS23645,BS27646,2008
BS27996,BS25211,BS25201,2008
BS28080,BS25318,BS11936,2008
BS28082,BS21477,BS21333,2008
BS28126,BS12743,BS28284,2008
BS28128,BS28053,BS11612,2008
BS28143,BS27814,BS19573,2008
BS28145,BS23570,BS25340,2008
BS28149,BS19287,BS19306,2008
BS28152,BS25326,BS25388,2008
BS28162,BS21131,BS25290,2008
BS28170,BS25466,BS11594,2008
BS28185,BS12441,BS19558,2008
BS28189,BS25240,BS25285,2008
BS28191,BS20569,BS10767,2008
BS28192,BS27928,BS11697,2008
BS28196,BS20259,BS25196,2008
BS28202,BS20567,BS27714,2008
BS28205,BS21794,BS23207,2008
BS28215,BS19819,BS9892,2008
BS28216,BS19472,BS27601,2008
BS28218,BS22900,BS11688,2008
BS28219,BS25202,BS11961,2008
BS28226,BS22538,BS12452,2008
BS28229,BS19402,BS23643,2008
BS28244,BS25210,BS4666,2008
BS28246,BS27913,BS9443,2008
BS28301,BS28255,BS9847,2009
BS28304,BS25425,BS25757,2009
BS28309,BS11218,BS8484,2009
BS28318,BS27619,BS27707,2009
BS28319,BS27709,BS11677,2009
BS28321,BS18864,BS10772,2009
BS28329,BS21145,BS23642,2009
BS28332,BS8822,BS28262,2009
BS28335,BS9899,BS20536,2009
BS28343,BS18830,BS19159,2009
BS28344,BS25422,BS20055,2009
BS28350,BS20052,BS9897,2009
BS28361,BS11240,BS27929,2009
BS28372,BS19761,BS11727,2009
BS28375,BS25828,BS21410,2009
BS28379,BS21419,BS12455,2009
BS28380,BS21141,BS11307,2009
BS28385,BS25241,BS25619,2009
BS28393,BS19602,BS12729,2009
BS28398,BS11359,BS11827,2009
BS28414,BS21797,BS11309,2009
BS28418,BS23650,BS18806,2009
BS28428,BS27811,BS25299,2009
BS28440,BS20307,BS19645,2009
BS28442,BS25809,BS11990,2009
BS28448,BS11557,BS19113,2009
BS28449,BS21348,BS25385,2009
BS28478,BS5235,BS25847,2009
BS28494,BS25815,BS11574,2009
BS28498,BS9775,BS11905,2009
BS28510,BS25831,BS19034,2009
BS28511,BS21135,BS28404,2009
BS28512,BS25376,BS19280,2009
BS28525,BS9800,BS25379,2009
BS28529,BS23234,BS25873,2009
BS28531,BS19570,BS28403,2009
BS28549,BS27825,BS11608,2009
BS28550,BS18951,BS25819,2009
BS28551,BS12635,BS27590,2009
BS28554,BS25356,BS22506,2009
BS28562,BS11911,BS19563,2009
BS28566,BS19593,BS18995,2009
BS28594,BS25821,BS8046,2010
BS28606,BS18899,BS11890,2010
BS28616,BS12988,BS23558,2010
BS28624,BS11260,BS9187,2010
BS28629,BS23219,BS8837,2010
BS28703,BS10777,BS11802,2010
BS28706,BS12301,BS25203,2010
BS28718,BS19472,BS27601,2010
BS28729,BS10852,BS25204,2010
BS28742,BS25210,BS4666,2010
BS28743,BS27913,BS9443,2010
BS28745,BS21794,BS23207,2010
BS28747,BS20569,BS10767,2010
BS28752,BS27925,BS25829,2010
BS28760,BS25218,BS12336,2010
BS28763,BS21141,BS11307,2010
BS28772,BS25412,BS11701,2010
BS28773,BS19195,BS12714,2010
BS28776,BS25842,BS10737,2010
BS28781,BS21644,BS25750,2010
BS28789,BS12966,BS12713,2010
BS28794,BS23645,BS27646,2010
BS28795,BS25211,BS25201,2010
BS28815,BS21528,BS11637,2010
BS28818,BS12281,BS19125,2010
BS28826,BS25318,BS11936,2010
BS28827,BS12613,BS12640,2010
BS28828,BS9929,BS25315,2010
BS28836,BS19344,BS18960,2010
BS28839,BS27807,BS19342,2010
BS28849,BS25845,BS11918,2010
BS28851,BS25326,BS25388,2010
BS28867,BS25466,BS11594,2010
BS28874,BS19593,BS18995,2010
BS28878,BS25240,BS25285,2010
BS28898,BS10810,BS23199,2010
BS28903,BS28053,BS11612,2010
BS28912,BS12441,BS19558,2010
BS28919,BS28055,BS9948,2010
BS28925,BS23570,BS25340,2010
BS28929,BS27814,BS19573,2010
BS28647,BS20052,BS9897,2011
BS28939,BS11240,BS27929,2011
BS28944,BS19851,BS23242,2011
BS28949,BS22962,BS9081,2011
BS28963,BS23650,BS18806,2011
BS28971,BS21348,BS25385,2011
BS28976,BS21477,BS21333,2011
BS29753,BS10328,BS10335,2011
BS29760,NA,BS22787,2011
BS29763,BS25828,BS21410,2011
BS29766,BS21797,BS11309,2011
BS29769,BS21419,BS12455,2011
BS29773,BS19602,NA,2011
BS29777,BS11359,BS11827,2011
BS29779,NA,BS20594,2011
BS29780,BS25354,BS19883,2011
BS29782,BS28585,BS19246,2011
BS29784,BS27702,BS28639,2011
BS29789,BS22903,BS9462,2011
BS29798,BS8822,BS28262,2011
BS29800,BS9899,BS20536,2011
BS29803,BS22538,BS12452,2011
BS29804,BS21549,BS27614,2011
BS29807,BS18864,BS10772,2011
BS29812,BS18830,BS19159,2011
BS29814,BS25422,BS20055,2011
BS29816,BS19834,BS28601,2011
BS29817,BS28255,BS9847,2011
BS29824,BS27709,BS11677,2011
BS29827,BS28632,BS27707,2011
BS29838,BS20567,BS27714,2011
BS29840,BS23557,BS25223,2011
BS29846,BS25478,BS25830,2011
BS29851,BS23227,BS25468,2011
BS29857,BS19287,BS19306,2011
BS29863,BS25815,BS11574,2011
BS29869,BS9775,BS11905,2011
BS29884,BS32882,BS10400,2011
BS29890,BS21795,BS25355,2011
BS29895,BS22897,BS11771,2011
BS29899,NA,BS22632,2011
BS29903,BS11911,BS19563,2011
BS29915,BS18951,BS25819,2011
BS29916,BS12743,BS28284,2011
BS29917,BS25831,BS19034,2011
BS29919,BS21135,BS28404,2011
BS29937,BS734,BS23236,2011
BS29938,BS19570,BS28043,2011
BS29941,BS23234,BS25873,2011
BS29944,BS9800,BS25379,2011
BS29950,BS21129,NA,2011
BS28690,BS12301,BS25203,2012
BS28696,BS30358,BS28270,2012
BS28700,BS12988,BS23558,2012
BS29998,NA,BS12505,2012
BS30001,BS18808,BS11990,2012
BS30009,BS25318,BS11936,2012
BS30010,BS12613,BS12640,2012
BS30019,BS27807,BS19342,2012
BS30026,BS25259,BS20664,2012
BS30027,BS23617,BS21626,2012
BS30032,BS5235,BS25847,2012
BS30036,BS25845,BS11918,2012
BS30041,BS11145,BS19411,2012
BS30056,BS19593,BS18995,2012
BS30059,BS12441,BS19558,2012
BS30077,BS27814,BS19573,2012
BS30085,BS28055,BS9948,2012
BS30088,BS25661,BS19750,2012
BS30090,BS10810,BS23199,2012
BS30096,BS21776,BS23232,2012
BS30101,BS27805,BS22953,2012
BS30163,BS21528,BS11637,2012
BS30173,NA,BS12333,2012
BS30179,BS23587,BS23014,2012
BS30187,BS19195,BS12714,2012
BS30192,BS25218,BS12336,2012
BS30194,BS21141,BS11307,2012
BS30200,BS25222,BS30446,2012
BS30203,BS25412,BS11701,2012
BS30204,BS25842,BS10737,2012
BS30209,BS21644,BS25750,2012
BS30215,BS12966,BS12713,2012
BS30218,BS12337,BS11151,2012
BS30222,BS25211,BS25201,2012
BS30226,BS20259,BS25196,2012
BS30241,BS20569,BS10767,2012
BS30244,BS25210,BS4666,2012
BS30245,BS27925,BS25829,2012
BS30246,BS19472,BS27601,2012
BS29980,BS25391,BS22590,2013
BS29986,BS21477,BS21333,2013
BS30138,BS23227,BS25468,2013
BS30139,BS19287,BS19306,2013
BS30251,BS19602,BS12729,2013
BS30255,BS11359,BS11827,2013
BS30259,BS28585,BS19246,2013
BS30263,BS21141,BS11307,2013
BS30264,BS25828,BS21410,2013
BS30268,BS21797,BS11309,2013
BS30270,BS21419,BS12455,2013
BS30283,BS25422,BS20055,2013
BS30284,BS18830,BS19159,2013
BS30290,BS18864,BS10772,2013
BS30299,BS22903,BS9462,2013
BS30302,BS10852,BS25204,2013
BS30304,BS28255,BS9847,2013
BS30305,BS19834,BS28601,2013
BS30306,BS23557,BS25223,2013
BS30313,BS11218,BS8484,2013
BS30319,BS27913,BS9443,2013
BS30322,NA,BS27707,2013
BS30324,BS20059,BS9897,2013
BS30327,BS19851,BS23242,2013
BS30329,BS25540,BS28656,2013
BS30339,BS27709,BS11677,2013
BS30402,BS22962,BS9081,2013
BS30406,NA,BS22782,2013
BS30410,BS25354,BS19883,2013
BS30413,BS21549,BS27614,2013
BS30415,BS22538,BS12452,2013
BS30417,BS9899,BS20536,2013
BS30421,BS22897,BS11771,2013
BS30429,BS11260,BS9187,2013
BS31001,BS22885,BS18985,2013
BS31008,BS12635,BS27590,2013
BS31020,BS9800,BS25379,2013
BS31022,BS11911,BS19563,2013
BS31026,BS21795,BS25355,2013
BS31033,BS19570,BS28043,2013
BS31041,BS27594,BS23210,2013
BS31060,BS9775,BS11905,2013
BS31063,BS25466,BS11594,2013
BS31071,BS28053,BS11608,2013
BS31074,BS18951,BS25819,2013
BS31078,BS12743,BS28284,2013
BS31079,BS25831,BS19034,2013
BS31081,BS21135,BS28404,2013
BS31210,BS25478,BS25830,2013
BS31222,BS23650,BS18806,2013
BS31108,BS25210,BS4666,2014
BS31112,BS20569,BS10767,2014
BS31117,BS22900,NA,2014
BS31125,BS20259,BS25196,2014
BS31129,BS25211,BS25201,2014
BS31134,BS12337,BS11151,2014
BS31135,BS23645,BS18889,2014
BS31145,BS21644,BS25750,2014
BS31149,BS25842,BS10737,2014
BS31151,BS25222,BS30446,2014
BS31161,BS23587,BS23014,2014
BS31165,BS31545,BS12333,2014
BS31172,BS18899,BS11890,2014
BS31303,BS18808,BS11990,2014
BS31313,BS12613,BS12640,2014
BS31317,BS28046,BS21619,2014
BS31335,BS23617,BS21626,2014
BS31351,BS12281,BS19125,2014
BS31354,BS21528,BS11637,2014
BS31388,BS19593,BS18995,2014
BS31397,BS27805,BS22953,2014
BS31413,BS10810,BS23199,2014
BS31426,BS12441,BS19558,2014
BS31430,BS29969,BS27587,2014
BS31434,BS27814,BS19573,2014
BS31436,BS28055,BS9948,2014
BS31451,BS20552,BS12505,2014
BS31457,BS12988,BS23558,2014
BS31462,BS8822,BS28262,2014
BS31470,BS22538,BS12452,2014
BS31488,BS19472,BS27601,2014
BS31489,BS27925,BS25829,2014
BS30365,NA,BS10772,2015
BS30374,BS27709,BS11677,2015
BS30380,BS4655,BS25757,2015
BS30393,BS30358,BS28270,2015
BS30399,BS12301,BS25203,2015
BS30400,BS21549,BS27614,2015
BS30458,BS25481,BS25136,2015
BS30461,BS12966,BS12713,2015
BS30481,BS25412,BS11701,2015
BS30498,BS23557,BS25223,2015
BS30499,BS22962,BS9081,2015
BS31190,BS19834,BS28601,2015
BS31261,BS9775,BS11905,2015
BS31288,BS19287,BS19306,2015
BS31290,BS25732,BS21341,2015
BS31294,BS32882,NA,2015
BS31503,BS21419,BS12455,2015
BS31504,BS21141,BS11307,2015
BS31516,BS25422,BS20055,2015
BS31517,BS18830,BS19159,2015
BS31519,BS5233,BS9462,2015
BS31539,BS19570,BS28043,2015
BS32751,BS23227,BS25468,2015
BS32753,BS25391,BS22590,2015
BS32782,BS27807,BS19342,2015
BS32786,BS21477,NA,2015
BS32787,BS22509,BS11936,2015
BS32804,BS21135,BS28404,2015
BS32806,BS25831,BS19034,2015
BS32809,BS28053,BS11608,2015
BS32821,BS27594,BS23210,2015
BS32825,BS18951,BS28401,2015
BS32830,BS21129,NA,2015
BS32840,BS25376,BS19280,2015
BS32851,NA,BS12576,2015
BS32855,BS28409,BS18973,2015
BS32861,BS11911,BS19563,2015
BS32864,BS22897,BS11771,2015
BS31651,BS27925,BS25829,2016
BS31654,BS19472,BS27601,2016
BS31665,BS19851,BS23242,2016
BS31684,BS11359,BS11827,2016
BS31692,BS25222,BS30446,2016
BS31703,BS25842,BS10737,2016
BS31705,BS18899,BS11890,2016
BS31712,BS27928,NA,2016
BS32920,BS25466,BS11594,2016
BS32932,BS12613,BS12640,2016
BS32937,BS28046,BS21619,2016
BS32946,BS23617,BS21626,2016
BS32965,BS18808,BS11990,2016
BS33257,BS25202,BS11961,2016
BS33258,BS20552,BS12505,2016
BS33262,BS20569,BS10767,2016
BS33271,BS11260,NA,2016
BS33281,BS25821,BS8046,2016
BS33284,NA,BS23634,2016
BS33285,BS9899,BS20536,2016
BS33297,BS22538,BS12452,2016
BS33307,BS734,BS22554,2016
BS33324,BS10810,BS23199,2016
BS33337,BS27814,BS19573,2016
BS33338,BS21795,BS25355,2016
BS33346,NA,BS21524,2016
BS33349,BS25661,BS19750,2016
BS33363,BS23650,BS18806,2016
BS33370,BS21528,BS11637,2016
BS33382,BS29969,BS27587,2016
BS33385,BS12441,BS19558,2016
BS31546,BS30358,BS28270,2017
BS31591,BS25422,BS20055,2017
BS31593,BS23559,BS30431,2017
BS31595,BS19834,BS28601,2017
BS31600,BS27709,BS11677,2017
BS31602,BS12337,BS11151,2017
BS31603,BS12966,BS12713,2017
BS31604,BS27981,BS27929,2017
BS31606,BS23645,BS18889,2017
BS31618,BS25211,BS25201,2017
BS31630,BS11218,BS8484,2017
BS31647,BS22527,BS27620,2017
BS31740,BS18830,BS19159,2017
BS32819,BS28059,NA,2017
BS32894,BS11911,BS19563,2017
BS32972,BS30437,BS11307,2017
BS32979,BS21644,BS25750,2017
BS32988,BS22903,BS9462,2017
BS32992,BS21419,BS12455,2017
BS33024,BS25259,BS20664,2017
BS33030,BS21477,NA,2017
BS33405,BS21106,BS30130,2017
BS33410,BS27594,BS23210,2017
BS33412,BS28409,BS18973,2017
BS33420,BS22897,BS11771,2017
BS33433,BS18951,NA,2017
BS33439,BS23211,BS19273,2017
BS33448,BS19570,BS28043,2017
BS33450,BS27805,BS22953,2017
BS33460,BS19593,BS18995,2017
BS33461,BS9775,BS11905,2017
BS33476,NA,BS19972,2017
BS33479,BS19287,BS19306,2017
BS33487,BS25391,BS22590,2017
BS33492,BS21135,BS28404,2017
BS33497,BS28077,NA,2017
BS11544,BS22510,BS6987,1987
BS11764,BS5558,BS6999,1988
BS11976,BS22510,BS6987,1989
BS12685,BS9077,BS8806,1991
BS18847,BS22899,BS6006,1992
BS19039,BS23629,BS23233,1992
BS19101,BS22510,BS6987,1993
BS19167,BS23203,BS25207,1993
BS19225,BS25823,BS10335,1993
BS19249,BS12978,BS11258,1993
BS19262,BS10376,BS23236,1993
BS19429,BS27813,BS11283,1994
BS19470,BS25404,BS25394,1994
BS19478,BS22899,BS27611,1994
BS19497,BS11216,BS10767,1994
BS19503,BS8873,BS10843,1994
BS19521,BS10850,BS9957,1994
BS19526,BS7708,BS23621,1994
BS19529,BS10847,BS11712,1994
BS19530,BS11713,BS11244,1994
BS19549,BS11212,BS25343,1994
BS19576,BS23560,BS19073,1994
BS19579,BS10781,BS19097,1994
BS19780,BS22891,BS9176,1995
BS19801,BS23203,BS25207,1995
BS19802,BS11186,BS4959,1995
BS19829,BS23554,BS10310,1995
BS19858,BS25823,BS10335,1995
BS19861,BS12978,BS11258,1995
BS19872,BS25412,BS11239,1995
BS19879,BS11306,BS12992,1995
BS19881,BS11257,BS21612,1995
BS19901,BS11654,BS10907,1995
BS19925,BS27596,BS11174,1995
BS19996,BS10818,BS9218,1995
BS21150,BS25209,BS11673,1995
BS29958,BS11182,BS11791,1995
BS19651,BS23562,BS11651,1996
BS19654,BS23560,BS19073,1996
BS19659,BS11699,BS25226,1996
BS20090,BS27813,BS11283,1996
BS20113,BS11911,BS25287,1996
BS20118,BS11903,BS20040,1996
BS20142,BS25325,BS7741,1996
BS20218,BS25404,BS25394,1996
BS20232,BS25344,BS10317,1996
BS20247,BS22899,BS27611,1996
BS20270,BS7708,BS23621,1996
BS20292,BS11724,BS11154,1996
BS20296,BS25354,BS11729,1996
BS19663,BS25224,BS9154,1997
BS19671,BS11894,BS11646,1997
BS19675,BS9912,BS23565,1997
BS19703,BS11941,BS12621,1997
BS19731,BS11182,BS11791,1997
BS19732,BS23668,BS11296,1997
BS19739,BS23214,BS11793,1997
BS19745,BS10374,BS10375,1997
BS20186,BS25759,BS9932,1997
BS20209,BS28405,BS10804,1997
BS20210,BS23629,BS23233,1997
BS21320,BS27802,BS5597,1997
BS21340,BS22879,BS11217,1997
BS21363,BS12500,BS11799,1997
BS21375,BS22891,BS9176,1997
BS21388,BS11668,BS25205,1997
BS21389,BS11186,BS4959,1997
BS21390,BS25209,BS11673,1997
BS21655,BS23218,BS8418,1997
BS21666,BS23244,BS21786,1997
BS21671,BS25244,BS25212,1997
BS21673,BS11830,BS11846,1997
BS21682,BS25823,BS10335,1997
BS21684,BS25347,BS11845,1997
BS21688,BS25412,BS11239,1997
BS21698,BS11257,BS21612,1997
BS21706,BS25763,BS10721,1997
BS21714,BS11817,BS21611,1997
BS21715,BS12978,BS11258,1997
BS20194,BS9755,BS11763,1998
BS20302,BS23562,BS11651,1998
BS20311,BS11699,BS25226,1998
BS20331,BS9931,BS19071,1998
BS20355,BS25325,BS7741,1998
BS20358,BS12647,BS11907,1998
BS20363,BS12625,BS1999,1998
BS20369,BS25301,BS11777,1998
BS20372,BS23240,BS9934,1998
BS20375,BS12584,BS12446,1998
BS20383,BS11903,BS20040,1998
BS20388,BS12581,BS12637,1998
BS20389,BS11911,BS25287,1998
BS20403,BS28054,BS28058,1998
BS20404,BS22897,BS19168,1998
BS20428,BS25408,BS11307,1998
BS20434,BS25354,BS11729,1998
BS20435,BS11724,BS11154,1998
BS20437,BS12523,BS11823,1998
BS20452,BS19019,BS25822,1998
BS20477,BS27642,BS9875,1998
BS20487,BS22899,BS27611,1998
BS20488,BS12465,BS21344,1998
BS20492,BS23203,BS25207,1998
BS20493,BS12468,BS12318,1998
BS20494,BS25402,BS11879,1998
BS20526,BS12331,BS9874,1998
BS20537,BS25404,BS25394,1998
BS20544,BS27615,BS11684,1998
BS20549,BS25344,BS10317,1998
BS21506,BS13000,BS8571,1998
BS21508,BS10818,CF4458,1998
BS21513,BS23211,BS19053,1998
BS21521,BS27813,BS11283,1998
BS21606,BS10780,BS25426,1998
BS20564,BS23244,BS21786,1999
BS20575,BS25209,BS11673,1999
BS20583,BS21411,BS10760,1999
BS20587,BS12548,BS12956,1999
BS20593,BS25763,BS10721,1999
BS20605,BS11257,BS21612,1999
BS20606,BS12723,BS12336,1999
BS20617,BS25216,BS9839,1999
BS20620,BS25823,BS10335,1999
BS20623,BS25347,BS11845,1999
BS20627,BS11672,BS12466,1999
BS20631,BS12269,BS11952,1999
BS20635,BS21459,BS18882,1999
BS20636,BS11830,BS11846,1999
BS20651,BS23554,BS9171,1999
BS20654,BS18862,BS12526,1999
BS20657,BS11828,BS25428,1999
BS20658,BS25412,BS11239,1999
BS20662,BS9903,BS25357,1999
BS20669,BS19062,BS11803,1999
BS20673,BS9912,BS23565,1999
BS20677,BS25224,BS9154,1999
BS20679,BS28050,BS25228,1999
BS20686,BS10696,BS9901,1999
BS20699,BS11269,BS11276,1999
BS20708,BS22510,BS6987,1999
BS20710,BS12432,BS21529,1999
BS20726,BS19340,BS19009,1999
BS20737,BS25233,BS9758,1999
BS20741,BS12702,BS12728,1999
BS20744,BS12342,BS12338,1999
BS20748,BS12978,BS11258,1999
BS20754,BS25424,BS10758,1999
BS20760,BS12607,BS25847,1999
BS20764,BS6271,BS9915,1999
BS20768,BS27596,BS11174,1999
BS20771,BS23629,BS23233,1999
BS20772,BS28405,BS10804,1999
BS20773,BS11983,BS9924,1999
BS20775,BS18987,BS12576,1999
BS20780,BS27828,BS12636,1999
BS20788,BS25759,BS9932,1999
BS21105,BS18979,BS12750,1999
BS21110,BS10374,BS10375,1999
BS21115,BS23668,BS11296,1999
BS21116,BS11182,BS11791,1999
BS21119,BS9793,BS28044,1999
BS21122,BS18951,BS9946,1999
BS21123,BS25306,BS25338,1999
BS21176,BS12275,BS18823,2000
BS21182,BS18818,BS12652,2000
BS21191,BS23560,BS19073,2000
BS21195,BS23562,BS11651,2000
BS21200,BS9755,BS11763,2000
BS21201,BS22891,BS9176,2000
BS21210,BS25404,BS25394,2000
BS21216,BS22879,BS11863,2000
BS21222,BS25344,BS10317,2000
BS21226,BS25401,BS11354,2000
BS21228,BS12468,BS12318,2000
BS21229,BS25402,BS11879,2000
BS21230,BS23203,BS25207,2000
BS21234,BS11668,BS25205,2000
BS21237,BS22899,BS27611,2000
BS21243,BS20053,BS5337,2000
BS21244,BS10780,BS25426,2000
BS21254,BS11186,BS8414,2000
BS21258,BS27642,BS9878,2000
BS21260,BS23218,BS8418,2000
BS21269,BS25244,BS25212,2000
BS21274,BS10850,BS9957,2000
BS21282,BS12696,BS9975,2000
BS21284,BS18903,BS11842,2000
BS21285,BS18845,BS18886,2000
BS21286,BS12462,BS12458,2000
BS21293,BS19237,BS18888,2000
BS21295,BS11963,BS9846,2000
BS21425,BS27603,BS25230,2000
BS21429,BS18830,BS18829,2000
BS21430,BS5719,BS12330,2000
BS21434,BS11724,BS11154,2000
BS21435,BS25354,BS11729,2000
BS21436,BS12523,BS11823,2000
BS21438,BS11306,BS6229,2000
BS21440,BS25408,BS11307,2000
BS21446,BS12331,BS9874,2000
BS21461,BS25429,BS25343,2000
BS21484,BS19291,BS18949,2000
BS21487,BS19351,BS19104,2000
BS21500,BS23211,BS19053,2000
BS21564,BS10818,BS9218,2000
BS21572,BS18988,BS25381,2000
BS21574,BS20557,BS19305,2000
BS21575,BS19021,BS9776,2000
BS21582,BS11790,BS11559,2000
BS21585,BS12647,BS11907,2000
BS21588,BS25325,BS7741,2000
BS21589,BS12622,BS12602,2000
BS21594,BS27597,BS27808,2000
BS21640,BS18972,BS19771,2000
BS21649,BS25880,BS9201,2000
BS21734,BS19426,BS19423,2000
BS21736,BS20033,BS25292,2000
BS21737,BS11903,BS20040,2000
BS21739,BS21157,BS11583,2000
BS21746,BS11917,BS12590,2000
BS21747,BS11911,BS25287,2000
BS21750,BS12581,BS12637,2000
BS21764,BS28054,BS28058,2000
BS21773,BS27813,BS11283,2000
BS22557,BS19373,BS19395,2001
BS22559,BS11269,BS11276,2001
BS22564,BS20018,BS19379,2001
BS22568,BS22510,BS6987,2001
BS22570,BS12432,BS21529,2001
BS22571,BS19341,BS10435,2001
BS22586,BS11941,BS12621,2001
BS22591,BS9778,BS1169,2001
BS22594,BS12607,BS25847,2001
BS22611,BS19008,BS18999,2001
BS22613,BS25759,BS9932,2001
BS22615,BS9793,BS28044,2001
BS22618,BS18987,BS12576,2001
BS22620,BS27596,BS11174,2001
BS22626,BS6271,BS9915,2001
BS22627,BS27828,BS12636,2001
BS22635,BS18979,BS12750,2001
BS22642,BS9912,BS23565,2001
BS22644,JO6963,BS9901,2001
BS22647,BS21758,BS28049,2001
BS22649,BS19260,BS19118,2001
BS22659,BS12290,BS12270,2001
BS22661,BS9890,BS27812,2001
BS22664,BS11894,BS11646,2001
BS22666,BS25247,BS25231,2001
BS22669,BS11816,BS11951,2001
BS22675,BS19453,BS18833,2001
BS22677,BS18842,BS19172,2001
BS22682,BS25424,BS10758,2001
BS22683,BS19198,BS19159,2001
BS22687,BS12548,BS12956,2001
BS22692,BS21411,BS10760,2001
BS22694,BS18862,BS12526,2001
BS22698,BS19472,BS19189,2001
BS22714,BS19495,BS19162,2001
BS22715,BS27914,BS25758,2001
BS22718,BS19175,BS19490,2001
BS22725,BS28620,BS19193,2001
BS22726,BS23244,BS21786,2001
BS22733,BS11830,BS11846,2001
BS22735,BS25749,BS23621,2001
BS22738,BS12269,BS11952,2001
BS22747,BS19542,BS12713,2001
BS22754,BS25301,BS11777,2001
BS22760,BS19007,BS19016,2001
BS22766,BS12584,BS12446,2001
BS22770,BS12253,BS6524,2001
BS22771,BS25347,BS11845,2001
BS22773,BS25823,BS10335,2001
BS22774,BS19510,BS25747,2001
BS22777,BS12978,BS11258,2001
BS22779,BS11817,BS21611,2001
BS22780,BS19544,BS18916,2001
BS22784,BS25216,BS9839,2001
BS22801,BS19546,BS19242,2001
BS22808,BS19226,BS11965,2001
BS22810,BS12723,BS12336,2001
BS22812,BS25763,BS10721,2001
BS22814,BS23554,BS9171,2001
BS22822,BS12747,BS28045,2001
BS22823,BS11983,BS9924,2001
BS22825,BS12744,BS19267,2001
BS22826,BS19031,BS9229,2001
BS22836,BS27813,BS11283,2001
BS22841,BS23629,BS23233,2001
BS22842,BS28405,BS10804,2001
BS22856,BS11182,BS11791,2001
BS22905,BS25224,BS18811,2002
BS22908,BS22875,BS11763,2002
BS22911,BS10780,BS25426,2002
BS22913,BS18846,BS18937,2002
BS22915,BS25824,BS19459,2002
BS22918,BS21459,BS18882,2002
BS22919,BS25245,BS11234,2002
BS22920,BS10850,BS9957,2002
BS22922,BS19863,BS21633,2002
BS22924,BS22899,BS27611,2002
BS22929,BS19488,BS19487,2002
BS22930,BS25209,BS11673,2002
BS22932,BS23203,BS25207,2002
BS22933,BS25402,BS11879,2002
BS22935,BS18912,BS25390,2002
BS22939,BS25401,BS11354,2002
BS22942,BS19185,BS11860,2002
BS22946,BS25344,BS10317,2002
BS22950,BS22538,BS11684,2002
BS22968,BS27603,BS25230,2002
BS22969,BS28050,BS19590,2002
BS22971,BS19349,BS19128,2002
BS22973,BS11672,BS12688,2002
BS22975,BS10847,BS19528,2002
BS22979,BS18903,BS11842,2002
BS22980,BS18845,BS18886,2002
BS22982,BS22528,BS19227,2002
BS22983,BS12696,BS9975,2002
BS22985,BS19072,BS11247,2002
BS22987,BS19606,BS20555,2002
BS22989,BS11699,BS25226,2002
BS22994,BS19136,BS12522,2002
BS22996,BS25429,BS25343,2002
BS23008,BS11257,BS21612,2002
BS23011,BS25408,BS11307,2002
BS23016,BS11724,BS11154,2002
BS23018,BS12523,BS11823,2002
BS23019,BS25412,BS11239,2002
BS23021,BS19237,BS18888,2002
BS23024,BS25354,BS11729,2002
BS23048,BS25404,BS25394,2002
BS23050,BS22891,BS9176,2002
BS23058,BS19177,BS19163,2002
BS23062,BS19617,BS19455,2002
BS23068,BS19554,BS19265,2002
BS23076,BS25306,BS25338,2002
BS23083,BS25337,BS19440,2002
BS23085,BS18988,BS25381,2002
BS23099,BS28054,BS28058,2002
BS23103,BS10818,BS9218,2002
BS23104,BS27594,BS18978,2002
BS23119,BS19291,BS18949,2002
BS23125,BS21174,BS18953,2002
BS23131,BS25233,BS9950,2002
BS23134,BS19424,BS19370,2002
BS23139,BS27597,BS27808,2002
BS23147,BS11168,BS19394,2002
BS23150,BS12622,BS12602,2002
BS23152,BS25325,BS7741,2002
BS23157,BS20557,BS19305,2002
BS23161,BS12647,BS11907,2002
BS23163,BS19968,BS19407,2002
BS23165,BS19013,BS19320,2002
BS23166,BS18972,BS19771,2002
BS23167,BS25880,BS9201,2002
BS23169,BS19961,BS19411,2002
BS23172,BS25289,BS28060,2002
BS23174,BS21770,BS19029,2002
BS23175,BS19410,BS19416,2002
BS23179,BS20033,BS25292,2002
BS23180,BS21157,BS11583,2002
BS23183,BS19426,BS19423,2002
BS23185,BS19347,BS19422,2002
BS23188,BS11917,BS12590,2002
BS23191,BS11911,BS25287,2002
BS23193,BS19252,BS19032,2002
BS31299,BS18818,BS12652,2002
BS23572,BS11306,BS6229,2003
BS23591,BS12978,BS11258,2003
BS23595,BS11817,BS21611,2003
BS23657,BS27828,BS12636,2003
BS23659,BS18979,BS12750,2003
BS23674,BS11182,BS11791,2003
BS23677,BS22895,BS20075,2003
BS23691,BS27596,BS11174,2003
BS23694,BS18987,BS12576,2003
BS23696,BS11269,BS11276,2003
BS23699,BS22510,BS6987,2003
BS23701,BS12432,BS21529,2003
BS23702,BS19311,BS12759,2003
BS23709,BS20018,BS19379,2003
BS23711,BS19341,BS10435,2003
BS23720,BS11790,BS11559,2003
BS23726,BS11941,BS12621,2003
BS23732,BS19279,BS19052,2003
BS23733,BS27805,BS12421,2003
BS23734,BS23629,BS23233,2003
BS23735,BS28405,BS10804,2003
BS23739,BS25759,BS9932,2003
BS23742,BS12744,BS19267,2003
BS23743,BS23211,BS19053,2003
BS23754,BS23214,BS11793,2003
BS23758,BS11983,BS9924,2003
BS23759,BS23668,BS6975,2003
BS23761,BS27813,BS11283,2003
BS23765,BS11894,BS11646,2003
BS23768,BS18815,BS25820,2003
BS23769,BS12290,BS12270,2003
BS23774,BS25247,BS25231,2003
BS23777,BS9890,BS27812,2003
BS23785,BS23562,BS11651,2003
BS23787,BS19260,BS19118,2003
BS23790,BS9912,BS23565,2003
BS23791,JO6963,BS9901,2003
BS23792,BS21758,BS28049,2003
BS23796,BS19860,BS20288,2003
BS23799,BS19226,BS11965,2003
BS25101,BS19510,BS25747,2003
BS25102,BS25823,BS10335,2003
BS25104,BS19542,BS12713,2003
BS25119,BS11830,BS11846,2003
BS25130,BS25763,BS10721,2003
BS25134,BS27642,BS9878,2003
BS25137,BS23244,BS21786,2003
BS25141,BS23554,BS9171,2003
BS25147,BS19834,BS19777,2003
BS25149,BS19161,BS19808,2003
BS25153,BS27914,BS25758,2003
BS25156,BS22879,BS23205,2003
BS25166,BS19472,BS19189,2003
BS25172,BS23218,BS8414,2003
BS25176,BS12548,BS12956,2003
BS25181,BS19181,BS23634,2003
BS25182,BS12331,BS9874,2003
BS25187,BS18830,BS18829,2003
BS25190,BS19453,BS18833,2003
BS25191,BS18842,BS19172,2003
BS25251,BS20015,BS25358,2003
BS25252,BS27802,BS25357,2003
BS25254,BS9778,BS1169,2003
BS25263,BS19814,BS19312,2003
BS25268,BS12584,BS12446,2003
BS25271,BS12253,BS6524,2003
BS33103,BS23560,BS21542,2003
BS25472,BS25224,BS18811,2004
BS25480,BS11699,BS25226,2004
BS25485,BS22875,BS11763,2004
BS25487,BS27603,BS25230,2004
BS25488,BS25247,BS25231,2004
BS25489,BS19349,BS19128,2004
BS25490,BS12275,BS18823,2004
BS25492,BS19809,BS19792,2004
BS25493,BS19617,BS19455,2004
BS25496,BS19198,BS19159,2004
BS25501,BS19136,BS12522,2004
BS25502,BS19539,BS25428,2004
BS25503,BS25429,BS25343,2004
BS25505,BS12486,BS12892,2004
BS25516,BS25408,BS11307,2004
BS25521,BS25354,BS11729,2004
BS25522,BS11724,BS11154,2004
BS25524,BS19237,BS18888,2004
BS25529,BS25412,BS11239,2004
BS25531,BS25221,BS20285,2004
BS25534,BS19606,BS20555,2004
BS25538,BS18845,BS18886,2004
BS25539,BS22528,BS19227,2004
BS25541,BS12696,BS9975,2004
BS25542,BS11981,BS11720,2004
BS25543,BS25216,BS9839,2004
BS25546,BS25347,BS11845,2004
BS25547,BS19072,BS11247,2004
BS25549,BS10847,BS19528,2004
BS25550,BS10850,BS9957,2004
BS25551,BS19874,BS7063,2004
BS25554,BS21459,BS18882,2004
BS25555,BS25245,BS11234,2004
BS25566,BS21387,BS18871,2004
BS25569,BS20068,BS19204,2004
BS25575,BS25404,BS25394,2004
BS25580,BS25424,BS10758,2004
BS25590,BS21392,BS20216,2004
BS25594,BS22899,BS27611,2004
BS25595,BS10777,BS25205,2004
BS25596,BS23203,BS25207,2004
BS25597,BS25209,BS11673,2004
BS25598,BS19488,BS19487,2004
BS25599,BS10780,BS25426,2004
BS25601,BS25344,BS10317,2004
BS25605,BS21411,BS10760,2004
BS25609,BS25401,BS11354,2004
BS25611,BS25416,BS19490,2004
BS25612,BS18912,BS25390,2004
BS25614,BS12468,BS12318,2004
BS25617,BS25402,BS12526,2004
BS25629,BS19031,BS9229,2004
BS25640,BS25337,BS19440,2004
BS25645,BS25306,BS25338,2004
BS25652,BS19085,BS19051,2004
BS25654,BS28054,BS28058,2004
BS25658,BS19686,BS19918,2004
BS25666,BS11911,BS25287,2004
BS25669,BS11917,BS12590,2004
BS25671,BS20099,BS19948,2004
BS25673,BS19426,BS19423,2004
BS25677,BS11903,BS9934,2004
BS25679,BS19340,BS12592,2004
BS25682,BS19410,BS19416,2004
BS25686,BS20130,BS19368,2004
BS25690,BS19013,BS19320,2004
BS25692,BS19968,BS19407,2004
BS25693,BS19961,BS19411,2004
BS25697,BS25289,BS28060,2004
BS25699,BS19330,BS12637,2004
BS25700,BS19007,BS19016,2004
BS25706,BS21174,BS18953,2004
BS25708,BS25233,BS9950,2004
BS25710,BS19424,BS19370,2004
BS25717,BS11168,BS19394,2004
BS25721,BS21307,BS20144,2004
BS25725,BS12647,BS11907,2004
BS25727,BS20557,BS19305,2004
BS25729,BS20117,BS19972,2004
BS25738,BS19554,BS19265,2004
BS25971,BS19351,BS19104,2005
BS25976,BS20043,BS20006,2005
BS25980,BS21623,BS12254,2005
BS25986,BS11790,BS11559,2005
BS25987,BS25880,BS10753,2005
BS25991,BS11941,BS12621,2005
BS25992,BS25325,BS7741,2005
BS25994,BS27802,BS25357,2005
BS25995,BS20015,BS25358,2005
BS25996,BS5651,BS12444,2005
BS25998,BS19705,BS19355,2005
BS26504,BS19845,BS9847,2005
BS26507,BS19472,BS19189,2005
BS26510,BS23218,BS8414,2005
BS26522,BS27914,BS25758,2005
BS26526,BS20486,BS21395,2005
BS26528,BS19181,BS23634,2005
BS26529,BS12331,BS9874,2005
BS26540,BS12548,BS12956,2005
BS26543,BS22879,BS23205,2005
BS26548,BS19834,BS19777,2005
BS26557,BS27642,BS9878,2005
BS26559,BS23244,BS21786,2005
BS26566,BS11830,BS11846,2005
BS26569,BS25824,BS25746,2005
BS26574,BS20293,BS20283,2005
BS26578,BS25823,BS10335,2005
BS26579,BS27648,BS11842,2005
BS26584,BS19544,BS18916,2005
BS26594,BS11257,BS5766,2005
BS26596,BS11817,BS21611,2005
BS26611,BS11306,BS6229,2005
BS26613,BS19226,BS11965,2005
BS26617,BS19483,BS27701,2005
BS26623,BS23560,BS21542,2005
BS26624,BS11894,BS11646,2005
BS26631,BS19661,BS25227,2005
BS26634,BS9890,BS27812,2005
BS26635,BS28050,BS19590,2005
BS26640,JO6963,BS9901,2005
BS26643,BS19260,BS19118,2005
BS26650,BS18818,BS19896,2005
BS26654,BS21770,BS19029,2005
BS26656,BS12584,BS12446,2005
BS26662,BS27597,BS27808,2005
BS26664,BS20018,BS19379,2005
BS26666,BS23222,BS19702,2005
BS26675,BS21157,BS11583,2005
BS26688,BS22515,BS27827,2005
BS26693,BS27828,BS12636,2005
BS26695,BS19748,BS19562,2005
BS26697,BS27596,BS11174,2005
BS26699,BS18979,BS12750,2005
BS26703,BS19973,BS19558,2005
BS26711,BS19252,BS19737,2005
BS26716,BS22895,BS20075,2005
BS26719,BS23211,BS19053,2005
BS26722,BS23214,BS11793,2005
BS26733,BS12744,BS19267,2005
BS26737,BS23668,BS6975,2005
BS26738,BS11983,BS9924,2005
BS26740,BS27805,BS12421,2005
BS26742,BS27813,BS11283,2005
BS26744,BS19279,BS19052,2005
BS26750,BS11182,BS11791,2005
BS25362,BS25429,BS25343,2006
BS25363,BS12486,BS12892,2006
BS25364,BS25763,BS10721,2006
BS25366,BS19860,BS20288,2006
BS25431,BS19546,BS11731,2006
BS25440,BS11724,BS11154,2006
BS25450,BS12978,BS11258,2006
BS25452,BS25216,BS9839,2006
BS25453,BS25347,BS11845,2006
BS25456,BS18845,BS18886,2006
BS25457,BS12696,BS9975,2006
BS25459,BS19539,BS25428,2006
BS25460,BS19136,BS12522,2006
BS25765,BS28405,BS10804,2006
BS25768,BS25337,BS19440,2006
BS25774,BS19855,BS12688,2006
BS25777,BS21459,BS18882,2006
BS25778,BS19617,BS19455,2006
BS25782,BS21392,BS20216,2006
BS25783,BS21662,BS20449,2006
BS25786,BS18830,BS18829,2006
BS25792,BS25404,BS25394,2006
BS25796,BS20068,BS19204,2006
BS25798,BS19891,BS19800,2006
BS25799,BS22899,BS27611,2006
BS25883,BS18815,BS25820,2006
BS25884,BS12290,BS12270,2006
BS25886,BS19349,BS19128,2006
BS25912,BS19554,BS19265,2006
BS25915,BS20083,BS23235,2006
BS25925,BS19085,BS19051,2006
BS25927,BS23627,BS19945,2006
BS25928,BS19686,BS19918,2006
BS25929,BS21532,BS20019,2006
BS25930,BS28054,BS12299,2006
BS25940,BS20318,BS19395,2006
BS25942,BS11168,BS19394,2006
BS25944,BS20367,BS20155,2006
BS25946,BS19336,BS20143,2006
BS25947,BS12622,BS12602,2006
BS25949,BS20557,BS19305,2006
BS25951,BS25233,BS9950,2006
BS25954,BS8779,BS21334,2006
BS25955,BS22510,BS9552,2006
BS25959,BS19687,BS20339,2006
BS25962,BS11269,BS11276,2006
BS25966,BS20393,BS21529,2006
BS25967,BS19949,BS19713,2006
BS25968,BS23240,BS21335,2006
BS25969,BS19678,BS20325,2006
BS27501,BS25209,BS11673,2006
BS27504,BS19488,BS19487,2006
BS27506,BS19198,BS11879,2006
BS27507,BS23203,BS25207,2006
BS27508,BS18912,BS25390,2006
BS27509,BS12468,BS12318,2006
BS27511,BS21133,BS19477,2006
BS27518,BS25344,BS10317,2006
BS27524,BS23613,BS21391,2006
BS27525,BS10777,BS11684,2006
BS27527,BS10780,BS25426,2006
BS27541,BS10852,BS10843,2006
BS27543,BS21387,BS18871,2006
BS27545,BS23554,BS9171,2006
BS27549,BS22875,BS11763,2006
BS27551,BS21758,BS28049,2006
BS27555,BS23562,BS10790,2006
BS27558,BS25224,BS18811,2006
BS27559,BS21350,BS20779,2006
BS27562,BS12647,BS11907,2006
BS27564,BS19968,BS19407,2006
BS27566,BS19013,BS19320,2006
BS27567,BS19961,BS19411,2006
BS27573,BS25289,BS28060,2006
BS27574,BS19330,BS12637,2006
BS27575,BS11903,BS9934,2006
BS27578,BS19410,BS19416,2006
BS27583,BS25849,BS21789,2006
BS27605,BS11182,BS11791,2007
BS27624,BS19483,BS27701,2007
BS27628,BS19226,BS11965,2007
BS27631,BS11306,BS6229,2007
BS27654,BS10328,BS19235,2007
BS27655,BS25412,BS11239,2007
BS27657,BS19542,BS19870,2007
BS27661,BS20628,BS20448,2007
BS27667,BS19606,BS20555,2007
BS27673,BS11817,BS21611,2007
BS27676,BS21718,BS20281,2007
BS27679,BS12696,BS9975,2007
BS27680,BS27648,BS11842,2007
BS27684,BS23560,BS21542,2007
BS27689,BS19661,BS25227,2007
BS27693,BS9890,BS27812,2007
BS27696,JO6963,BS9901,2007
BS27697,BS19260,BS19118,2007
BS27716,BS19809,BS8390,2007
BS27718,BS19453,BS18833,2007
BS27727,BS19845,BS9847,2007
BS27728,BS19834,BS19777,2007
BS27734,BS25401,BS11354,2007
BS27736,BS23244,BS21786,2007
BS27737,BS28620,BS19193,2007
BS27738,BS27642,BS9878,2007
BS27739,BS19874,BS7063,2007
BS27746,BS20445,BS20601,2007
BS27818,BS25880,BS10753,2007
BS27832,BS23214,BS11793,2007
BS27838,BS22895,BS20075,2007
BS27842,BS20315,BS20183,2007
BS27843,BS21129,BS21729,2007
BS27844,BS25759,BS9932,2007
BS27852,BS11983,BS9924,2007
BS27854,BS19279,BS19905,2007
BS27855,BS27805,BS12421,2007
BS27858,BS27813,BS11283,2007
BS27860,BS20622,BS19993,2007
BS27863,BS18987,BS12576,2007
BS27872,BS27828,BS12636,2007
BS27874,BS19748,BS19562,2007
BS27877,BS18979,BS12750,2007
BS27881,BS18988,BS25381,2007
BS27882,BS21623,BS12254,2007
BS27885,BS19424,BS19715,2007
BS27888,BS20043,BS20006,2007
BS27891,BS19291,BS18949,2007
BS27899,BS25809,BS20332,2007
BS27901,BS19656,BS19575,2007
BS27904,BS23563,BS23565,2007
BS27907,BS27597,BS27808,2007
BS28001,BS21307,BS20144,2007
BS28004,BS19662,BS19707,2007
BS28006,BS25325,BS7741,2007
BS28009,BS20117,BS19972,2007
BS28011,BS27802,BS25357,2007
BS28013,BS25465,BS20729,2007
BS28015,BS23226,BS19960,2007
BS28016,BS21107,BS19699,2007
BS28025,J10724,BS19029,2007
BS28027,BS19340,BS12592,2007
BS28035,BS25301,BS19690,2007
BS28037,BS20682,BS20695,2007
BS27917,BS19617,BS19455,2008
BS27931,BS22652,BS12511,2008
BS27935,BS12331,BS9874,2008
BS27938,BS21392,BS20216,2008
BS27946,BS22899,BS27611,2008
BS27947,BS19891,BS19800,2008
BS27949,BS21133,BS19477,2008
BS27953,BS19161,BS19808,2008
BS27962,BS25245,BS20431,2008
BS27963,BS19546,BS11731,2008
BS27971,BS12978,BS11258,2008
BS27973,BS19539,BS25428,2008
BS27977,BS19860,BS20288,2008
BS27988,BS25216,BS9839,2008
BS28064,BS25224,BS18811,2008
BS28074,BS12275,BS18823,2008
BS28075,BS11269,BS11276,2008
BS28078,BS20393,BS21529,2008
BS28079,BS20318,BS19395,2008
BS28081,BS25233,BS9950,2008
BS28087,BS19687,BS20339,2008
BS28091,BS11941,BS11559,2008
BS28092,BS11168,BS19394,2008
BS28094,BS19963,BS19088,2008
BS28095,BS20367,BS20155,2008
BS28105,BS20083,BS23235,2008
BS28113,BS25337,BS19440,2008
BS28122,BS28405,BS10804,2008
BS28131,BS25306,BS25338,2008
BS28135,BS22515,BS27827,2008
BS28138,BS19686,BS19918,2008
BS28140,BS23627,BS19945,2008
BS28144,BS28054,BS28058,2008
BS28146,BS21532,BS20019,2008
BS28148,BS20557,BS19305,2008
BS28150,BS12647,BS11907,2008
BS28154,BS19705,BS19355,2008
BS28156,BS20698,BS21311,2008
BS28158,BS19013,BS19320,2008
BS28159,BS19961,BS19411,2008
BS28161,BS20015,BS19312,2008
BS28163,BS25289,BS28060,2008
BS28168,BS11903,BS19368,2008
BS28169,BS20018,BS19315,2008
BS28190,BS25330,BS11860,2008
BS28194,BS21387,BS18871,2008
BS28195,BS25424,BS25423,2008
BS28206,BS12468,BS12318,2008
BS28207,BS18912,BS25390,2008
BS28208,BS23203,BS25207,2008
BS28210,BS22879,BS23205,2008
BS28212,BS23613,BS21391,2008
BS28217,BS10777,BS11684,2008
BS28221,BS19181,BS23634,2008
BS28222,BS25424,BS10758,2008
BS28224,BS25345,BS20173,2008
BS28230,BS25404,BS25394,2008
BS28233,BS20456,BS21372,2008
BS28236,BS20642,BS25349,2008
BS28238,BS19198,BS20512,2008
BS28239,BS27914,BS25758,2008
BS28241,BS25209,BS11673,2008
BS28247,BS23554,BS9171,2008
BS28314,BS25401,BS11354,2009
BS28317,BS25344,BS10317,2009
BS28324,BS21426,BS20649,2009
BS28325,BS22746,BS20479,2009
BS28326,BS19809,BS8390,2009
BS28347,BS23244,BS21786,2009
BS28357,BS25844,BS11952,2009
BS28358,BS12337,BS18937,2009
BS28359,BS20445,BS20601,2009
BS28368,BS12696,BS6229,2009
BS28369,BS21719,BS21680,2009
BS28371,BS19544,BS18916,2009
BS28374,BS19542,BS19870,2009
BS28383,BS19606,BS20555,2009
BS28399,BS19483,BS27701,2009
BS28400,BS20628,BS20448,2009
BS28420,BS18815,BS19121,2009
BS28433,BS23562,BS10790,2009
BS28438,BS21645,BS20688,2009
BS28439,BS22875,BS11763,2009
BS28441,BS21623,BS12254,2009
BS28444,BS19424,BS19715,2009
BS28451,BS21127,BS21334,2009
BS28452,BS22509,BS20731,2009
BS28454,BS28411,BS20332,2009
BS28459,BS27597,BS27808,2009
BS28464,BS25880,BS10753,2009
BS28466,BS22553,BS18968,2009
BS28467,BS21595,BS21586,2009
BS28469,BS21307,BS20144,2009
BS28470,BS19336,BS20143,2009
BS28473,BS12622,BS12602,2009
BS28480,BS27802,BS25357,2009
BS28482,BS20117,BS19972,2009
BS28483,BS25465,BS20729,2009
BS28487,BS25325,BS7741,2009
BS28496,BS19340,BS12592,2009
BS28514,BS20315,BS20183,2009
BS28522,BS22895,BS20075,2009
BS28524,BS23668,BS6975,2009
BS28528,BS23214,BS11793,2009
BS28538,BS11182,BS11791,2009
BS28541,BS25759,BS9932,2009
BS28544,BS27813,BS11283,2009
BS28547,BS19279,BS19052,2009
BS28552,BS19719,BS20101,2009
BS28555,BS21563,BS20406,2009
BS28559,BS27828,BS12636,2009
BS28563,BS19748,BS19562,2009
BS28565,BS23184,BS19695,2009
BS28570,BS25301,BS19690,2009
BS28573,BS18979,BS12750,2009
BS28581,BS18987,BS12576,2009
BS28589,BS19136,BS12522,2010
BS28590,BS19539,BS25428,2010
BS28595,BS21392,BS20216,2010
BS28596,BS19453,BS18833,2010
BS28599,BS25424,BS10758,2010
BS28600,BS25345,BS20173,2010
BS28609,BS25202,BS19489,2010
BS28619,BS23554,BS9171,2010
BS28623,BS22652,BS12511,2010
BS28705,BS25404,BS25394,2010
BS28708,BS20456,BS21372,2010
BS28710,BS23218,BS9063,2010
BS28714,BS21139,BS21391,2010
BS28719,BS19181,BS23634,2010
BS28723,BS19891,BS19800,2010
BS28724,BS22899,BS27611,2010
BS28731,BS19161,BS19808,2010
BS28732,BS27914,BS25758,2010
BS28735,BS25209,BS11673,2010
BS28739,BS12468,BS12318,2010
BS28756,BS19860,BS20288,2010
BS28758,BS19546,BS11731,2010
BS28765,BS21469,BS25841,2010
BS28775,BS20440,BS18888,2010
BS28777,BS12486,BS20443,2010
BS28780,BS19848,BS20281,2010
BS28782,BS25216,BS9839,2010
BS28785,BS21294,BS20624,2010
BS28787,BS25347,BS20462,2010
BS28791,BS19874,BS7063,2010
BS28801,BS11817,BS9876,2010
BS28808,BS12275,BS18823,2010
BS28810,BS19661,BS25227,2010
BS28811,JO6963,BS9901,2010
BS28821,BS25224,BS28286,2010
BS28823,BS20318,BS19395,2010
BS28824,BS11145,BS18949,2010
BS28825,BS25233,BS9950,2010
BS28831,BS22510,BS9552,2010
BS28834,BS19687,BS20339,2010
BS28843,BS22577,BS21476,2010
BS28844,BS20367,BS20155,2010
BS28845,BS12647,BS11907,2010
BS28846,BS20557,BS19305,2010
BS28847,BS20015,BS28062,2010
BS28848,BS22751,BS21322,2010
BS28854,BS20698,BS21311,2010
BS28859,BS19132,BS19104,2010
BS28866,BS20018,BS19315,2010
BS28875,BS21350,BS20779,2010
BS28876,BS27596,BS25307,2010
BS28885,BS20083,BS23235,2010
BS28890,BS12744,BS19267,2010
BS28893,BS19031,BS28044,2010
BS28894,BS20561,BS19274,2010
BS28896,BS25337,BS19440,2010
BS28899,BS20079,BS19997,2010
BS28904,BS27813,BS11283,2010
BS28906,BS25306,BS25338,2010
BS28909,BS20622,BS19993,2010
BS28915,BS19085,BS19051,2010
BS28920,BS23627,BS19945,2010
BS28923,BS19686,BS19918,2010
BS28926,BS28054,BS28058,2010
BS28927,BS21532,BS20019,2010
BS28930,BS22515,BS27827,2010
BS28648,BS27642,BS21220,2011
BS28945,BS21387,BS18871,2011
BS28947,BS21651,BS20258,2011
BS28950,BS23244,BS21786,2011
BS28955,BS9890,BS27812,2011
BS28957,BS22875,BS11763,2011
BS28958,BS18815,BS19121,2011
BS28961,BS19349,BS19128,2011
BS28964,BS27603,BS25230,2011
BS28965,BS23563,BS23565,2011
BS28967,BS21645,BS20688,2011
BS28968,BS21623,BS12254,2011
BS28970,BS20393,BS21529,2011
BS28973,BS19424,BS19715,2011
BS28974,BS11269,BS28407,2011
BS28975,BS21127,BS21334,2011
BS28978,BS28411,BS20332,2011
BS28983,BS27597,BS27808,2011
BS28989,BS21595,BS21586,2011
BS28990,BS21307,BS20144,2011
BS28992,BS12622,BS12602,2011
BS28993,BS19336,BS20143,2011
BS28998,BS20117,BS19972,2011
BS29000,BS27802,BS25357,2011
BS29755,BS12696,BS9975,2011
BS29756,BS21719,BS21680,2011
BS29759,BS12978,BS11258,2011
BS29765,BS11724,NA,2011
BS29768,BS23606,BS19239,2011
BS29772,BS11306,BS6229,2011
BS29776,BS19483,BS27701,2011
BS29791,BS20628,BS20448,2011
BS29793,BS12978,BS11258,2011
BS29794,BS21426,BS20649,2011
BS29795,BS19809,BS8390,2011
BS29797,NA,BS22685,2011
BS29813,BS20642,BS25349,2011
BS29820,NA,BS19477,2011
BS29821,BS22678,BS21224,2011
BS29826,BS25344,BS10317,2011
BS29829,BS18912,BS23205,2011
BS29831,BS25416,BS19490,2011
BS29835,BS25401,BS11354,2011
BS29842,BS20615,BS20614,2011
BS29843,BS22646,BS19590,2011
BS29848,BS23562,BS10798,2011
BS29850,BS19260,BS19118,2011
BS29852,BS25325,BS7741,2011
BS29868,BS19340,BS12592,2011
BS29871,BS25849,BS21789,2011
BS29882,BS25301,BS19690,2011
BS29886,BS23184,BS19685,2011
BS29888,BS18987,BS12576,2011
BS29889,BS19719,BS20101,2011
BS29900,BS27828,BS12636,2011
BS29904,BS19748,BS19562,2011
BS29906,BS18979,BS12759,2011
BS29909,BS25396,BS32817,2011
BS29912,BS18976,BS21480,2011
BS29913,BS23660,BS22843,2011
BS29914,BS19279,BS19052,2011
BS29920,BS28405,BS10804,2011
BS29934,BS25336,BS21516,2011
BS29936,BS25628,BS28272,2011
BS29942,BS23214,BS11793,2011
BS29949,BS25759,BS9932,2011
BS29951,BS23668,BS6975,2011
BS28662,BS23203,BS25207,2012
BS28663,BS12468,BS12318,2012
BS28666,BS27914,BS25758,2012
BS28674,BS19891,BS19800,2012
BS28676,BS23218,BS9067,2012
BS28681,BS26575,BS25179,2012
BS28683,BS21782,NA,2012
BS28686,BS19453,BS18833,2012
BS28691,BS25404,BS25394,2012
BS28693,BS21392,BS20216,2012
BS28694,BS19181,BS23634,2012
BS28697,BS22652,BS12511,2012
BS30000,BS22746,BS20479,2012
BS30005,BS20318,BS19395,2012
BS30014,BS19687,BS20339,2012
BS30017,NA,BS21580,2012
BS30028,BS22577,BS21476,2012
BS30031,BS20557,BS19305,2012
BS30033,BS25732,BS25257,2012
BS30035,BS12647,BS11907,2012
BS30037,BS19013,BS19355,2012
BS30038,BS25328,BS19771,2012
BS30042,BS19629,BS27815,2012
BS30047,BS29968,BS23177,2012
BS30051,BS12584,BS12446,2012
BS30054,BS21743,BS20778,2012
BS30057,BS21350,BS20779,2012
BS30064,BS19085,BS19051,2012
BS30070,BS20622,BS19993,2012
BS30072,BS27813,BS11283,2012
BS30080,BS21532,BS20019,2012
BS30083,BS22515,BS27827,2012
BS30087,BS25306,BS25338,2012
BS30089,BS20079,BS19997,2012
BS30093,BS12959,BS20183,2012
BS30110,BS20561,BS19274,2012
BS30154,BS23563,BS23565,2012
BS30155,BS25224,BS28286,2012
BS30158,BS25473,BS28593,2012
BS30166,NA,BS23776,2012
BS30168,BS12275,BS18823,2012
BS30169,BS23554,BS9171,2012
BS30171,BS22739,BS20592,2012
BS30178,BS19546,BS11731,2012
BS30182,BS19539,BS25428,2012
BS30183,BS19136,BS12522,2012
BS30197,BS21469,BS25841,2012
BS30198,BS25151,BS23574,2012
BS30205,BS19544,BS18916,2012
BS30207,BS12486,BS20443,2012
BS30208,BS19748,BS20281,2012
BS30210,BS25216,BS9839,2012
BS30214,BS25347,BS20462,2012
BS30216,BS19874,BS7063,2012
BS29976,BS27597,BS27808,2013
BS29979,BS20117,BS19972,2013
BS29982,BS11269,BS28407,2013
BS29983,BS25233,BS9950,2013
BS29985,BS22509,BS20731,2013
BS29988,BS28411,BS20332,2013
BS29989,BS22510,BS9552,2013
BS30119,BS20393,BS21529,2013
BS30120,BS23717,BS20325,2013
BS30126,BS25676,BS25730,2013
BS30127,BS19424,BS19715,2013
BS30133,BS19336,BS20143,2013
BS30134,BS21595,BS21586,2013
BS30137,BS25325,BS7741,2013
BS30142,BS28054,BS21322,2013
BS30143,BS25465,BS20729,2013
BS30257,BS19483,BS27701,2013
BS30258,BS19860,BS20288,2013
BS30266,BS11953,BS19870,2013
BS30276,BS12696,BS9975,2013
BS30277,BS26571,BS22795,2013
BS30278,BS27648,BS11842,2013
BS30280,BS20628,BS20448,2013
BS30291,BS28278,BS20283,2013
BS30298,BS22776,BS20461,2013
BS30307,BS20615,BS20614,2013
BS30316,BS18912,BS23205,2013
BS30318,BS25401,BS11354,2013
BS30321,BS23613,BS21391,2013
BS30323,BS27642,BS21220,2013
BS30326,BS21387,BS18871,2013
BS30330,BS23244,BS21786,2013
BS30336,BS25344,BS10317,2013
BS30401,BS11817,BS9878,2013
BS30403,BS22974,BS21267,2013
BS30407,BS21651,BS20258,2013
BS30423,BS19809,BS8390,2013
BS30424,BS25202,BS11951,2013
BS30430,BS25424,BS5682,2013
BS31010,BS19719,BS20101,2013
BS31011,BS18979,BS12750,2013
BS31013,BS27596,BS25307,2013
BS31015,BS25396,BS32817,2013
BS31019,BS18987,BS12576,2013
BS31021,BS19748,BS19562,2013
BS31023,BS23176,BS19918,2013
BS31024,BS27828,BS12636,2013
BS31029,BS25628,BS28272,2013
BS31032,BS23214,BS11793,2013
BS31038,BS11182,BS11791,2013
BS31042,BS22895,BS20075,2013
BS31047,BS25336,BS21516,2013
BS31048,BS12744,BS19267,2013
BS31054,BS23184,BS19312,2013
BS31059,BS19340,BS12592,2013
BS31061,BS22553,BS19368,2013
BS31062,BS20018,BS19315,2013
BS31072,BS18976,BS21480,2013
BS31075,BS19279,BS19052,2013
BS31092,BS25301,BS19690,2013
BS31099,BS11917,BS19107,2013
BS31203,BS21645,BS20688,2013
BS31205,BS19260,BS19118,2013
BS31208,BS23562,BS10790,2013
BS31214,BS22646,BS19590,2013
BS31216,BS23560,BS21542,2013
BS31221,BS19661,BS25227,2013
BS31223,BS18815,BS19121,2013
BS31225,BS9890,BS27812,2013
BS31226,BS26626,BS26641,2013
BS31227,BS20197,BS19669,2013
BS31229,BS21758,BS28049,2013
BS31232,BS29992,BS9901,2013
BS31104,BS25209,BS11673,2014
BS31106,BS23203,BS25207,2014
BS31107,BS12468,BS12318,2014
BS31133,BS28641,BS26568,2014
BS31138,BS19874,BS7063,2014
BS31139,BS25347,BS20462,2014
BS31141,BS21294,BS20624,2014
BS31142,BS26576,BS25125,2014
BS31146,BS19848,BS4700,2014
BS31148,BS19544,BS18916,2014
BS31150,BS23053,BS22787,2014
BS31154,BS21469,BS25841,2014
BS31160,BS19546,BS11731,2014
BS31166,BS26614,BS25131,2014
BS31169,BS22739,BS20592,2014
BS31171,BS19539,BS25428,2014
BS31175,BS27634,BS26597,2014
BS31176,BS27702,BS25532,2014
BS31180,BS27557,BS26605,2014
BS31181,BS23554,BS9171,2014
BS31308,BS20318,BS19395,2014
BS31322,BS19687,BS20339,2014
BS31330,BS11168,BS19089,2014
BS31332,BS21307,BS20144,2014
BS31333,BS12622,NA,2014
BS31342,BS27802,BS28062,2014
BS31343,BS20557,BS19305,2014
BS31346,BS27577,BS27765,2014
BS31349,BS19349,BS19128,2014
BS31357,BS25473,BS28593,2014
BS31362,BS27603,BS25230,2014
BS31365,BS20675,BS19575,2014
BS31367,BS25224,BS28286,2014
BS31370,NA,BS27815,2014
BS31379,BS29968,BS23177,2014
BS31386,BS21743,BS20778,2014
BS31389,BS21350,BS20779,2014
BS31394,BS20561,BS19274,2014
BS31402,BS26726,BS20071,2014
BS31422,BS20622,BS19993,2014
BS31431,BS19085,BS19051,2014
BS31439,BS25918,BS20414,2014
BS31441,BS21532,BS20019,2014
BS31444,NA,BS21489,2014
BS31447,BS26749,BS19723,2014
BS31453,BS22746,BS20479,2014
BS31460,BS19181,BS23634,2014
BS31461,BS26525,NA,2014
BS31464,BS21392,BS20216,2014
BS31465,BS19453,BS18833,2014
BS31466,BS30309,BS20655,2014
BS31468,BS21782,BS28257,2014
BS31472,BS25404,BS25394,2014
BS31475,BS20456,BS21372,2014
BS31479,BS20642,BS25349,2014
BS31492,BS19891,BS19800,2014
BS31500,BS27914,BS25758,2014
BS30367,BS23218,BS9067,2015
BS30369,BS23613,BS21391,2015
BS30388,BS25401,BS11354,2015
BS30389,BS25330,BS11860,2015
BS30391,BS23027,BS23642,2015
BS30395,BS22652,BS12511,2015
BS30396,BS25424,BS5682,2015
BS30451,BS27642,BS21220,2015
BS30452,BS26562,BS25567,2015
BS30454,BS21387,BS18871,2015
BS30463,BS28278,BS20283,2015
BS30465,BS27648,BS11842,2015
BS30466,BS26571,BS22795,2015
BS30467,BS12696,BS9975,2015
BS30473,BS21651,BS20258,2015
BS30485,BS27652,BS27659,2015
BS30490,BS19860,BS20288,2015
BS30494,BS31248,BS19619,2015
BS30495,BS20615,BS20614,2015
BS30500,BS22974,BS21267,2015
BS31185,BS27913,BS20512,2015
BS31254,NA,BS19690,2015
BS31264,BS19340,BS12592,2015
BS31272,BS25328,BS19771,2015
BS31273,BS23184,BS19411,2015
BS31280,BS25670,NA,2015
BS31281,BS25325,BS7741,2015
BS31286,BS25465,BS20729,2015
BS31501,BS25151,NA,2015
BS31510,BS19483,BS27701,2015
BS31515,BS26575,BS25179,2015
BS31524,BS26583,NA,2015
BS31528,BS22776,BS20461,2015
BS31531,BS11182,BS11791,2015
BS32754,BS20117,BS19972,2015
BS32756,BS19336,BS20143,2015
BS32757,BS22577,BS21476,2015
BS32758,BS21595,BS21586,2015
BS32764,BS19424,NA,2015
BS32765,BS25676,BS25730,2015
BS32768,BS27698,BS20637,2015
BS32769,BS20393,BS21529,2015
BS32771,BS21623,BS12254,2015
BS32774,BS21645,BS20688,2015
BS32779,BS27902,BS25471,2015
BS32789,BS23717,BS20325,2015
BS32793,BS28411,BS20332,2015
BS32794,BS27809,BS19564,2015
BS32798,BS27597,BS27808,2015
BS32810,BS25396,BS32817,2015
BS32831,BS18815,BS19121,2015
BS32841,BS19260,BS19118,2015
BS32843,BS9890,BS27812,2015
BS32848,BS22646,BS19590,2015
BS32850,BS23771,BS28296,2015
BS32852,NA,BS20693,2015
BS32859,BS27828,BS12636,2015
BS32860,BS23176,BS19918,2015
BS32862,BS19748,BS19562,2015
BS32865,BS18979,BS12750,2015
BS32868,BS31295,BS19265,2015
BS32876,BS19719,BS20101,2015
BS31249,BS23560,BS21542,2016
BS31663,BS11817,BS9878,2016
BS31669,BS21782,BS21219,2016
BS31673,BS28641,BS26568,2016
BS31686,BS26599,BS21466,2016
BS31688,BS22736,BS20592,2016
BS31697,BS26614,BS9759,2016
BS31700,BS19546,BS11731,2016
BS31706,BS12978,BS11258,2016
BS31709,BS11953,BS19870,2016
BS31710,BS23053,BS22787,2016
BS31711,BS26576,BS25125,2016
BS31715,BS25347,BS20462,2016
BS31716,BS21294,BS20624,2016
BS31718,BS27634,BS26597,2016
BS31719,BS27702,BS25532,2016
BS31720,BS19848,BS4700,2016
BS31729,BS21114,BS25418,2016
BS31730,BS23554,BS9171,2016
BS32906,NA,BS25292,2016
BS32908,BS21743,BS20778,2016
BS32912,BS19662,BS19707,2016
BS32918,BS26680,NA,2016
BS32921,BS23223,BS20155,2016
BS32936,BS19687,BS20339,2016
BS32947,BS22510,BS25321,2016
BS32949,BS12622,BS18968,2016
BS32950,BS21307,BS20144,2016
BS32957,BS27579,BS25988,2016
BS32960,BS20318,BS19395,2016
BS32967,BS23116,NA,2016
BS33251,BS30309,BS20655,2016
BS33260,BS22746,NA,2016
BS33265,BS23203,BS25207,2016
BS33268,BS27914,BS25758,2016
BS33272,BS28632,BS19477,2016
BS33277,BS19891,BS19800,2016
BS33280,NA,BS28333,2016
BS33290,NA,BS26564,2016
BS33296,BS27627,BS30359,2016
BS33300,BS19543,BS18833,2016
BS33301,BS28108,BS31243,2016
BS33302,BS23214,BS11793,2016
BS33316,BS12744,BS19267,2016
BS33318,BS25336,BS21516,2016
BS33330,BS20561,BS19274,2016
BS33332,NA,BS27827,2016
BS33336,BS21107,BS23690,2016
BS33342,BS25306,BS20791,2016
BS33344,BS18976,BS21480,2016
BS33345,BS19279,BS19052,2016
BS33360,BS28176,BS23670,2016
BS33361,BS12275,BS18823,2016
BS33362,BS5680,BS11646,2016
BS33367,BS26649,BS23778,2016
BS33372,BS25473,BS28593,2016
BS33373,BS20675,BS19575,2016
BS33374,BS25224,BS28286,2016
BS33378,BS29992,BS9901,2016
BS33383,BS19085,BS19051,2016
BS33392,BS25934,NA,2016
BS33397,BS25918,BS20414,2016
BS33399,BS21532,BS20019,2016
BS31552,BS31248,BS19619,2017
BS31556,BS20615,BS20614,2017
BS31558,BS27557,BS26605,2017
BS31559,BS27912,BS20216,2017
BS31581,BS23218,BS9067,2017
BS31590,BS20642,BS25349,2017
BS31607,BS12696,BS9975,2017
BS31608,BS26571,BS22795,2017
BS31609,NA,BS20283,2017
BS31611,BS21651,BS20258,2017
BS31619,BS22729,BS27997,2017
BS31628,BS12468,NA,2017
BS31635,BS28316,BS27733,2017
BS31640,BS22516,BS21224,2017
BS31642,BS26562,BS25567,2017
BS31643,BS21387,BS18871,2017
BS31645,BS28204,BS27542,2017
BS31649,BS21380,BS9897,2017
BS31650,BS22974,BS21267,2017
BS31721,BS25412,BS18888,2017
BS31723,BS27652,BS27659,2017
BS31727,BS25151,BS23574,2017
BS31732,BS25404,BS25394,2017
BS31733,BS30440,BS28225,2017
BS31746,BS18913,BS27665,2017
BS31748,BS30360,BS27678,2017
BS32899,BS18979,BS12750,2017
BS32963,BS26575,BS25179,2017
BS32974,BS19483,BS12729,2017
BS32980,BS22724,BS18916,2017
BS32983,BS20628,BS20448,2017
BS32985,BS22652,BS12511,2017
BS32989,BS28269,BS25367,2017
BS32990,BS19860,BS20288,2017
BS32997,BS28334,BS27924,2017
BS33003,BS23627,BS18949,2017
BS33004,BS23717,BS20325,2017
BS33005,BS22509,BS20731,2017
BS33007,BS21623,BS12254,2017
BS33009,BS20393,BS21529,2017
BS33017,BS27597,BS27808,2017
BS33027,BS21595,BS21586,2017
BS33036,BS32898,BS28065,2017
BS33039,BS28427,BS27692,2017
BS33042,BS19349,BS19128,2017
BS33043,BS18815,BS12270,2017
BS33045,BS22646,BS19590,2017
BS33352,BS25396,BS32817,2017
BS33353,BS19748,BS19562,2017
BS33414,BS27828,BS12636,2017
BS33415,BS31295,BS19265,2017
BS33424,BS25165,NA,2017
BS33425,BS26749,BS19723,2017
BS33426,BS19719,BS20101,2017
BS33430,BS19340,BS12592,2017
BS33434,BS25628,BS20183,2017
BS33451,NA,BS20779,2017
BS33453,BS25301,BS19690,2017
BS33454,BS11917,BS19107,2017
BS33455,BS27820,BS19368,2017
BS33456,BS25279,BS19713,2017
BS33469,BS12584,BS28282,2017
BS33473,BS19336,BS26674,2017
BS33474,BS20557,BS19305,2017
BS33481,BS25325,BS7741,2017
BS33485,BS27802,BS11901,2017
BS33486,BS20018,BS19315,2017
BS33490,BS23184,BS25266,2017
BS33498,BS9890,BS27812,2017
BS33500,BS23771,BS28296,2017
BS12300,BS22508,BS8696,1991
BS19266,BS23636,BS28401,1993
BS19270,BS25832,BS6927,1993
BS19367,BS27803,BS10742,1994
BS19427,BS21546,BS11179,1994
BS19431,BS10860,BS28052,1994
BS19553,BS25760,BS25281,1994
BS19962,BS11289,BS11571,1995
BS19979,BS25336,BS21643,1995
BS19981,BS27594,BS11635,1995
BS19988,BS23636,BS28401,1995
BS19989,BS11294,BS23220,1995
BS19990,BS25832,BS6927,1995
BS19995,BS22508,BS8696,1995
BS20016,BS11924,BS11263,1995
BS20045,BS25760,BS25281,1996
BS20081,BS10860,BS28052,1996
BS20091,BS9769,BS27589,1996
BS20095,BS11284,BS10387,1996
BS20160,BS27803,BS10742,1996
BS20165,BS11269,BS11542,1996
BS20228,BS25403,BS11675,1996
BS19693,BS11157,BS11585,1997
BS19733,BS25826,BS21643,1997
BS19741,BS11602,BS23213,1997
BS20202,BS25375,BS11614,1997
BS21318,BS11289,BS11571,1997
BS21325,BS11930,BS11934,1997
BS21379,BS25421,BS9178,1997
BS20347,BS27822,BS11561,1998
BS20396,BS12420,BS27587,1998
BS20407,BS11769,BS27591,1998
BS20416,BS11284,BS10387,1998
BS20422,BS25753,BS11889,1998
BS20454,BS12643,BS6679,1998
BS20483,BS12504,BS8837,1998
BS20543,BS25403,BS11675,1998
BS21501,BS25832,BS11781,1998
BS21518,BS23636,BS28401,1998
BS21531,BS11294,BS23220,1998
BS21536,BS10860,BS28052,1998
BS21537,BS28051,BS11623,1998
BS20580,BS18853,BS12307,1999
BS20590,BS21782,BS12690,1999
BS20591,BS25421,BS9178,1999
BS20671,BS11157,BS11585,1999
BS20694,BS28059,BS28056,1999
BS20697,BS27806,BS12639,1999
BS20700,BS25232,BS8778,1999
BS20705,BS27803,BS10742,1999
BS20716,BS11930,BS11934,1999
BS20721,BS21544,BS9757,1999
BS20736,BS12293,BS18968,1999
BS20765,BS21546,BS27827,1999
BS20766,BS12558,BS28298,1999
BS20769,BS18976,BS27589,1999
BS20774,BS23568,BS11603,1999
BS20793,BS8779,BS19258,1999
BS20795,BS9263,BS21643,1999
BS20798,BS9800,BS19778,1999
BS20799,BS25760,BS25281,1999
BS21108,BS22508,BS8696,1999
BS21109,BS25375,BS11614,1999
BS21112,BS11602,BS23213,1999
BS21117,BS27594,BS11635,1999
BS21217,BS25403,BS11675,2000
BS21233,BS19158,BS12530,2000
BS21236,BS18866,BS12538,2000
BS21256,BS19190,BS12322,2000
BS21278,BS19513,BS18935,2000
BS21280,BS18933,BS12456,2000
BS21467,BS25752,BS11977,2000
BS21470,BS25753,BS11889,2000
BS21478,BS11570,BS25313,2000
BS21482,BS9997,BS25467,2000
BS21485,BS9942,BS11275,2000
BS21490,BS25832,BS11781,2000
BS21493,BS12672,BS28287,2000
BS21498,BS25331,BS25470,2000
BS21499,BS22952,BS11293,2000
BS21551,BS25380,BS11780,2000
BS21568,BS10860,BS28052,2000
BS21587,BS12594,BS12630,2000
BS21646,BS19006,BS12436,2000
BS21741,BS12441,BS12754,2000
BS21765,BS12420,BS27587,2000
BS21767,BS11904,BS10385,2000
BS21771,BS11769,BS27591,2000
BS22558,BS27806,BS12639,2001
BS22563,BS11609,BS25315,2001
BS22565,BS27809,BS28721,2001
BS22572,BS11930,BS11934,2001
BS22584,BS27822,BS11561,2001
BS22585,BS12293,BS18968,2001
BS22593,BS11289,BS11571,2001
BS22605,BS18992,BS12447,2001
BS22607,BS21544,BS9757,2001
BS22614,BS11294,BS23220,2001
BS22616,BS23568,BS11603,2001
BS22617,BS25249,BS18983,2001
BS22624,BS21546,BS27827,2001
BS22639,BS28059,BS28056,2001
BS22641,BS19586,BS19343,2001
BS22674,BS19468,BS11799,2001
BS22680,BS12504,BS19469,2001
BS22686,BS21782,BS12690,2001
BS22690,BS25403,BS11675,2001
BS22709,BS12317,BS9871,2001
BS22711,BS21164,BS19479,2001
BS22716,BS18853,BS12307,2001
BS22767,BS11157,BS11585,2001
BS22819,BS22508,BS8696,2001
BS22820,BS25375,BS11614,2001
BS22832,BS11602,BS23213,2001
BS22838,BS18976,BS27589,2001
BS22848,BS25760,BS25281,2001
BS22852,BS23636,BS28401,2001
BS22854,BS18909,BS11979,2001
BS22916,BS19512,BS22862,2002
BS22925,BS18866,BS12538,2002
BS22931,BS19158,BS12530,2002
BS22944,BS19786,BS19182,2002
BS22976,BS19848,BS19218,2002
BS22978,BS18933,BS12456,2002
BS22999,BS25752,BS11977,2002
BS23001,BS25753,BS11889,2002
BS23042,BS25421,BS9178,2002
BS23047,BS19791,BS19471,2002
BS23067,BS25331,BS25470,2002
BS23078,BS10860,BS28052,2002
BS23080,BS28051,BS11623,2002
BS23086,BS19037,BS12570,2002
BS23087,BS12420,BS27587,2002
BS23089,BS12441,BS12754,2002
BS23091,BS11904,BS22872,2002
BS23092,BS25832,BS11771,2002
BS23098,BS19957,BS19945,2002
BS23102,BS22515,BS10387,2002
BS23108,BS22952,BS11293,2002
BS23111,BS25380,BS11780,2002
BS23117,BS25232,BS25312,2002
BS23118,BS9942,BS11275,2002
BS23121,BS9997,BS25467,2002
BS23124,BS11570,BS25313,2002
BS23135,BS23223,BS11263,2002
BS23173,BS19006,BS12436,2002
BS23196,BS22859,BS19264,2002
BS23576,BS11826,BS18927,2003
BS23652,BS8591,BS28298,2003
BS23684,BS28059,BS28056,2003
BS23698,BS27803,BS10742,2003
BS23704,BS11609,BS12619,2003
BS23706,BS12257,BS19374,2003
BS23710,BS27809,BS28721,2003
BS23712,BS23223,BS11263,2003
BS23719,BS27822,BS11561,2003
BS23723,BS12293,BS18968,2003
BS23729,BS12594,BS12630,2003
BS23731,BS18976,BS27589,2003
BS23738,BS11294,BS23220,2003
BS23741,BS20022,BS19985,2003
BS23746,BS18909,BS11979,2003
BS23749,BS11602,BS23213,2003
BS23755,BS25760,BS25281,2003
BS23770,BS27806,BS12639,2003
BS23788,BS19586,BS19343,2003
BS25112,BS19513,BS18935,2003
BS25140,BS19805,BS27641,2003
BS25148,BS18853,BS12307,2003
BS25150,BS21164,BS19479,2003
BS25163,BS19795,BS19148,2003
BS25171,BS25403,BS11675,2003
BS25175,BS21782,BS12690,2003
BS25189,BS19812,BS20173,2003
BS25255,BS11289,BS11571,2003
BS25274,BS21544,BS9757,2003
BS25275,BS18992,BS12447,2003
BS25497,BS25421,BS9178,2004
BS25499,BS19134,BS19154,2004
BS25519,BS25407,BS19880,2004
BS25520,BS20286,BS19239,2004
BS25527,BS19519,BS12683,2004
BS25548,BS19848,BS19218,2004
BS25553,BS19512,BS22862,2004
BS25557,BS21360,BS18889,2004
BS25571,BS25403,BS11675,2004
BS25572,BS12502,BS19465,2004
BS25578,BS19791,BS19471,2004
BS25587,BS19140,BS19619,2004
BS25592,BS18863,BS21633,2004
BS25600,BS20220,BS19839,2004
BS25606,BS19786,BS19182,2004
BS25627,BS23636,BS5943,2004
BS25632,BS19932,BS19339,2004
BS25633,BS22859,BS19264,2004
BS25634,BS22508,BS28401,2004
BS25639,BS25375,BS20087,2004
BS25642,BS28051,BS11623,2004
BS25644,BS10860,BS28052,2004
BS25647,BS23568,BS11603,2004
BS25649,BS25249,BS18983,2004
BS25650,BS12441,BS12754,2004
BS25651,BS19037,BS12570,2004
BS25655,BS19913,BS27591,2004
BS25656,BS25832,BS11771,2004
BS25694,BS11930,BS12434,2004
BS25701,BS11570,BS25313,2004
BS25703,BS9997,BS25467,2004
BS25704,BS25232,BS25312,2004
BS25716,BS28046,BS12601,2004
BS25737,BS25331,BS25470,2004
BS25974,BS20348,BS19999,2005
BS25975,BS9942,BS11275,2005
BS25985,BS27822,BS11561,2005
BS25989,BS12293,BS18968,2005
BS25993,BS11289,BS11571,2005
BS26511,BS19818,BS19137,2005
BS26518,BS20516,BS21353,2005
BS26523,BS18853,BS12307,2005
BS26552,BS19805,BS27641,2005
BS26577,BS19190,BS20242,2005
BS26580,BS20511,BS11748,2005
BS26602,BS19513,BS18935,2005
BS26615,BS25752,BS19229,2005
BS26652,BS19586,BS19343,2005
BS26663,BS27809,BS28721,2005
BS26665,BS23223,BS11263,2005
BS26669,BS11609,BS12619,2005
BS26682,BS21544,BS9757,2005
BS26700,BS21302,BS20103,2005
BS26707,BS28059,BS28056,2005
BS26709,BS25236,BS19930,2005
BS26710,BS21503,BS19448,2005
BS26713,BS11294,BS23220,2005
BS26715,J11786,BS19938,2005
BS26720,BS21776,BS28287,2005
BS26724,BS18909,BS11979,2005
BS26732,BS20022,BS19985,2005
BS26741,BS18976,BS27589,2005
BS26748,BS19696,BS25755,2005
BS31741,BS20485,BS20238,2005
BS25365,BS25753,BS11889,2006
BS25434,BS25407,BS19880,2006
BS25442,BS19519,BS12683,2006
BS25769,BS25375,BS20087,2006
BS25773,BS19134,BS19154,2006
BS25775,BS19512,BS22862,2006
BS25800,BS21607,BS19479,2006
BS25889,BS28051,BS11623,2006
BS25893,BS22508,BS28401,2006
BS25898,BS28057,BS11293,2006
BS25911,BS25331,BS25470,2006
BS25913,BS11602,BS23213,2006
BS25922,BS19992,BS19911,2006
BS25924,BS23568,BS11603,2006
BS25933,BS12441,BS12754,2006
BS25935,BS25832,BS11771,2006
BS25939,BS27803,BS10742,2006
BS25941,BS28046,BS12601,2006
BS25956,BS23223,BS11263,2006
BS25958,BS20340,BS21324,2006
BS27503,BS20482,BS12530,2006
BS27512,BS18863,BS21633,2006
BS27515,BS19786,BS19182,2006
BS27516,BS21380,BS20520,2006
BS27522,BS21374,BS20525,2006
BS27523,BS21381,BS21396,2006
BS27530,BS21782,BS12690,2006
BS27532,BS25421,BS9178,2006
BS27533,BS25403,BS11675,2006
BS27536,BS21365,BS19850,2006
BS27537,BS20504,BS20517,2006
BS27547,BS19140,BS19619,2006
BS27560,BS10860,BS28052,2006
BS27568,BS20364,BS20131,2006
BS27570,BS11930,BS12434,2006
BS27608,BS18909,BS11979,2007
BS27626,BS25752,BS19229,2007
BS27637,BS20286,BS19239,2007
BS27674,BS20511,BS11748,2007
BS27725,BS21263,BS21368,2007
BS27748,BS19848,BS19218,2007
BS27817,BS27822,BS11561,2007
BS27833,BS22514,BS19984,2007
BS27840,BS20022,BS19985,2007
BS27846,BS11294,BS23220,2007
BS27848,BS23168,BS6975,2007
BS27859,BS25236,BS19930,2007
BS27865,BS21517,BS20781,2007
BS27869,BS8591,BS28298,2007
BS27871,BS11904,BS22872,2007
BS27876,BS21302,BS20103,2007
BS27883,BS27806,BS12639,2007
BS27884,BS11570,BS25313,2007
BS27887,BS9942,BS11275,2007
BS27890,BS25232,BS25312,2007
BS27893,BS9997,BS25467,2007
BS27894,BS11609,BS12619,2007
BS27903,BS19586,BS19343,2007
BS27906,BS27809,BS28721,2007
BS28002,BS12594,BS12630,2007
BS28014,BS11289,BS11571,2007
BS27941,BS21276,BS20233,2008
BS27943,BS25403,BS11675,2008
BS27944,BS20472,BS20227,2008
BS27948,BS18863,BS21633,2008
BS27950,BS20220,BS21395,2008
BS27952,BS18853,BS12307,2008
BS27956,BS21607,BS19479,2008
BS27957,BS19134,BS19154,2008
BS27966,BS25407,BS19880,2008
BS27974,BS25753,BS11889,2008
BS27983,BS19519,BS12683,2008
BS27998,BS21365,BS19850,2008
BS28063,BS25398,BS20709,2008
BS28069,BS22663,BS22650,2008
BS28083,BS21332,BS21328,2008
BS28084,BS23223,BS11263,2008
BS28085,BS20340,BS21324,2008
BS28088,BS21496,BS19379,2008
BS28097,BS25331,BS25470,2008
BS28100,BS21515,BS22759,2008
BS28101,BS21776,BS28287,2008
BS28107,BS28057,BS11293,2008
BS28112,BS25375,BS20087,2008
BS28117,BS11786,BS19938,2008
BS28118,BS12959,BS20190,2008
BS28125,BS28051,BS11623,2008
BS28134,BS25832,BS11771,2008
BS28139,BS23611,BS9945,2008
BS28153,BS11930,BS12434,2008
BS28179,BS21517,BS20781,2008
BS28183,BS19992,BS19911,2008
BS28184,BS28059,BS28056,2008
BS28187,BS23568,BS11603,2008
BS28188,BS20725,BS19943,2008
BS28197,BS19805,BS27641,2008
BS28199,BS21380,BS20520,2008
BS28200,BS19786,BS19182,2008
BS28203,BS21352,BS20489,2008
BS28211,BS21381,BS21396,2008
BS28214,BS19818,BS19137,2008
BS28232,BS22719,BS20644,2008
BS28234,BS21782,BS12690,2008
BS28235,BS25421,BS9178,2008
BS28237,BS21362,BS19162,2008
BS28242,BS20482,BS12530,2008
BS28245,BS20516,BS21353,2008
BS28251,BS19140,BS19619,2008
BS28306,BS19795,BS19487,2009
BS28320,BS12502,BS19465,2009
BS28341,BS27613,BS21377,2009
BS28345,BS21263,BS21368,2009
BS28349,BS22903,BS12322,2009
BS28354,BS21253,BS18882,2009
BS28363,BS20511,BS11748,2009
BS28364,BS25220,BS20242,2009
BS28366,BS19512,BS25747,2009
BS28437,BS19586,BS19343,2009
BS28445,BS11570,BS25313,2009
BS28446,BS9942,BS11275,2009
BS28450,BS9997,BS25467,2009
BS28453,BS22569,BS21620,2009
BS28456,BS27809,BS28721,2009
BS28457,BS20348,BS21326,2009
BS28460,BS21639,BS21598,2009
BS28463,BS28046,BS12601,2009
BS28465,BS22580,BS20734,2009
BS28471,BS12594,BS12630,2009
BS28485,BS11289,BS11571,2009
BS28499,BS19291,BS20124,2009
BS28515,BS21540,BS19264,2009
BS28517,BS20022,BS19985,2009
BS28530,BS22514,BS19984,2009
BS28534,BS18909,BS11979,2009
BS28539,BS25331,BS25470,2009
BS28543,BS11294,BS23220,2009
BS28545,BS25236,BS27589,2009
BS28553,BS27826,BS19724,2009
BS28574,BS19913,BS27591,2009
BS28576,BS21302,BS20103,2009
BS28300,BS19513,BS18935,2010
BS28608,BS22526,BS20643,2010
BS28617,BS19140,BS19619,2010
BS28621,BS21437,BS21610,2010
BS28622,BS21449,BS20652,2010
BS28625,BS22681,BS8033,2010
BS28711,BS21276,BS20233,2010
BS28712,BS25403,BS11675,2010
BS28713,BS20472,BS20227,2010
BS28715,BS21381,BS21396,2010
BS28716,BS19818,BS19137,2010
BS28725,BS20220,BS21395,2010
BS28728,BS21607,BS19479,2010
BS28730,BS18853,BS12307,2010
BS28733,BS22695,BS21219,2010
BS28734,BS21362,BS19162,2010
BS28741,BS21352,BS20489,2010
BS28744,BS20516,BS21353,2010
BS28753,BS25753,BS11889,2010
BS28762,BS25407,BS19880,2010
BS28769,BS19519,BS12683,2010
BS28771,BS23584,BS25526,2010
BS28797,BS20504,BS20517,2010
BS28798,BS21365,BS19850,2010
BS28803,BS20503,BS20565,2010
BS28806,BS19805,BS27641,2010
BS28819,BS22909,BS21189,2010
BS28820,BS25398,BS20709,2010
BS28822,BS27806,BS12639,2010
BS28832,BS20340,BS21324,2010
BS28835,BS21496,BS19379,2010
BS28852,BS11930,BS12434,2010
BS28857,BS20364,BS20131,2010
BS28880,BS21515,BS22759,2010
BS28881,BS21776,BS28287,2010
BS28883,BS28057,BS11293,2010
BS28887,BS23654,BS22851,2010
BS28897,BS25375,BS20087,2010
BS28902,BS10860,BS28052,2010
BS28910,BS21517,BS20781,2010
BS28911,BS28059,BS28056,2010
BS28917,BS20725,BS19943,2010
BS28918,BS23568,BS11603,2010
BS28921,BS23611,BS9945,2010
BS28924,BS22831,BS20414,2010
BS28934,BS11904,BS12754,2010
BS28649,BS22947,BS21262,2011
BS28946,BS26553,BS23037,2011
BS28948,BS21253,BS18882,2011
BS28956,BS19586,BS19343,2011
BS28966,BS18801,BS19895,2011
BS28972,BS9942,BS11275,2011
BS28977,BS22569,BS21620,2011
BS28980,BS27809,BS28721,2011
BS28981,BS25232,BS11263,2011
BS28982,BS20348,BS21326,2011
BS28986,BS28046,BS12601,2011
BS28994,BS12594,BS12630,2011
BS29751,BS25220,BS20242,2011
BS29752,BS19512,BS25747,2011
BS29767,BS21569,BS22783,2011
BS29778,BS25752,BS19229,2011
BS29801,BS22719,BS20644,2011
BS29805,BS31571,BS19465,2011
BS29808,BS27613,BS21377,2011
BS29815,BS21263,BS21368,2011
BS29825,BS18863,BS9892,2011
BS29830,BS20482,BS12530,2011
BS29837,BS19786,BS19182,2011
BS29859,BS11289,BS11571,2011
BS29867,BS11903,BS12436,2011
BS29870,BS18992,NA,2011
BS29876,BS23170,BS23187,2011
BS29880,BS25276,BS25277,2011
BS29883,BS25279,BS19946,2011
BS29891,BS19913,BS27591,2011
BS29892,NA,BS19724,2011
BS29893,NA,BS28298,2011
BS29905,BS21302,BS20103,2011
BS29907,NA,BS22630,2011
BS29908,BS19992,BS19911,2011
BS29911,BS25236,BS19930,2011
BS29921,BS23070,NA,2011
BS29924,BS18909,BS11979,2011
BS29927,BS11182,BS11794,2011
BS29930,BS11294,BS23220,2011
BS29932,BS19252,BS19747,2011
BS29933,BS21540,BS19264,2011
BS29946,BS11602,BS19448,2011
BS29948,BS25740,BS23110,2011
BS28661,BS22695,BS21219,2012
BS28668,BS21607,BS19479,2012
BS28671,BS20220,BS21395,2012
BS28675,BS25588,BS22941,2012
BS28678,BS25403,BS11675,2012
BS28679,BS21276,BS20233,2012
BS28687,BS25821,BS20214,2012
BS29999,BS22526,BS20643,2012
BS30004,BS11570,BS10742,2012
BS30006,BS25648,BS23697,2012
BS30007,BS27806,BS12639,2012
BS30012,BS20340,BS21324,2012
BS30015,BS21496,BS19379,2012
BS30022,BS22580,BS20734,2012
BS30023,BS23149,BS22581,2012
BS30025,BS21770,BS23145,2012
BS30039,BS11930,BS12434,2012
BS30058,BS28059,BS28056,2012
BS30065,BS20725,BS19943,2012
BS30066,BS28409,BS19873,2012
BS30073,BS23088,BS22830,2012
BS30075,BS11904,BS12754,2012
BS30076,BS21517,BS20781,2012
BS30081,BS20681,BS20782,2012
BS30084,BS23611,BS9945,2012
BS30091,BS25375,BS20087,2012
BS30095,BS21515,BS22759,2012
BS30097,BS28057,BS11293,2012
BS30104,BS25331,BS25470,2012
BS30107,BS25337,BS25281,2012
BS30156,BS25398,BS20709,2012
BS30172,BS25753,BS11889,2012
BS30186,BS19513,BS18935,2012
BS30189,BS30151,BS18927,2012
BS30193,BS25407,BS19880,2012
BS30217,BS21431,BS23649,2012
BS30221,BS25509,BS25545,2012
BS30224,BS20504,BS20517,2012
BS30225,BS21365,BS19850,2012
BS30231,BS25139,BS23041,2012
BS30233,BS19805,BS27641,2012
BS30236,BS22900,BS21221,2012
BS30238,BS21380,BS20520,2012
BS30243,BS21352,BS20489,2012
BS30248,BS21381,BS21396,2012
BS30249,BS21362,BS19162,2012
BS29972,BS23223,BS11263,2013
BS29973,BS20348,BS21326,2013
BS29974,BS21327,BS20171,2013
BS29975,BS27809,BS28721,2013
BS29978,BS21639,BS21598,2013
BS29987,BS22569,BS21620,2013
BS30118,BS25232,BS25312,2013
BS30128,BS9942,BS11275,2013
BS30132,BS12594,BS12630,2013
BS30144,BS25279,BS19946,2013
BS30150,BS11289,BS11571,2013
BS30252,BS22798,BS23010,2013
BS30254,NA,BS22783,2013
BS30256,BS25752,BS19229,2013
BS30272,BS23584,BS25526,2013
BS30279,BS19134,BS19154,2013
BS30286,BS25579,BS25167,2013
BS30287,BS22705,BS20173,2013
BS30292,BS19512,BS25747,2013
BS30301,BS21449,BS20652,2013
BS30312,BS20482,BS12530,2013
BS30320,BS22899,BS22936,2013
BS30325,BS21255,BS21268,2013
BS30333,BS26517,BS19825,2013
BS30337,BS18863,BS9892,2013
BS30340,BS19818,BS19137,2013
BS30408,BS21253,BS18882,2013
BS30411,BS25789,BS25577,2013
BS30412,BS31571,BS19465,2013
BS30420,BS19795,BS20449,2013
BS30428,BS22681,BS20645,2013
BS31007,BS27826,BS19724,2013
BS31009,BS19913,BS27591,2013
BS31012,BS21302,BS20103,2013
BS31014,BS19992,BS19911,2013
BS31030,BS20083,BS19985,2013
BS31046,BS25641,BS19939,2013
BS31049,BS19252,BS19747,2013
BS31057,BS11903,BS12436,2013
BS31058,BS26704,BS22608,2013
BS31064,BS19291,BS20124,2013
BS31073,BS25236,BS19930,2013
BS31077,BS10860,BS28052,2013
BS31088,BS23168,BS6975,2013
BS31090,BS23737,BS25664,2013
BS31095,NA,BS25277,2013
BS31100,BS22631,BS25660,2013
BS31202,BS18801,BS19895,2013
BS31209,BS26633,BS22880,2013
BS31211,BS22909,BS21189,2013
BS31103,BS21362,BS19162,2014
BS31110,BS21352,BS20489,2014
BS31115,BS21380,BS20520,2014
BS31116,BS20532,NA,2014
BS31120,BS25139,BS23041,2014
BS31126,BS20504,BS20517,2014
BS31130,BS25509,BS25545,2014
BS31136,BS21431,BS23649,2014
BS31152,BS30151,BS18927,2014
BS31158,BS25407,BS19880,2014
BS31170,BS25753,BS11889,2014
BS31178,BS19513,BS18935,2014
BS31305,BS11570,BS10742,2014
BS31306,BS25648,BS23697,2014
BS31318,BS25675,BS21328,2014
BS31319,BS23223,BS11263,2014
BS31320,BS20340,BS21324,2014
BS31324,BS21496,BS19379,2014
BS31327,NA,BS23145,2014
BS31328,BS22580,BS20734,2014
BS31344,BS28008,BS25950,2014
BS31348,BS23764,BS23776,2014
BS31350,BS25696,BS21177,2014
BS31358,BS30121,BS26648,2014
BS31363,BS25965,BS23775,2014
BS31364,BS27683,BS19645,2014
BS31366,BS25398,BS20709,2014
BS31373,BS25684,BS25253,2014
BS31376,BS26730,BS23599,2014
BS31381,BS23654,BS20121,2014
BS31383,BS23170,BS23187,2014
BS31384,BS27803,NA,2014
BS31393,BS23660,BS26739,2014
BS31396,BS25337,BS25281,2014
BS31398,BS27857,BS25626,2014
BS31406,BS25331,BS25470,2014
BS31410,BS25646,BS19264,2014
BS31411,BS11294,BS23220,2014
BS31412,BS25375,BS20087,2014
BS31415,BS25661,BS19450,2014
BS31423,BS28059,BS28056,2014
BS31428,BS21648,BS22630,2014
BS31429,BS20725,BS19943,2014
BS31435,BS11904,BS12754,2014
BS31438,BS23611,BS9945,2014
BS31452,BS22526,BS20643,2014
BS31455,BS27520,BS26536,2014
BS31458,BS25145,BS22685,2014
BS31473,BS25444,BS25584,2014
BS31477,BS27613,BS21377,2014
BS31480,BS25403,NA,2014
BS31481,BS27749,BS30432,2014
BS31483,BS21276,BS20233,2014
BS31485,BS30354,BS26508,2014
BS31490,BS25588,BS22941,2014
BS31494,BS18853,BS12307,2014
BS31495,BS20220,BS21395,2014
BS31497,BS21607,BS19479,2014
BS30366,BS25789,BS25577,2015
BS30368,BS27502,BS26544,2015
BS30370,BS21381,BS21396,2015
BS30371,BS27510,BS27528,2015
BS30375,BS18863,BS9892,2015
BS30378,BS26517,BS19825,2015
BS30381,BS20482,BS12530,2015
BS30387,BS26506,BS28264,2015
BS30390,BS19786,BS19182,2015
BS30392,BS22681,BS20645,2015
BS30453,BS21255,BS21268,2015
BS30456,BS27602,BS25562,2015
BS30459,BS22702,BS20565,2015
BS30464,BS19512,BS25747,2015
BS30471,BS21365,BS19850,2015
BS30474,BS21253,BS18882,2015
BS30483,BS23583,BS25526,2015
BS30487,BS25888,BS21410,2015
BS30497,BS21449,BS20652,2015
BS31188,BS27719,BS19808,2015
BS31263,BS26704,BS22608,2015
BS31285,BS11289,BS11571,2015
BS31293,NA,BS26685,2015
BS31506,BS22798,BS23010,2015
BS31508,BS21569,NA,2015
BS31514,BS21263,BS21368,2015
BS31520,BS25216,BS20453,2015
BS31527,BS23598,BS26598,2015
BS31540,BS21515,BS22759,2015
BS32761,BS23149,BS22581,2015
BS32767,BS25232,BS25312,2015
BS32773,BS18801,BS19895,2015
BS32781,BS11930,BS19338,2015
BS32785,BS22569,BS21620,2015
BS32790,BS27806,BS12639,2015
BS32795,BS21327,BS20171,2015
BS32796,BS20348,BS21326,2015
BS32805,BS11589,BS21111,2015
BS32807,BS25236,BS19930,2015
BS32808,BS10860,BS28052,2015
BS32827,BS25641,BS19939,2015
BS32828,BS19252,BS19747,2015
BS32834,BS23168,NA,2015
BS32836,BS20083,BS19985,2015
BS32837,BS25740,BS23110,2015
BS32844,BS22663,BS22650,2015
BS32854,BS19992,BS19911,2015
BS32867,BS21302,BS20103,2015
BS32873,BS12635,BS28298,2015
BS32874,BS27826,BS19724,2015
BS32875,BS25932,BS26689,2015
BS31652,BS22899,BS22936,2016
BS31656,BS27918,BS26513,2016
BS31658,BS19818,BS19137,2016
BS31661,BS27519,BS21262,2016
BS31666,BS25139,BS23041,2016
BS31670,BS21362,BS19162,2016
BS31675,BS25641,BS22940,2016
BS31676,BS25509,BS25545,2016
BS31677,BS30448,BS25568,2016
BS31679,BS20504,BS20517,2016
BS31690,BS25753,BS11889,2016
BS31694,BS27970,BS23581,2016
BS31695,BS30151,BS18927,2016
BS31699,BS25407,BS19880,2016
BS31702,BS19513,BS18935,2016
BS32904,BS25276,BS25277,2016
BS32905,BS27803,NA,2016
BS32907,NA,BS25253,2016
BS32911,BS27563,BS25950,2016
BS32919,BS25177,NA,2016
BS32935,BS20340,BS21324,2016
BS32939,BS21496,NA,2016
BS32942,NA,BS27819,2016
BS32943,BS22580,BS20734,2016
BS32955,BS9942,BS25385,2016
BS33252,BS25145,BS22685,2016
BS33259,BS12504,BS20643,2016
BS33274,BS20220,BS21395,2016
BS33275,BS18853,BS12307,2016
BS33278,BS25588,BS22941,2016
BS33288,BS25403,BS11675,2016
BS33289,BS20472,BS20227,2016
BS33291,BS27749,BS30432,2016
BS33292,BS28266,BS22691,2016
BS33293,BS27613,BS21377,2016
BS33303,BS25337,BS25281,2016
BS33309,BS28031,BS25899,2016
BS33310,BS18909,BS11979,2016
BS33317,BS25646,BS19264,2016
BS33321,BS26677,BS25767,2016
BS33323,BS27683,BS19645,2016
BS33325,BS25375,BS20087,2016
BS33326,BS11294,BS23220,2016
BS33328,BS23660,BS26739,2016
BS33333,NA,BS27591,2016
BS33339,BS11904,BS12754,2016
BS33340,BS19913,BS27591,2016
BS33348,BS28152,BS28511,2016
BS33358,BS25965,BS23775,2016
BS33365,BS23764,BS23776,2016
BS33371,BS26633,BS22880,2016
BS33375,BS25398,BS20709,2016
BS33381,BS20725,BS19943,2016
BS33396,BS23611,BS9945,2016
BS33400,BS22631,BS28137,2016
BS31551,BS21449,BS20652,2017
BS31583,BS27510,BS27528,2017
BS31592,BS27719,BS19808,2017
BS31594,BS27502,BS26544,2017
BS31597,BS11260,BS12690,2017
BS31610,BS19512,BS25747,2017
BS31620,BS21253,BS18882,2017
BS31624,BS22900,BS21221,2017
BS31626,BS20482,BS12530,2017
BS31631,BS25789,BS25577,2017
BS31633,BS27529,NA,2017
BS31726,BS25888,BS21410,2017
BS31736,BS22681,BS20645,2017
BS31750,BS25216,BS20453,2017
BS32820,BS21302,BS20103,2017
BS32975,BS22798,BS23010,2017
BS32984,BS19134,BS19154,2017
BS32987,BS25218,BS22805,2017
BS33000,BS23598,BS26598,2017
BS33006,BS28170,BS25712,2017
BS33012,BS20348,BS21326,2017
BS33014,BS22569,BS21620,2017
BS33015,BS27806,BS12639,2017
BS33023,BS21639,BS21598,2017
BS33034,BS22663,BS22650,2017
BS33041,BS18801,BS19895,2017
BS33044,BS22909,BS21189,2017
BS33047,BS25696,BS5671,2017
BS33354,BS19992,BS19911,2017
BS33404,BS25740,BS23110,2017
BS33409,BS20083,BS19985,2017
BS33418,BS22637,BS31243,2017
BS33422,BS12635,BS28298,2017
BS33423,BS25932,BS26689,2017
BS33429,BS18992,BS12436,2017
BS33435,BS19252,BS19747,2017
BS33442,BS21515,NA,2017
BS33444,BS27834,NA,2017
BS33445,BS25331,BS25470,2017
BS33459,BS23170,BS23187,2017
BS33463,BS26730,BS19423,2017
BS33465,BS23654,NA,2017
BS33470,BS26704,BS19029,2017
BS33472,BS25670,BS25726,2017
BS33482,BS11289,BS11571,2017
BS33495,BS25764,BS26743,2017
BS33496,NA,BS27589,2017
BS20750,BS18847,BS12316,1999
BS22717,BS18847,BS12316,2001
BS22835,BS19039,BS21778,2001
BS23005,BS19526,BS19599,2002
BS23009,BS19529,BS19607,2002
BS23112,BS19262,BS12560,2002
BS23181,BS19497,BS19315,2002
BS23571,BS19225,BS11731,2003
BS23596,BS20296,BS19893,2003
BS23753,BS19039,BS21778,2003
BS23762,BS20090,BS19304,2003
BS25124,BS21150,BS19221,2003
BS25135,BS19840,BS19503,2003
BS25508,BS19526,BS19599,2004
BS25513,BS19529,BS19607,2004
BS25615,BS18847,BS12316,2004
BS25637,BS20209,BS19273,2004
BS25685,BS19497,BS19315,2004
BS25733,BS20090,BS19304,2004
BS26570,BS21150,BS19221,2005
BS26671,BS19703,BS25876,2005
BS26714,BS19262,BS12560,2005
BS26718,BS12420,BS19745,2005
BS26723,BS19039,BS21778,2005
BS25368,BS19526,BS19599,2006
BS25433,BS19529,BS19607,2006
BS25438,BS20440,BS19881,2006
BS25797,BS20513,BS20583,2006
BS25891,BS20209,BS19273,2006
BS25921,BS20090,BS19304,2006
BS27505,BS20589,BS20488,2006
BS27514,BS20544,BS20518,2006
BS27540,BS19840,BS19503,2006
BS27700,BS20302,BS20357,2007
BS27750,BS20435,BS20289,2007
BS27831,BS19039,BS21778,2007
BS27835,BS12420,BS19745,2007
BS27896,BS21594,BS20329,2007
BS28021,BS19703,BS25876,2007
BS27945,BS20513,BS20583,2008
BS27955,BS20589,BS20488,2008
BS27961,BS19526,BS19599,2008
BS27991,BS21150,BS20283,2008
BS28102,BS21123,BS20790,2008
BS28124,BS22842,BS21773,2008
BS28133,BS20090,BS19304,2008
BS28151,BS21320,BS19959,2008
BS28164,BS20389,BS20366,2008
BS28171,BS20375,BS20121,2008
BS28193,BS19840,BS19503,2008
BS28201,BS21228,BS12526,2008
BS28243,BS22703,BS20575,2008
BS28312,BS22929,BS20512,2009
BS28313,BS21604,BS21606,2009
BS28315,BS20544,BS20518,2009
BS28322,BS21258,BS21214,2009
BS28331,BS20435,BS20289,2009
BS28337,BS22729,BS21210,2009
BS28339,BS25538,BS12452,2009
BS28340,BS22705,BS22687,2009
BS28365,BS18845,BS22774,2009
BS28424,BS22906,BS20679,2009
BS28430,BS22988,BS22644,2009
BS28435,BS20302,BS20357,2009
BS28458,BS20708,BS20353,2009
BS28481,BS21564,BS20662,2009
BS28484,BS21737,BS19716,2009
BS28489,BS21578,BS20669,2009
BS28502,BS20375,BS20121,2009
BS28509,BS20771,BS21111,2009
BS28513,BS20209,BS19273,2009
BS28520,BS12420,BS19745,2009
BS28527,BS19039,BS21778,2009
BS28546,BS23733,BS22839,2009
BS28588,BS21461,BS20409,2010
BS28720,BS20584,BS20583,2010
BS28727,BS22950,BS20588,2010
BS28740,BS25558,BS21237,2010
BS28746,BS21228,BS12526,2010
BS28766,BS11953,BS21293,2010
BS28788,BS21150,BS20283,2010
BS28800,BS25104,BS27732,2010
BS28802,BS19840,BS19503,2010
BS28830,BS23699,BS23132,2010
BS28850,BS21320,BS19959,2010
BS28870,BS22601,BS22760,2010
BS28908,BS20090,BS19304,2010
BS28933,BS23754,BS21489,2010
BS28646,BS22918,BS20752,2011
BS28951,BS23685,BS22969,2011
BS28959,BS22906,BS20679,2011
BS28960,BS23771,BS22664,2011
BS28984,BS25700,BS23140,2011
BS28999,BS21564,BS20662,2011
BS29771,BS23572,BS22809,2011
BS29774,BS25156,BS19599,2011
BS29781,BS19526,BS12892,2011
BS29802,BS22729,BS21210,2011
BS29806,BS21258,BS21214,2011
BS29832,BS19198,BS21229,2011
BS29833,BS25594,BS20487,2011
BS29834,BS21604,BS21606,2011
BS29836,BS20544,BS20518,2011
BS29839,BS22929,BS20512,2011
BS29844,BS20302,BS20357,2011
BS29853,BS21578,BS20669,2011
BS29858,BS21737,BS21716,2011
BS29864,BS19703,BS25876,2011
BS29894,BS25263,BS22853,2011
BS29898,BS21572,NA,2011
BS29918,BS20771,BS21111,2011
BS29928,BS25646,BS23739,2011
BS29929,BS20209,BS19273,2011
BS28664,BS25558,BS21237,2012
BS28665,BS19161,BS22930,2012
BS28667,BS20589,BS20488,2012
BS28669,BS22950,BS20588,2012
BS28673,BS25492,BS25153,2012
BS28682,BS28633,BS25569,2012
BS28684,BS25191,BS21203,2012
BS28698,BS20435,BS20289,2012
BS30002,BS23701,BS23125,2012
BS30008,BS23696,BS21335,2012
BS30011,BS23139,BS23123,2012
BS30013,BS20708,BS20353,2012
BS30043,BS20389,BS20366,2012
BS30048,BS25682,BS25686,2012
BS30053,BS25673,BS21582,2012
BS30062,BS23674,BS21576,2012
BS30068,BS21563,BS20775,2012
BS30069,BS20090,BS19304,2012
BS30071,BS23733,BS22839,2012
BS30074,BS23075,BS20772,2012
BS30079,BS23754,BS21489,2012
BS30086,BS21764,BS21524,2012
BS30159,BS20309,BS22568,2012
BS30167,BS26623,BS23765,2012
BS30175,BS23583,BS23019,2012
BS30176,BS21150,BS20431,2012
BS30184,BS22788,BS22780,2012
BS30220,BS25496,BS22940,2012
BS30227,BS25104,BS22732,2012
BS30229,BS19840,BS19503,2012
BS30230,BS21279,BS22694,2012
BS30235,BS25176,BS22750,2012
BS30240,BS21228,BS12526,2012
BS30250,BS25580,BS20578,2012
BS29971,BS23131,BS25712,2013
BS29977,BS26701,BS26662,2013
BS29981,BS21594,BS20329,2013
BS29990,BS25721,BS23141,2013
BS30131,BS29955,BS25472,2013
BS30140,BS21737,BS19716,2013
BS30147,BS21578,BS20669,2013
BS30148,BS30115,BS21575,2013
BS30253,BS22979,BS22807,2013
BS30260,BS19526,BS12892,2013
BS30269,BS19233,BS22808,2013
BS30271,BS21461,BS19042,2013
BS30289,BS21258,BS21214,2013
BS30297,BS25174,BS23796,2013
BS30303,BS20513,BS20583,2013
BS30314,BS19198,BS21229,2013
BS30317,BS21604,BS21606,2013
BS30334,BS25566,BS20571,2013
BS30404,BS22918,BS20752,2013
BS30414,BS22729,BS21210,2013
BS30416,BS22864,BS21176,2013
BS30418,BS23591,BS23055,2013
BS30422,BS25263,BS22853,2013
BS30425,BS26538,BS25493,2013
BS30427,BS27508,BS26501,2013
BS31027,BS19262,BS21725,2013
BS31034,BS19031,BS21116,2013
BS31039,BS26744,BS25736,2013
BS31053,BS29966,BS23165,2013
BS31055,BS19703,BS25876,2013
BS31066,BS25849,BS21589,2013
BS31068,BS20698,BS23188,2013
BS31080,BS20771,BS21111,2013
BS31082,BS23683,BS23761,2013
BS31085,BS22842,BS28045,2013
BS31086,BS20209,BS19273,2013
BS31098,BS22601,BS22760,2013
BS31204,BS22968,BS23786,2013
BS31207,BS26630,BS22989,2013
BS31212,BS20302,BS20357,2013
BS31220,BS22906,BS20679,2013
BS31230,BS23685,BS22969,2013
BS31231,BS31299,BS22644,2013
BS31102,BS25580,BS20578,2014
BS31111,BS18847,BS25400,2014
BS31113,BS20544,BS20518,2014
BS31118,BS25176,BS22750,2014
BS31121,BS26558,BS26559,2014
BS31122,BS28196,BS27736,2014
BS31123,BS19840,BS19503,2014
BS31124,BS25104,BS22732,2014
BS31128,BS21148,BS25119,2014
BS31132,BS25555,BS22772,2014
BS31137,BS26595,BS22983,2014
BS31140,BS27672,BS22774,2014
BS31157,BS23572,BS22809,2014
BS31167,BS22810,BS20594,2014
BS31173,BS25361,BS25524,2014
BS31301,BS23696,BS21335,2014
BS31302,BS23701,NA,2014
BS31307,BS26654,BS25706,2014
BS31309,BS25654,BS23122,2014
BS31310,BS25725,BS30129,2014
BS31312,BS25940,BS23702,2014
BS31314,BS25980,BS25973,2014
BS31316,BS23699,NA,2014
BS31321,BS25992,BS23711,2014
BS31329,BS25947,BS25720,2014
BS31337,BS22569,BS23726,2014
BS31338,BS21594,NA,2014
BS31341,BS21564,BS20662,2014
BS31359,BS27551,BS26642,2014
BS31361,BS25995,BS26635,2014
BS31368,BS27573,NA,2014
BS31372,BS20389,BS20366,2014
BS31374,BS25955,BS25252,2014
BS31380,BS25682,BS25686,2014
BS31385,BS25815,BS20388,2014
BS31400,BS19039,BS28287,2014
BS31403,BS21776,BS19745,2014
BS31405,BS23211,BS29958,2014
BS31408,BS26695,BS26750,2014
BS31416,BS30117,BS26738,2014
BS31418,BS23075,BS20772,2014
BS31419,BS21764,BS21524,2014
BS31421,BS23733,BS22839,2014
BS31427,BS23674,BS21576,2014
BS31440,BS26727,BS26688,2014
BS31446,BS25765,BS20400,2014
BS31454,BS25538,BS25184,2014
BS31467,BS25191,BS21203,2014
BS31478,BS28633,BS25569,2014
BS31496,BS22950,BS20588,2014
BS31498,NA,BS20488,2014
BS31499,BS19161,BS22930,2014
BS30361,BS30347,BS26529,2015
BS30364,BS21258,BS21214,2015
BS30372,BS27953,BS27504,2015
BS30377,BS11218,BS21389,2015
BS30384,BS27655,BS27507,2015
BS30385,BS19198,BS21229,2015
BS30386,BS21604,BS21606,2015
BS30394,BS26607,BS25541,2015
BS30398,BS27720,BS25792,2015
BS30457,NA,BS22694,2015
BS30460,BS23035,BS25550,2015
BS30475,BS25783,BS28274,2015
BS30479,BS25397,BS25605,2015
BS30486,BS21461,BS19042,2015
BS30489,BS28371,BS25511,2015
BS30491,BS20513,BS20583,2015
BS30492,BS28249,BS26548,2015
BS31186,BS25558,BS21237,2015
BS31251,BS25673,NA,2015
BS31258,BS20698,BS23188,2015
BS31265,BS28003,BS33103,2015
BS31266,BS27909,BS27575,2015
BS31267,BS19703,BS25876,2015
BS31269,BS27574,BS26674,2015
BS31271,BS28006,BS25699,2015
BS31279,BS21578,BS20669,2015
BS31287,BS21737,BS19716,2015
BS31502,BS19233,BS22808,2015
BS31507,BS25369,BS26613,2015
BS31521,BS21150,BS30348,2015
BS31522,BS19526,BS12892,2015
BS31523,BS25174,BS23796,2015
BS31529,BS22788,BS22780,2015
BS31535,BS19031,BS21116,2015
BS32752,BS28157,BS27888,2015
BS32755,NA,BS25472,2015
BS32770,BS26664,BS23703,2015
BS32775,BS31299,BS22644,2015
BS32776,BS23685,BS22969,2015
BS32778,BS22968,BS23786,2015
BS32783,BS25959,BS25983,2015
BS32788,BS21594,BS20329,2015
BS32791,BS25978,BS25951,2015
BS32792,BS27897,BS25971,2015
BS32797,BS25721,BS23141,2015
BS32799,BS25700,BS23140,2015
BS32800,BS20708,BS20353,2015
BS32803,BS23683,BS23761,2015
BS32838,BS19262,BS21725,2015
BS32845,BS20302,BS20357,2015
BS32846,BS22906,BS20679,2015
BS32856,BS28011,BS27581,2015
BS32871,BS25263,BS22853,2015
BS32878,BS26744,BS25736,2015
BS31659,BS25597,NA,2016
BS31662,BS25104,BS22732,2016
BS31664,BS26558,BS26559,2016
BS31668,BS25566,BS12526,2016
BS31674,BS25555,BS22772,2016
BS31678,BS21148,BS25119,2016
BS31682,BS23583,BS23019,2016
BS31685,BS27980,BS27624,2016
BS31691,BS21797,BS21436,2016
BS31704,BS25361,BS25524,2016
BS31707,BS27667,BS26581,2016
BS31708,BS25445,BS27657,2016
BS32901,BS27583,BS31234,2016
BS32902,BS25682,BS25686,2016
BS32913,NA,BS21575,2016
BS32914,BS27573,BS25728,2016
BS32916,BS20389,BS20366,2016
BS32924,NA,BS20662,2016
BS32926,BS25998,BS27564,2016
BS32928,BS21564,BS21322,2016
BS32931,BS23696,BS21335,2016
BS32933,BS23699,BS29165,2016
BS32944,BS25947,BS25720,2016
BS32956,BS25940,BS23702,2016
BS32959,BS25725,NA,2016
BS32966,NA,BS23125,2016
BS32970,BS28027,BS25966,2016
BS33255,BS20435,BS20289,2016
BS33256,BS11260,BS25493,2016
BS33261,BS25176,BS22750,2016
BS33263,BS18847,BS25400,2016
BS33266,BS27543,BS21245,2016
BS33267,BS27738,BS20575,2016
BS33270,BS19161,BS22930,2016
BS33273,BS22950,BS20588,2016
BS33276,BS27731,BS25153,2016
BS33282,BS8822,BS20583,2016
BS33283,BS23591,BS23055,2016
BS33287,BS27718,BS29963,2016
BS33311,BS20209,BS25379,2016
BS33319,BS21776,BS19745,2016
BS33320,BS20090,BS20785,2016
BS33335,BS23754,BS21489,2016
BS33341,BS23733,BS22839,2016
BS33343,BS27857,BS26737,2016
BS33347,BS23075,BS20772,2016
BS33357,BS25995,BS26635,2016
BS33364,BS25969,BS23765,2016
BS33366,BS25485,BS25885,2016
BS33376,BS28444,BS26640,2016
BS33391,BS23674,BS21576,2016
BS33398,BS21572,NA,2016
BS31547,BS25191,BS21203,2017
BS31584,BS19198,BS21229,2017
BS31586,BS28212,BS25617,2017
BS31587,BS20544,BS20518,2017
BS31599,BS27655,BS27507,2017
BS31601,BS27642,BS22738,2017
BS31612,BS26579,BS27988,2017
BS31615,BS22918,BS20752,2017
BS31616,BS25783,BS28274,2017
BS31622,BS25558,BS21237,2017
BS31625,BS25166,BS25593,2017
BS31629,BS28249,BS26548,2017
BS31632,BS28210,BS27509,2017
BS31634,BS20513,BS20583,2017
BS31636,BS25580,BS20578,2017
BS31644,BS21279,BS22694,2017
BS31648,BS23035,BS25550,2017
BS31724,BS21461,BS19042,2017
BS31737,BS21258,NA,2017
BS31747,BS21150,NA,2017
BS31749,BS22810,BS25131,2017
BS32885,BS19031,BS21116,2017
BS32973,BS25156,BS19599,2017
BS32981,BS25174,BS23796,2017
BS32982,BS19136,BS22913,2017
BS32986,BS28633,BS25569,2017
BS32991,BS22979,BS22807,2017
BS32993,BS25369,BS26613,2017
BS32996,BS26607,BS25541,2017
BS33002,BS25978,BS25951,2017
BS33008,NA,BS25706,2017
BS33010,BS25654,BS23122,2017
BS33011,BS28095,BS23714,2017
BS33013,BS28563,BS28165,2017
BS33016,BS28501,BS28148,2017
BS33018,BS28480,BS28175,2017
BS33019,BS26664,BS23703,2017
BS33025,BS28487,BS27904,2017
BS33028,BS28454,BS21334,2017
BS33029,BS25959,BS25983,2017
BS33033,BS26630,BS22989,2017
BS33035,BS23685,BS22969,2017
BS33038,BS22968,BS23786,2017
BS33050,BS20302,BS20357,2017
BS33401,BS19039,BS28287,2017
BS33406,BS19262,BS21725,2017
BS33427,BS21563,BS20775,2017
BS33440,BS20117,BS26738,2017
BS33464,BS27909,BS27575,2017
BS33466,BS20698,BS23188,2017
BS33467,BS29955,BS25472,2017
BS33478,BS21737,BS19716,2017
BS33493,BS20771,BS21111,2017
BS33499,BS22906,BS20679,2017
BS22769,BS19266,BS19421,2001
BS23126,BS19553,BS12284,2002
BS23192,BS19295,BS19427,2002
BS23679,BS19742,BS12300,2003
BS25264,BS19962,BS19413,2003
BS25556,BS22637,BS21767,2004
BS25621,BS19731,BS19995,2004
BS25665,BS19295,BS19427,2004
BS25674,BS19266,BS11585,2004
BS25687,BS21531,BS25292,2004
BS25705,BS19553,BS12284,2004
BS26676,BS19962,BS19413,2005
BS26712,BS25380,BS19989,2005
BS26736,BS19742,BS12300,2005
BS25890,BS21537,BS20205,2006
BS25900,BS22507,BS19733,2006
BS25916,BS20776,BS21112,2006
BS25919,BS21108,BS20793,2006
BS25961,BS19553,BS12284,2006
BS27517,BS20532,BS20543,2006
BS27580,BS21531,BS25292,2006
BS27586,BS19295,BS19427,2006
BS27607,BS19693,BS27588,2007
BS27639,BS20580,BS18927,2007
BS27726,BS20591,BS21389,2007
BS27845,BS25380,BS19989,2007
BS27847,BS19742,BS12300,2007
BS27856,BS21771,BS21111,2007
BS27870,BS20766,BS20782,2007
BS28019,BS19962,BS19413,2007
BS28030,BS20671,BS19423,2007
BS28032,BS19266,BS11585,2007
BS27979,BS22785,BS20454,2008
BS28000,BS21278,BS21670,2008
BS28076,BS19553,BS12284,2008
BS28099,BS22507,BS19733,2008
BS28104,BS20776,BS21112,2008
BS28123,BS21537,BS20205,2008
BS28129,BS18976,BS19995,2008
BS28167,BS21531,BS25292,2008
BS28174,BS21490,BS20721,2008
BS28198,BS20532,BS20543,2008
BS28323,BS20591,BS21389,2009
BS28342,BS22724,BS20590,2009
BS28378,BS20580,BS18927,2009
BS28468,BS20335,BS22565,2009
BS28479,BS20532,BS20543,2009
BS28493,BS19962,BS19413,2009
BS28504,BS21318,BS19416,2009
BS28507,BS19266,BS11585,2009
BS28523,BS19742,BS12300,2009
BS28526,BS21108,BS20793,2009
BS28535,BS19693,BS27588,2009
BS28542,BS25380,BS19989,2009
BS28556,BS22637,BS21767,2009
BS28561,BS22631,BS20765,2009
BS28568,BS21490,BS20721,2009
BS28580,BS21771,BS20693,2009
BS28749,BS20532,BS20543,2010
BS28757,BS22785,BS20454,2010
BS28861,BS21482,BS19029,2010
BS28865,BS21531,BS19312,2010
BS28877,BS23091,BS21560,2010
BS28884,BS20776,BS21112,2010
BS28900,BS21571,BS21109,2010
BS28914,BS18988,BS22639,2010
BS28969,BS22566,BS20697,2011
BS28988,BS20335,BS22565,2011
BS29809,BS22724,BS20590,2011
BS29811,BS21278,BS12686,2011
BS29823,BS20591,BS21389,2011
BS29862,BS19962,BS19413,2011
BS29872,BS19266,BS11585,2011
BS29873,BS20671,BS19423,2011
BS29897,NA,BS21767,2011
BS29910,BS21771,BS20693,2011
BS29922,BS21537,BS20205,2011
BS29925,BS19693,BS27588,2011
BS29939,BS22507,BS19733,2011
BS29943,BS21108,BS20793,2011
BS29952,NA,BS12300,2011
BS28672,BS25166,BS25148,2012
BS30003,BS23698,BS23118,2012
BS30029,BS25975,BS23728,2012
BS30034,BS25994,BS25993,2012
BS30045,BS21531,BS25292,2012
BS30046,BS26680,BS22616,2012
BS30049,BS25274,BS28273,2012
BS30052,BS25278,BS22605,2012
BS30055,NA,BS20721,2012
BS30061,BS23078,BS23682,2012
BS30063,BS18988,BS22639,2012
BS30067,BS23659,BS23087,2012
BS30099,BS20776,BS21112,2012
BS30100,BS21498,BS25626,2012
BS30102,BS23752,BS23749,2012
BS30105,BS22820,BS20795,2012
BS30109,BS21557,BS22819,2012
BS30112,BS23770,BS23073,2012
BS30113,BS23091,BS21560,2012
BS30174,BS22785,BS20454,2012
BS30202,BS22999,BS23017,2012
BS30237,BS20532,BS20543,2012
BS30135,BS20335,BS22565,2013
BS30282,BS21278,BS12686,2013
BS30285,BS22724,BS20590,2013
BS30293,BS25527,BS22975,2013
BS30296,BS26589,BS23576,2013
BS30328,BS22977,BS25140,2013
BS31002,BS26733,BS23092,2013
BS31003,BS22637,BS21767,2013
BS31016,BS26683,BS25647,2013
BS31017,BS21771,BS20693,2013
BS31018,BS26700,BS23721,2013
BS31031,BS21108,BS30130,2013
BS31037,BS19693,BS27588,2013
BS31044,BS25769,NA,2013
BS31065,BS19266,BS11585,2013
BS31070,BS20671,BS19423,2013
BS31084,BS21537,BS20205,2013
BS31087,NA,BS12300,2013
BS31143,BS25370,BS26580,2014
BS31153,BS27536,BS25157,2014
BS31164,BS22785,BS20454,2014
BS31168,BS25794,BS25606,2014
BS31325,BS25694,BS21580,2014
BS31334,BS27816,BS25956,2014
BS31336,BS25975,BS23728,2014
BS31345,BS25994,BS25993,2014
BS31352,BS25974,BS28261,2014
BS31369,BS19962,BS19320,2014
BS31377,BS26680,BS22616,2014
BS31378,BS21531,BS25292,2014
BS31382,BS25274,BS28273,2014
BS31387,BS21490,BS20721,2014
BS31390,BS23091,BS21560,2014
BS31392,BS23770,BS23073,2014
BS31399,BS28630,BS26724,2014
BS31404,NA,BS19989,2014
BS31414,BS26656,BS26710,2014
BS31417,BS26732,BS23083,2014
BS31420,BS27834,BS26709,2014
BS31432,BS18988,BS22639,2014
BS31433,BS23659,BS23087,2014
BS31445,4001481,BS27871,2014
BS31486,BS26577,BS25143,2014
BS31493,BS25166,BS25148,2014
BS30362,BS22724,BS20590,2015
BS30379,BS20591,BS22948,2015
BS30455,BS22977,BS25140,2015
BS30477,BS20421,BS25548,2015
BS30482,BS22999,BS22801,2015
BS30493,BS29964,BS25592,2015
BS30496,BS26612,BS25571,2015
BS31189,BS27546,BS26523,2015
BS31257,BS19266,BS11585,2015
BS31276,BS25958,BS25949,2015
BS31512,BS26502,BS25578,2015
BS31513,BS21278,BS12686,2015
BS31526,BS26589,BS23576,2015
BS31532,BS22802,BS20795,2015
BS31533,BS28100,BS27606,2015
BS31534,BS19693,BS27588,2015
BS31537,BS28100,BS23105,2015
BS32801,BS21537,BS20205,2015
BS32826,BS25769,BS26722,2015
BS32833,BS21557,BS22819,2015
BS32835,BS19742,BS12300,2015
BS32853,BS26683,BS25647,2015
BS32857,BS27859,BS27875,2015
BS32866,BS27887,BS27879,2015
BS32869,BS26733,BS23092,2015
BS32870,BS22637,BS21767,2015
BS31655,BS26577,BS25143,2016
BS31660,BS20532,BS20543,2016
BS31671,BS27637,BS26578,2016
BS31683,BS22785,BS20454,2016
BS31689,BS25794,BS25606,2016
BS31717,BS25370,BS26580,2016
BS32903,BS25274,BS28273,2016
BS32909,BS21490,BS20721,2016
BS32915,BS19962,BS19320,2016
BS32922,BS25975,BS23728,2016
BS32927,BS27817,BS25256,2016
BS32929,BS25994,BS25993,2016
BS32940,BS25694,BS21580,2016
BS32945,BS27816,BS25956,2016
BS32948,BS31297,BS22565,2016
BS32958,NA,BS25704,2016
BS32969,BS27838,BS27884,2016
BS33295,BS28237,BS27518,2016
BS33304,BS21498,BS25626,2016
BS33305,BS27846,NA,2016
BS33308,BS27852,BS19733,2016
BS33314,BS25380,BS19989,2016
BS33315,BS23752,BS23111,2016
BS33322,NA,BS26710,2016
BS33327,BS23770,BS23073,2016
BS33334,4001481,BS27871,2016
BS33350,BS26732,BS23083,2016
BS33380,BS28063,BS27550,2016
BS33387,BS28183,BS25662,2016
BS33389,BS23078,BS23682,2016
BS33390,BS25944,BS28184,2016
BS33393,BS18988,BS22639,2016
BS33394,BS23659,BS23087,2016
BS33395,BS27604,BS27865,2016
BS31582,BS27950,BS27734,2017
BS31589,BS27944,BS28293,2017
BS31596,BS29964,BS25592,2017
BS31605,BS20421,BS25548,2017
BS31621,BS28242,BS27730,2017
BS31623,BS27546,BS26523,2017
BS31638,BS25800,BS28341,2017
BS32879,BS19742,BS12300,2017
BS32893,BS26683,BS25647,2017
BS32900,BS27887,BS27879,2017
BS32976,BS22999,BS22801,2017
BS32998,BS26589,BS23576,2017
BS33031,BS25974,BS22659,2017
BS33351,BS19693,NA,2017
BS33413,BS28576,BS27874,2017
BS33417,BS26733,BS23092,2017
BS33428,BS26700,BS26691,2017
BS33437,BS27860,BS28112,2017
BS33438,BS25627,BS19440,2017
BS33441,BS21557,BS22819,2017
BS33443,NA,BS27848,2017
BS33446,BS23741,BS20790,2017
BS33447,BS28100,NA,2017
BS33468,BS19266,BS11585,2017
BS33488,BS25958,BS25949,2017
BS27729,BS18847,BS20750,2007
BS28311,BS18847,BS20750,2009
BS29945,BS23758,BS23753,2011
BS30190,BS25615,BS22813,2012
BS30199,BS25508,BS23581,2012
BS30149,BS25685,BS23152,2013
BS31163,BS25522,BS23005,2014
BS31270,BS28021,BS26725,2015
BS31277,BS25685,BS23152,2015
BS31505,BS25615,BS22813,2015
BS33313,BS28546,NA,2016
BS31639,BS28205,BS27505,2017
BS32971,BS25615,BS22813,2017
BS32994,BS25522,BS23005,2017
BS33049,BS27693,BS27700,2017
BS33411,BS26714,BS26697,2017
BS33431,BS28188,BS27835,2017
BS33477,BS25685,BS23152,2017
BS28868,BS25264,BS28282,2010
BS29856,BS25687,BS23166,2011
BS30050,BS25264,BS28282,2012
BS30146,BS25687,BS23166,2013
BS31201,BS26676,BS23790,2013
BS31482,BS27726,BS26564,2014
BS31283,BS25687,BS23166,2015
BS32772,BS26676,BS23790,2015
BS32824,BS27856,NA,2015
BS32872,BS26736,BS25657,2015
BS32964,BS27586,BS27886,2016
BS33306,BS27847,BS25916,2016
BS33359,BS28542,BS25937,2016
BS33026,BS28174,BS28022,2017
BS33421,BS26736,BS25657,2017
BS33471,BS25687,BS23166,2017
BS33483,BS28019,BS12442,2017
