id,dam,sire,Year
2869109,5054548,NA,1972
4000001,5098918,5216906,2003
4000002,5110215,5116010,2003
4000003,5116274,5155885,2003
4000004,5072249,5079297,2003
4000005,5097254,5110255,2003
4000006,5147629,5147876,2003
4000007,5072437,5146112,2003
4000008,5132191,5202971,2003
4000009,5098342,5222587,2003
4000010,5216917,5222588,2003
4000011,5117431,5187955,2003
4000012,5079308,5079324,2003
4000013,5116302,5132040,2003
4000014,5098908,5110348,2003
4000015,5144008,5145765,2003
4000016,4005441,5222763,2003
4000017,5132545,5144590,2003
4000018,5117976,5147978,2003
4000019,5116190,5187921,2003
4000020,5093440,5109067,2003
4000021,5144309,5144319,2003
4000022,4000729,5116253,2003
4000023,5144003,5144338,2003
4000024,5148387,5148397,2003
4000025,5079290,5144599,2003
4000026,5079454,5187960,2003
4000027,5127594,5144956,2003
4000028,4000767,5109903,2003
4000029,5093122,5127349,2003
4000032,5109941,5116824,2003
4000033,5109753,5127103,2003
4000034,5144842,5145137,2003
4000035,5092569,5098092,2003
4000036,5080181,5146079,2003
4000037,5098245,5098626,2003
4000038,5117636,5222734,2003
4000039,5144070,5144271,2003
4000040,5144263,5144409,2003
4000041,5132910,5144165,2003
4000042,5127756,5183094,2003
4000043,5143615,5144799,2003
4000044,5132925,5144297,2003
4000045,5144134,5144251,2003
4000046,5127028,5127091,2003
4000047,5222582,5222772,2003
4000048,5127042,5144150,2003
4000049,5147925,5148178,2003
4000050,5222583,5222744,2003
4000051,5127061,5127066,2003
4000052,5109615,5183128,2003
4000053,5222584,5222688,2003
4000054,5132952,5144296,2003
4000055,5098694,5144810,2003
4000056,5077740,5144492,2003
4000057,5109934,5146118,2003
4000058,5078314,5216958,2003
4000059,5072165,5132323,2003
4000060,5072206,5121085,2003
4000061,5145186,5145205,2003
4000062,5072196,5144493,2003
4000063,5156013,5222689,2003
4000064,5146554,5147381,2003
4000065,5127065,5127131,2003
4000066,5098688,5117642,2003
4000067,5098695,5222742,2003
4000068,5098580,5098749,2003
4000069,4000740,5142927,2003
4000070,5142506,5142951,2003
4000071,5146592,5147996,2003
4000072,5093194,5144189,2003
4000073,5146120,5217783,2003
4000074,5145143,5146376,2003
4000075,5144740,5145202,2003
4000076,5145161,5216970,2003
4000077,5121037,5142501,2003
4000078,5222594,5222595,2003
4000079,5127011,5217734,2003
4000080,5098757,5109828,2003
4000081,5222596,5222715,2003
4000082,5145171,5145175,2003
4000083,5098233,5148017,2003
4000084,5097978,5202923,2003
4000085,5127053,5144285,2003
4000086,5222599,5222732,2003
4000087,5142512,5143584,2003
4000088,5146611,5147370,2003
4000089,5148195,5148225,2003
4000090,5148196,5164433,2003
4000091,5108697,5146151,2003
4000092,5098107,5147007,2003
4000093,5108709,5147005,2003
4000094,5092255,5093243,2003
4000095,5079013,5109621,2003
4000096,5097303,5146115,2003
4000097,5143550,5143602,2003
4000098,5116089,5222771,2003
4000099,5077709,5080351,2003
4000100,5117562,5127310,2003
4000101,5072256,5121061,2003
4000102,5127505,5216967,2003
4000103,5098548,5108768,2003
4000104,5116018,5122097,2003
4000105,5098577,5187956,2003
4000106,5098745,5117571,2003
4000107,4008484,5143618,2003
4000108,5222604,5222719,2003
4000109,5144435,5222646,2003
4000110,4009276,5202911,2003
4000111,5142914,5217737,2003
4000112,5127052,5183139,2003
4000113,5132914,5144721,2003
4000114,5216996,5222773,2003
4000115,5087805,5121032,2003
4000116,5144696,5144698,2003
4000117,5147250,5164237,2003
4000118,5147264,5156489,2003
4000119,5093146,5146088,2003
4000120,5222607,5222724,2003
4000121,5109982,5121029,2003
4000122,5121027,5132222,2003
4000123,5109987,5216997,2003
4000124,5098155,5122452,2003
4000125,5222609,5222722,2003
4000126,5222610,5222723,2003
4000127,5143952,5184917,2003
4000128,5222608,5222721,2003
4000129,5144714,5146697,2003
4000130,5142900,5142905,2003
4000131,5097403,5109108,2003
4000132,5144001,5144366,2003
4000133,5098821,5121015,2003
4000134,5116252,5184947,2003
4000135,5144601,5145720,2003
4000136,5109560,5109579,2003
4000137,5122381,5222585,2003
4000138,5092526,5109038,2003
4000139,5147853,5147883,2003
4000140,5116880,5127636,2003
4000141,5117350,5144317,2003
4000142,5109295,5144622,2003
4000143,5097256,5110491,2003
4000144,5144361,5145857,2003
4000145,5132844,5147295,2003
4000146,5155815,5156066,2003
4000147,5116207,5116228,2003
4000148,5116222,5117960,2003
4000149,5144241,5146843,2003
4000150,5127454,5187970,2003
4000151,5079355,5144441,2003
4000152,5109835,5222714,2003
4000153,5108789,5216943,2003
4000154,5132171,5143560,2003
4000155,5132173,5146672,2003
4000156,5116632,5222648,2003
4000157,5122113,5222649,2003
4000158,5098127,5116846,2003
4000159,5122492,5144395,2003
4000160,5122489,5122497,2003
4000161,5147076,5148132,2003
4000162,5146678,5156206,2003
4000163,5092852,5187950,2003
4000164,5110075,5148042,2003
4000165,5078060,5202905,2003
4000167,5109147,5109155,2003
4000168,5122019,5127823,2003
4000169,5216962,5222635,2003
4000170,5142725,5143561,2003
4000171,5142978,5146656,2003
4000172,5142988,5146658,2003
4000173,5145653,5222636,2003
4000174,5147144,5148305,2003
4000175,5147737,5217739,2003
4000176,5098119,5121042,2003
4000177,5146690,5147216,2003
4000178,5145224,5148249,2003
4000179,5122480,5146274,2003
4000180,5145694,5146346,2003
4000181,5109114,5109829,2003
4000182,5109387,5122215,2003
4000183,5217006,5222645,2003
4000184,4005443,5080212,2003
4000185,5127970,5144393,2003
4000186,5080160,5117395,2003
4000187,5097626,5143025,2003
4000188,5132834,5143552,2003
4000189,5222644,5222740,2003
4000190,5122304,5148069,2003
4000191,4003794,5117058,2003
4000192,5121004,5122383,2003
4000193,5098054,5117985,2003
4000194,5121058,5121074,2003
4000195,5121008,5121014,2003
4000196,5144345,5183050,2003
4000197,5142800,5144559,2003
4000198,5122296,5132254,2003
4000199,5110290,5146519,2003
4000200,5127579,5144380,2003
4000201,5132217,5142856,2003
4000202,5142749,5144330,2003
4000203,5117942,5144314,2003
4000204,5093428,5116015,2003
4000206,5142787,5144342,2003
4000207,5092549,5098301,2003
4000208,5054732,5097832,2003
4000209,4007607,5097951,2003
4000210,5116202,5117994,2003
4000211,5097004,5144310,2003
4000212,5117984,5122284,2003
4000213,5127644,5144346,2003
4000214,5092135,5109008,2003
4000215,5079234,5121071,2003
4000216,5117200,5146051,2003
4000217,5121009,5121156,2003
4000218,4001548,5097093,2003
4000219,5148360,5155848,2003
4000220,5109519,5109598,2003
4000221,5155824,5216902,2003
4000222,5145849,5146022,2003
4000223,5092553,5097083,2003
4000224,5121011,5145070,2003
4000225,5147582,5222586,2003
4000226,5144672,5187974,2003
4000227,5142991,5145400,2003
4000228,5098256,5109287,2003
4000229,5121160,5121213,2003
4000230,5127633,5132866,2003
4000231,4004538,5116011,2003
4000232,5116063,5116152,2003
4000233,4005103,5098272,2003
4000234,5097810,5121057,2003
4000235,4002432,5109575,2003
4000236,5092775,5132279,2003
4000237,5142882,5144316,2003
4000238,5117191,5184945,2003
4000239,5142871,5142880,2003
4000240,5109227,5109589,2003
4000241,5092126,5092133,2003
4000242,4003849,5098239,2003
4000243,5093454,5097805,2003
4000244,5093374,5116147,2003
4000245,5098718,5122234,2003
4000246,5077863,5097988,2003
4000247,4009243,5122267,2003
4000248,5072392,5116053,2003
4000249,5098713,5110464,2003
4000250,5097563,5109223,2003
4000251,5127506,5216952,2003
4000252,5077916,5183051,2003
4000253,5116338,5216965,2003
4000254,5098800,5109723,2003
4000255,5116286,5117476,2003
4000256,5110198,5110211,2003
4000257,5142695,5144216,2003
4000258,5144219,5144260,2003
4000259,5146036,5222554,2003
4000260,5054602,5054660,2003
4000262,5144006,5144226,2003
4000263,5092193,5142809,2003
4000264,4003783,5187931,2003
4000265,5132395,5145050,2003
4000266,5148060,5222767,2003
4000267,5144132,5184931,2003
4000268,5098637,5216908,2003
4000269,5146021,5146023,2003
4000270,5142686,5144135,2003
4000271,5116285,5132311,2003
4000272,5143036,5147000,2003
4000273,5142681,5147032,2003
4000274,5145043,5147357,2003
4000275,5122334,5146012,2003
4000276,5142682,5184038,2003
4000277,5222553,5222729,2003
4000278,5146421,5147645,2003
4000279,4003114,5116881,2003
4000280,5098648,5110221,2003
4000281,5110223,5122325,2003
4000282,5147644,5148274,2003
4000283,5142694,5156280,2003
4000284,5222552,5222725,2003
4000285,5132371,5222766,2003
4000286,5122342,5216907,2003
4000287,5092316,5127469,2003
4000288,5122326,5127686,2003
4000289,5098068,5122350,2003
4000290,5144244,5146038,2003
4000291,5146046,5147630,2003
4000292,5183057,5222727,2003
4000293,5097300,5116180,2003
4000294,5147106,5164242,2003
4000295,5109647,5144817,2003
4000296,5108800,5216953,2003
4000297,5127483,5142726,2003
4000298,5146895,5148129,2003
4000299,5117551,5122006,2003
4000300,5147410,5147414,2003
4000301,5222605,5222712,2003
4000302,5097762,5097763,2003
4000303,5108774,5108775,2003
4000304,5116708,5222606,2003
4000305,4009275,5117909,2003
4000306,5155705,5222664,2003
4000307,5079096,5187924,2003
4000308,5099000,5146159,2003
4000309,5155938,5156200,2003
4000311,5097216,5146997,2003
4000312,5132469,5132482,2003
4000313,5079076,5147020,2003
4000314,5143450,5145896,2003
4000315,5146228,5146475,2003
4000316,5222665,5222748,2003
4000317,5143791,5184932,2003
4000318,5117030,5216977,2003
4000319,5146464,5222666,2003
4000320,5098998,5146160,2003
4000321,5143459,5155718,2003
4000322,5072803,5077510,2003
4000323,5132079,5183135,2003
4000324,5222667,5222750,2003
4000325,5132233,5144182,2003
4000326,5132381,5143940,2003
4000327,5121310,5127668,2003
4000328,5087826,5097751,2003
4000329,5127897,5187944,2003
4000330,5098987,5146148,2003
4000331,5132067,5143745,2003
4000332,5222669,5222759,2003
4000333,5098953,5110429,2003
4000334,5117266,5132491,2003
4000335,5098995,5109235,2003
4000336,5145928,5147019,2003
4000337,5098999,5132480,2003
4000338,5222670,5222751,2003
4000339,5077528,5147045,2003
4000340,5117327,5121268,2003
4000341,5132479,5222758,2003
4000342,5116076,5222671,2003
4000343,5187925,5222672,2003
4000344,5143449,5145909,2003
4000345,5143421,5143426,2003
4000346,5132453,5143747,2003
4000347,4009154,5117311,2003
4000348,5145967,5147801,2003
4000349,5097648,5097750,2003
4000350,5117283,5184916,2003
4000351,5147812,5147816,2003
4000352,5079146,5155726,2003
4000353,5121338,5143715,2003
4000354,5109915,5117014,2003
4000355,5079074,5097745,2003
4000356,5132102,5143703,2003
4000357,5132425,5145956,2003
4000358,5132442,5143484,2003
4000359,5117281,5217787,2003
4000360,5110438,5144506,2003
4000361,5121273,5144520,2003
4000362,5132421,5143710,2003
4000363,4009247,5132447,2003
4000364,5117218,5222777,2003
4000365,5110369,5222675,2003
4000366,5098971,5110365,2003
4000367,5222676,5222782,2003
4000368,5145955,5222754,2003
4000369,5110300,5132129,2003
4000370,5117140,5132139,2003
4000371,5079102,5079113,2003
4000372,5117217,5216923,2003
4000373,5145910,5145958,2003
4000374,5222677,5222755,2003
4000375,5110407,5183137,2003
4000376,5144046,5216922,2003
4000377,5110385,5121331,2003
4000378,5132429,5145935,2003
4000379,5222678,5222756,2003
4000380,5072352,5145080,2003
4000381,5132456,5132459,2003
4000382,5143752,5183101,2003
4000383,5143873,5148282,2003
4000384,5222662,5222747,2003
4000385,5222663,5222746,2003
4000386,4009283,5093052,2003
4000387,5148055,5216954,2003
4000388,5072656,5117704,2003
4000389,5097172,5109617,2003
4000390,5121438,5187936,2003
4000391,5222577,5222761,2003
4000392,5098871,5142836,2003
4000393,5143402,5146847,2003
4000394,5117053,5145800,2003
4000395,4009266,5145798,2003
4000396,5147512,5155816,2003
4000397,5121436,5127575,2003
4000399,5054555,5127555,2003
4000400,5121405,5222778,2003
4000401,5222576,5222674,2003
4000402,5093335,5183111,2003
4000403,4009268,5079285,2003
4000404,5117407,5121462,2003
4000405,5116899,5117415,2003
4000406,5098864,5145091,2003
4000407,5116871,5127340,2003
4000408,5147509,5148354,2003
4000409,5116877,5145836,2003
4000410,5116956,5144461,2003
4000411,5121425,5143078,2003
4000412,5098394,5109530,2003
4000413,5145801,5147519,2003
4000414,5144376,5144392,2003
4000415,5079222,5144399,2003
4000416,4011348,5098385,2003
4000417,5222549,5222762,2003
4000418,5098024,5216932,2003
4000419,5098860,5098867,2003
4000420,5116099,5116862,2003
4000421,5222548,5222682,2003
4000422,5121073,5127507,2003
4000423,5145363,5145841,2003
4000424,5222593,5222680,2003
4000425,5108644,5202980,2003
4000426,5145084,5187966,2003
4000427,5132893,5145083,2003
4000428,5117723,5216982,2003
4000430,5145381,5147080,2003
4000431,5222637,5222690,2003
4000432,5146177,5146213,2003
4000433,5143977,5145395,2003
4000434,5222638,5222691,2003
4000435,5143970,5187984,2003
4000436,5121457,5127810,2003
4000437,5132895,5143128,2003
4000438,5116589,5121465,2003
4000439,5143111,5145390,2003
4000440,5110131,5116506,2003
4000442,5132867,5132876,2003
4000443,5145399,5216984,2003
4000444,5093033,5116133,2003
4000445,5222642,5222694,2003
4000446,5080135,5110408,2003
4000447,5222643,5222695,2003
4000448,4000752,5098143,2003
4000450,5121393,5127630,2003
4000452,5122295,5143355,2003
4000453,5093292,5097488,2003
4000454,5143409,5155692,2003
4000455,5121270,5142854,2003
4000456,4009270,5216963,2003
4000457,5155693,5183038,2003
4000458,5143398,5146502,2003
4000459,5144685,5187934,2003
4000460,5143030,5216910,2003
4000461,4005867,5216973,2003
4000462,5109808,5121217,2003
4000463,5143682,5216974,2003
4000464,5121370,5143695,2003
4000465,5222591,5222728,2003
4000466,5143363,5217005,2003
4000467,5117064,5222679,2003
4000468,5072496,5143071,2003
4000469,5127957,5143367,2003
4000470,5144389,5146025,2003
4000471,5097634,5146995,2003
4000472,5145700,5145870,2003
4000473,5132870,5147040,2003
4000474,5093290,5145081,2003
4000475,5148439,5156126,2003
4000476,5097632,5216911,2003
4000477,5110297,5132516,2003
4000478,5109444,5144463,2003
4000479,5080169,5097637,2003
4000618,5143505,5144386,2004
4000619,5143348,5144850,2004
4000620,5144614,5145766,2004
4000621,4007622,5077883,2004
4000622,5078433,5117185,2004
4000623,4009797,5109544,2004
4000624,5072003,5121097,2004
4000625,5144687,5145991,2004
4000626,5098785,5116199,2004
4000627,5145750,5146789,2004
4000628,5054742,5097953,2004
4000629,4001494,5097946,2004
4000630,5147507,5148322,2004
4000631,5147516,5148189,2004
4000632,5109515,5110466,2004
4000633,5132390,5144457,2004
4000634,5132356,5132359,2004
4000635,5116243,5121406,2004
4000636,5117998,5148076,2004
4000637,4009289,5122307,2004
4000638,5146515,5148367,2004
4000639,5142760,5143674,2004
4000640,5144306,5144324,2004
4000641,5108959,5142779,2004
4000642,4000558,5121072,2004
4000643,5127654,5144604,2004
4000644,5146785,5147871,2004
4000645,5147952,5222543,2004
4000646,5155830,5222544,2004
4000647,5097078,5187976,2004
4000648,5092552,5117194,2004
4000649,5147739,5147891,2004
4000650,5144665,5146767,2004
4000651,5109292,5144628,2004
4000652,5116150,5122286,2004
4000653,4000557,5148306,2004
4000654,5146823,5183987,2004
4000655,5127615,5144331,2004
4000656,5117351,5117948,2004
4000657,4004542,5146806,2004
4000658,5146801,5217756,2004
4000659,5098257,5217753,2004
4000660,5144660,5145816,2004
4000661,4011887,5142799,2004
4000662,4013052,5144692,2004
4000663,5116174,5117938,2004
4000664,5127610,5142886,2004
4000665,4003034,4011898,2004
4000666,4003026,5183015,2004
4000667,5117161,5117371,2004
4000668,5147969,5183010,2004
4000669,5117192,5217755,2004
4000670,4009241,4009244,2004
4000671,5109033,5109572,2004
4000672,5144320,5144674,2004
4000673,5092739,5116030,2004
4000674,5077858,5127614,2004
4000675,5117951,5142873,2004
4000677,5079181,5092829,2004
4000678,5110475,5117988,2004
4000679,5122237,5132302,2004
4000680,5146818,5164468,2004
4000681,4003829,5121184,2004
4000682,5093358,5093452,2004
4000683,5143352,5222545,2004
4000684,5155851,5156100,2004
4000685,5127479,5127671,2004
4000686,5142783,5147872,2004
4000687,5109000,5184987,2004
4000688,5146846,5148401,2004
4000689,5147984,5217752,2004
4000690,5109222,5116158,2004
4000691,5097947,5117164,2004
4000692,5054634,5109555,2004
4000693,4007051,5109250,2004
4000694,5121452,5127446,2004
4000695,5098861,5110325,2004
4000696,5116857,5147039,2004
4000697,5132376,5144387,2004
4000698,5132384,5148379,2004
4000699,5145834,5147515,2004
4000700,5144458,5144547,2004
4000701,5078399,5109072,2004
4000702,5127935,5144354,2004
4000703,5097171,5184908,2004
4000704,5121421,5143063,2004
4000705,5097178,5143035,2004
4000706,5143058,5202955,2004
4000707,5146835,5217000,2004
4000708,5144569,5146849,2004
4000709,5098366,5098378,2004
4000710,5098847,5146166,2004
4000713,5093425,5098869,2004
4000714,5078356,5146059,2004
4000715,5147504,5147830,2004
4000716,4000480,4000560,2004
4000717,5147288,5148365,2004
4000718,5121449,5217793,2004
4000719,5098862,5110319,2004
4000796,5146046,5147630,2005
4000797,5183057,5222727,2005
4000798,5097300,5116180,2005
4000799,5222551,5222765,2005
4000800,5147865,5155974,2005
4000801,5122345,5217004,2005
4000802,5092316,5127469,2005
4000803,5093230,5147641,2005
4000804,5122326,5127686,2005
4000805,5144244,5146038,2005
4000806,5148256,5202973,2005
4000807,5183422,5223082,2005
4000809,5098648,5110221,2005
4000810,5142524,5146550,2005
4000811,5148272,5222726,2005
4000812,5116308,5156280,2005
4000813,4003114,5116881,2005
4000814,5147664,5164295,2005
4000815,5222553,5222729,2005
4000816,4000762,5098812,2005
4000817,4000763,5164305,2005
4000818,5122334,5146012,2005
4000819,5145043,5147357,2005
4000820,5143036,5147000,2005
4000821,5116285,5132311,2005
4000822,5098637,5216908,2005
4000823,5144132,5184931,2005
4000824,4003783,5187931,2005
4000825,5144006,5144226,2005
4000826,5093222,5148074,2005
4000827,5127697,5142699,2005
4000828,5122401,5127459,2005
4000829,5132395,5145050,2005
4000830,5122390,5132246,2005
4000831,5148060,5222767,2005
4000832,5146021,5146023,2005
4000833,5142686,5144135,2005
4000834,5146036,5222554,2005
4000835,5144219,5144260,2005
4000836,5142695,5144216,2005
4000837,5110198,5110211,2005
4000838,5116286,5117476,2005
4000839,5144848,5146404,2005
4000840,5122411,5127688,2005
4000841,5077916,5183051,2005
4000842,5097108,5097214,2005
4000843,5183840,5183841,2005
4000844,4011348,5098385,2005
4000845,5222548,5222682,2005
4000847,5116858,5147063,2005
4000848,5144376,5144392,2005
4000849,4000723,5132369,2005
4000850,5116871,5127340,2005
4000851,5117407,5121462,2005
4000852,5116956,5144461,2005
4000853,5116899,5117415,2005
4000854,5098394,5109530,2005
4000855,4000751,5110318,2005
4000856,5121436,5127575,2005
4000857,5222576,5222674,2005
4000858,5117053,5145800,2005
4000859,5117408,5121412,2005
4000860,5143402,5146847,2005
4000861,5098871,5142836,2005
4000862,5222577,5222761,2005
4000863,4000559,5132385,2005
4000864,5132209,5132364,2005
4000865,5156051,5187234,2005
4000866,5121073,5127507,2005
4000867,4000752,5098143,2005
4000868,5121393,5127630,2005
4000869,5144667,5146798,2005
4000870,5132367,5184930,2005
4000871,5122295,5143355,2005
4000872,5093292,5097488,2005
4000873,5121270,5142854,2005
4000874,4009270,5216963,2005
4000875,5143398,5146502,2005
4000876,5144685,5187934,2005
4000877,5143030,5216910,2005
4000878,4000773,5156121,2005
4000879,5109808,5121217,2005
4000880,4000794,5183039,2005
4000881,5143682,5216974,2005
4000882,5121370,5143695,2005
4000883,5077608,5145880,2005
4000884,5072496,5143071,2005
4000885,5145808,5146014,2005
4000886,5143363,5217005,2005
4000887,5072786,5072790,2005
4000888,5072789,5108834,2005
4000889,5127957,5143367,2005
4000890,4000786,5097965,2005
4000891,5132202,5183767,2005
4000892,5093290,5145081,2005
4000893,5132522,5146129,2005
4000894,5108847,5216950,2005
4000895,5098929,5110295,2005
4000896,5183022,5183676,2005
4000897,5097636,5110341,2005
4000898,5093266,5108857,2005
4000899,5148439,5156126,2005
4000900,5097632,5216911,2005
4000901,5109444,5144463,2005
4000902,5110297,5132516,2005
4000903,5132509,5143676,2005
4000904,5092655,5109612,2005
4000905,5127471,5183462,2005
4000906,5097102,5116432,2005
4000907,5077825,5078343,2005
4000908,4000743,5183469,2005
4000909,5092669,5216913,2005
4000910,5146265,5147364,2005
4000911,5098654,5217723,2005
4000912,4000603,5147987,2005
4000913,5156396,5183542,2005
4000914,5127266,5155970,2005
4000915,5145276,5216987,2005
4000916,4003029,5146264,2005
4000917,5148465,5156374,2005
4000918,5222555,5222683,2005
4000919,5092106,5109043,2005
4000920,5117946,5216993,2005
4000921,5222556,5222684,2005
4000922,5116480,5147004,2005
4000924,5222560,5222658,2005
4000925,5146283,5146578,2005
4000926,5222558,5222685,2005
4000927,4000561,5223064,2005
4000928,5109491,5184994,2005
4000929,5097129,5098618,2005
4000930,5098615,5142939,2005
4000931,5092503,5132340,2005
4000932,5222559,5222647,2005
4000933,5108655,5127268,2005
4000934,5092150,5116112,2005
4000935,5108648,5127073,2005
4000936,4013668,5144218,2005
4000937,5146259,5146273,2005
4000938,5164325,5187169,2005
4000939,5127527,5156283,2005
4000940,5077812,5078428,2005
4000941,5116888,5127216,2005
4000942,5144775,5147732,2005
4000943,5143006,5222565,2005
4000944,5222566,5222657,2005
4000945,5072082,5121229,2005
4000946,5222567,5222710,2005
4000947,5117628,5127140,2005
4000948,5142605,5142629,2005
4000949,5117514,5222769,2005
4000950,5117511,5143890,2005
4000951,5146318,5146325,2005
4000952,5098592,5147041,2005
4000953,5122454,5127585,2005
4000954,5109938,5127592,2005
4000955,5145003,5202916,2005
4000957,5142572,5187968,2005
4000958,5108675,5116353,2005
4000959,5098726,5127149,2005
4000960,5108702,5127163,2005
4000961,5144700,5144926,2005
4000962,5072123,5080035,2005
4000963,5098597,5109750,2005
4000964,5098594,5145073,2005
4000965,5077917,5121065,2005
4000967,5079413,5108677,2005
4000968,5072079,5183146,2005
4000969,5109697,5116449,2005
4000970,5116369,5144959,2005
4000971,5097126,5097967,2005
4000972,5116404,5183147,2005
4000973,5222561,5222768,2005
4000974,5127227,5143883,2005
4000975,5079390,5079393,2005
4000976,4000564,5223067,2005
4000977,5142562,5143888,2005
4000978,5080325,5142648,2005
4000979,4000732,5108666,2005
4000980,5110470,5127204,2005
4000981,4000734,5079492,2005
4000982,5097116,5116409,2005
4000983,5142563,5145001,2005
4000984,5222562,5222730,2005
4000985,5156258,5222570,2005
4000986,5116390,5144261,2005
4000987,5127141,5222653,2005
4000988,5127533,5143892,2005
4000990,5144096,5155754,2005
4000991,5072118,5216951,2005
4000992,5092607,5127525,2005
4000993,4003827,5222652,2005
4000994,5127530,5144999,2005
4000995,5097219,5109779,2005
4000996,5117599,5222569,2005
4000997,5127248,5145000,2005
4000998,4000765,5147491,2005
4000999,5132978,5144950,2005
4001000,5142942,5216940,2005
4001001,5144064,5145233,2005
4001002,5144091,5202915,2005
4001003,4000735,5072080,2005
4001004,5097141,5187941,2005
4001005,5142585,5216938,2005
4001006,4000790,5144092,2005
4001007,5142556,5142596,2005
4001008,5078324,5187919,2005
4001009,4012503,5216969,2005
4001010,5184948,5216968,2005
4001011,4000776,NA,2005
4001012,5222663,5222746,2005
4001013,5222662,5222747,2005
4001014,5143873,5148282,2005
4001015,5143752,5183101,2005
4001016,4005867,5216973,2005
4001017,5098823,5109660,2005
4001018,5127388,5143527,2005
4001019,5109728,5116385,2005
4001021,5144184,5144916,2005
4001022,4009195,5146056,2005
4001023,5144910,5144920,2005
4001024,5109707,5202977,2005
4001025,5156222,5156309,2005
4001026,5121134,5222720,2005
4001027,5127410,5144454,2005
4001028,4013049,5147459,2005
4001029,4000736,5142654,2005
4001030,5098587,5108743,2005
4001031,5097306,5127380,2005
4001032,5109718,5116786,2005
4001033,5127284,5144883,2005
4001034,4000787,5183638,2005
4001035,5156311,5184007,2005
4001036,5117587,5144909,2005
4001037,5093299,5156321,2005
4001038,5142657,5144907,2005
4001039,5092255,5093243,2005
4001040,5079013,5109621,2005
4001041,5097303,5146115,2005
4001042,5077709,5080351,2005
4001043,4008484,5143618,2005
4001044,5117562,5127310,2005
4001045,5116018,5122097,2005
4001046,5127505,5216967,2005
4001047,5098745,5117571,2005
4001048,4000737,5116098,2005
4001049,5098577,5187956,2005
4001050,5092304,5092640,2005
4001051,5109705,5222604,2005
4001052,5109647,5144817,2005
4001053,5080327,5143525,2005
4001054,5117551,5122006,2005
4001055,5147106,5164242,2005
4001056,5156208,5216931,2005
4001057,4000791,5147409,2005
4001058,5222605,5222712,2005
4001059,5097762,5097763,2005
4001060,5108774,5108775,2005
4001061,4009275,5117909,2005
4001062,5110145,5142739,2005
4001063,5117133,5184933,2005
4001064,5222678,5222756,2005
4001065,4000753,5117267,2005
4001066,5132429,5145935,2005
4001067,5110385,5121331,2005
4001068,5121322,5144505,2005
4001069,5110369,5222675,2005
4001070,4009247,5132447,2005
4001071,5117218,5222777,2005
4001072,5132421,5143710,2005
4001073,5132425,5145956,2005
4001074,5132102,5143703,2005
4001075,5098966,5148037,2005
4001076,5079074,5097745,2005
4001077,5109915,5117014,2005
4001078,5110438,5144506,2005
4001079,5098971,5110365,2005
4001080,4000754,4000777,2005
4001081,5117283,5184916,2005
4001082,5116079,5156273,2005
4001083,5121338,5143715,2005
4001084,5097755,5145938,2005
4001085,5077576,5187926,2005
4001086,5097757,5156148,2005
4001087,5077580,5108862,2005
4001088,4009154,5117311,2005
4001089,4000755,5132453,2005
4001090,5143449,5145909,2005
4001091,5222673,5222757,2005
4001092,5143744,5146454,2005
4001093,5143421,5143426,2005
4001094,4000756,5146456,2005
4001095,4000793,5146231,2005
4001096,5187925,5222672,2005
4001097,5116076,5222671,2005
4001098,5155736,5183687,2005
4001099,4000779,5147782,2005
4001100,5077528,5147045,2005
4001101,5079355,5144441,2005
4001102,4009276,5202911,2005
4001103,4009258,5077799,2005
4001104,5109835,5222714,2005
4001106,5098127,5116846,2005
4001107,5132171,5143560,2005
4001108,5132822,5144081,2005
4001109,5122113,5222649,2005
4001110,5108539,5146126,2005
4001111,5148122,5216948,2005
4001112,5147737,5217739,2005
4001113,5145653,5222636,2005
4001114,4012427,5147105,2005
4001115,5147144,5148305,2005
4001116,5127822,5142960,2005
4001117,5216962,5222635,2005
4001118,5122019,5127823,2005
4001119,5132799,5142733,2005
4001120,5144435,5222646,2005
4001121,5109987,5216997,2005
4001122,4000775,5183241,2005
4001123,5142914,5217737,2005
4001125,5132914,5144721,2005
4001126,5145694,5146346,2005
4001127,5109114,5109829,2005
4001128,5146593,5216930,2005
4001129,5145224,5148249,2005
4001130,5098119,5121042,2005
4001131,5147250,5164237,2005
4001132,5097503,5098095,2005
4001133,5144696,5144698,2005
4001134,5132154,5148250,2005
4001135,5109982,5121029,2005
4001136,4000792,5222721,2005
4001137,5147245,5148162,2005
4001138,5156487,5164364,2005
4001139,5121027,5132222,2005
4001140,5109101,5109933,2005
4001141,5147351,5164236,2005
4001143,5142900,5142905,2005
4001144,5097403,5109108,2005
4001145,5156237,5184573,2005
4001146,4000770,5143952,2005
4001147,5098155,5122452,2005
4001148,5222609,5222722,2005
4001149,5222607,5222724,2005
4001150,5093146,5146088,2005
4001151,5122492,5144395,2005
4001152,5147076,5148132,2005
4001153,5092852,5187950,2005
4001154,5098123,5109192,2005
4001155,5110075,5148042,2005
4001156,5148134,5156228,2005
4001157,5148195,5148225,2005
4001158,5223072,5223073,2005
4001159,4000767,5109903,2005
4001160,5127594,5144956,2005
4001161,5098092,5146101,2005
4001162,5109753,5127103,2005
4001163,5109941,5116824,2005
4001164,5117630,5148043,2005
4001165,5202926,5223094,2005
4001166,5078248,5146557,2005
4001167,5116777,5132915,2005
4001168,5109902,5116415,2005
4001169,5144070,5144271,2005
4001170,5164363,5202903,2005
4001171,5144263,5144409,2005
4001172,5117636,5222734,2005
4001173,4003798,5098672,2005
4001174,5098245,5098626,2005
4001175,5127756,5183094,2005
4001176,4013054,5183224,2005
4001177,4000742,5183154,2005
4001178,5156483,5164373,2005
4001179,5132925,5144297,2005
4001180,5117629,5148246,2005
4001181,5127180,5144798,2005
4001182,5127042,5144150,2005
4001183,5148220,5156225,2005
4001184,4009252,5183176,2005
4001185,5164402,5183211,2005
4001186,5109615,5183128,2005
4001187,5222584,5222688,2005
4001188,5117685,5145142,2005
4001189,5127061,5127066,2005
4001190,5098765,5142943,2005
4001191,5098694,5144810,2005
4001192,5077740,5144492,2005
4001193,5072165,5132323,2005
4001194,5078314,5216958,2005
4001195,5072206,5121085,2005
4001196,4000769,5145186,2005
4001197,5127065,5127131,2005
4001198,5080015,5098209,2005
4001199,5156013,5222689,2005
4001200,5087809,5155988,2005
4001201,5098757,5109828,2005
4001202,5132952,5144296,2005
4001203,5127011,5217734,2005
4001204,5098229,5183122,2005
4001205,5117660,5127029,2005
4001206,5145151,5145195,2005
4001207,5148223,5148236,2005
4001208,5127763,5144174,2005
4001209,5222597,5222733,2005
4001210,5145171,5145175,2005
4001211,5144284,5147375,2005
4001212,5164431,5183229,2005
4001213,4000738,5164400,2005
4001214,5117663,5127031,2005
4001215,5132957,5144200,2005
4001217,5146592,5147996,2005
4001218,5093194,5144189,2005
4001219,4000739,5156250,2005
4001220,5097320,5117637,2005
4001221,5145143,5146376,2005
4001222,5098688,5117642,2005
4001223,5098695,5222742,2005
4001224,5098580,5098749,2005
4001225,5156323,5183643,2005
4001226,4000617,5148229,2005
4001227,5127053,5144285,2005
4001228,4000493,4000615,2005
4001229,5143014,5183142,2005
4001230,5078137,5122172,2005
4001232,5110024,5110356,2005
4001233,5093201,5143095,2005
4001234,5078061,5187917,2005
4001235,5078141,5184903,2005
4001236,5122076,5216936,2005
4001238,4000744,5117811,2005
4001239,5080190,5117175,2005
4001240,4000771,5143181,2005
4001241,5132618,5143172,2005
4001242,5110171,5143635,2005
4001243,5092866,5143016,2005
4001244,5122032,5122095,2005
4001245,5109366,5116924,2005
4001246,5145417,5155633,2005
4001247,5110013,5116643,2005
4001248,5127495,5127965,2005
4001249,4000745,5222613,2005
4001250,5109428,5109874,2005
4001251,5145928,5147019,2005
4001252,5098995,5109235,2005
4001253,5146130,5146154,2005
4001254,4000780,5132136,2005
4001255,5164273,5183675,2005
4001256,4000782,5142684,2005
4001257,5132233,5144182,2005
4001258,5132381,5143940,2005
4001259,5132067,5143745,2005
4001260,5087826,5097751,2005
4001261,5222668,5222760,2005
4001262,5132079,5183135,2005
4001263,5072803,5077510,2005
4001264,5117030,5216977,2005
4001265,5143791,5184932,2005
4001266,5146228,5146475,2005
4001267,5079076,5147020,2005
4001268,5155938,5156200,2005
4001269,5145886,5145903,2005
4001270,5155705,5222664,2005
4001271,5097216,5146997,2005
4001272,5132469,5132482,2005
4001273,5143446,5146466,2005
4001274,5072352,5145080,2005
4001275,5132456,5132459,2005
4001276,5108644,5202980,2005
4001277,5117225,5132341,2005
4001278,5117723,5216982,2005
4001279,5143158,5187954,2005
4001280,5146177,5146213,2005
4001281,5147092,5147124,2005
4001282,5132867,5132876,2005
4001283,5097588,5108642,2005
4001284,5145399,5216984,2005
4001285,5110180,5132857,2005
4001286,5093033,5116133,2005
4001287,5127538,5132847,2005
4001288,5143150,5148344,2005
4001289,5109259,5145610,2005
4001290,5222638,5222691,2005
4001291,5143970,5187984,2005
4001292,5093051,5116569,2005
4001293,5121457,5127810,2005
4001294,4000788,5132895,2005
4001295,5116589,5121465,2005
4001296,5145375,5145616,2005
4001297,5110131,5116506,2005
4001298,5116188,5147023,2005
4001299,4000581,5109191,2005
4001300,5108507,5143127,2005
4001301,5080154,5183117,2005
4001302,5146194,5147117,2005
4001303,4000758,5202930,2005
4001304,5078067,5147090,2005
4001305,5222640,5222693,2005
4001306,5072246,5187948,2005
4001307,4009283,5093052,2005
4001308,5144001,5144366,2005
4001309,5116252,5184947,2005
4001310,5148387,5148397,2005
4001311,5122381,5222585,2005
4001312,5116880,5127636,2005
4001314,5144641,5145343,2005
4001315,4012464,5145786,2005
4001316,5116222,5117960,2005
4001317,5116207,5116228,2005
4001318,5148382,5156064,2005
4001319,5097256,5110491,2005
4001320,5122304,5148069,2005
4001321,5144241,5146843,2005
4001322,5127454,5187970,2005
4001323,5144351,5145368,2005
4001324,5147860,5184011,2005
4001325,5072247,5117160,2005
4001326,5144345,5183050,2005
4001327,5142800,5144559,2005
4001328,5122296,5132254,2005
4001329,5092553,5097083,2005
4001330,5116032,5144664,2005
4001331,4000720,5110290,2005
4001332,5132217,5142856,2005
4001333,5183048,5183049,2005
4001334,5127829,5144341,2005
4001335,5097286,5117196,2005
4001336,5121009,5121156,2005
4001337,4003779,5097085,2005
4001338,4001548,5097093,2005
4001339,5079045,5142986,2005
4001340,5117200,5146051,2005
4001341,5127644,5144346,2005
4001342,5117984,5122284,2005
4001343,5116202,5117994,2005
4001344,4001487,5142796,2005
4001345,4000722,5144330,2005
4001346,5117942,5144314,2005
4001348,5142787,5144342,2005
4001349,4007607,5097951,2005
4001350,5156103,5164487,2005
4001351,5093373,5216905,2005
4001352,4002432,5109575,2005
4001353,4000729,5145712,2005
4001354,5097810,5121057,2005
4001355,4005103,5098272,2005
4001356,5127633,5132866,2005
4001357,5147545,5164478,2005
4001358,5098139,5142807,2005
4001359,5121160,5121213,2005
4001360,5098256,5109287,2005
4001361,5142871,5142880,2005
4001362,4003849,5098239,2005
4001363,5122344,5183024,2005
4001364,4000721,5117078,2005
4001365,5098718,5122234,2005
4001366,4039237,5217758,2005
4001367,4009243,5122267,2005
4001368,5072392,5116053,2005
4001369,5092737,5122254,2005
4001370,5110469,5142786,2005
4001371,5142882,5144316,2005
4001372,5147195,5155674,2005
4001373,5127860,5222699,2005
4001374,5147151,5155560,2005
4001375,5164090,5183283,2005
4001376,5121433,5143812,2005
4001377,5143201,5143251,2005
4001378,5143219,5187928,2005
4001379,5127866,5132767,2005
4001380,5109331,5183412,2005
4001381,4009285,5183287,2005
4001382,4000746,5097657,2005
4001383,5145493,5146721,2005
4001384,5110025,5183096,2005
4001385,5222618,5222703,2005
4001386,5127884,5222735,2005
4001387,5143245,5184929,2005
4001388,5143294,5146730,2005
4001389,4000747,5145503,2005
4001390,5117929,5117930,2005
4001391,5144851,5145497,2005
4001392,5109439,5109963,2005
4001393,5098457,5132768,2005
4001394,4001546,5122014,2005
4001395,5148484,5164117,2005
4001396,5143961,5147064,2005
4001397,5077998,5217743,2005
4001398,5098462,5143212,2005
4001399,5116959,5117895,2005
4001400,5132679,5146879,2005
4001401,4000500,4000551,2005
4001402,5072641,5202909,2005
4001403,4000552,5143087,2005
4001404,4000748,5109635,2005
4001405,4000795,5132818,2005
4001406,5122042,5143258,2005
4001407,5072665,5146121,2005
4001408,4000772,5132731,2005
4001409,5217796,5222621,2005
4001411,5122116,5132022,2005
4001412,5080160,5117395,2005
4001413,5127970,5144393,2005
4001414,4005443,5080212,2005
4001416,5092964,5122228,2005
4001417,5142650,5184924,2005
4001418,5072657,5148025,2005
4001419,5092903,5098495,2005
4001420,5080254,5217798,2005
4001421,5092897,5092919,2005
4001422,4009281,5184935,2005
4001423,5222626,5222736,2005
4001424,5222627,5222775,2005
4001425,4000784,5127924,2005
4001426,5109335,5132723,2005
4001427,5110029,5116686,2005
4001428,5222630,5222707,2005
4001429,5222631,5222776,2005
4001430,4000554,5183414,2005
4001431,5127937,5143586,2005
4001432,5110026,5145456,2005
4001433,5078204,5093154,2005
4001434,5132771,5145567,2005
4001435,5143276,5143341,2005
4001436,4009183,5164153,2005
4001437,5145590,5145597,2005
4001438,5145579,5155646,2005
4001439,5122041,5217748,2005
4001440,5147286,5164155,2005
4001441,5222634,5222739,2005
4001442,5080323,5127930,2005
4001443,5155608,5222632,2005
4001444,5108519,5109141,2005
4001445,5110039,5116691,2005
4001446,5109369,5183075,2005
4001447,5092898,5117859,2005
4001448,5098427,5143099,2005
4001449,5164118,5183337,2005
4001451,5108531,5147281,2005
4001452,5155781,5156344,2005
4001453,5098005,5116019,2005
4001454,5079454,5187960,2005
4001455,5132026,5144025,2005
4001456,5109588,5116231,2005
4001457,4009316,5222587,2005
4001458,5132191,5202971,2005
4001459,5122367,5216918,2005
4001460,5145799,5147595,2005
4001461,5146112,5146169,2005
4001462,5132190,5144304,2005
4001463,5110215,5116010,2005
4001464,5116274,5155885,2005
4001465,5097254,5110255,2005
4001466,5098338,5142872,2005
4001467,5148412,5183020,2005
4001468,5117435,5122355,2005
4001469,4000482,5164459,2005
4001470,5147526,5147602,2005
4001471,5116302,5132040,2005
4001472,5117431,5187955,2005
4001473,5098908,5110348,2005
4001474,5144008,5145765,2005
4001475,4005441,5222763,2005
4001476,5116190,5187921,2005
4001477,5117976,5147978,2005
4001478,5110276,5147994,2005
4001479,5144309,5144319,2005
4001480,5079290,5144599,2005
4001481,5098360,5098919,2005
4001482,5072249,5079297,2005
4001483,4000760,5117437,2005
4001484,4000726,5183917,2005
4001485,5147898,5222764,2005
4001605,5132324,5222744,2006
4001606,5117201,5222578,2006
4001607,4003115,5155996,2006
4001608,5132907,5216947,2006
4001609,5145118,5145138,2006
4001610,5132321,5144497,2006
4001611,5144842,5145137,2006
4001612,5132935,5144818,2006
4001613,5092609,5092697,2006
4001614,5097383,5144823,2006
4001615,5116440,5217722,2006
4001616,4008471,5144840,2006
4001617,5132910,5144165,2006
4001618,5080181,5146079,2006
4001619,5144143,5183092,2006
4001620,5145684,5202925,2006
4001621,5148185,5164378,2006
4001622,5155528,5183163,2006
4001623,5164240,5164366,2006
4001624,5148242,5164360,2006
4001625,5156325,5223091,2006
4001626,5142509,5148231,2006
4001627,5164390,5183199,2006
4001628,4001577,5127755,2006
4001629,5145121,5146558,2006
4001630,4009312,5127101,2006
4001631,5155969,5183209,2006
4001632,5109717,5216991,2006
4001633,5183181,5183195,2006
4001634,5072180,5072188,2006
4001635,5155546,5184266,2006
4001636,4009311,5184288,2006
4001637,4000789,5098705,2006
4001638,5146584,5147902,2006
4001639,5116755,5147038,2006
4001640,5078291,5093077,2006
4001641,5144152,5145182,2006
4001642,5072196,5144493,2006
4001643,4003125,5098098,2006
4001644,5144857,5156338,2006
4001645,5223077,5223089,2006
4001646,4000599,5223076,2006
4001647,4001510,4001571,2006
4001648,5098763,5144974,2006
4001649,5144792,5145150,2006
4001650,4009255,5145174,2006
4001651,4000741,5183596,2006
4001652,5144136,5144887,2006
4001653,5148192,5184273,2006
4001654,5092274,5127018,2006
4001655,4000740,5142927,2006
4001656,5223079,5223088,2006
4001657,5127846,5145162,2006
4001658,5109820,5217782,2006
4001659,5223080,5223087,2006
4001660,4001511,5098214,2006
4001661,5144275,5147381,2006
4001662,5121037,5142501,2006
4001663,5098238,5108790,2006
4001664,5080369,5132264,2006
4001665,4001512,4001592,2006
4001666,5092257,5132259,2006
4001667,4001600,5098696,2006
4001668,5144724,5144864,2006
4001669,5147905,5156332,2006
4001670,5098244,5222599,2006
4001671,5127417,5143509,2006
4001672,5097660,5109390,2006
4001673,5109387,5122215,2006
4001674,5110101,5132784,2006
4001675,5132787,5142740,2006
4001676,5078205,5108521,2006
4001677,5147689,5187670,2006
4001678,5078255,5109432,2006
4001679,4001589,5143270,2006
4001680,5109417,5116135,2006
4001681,4013074,5146673,2006
4001682,5143894,5148390,2006
4001683,5109990,5142920,2006
4001684,4000526,5145689,2006
4001685,5078014,5216998,2006
4001686,5156295,5184568,2006
4001687,5144405,5144961,2006
4001688,5222610,5222723,2006
4001689,5156477,5156498,2006
4001690,5132223,5148045,2006
4001691,5164245,5164362,2006
4001692,5144705,5145693,2006
4001693,4001569,5164046,2006
4001694,5078004,5156270,2006
4001695,5146699,5147247,2006
4001696,5142899,5144147,2006
4001697,5092138,5202951,2006
4001698,5127041,5144401,2006
4001699,5097524,5146703,2006
4001700,5148243,5156238,2006
4001701,5098101,5098840,2006
4001702,5109110,5144477,2006
4001703,5147257,5147746,2006
4001704,5122480,5146274,2006
4001705,5116336,5148064,2006
4001706,4001603,5144434,2006
4001707,5142525,5144727,2006
4001708,5108854,5187996,2006
4001709,4001518,5222774,2006
4001710,5183578,5184593,2006
4001711,5127925,5183158,2006
4001712,5132268,5217740,2006
4001713,5156482,5184049,2006
4001714,5110159,5132173,2006
4001715,5116760,5217731,2006
4001716,4000587,5116837,2006
4001717,4000512,5143623,2006
4001718,5097516,5184920,2006
4001719,5222650,5222743,2006
4001720,5116850,5183088,2006
4001721,5144446,5145387,2006
4001722,5132180,5143575,2006
4001723,5145649,5216995,2006
4001724,5116973,5127989,2006
4001725,5117404,5143638,2006
4001726,5116969,5127912,2006
4001727,5147314,5155653,2006
4001728,4000497,4000548,2006
4001729,5072689,5148436,2006
4001731,5146977,5216946,2006
4001732,5098482,5109348,2006
4001733,5098433,5143089,2006
4001734,5143951,5143955,2006
4001735,5098471,5217778,2006
4001736,5109877,5116964,2006
4001737,4000498,5132656,2006
4001738,5127867,5132664,2006
4001739,5143235,5145455,2006
4001740,5148495,5156433,2006
4001741,5098500,5146123,2006
4001742,4014183,5110116,2006
4001743,5145528,5147293,2006
4001744,5110120,5164093,2006
4001745,5078174,5093026,2006
4001746,4000499,4000550,2006
4001747,5122185,5143861,2006
4001748,5183150,5202938,2006
4001749,5122058,5147029,2006
4001750,5143860,5187947,2006
4001751,5078193,5143088,2006
4001752,4003123,5079177,2006
4001753,4000501,4000553,2006
4001754,5132013,5144444,2006
4001755,5132720,5132735,2006
4001756,5117880,5132018,2006
4001757,5217797,5222622,2006
4001758,5148351,5156268,2006
4001759,5098497,5184919,2006
4001760,5127928,5143850,2006
4001761,5145584,5147218,2006
4001762,5092934,5092967,2006
4001763,5110018,5116694,2006
4001764,5143315,5145562,2006
4001765,4001521,4001585,2006
4001766,4001522,5108516,2006
4001767,5108543,5117849,2006
4001768,5109150,5145589,2006
4001769,5132769,5146890,2006
4001770,5116849,5147050,2006
4001771,5132697,5145621,2006
4001772,4001524,4009287,2006
4001773,5072578,5092118,2006
4001774,5145561,5164059,2006
4001775,5108569,5222629,2006
4001776,4001586,5143256,2006
4001777,5110122,5222708,2006
4001778,5143188,5146739,2006
4001779,5127916,5145409,2006
4001780,5147024,5155551,2006
4001781,5143833,5217742,2006
4001782,5080310,5132287,2006
4001783,5122137,5127919,2006
4001784,4009185,5146909,2006
4001785,5116656,5187990,2006
4001786,5122111,5147214,2006
4001787,4001526,5110124,2006
4001788,5097480,5143053,2006
4001789,5122191,5143925,2006
4001790,5155607,5183264,2006
4001791,5155603,5155640,2006
4001792,4000509,5098403,2006
4001793,5145636,5148049,2006
4001794,5122483,5132345,2006
4001795,5142978,5146656,2006
4001796,5148111,5183255,2006
4001797,5132812,5143085,2006
4001798,4000586,5144729,2006
4001799,5147154,5222709,2006
4001800,5142980,5148309,2006
4001801,4000585,5156348,2006
4001802,5109163,5142965,2006
4001803,5109147,5109155,2006
4001804,5127955,5187952,2006
4001805,5132802,5145760,2006
4001806,5109856,5147212,2006
4001807,5127347,5144206,2006
4001808,5092618,5144212,2006
4001809,5079436,5202927,2006
4001810,5156339,5183909,2006
4001811,5142709,5142712,2006
4001812,5097378,5146132,2006
4001813,5098628,5109603,2006
4001814,5142688,5145048,2006
4001815,5132571,5144240,2006
4001816,5116329,5122037,2006
4001817,5077923,5127341,2006
4001818,5127466,5143349,2006
4001819,5122346,5142691,2006
4001820,5098853,5148059,2006
4001821,5098061,5132577,2006
4001822,5117474,5146008,2006
4001823,4000487,4009297,2006
4001824,4001578,5183903,2006
4001825,5146421,5147645,2006
4001826,5148251,5148280,2006
4001827,5148261,5148281,2006
4001828,5156363,5183440,2006
4001829,5147648,5164312,2006
4001830,4013058,5132310,2006
4001831,5116260,5145060,2006
4001832,5183045,5216907,2006
4001833,5183430,5183439,2006
4001834,4001564,5184213,2006
4001835,4001514,5147894,2006
4001836,4001593,5156030,2006
4001837,5147139,5155841,2006
4001838,5147638,5147669,2006
4001839,5110253,5144337,2006
4001840,5077622,5098831,2006
4001841,5132544,5144593,2006
4001842,5132551,5132555,2006
4001843,5110484,5145078,2006
4001844,5144605,5217775,2006
4001845,5132550,5132558,2006
4001847,5187918,5216915,2006
4001848,5144589,5187978,2006
4001849,4009264,5146041,2006
4001850,5122354,5132192,2006
4001851,4004549,5142754,2006
4001852,5098291,5132573,2006
4001853,4001558,5098918,2006
4001854,4008480,5147876,2006
4001855,5072450,5121209,2006
4001856,5097046,5098303,2006
4001857,5184976,5187186,2006
4001858,5148422,5156008,2006
4001859,5144002,5222589,2006
4001860,5079308,5183054,2006
4001861,5144598,5148000,2006
4001862,4000481,5223097,2006
4001863,5147990,5217791,2006
4001864,4001495,5184889,2006
4001865,4001560,5183914,2006
4001866,4001501,5147985,2006
4001867,5144003,5144338,2006
4001868,5144582,5217774,2006
4001869,4000759,5164227,2006
4001870,5108588,5184911,2006
4001871,5187966,5216954,2006
4001872,5109193,5116557,2006
4001873,5145083,5145759,2006
4001874,5117716,5127782,2006
4001875,4001527,5143997,2006
4001876,4000578,5121497,2006
4001877,5080329,5222690,2006
4001878,5072677,5184912,2006
4001879,5132859,5132878,2006
4001880,5147084,5217780,2006
4001881,4000579,5072745,2006
4001882,5097591,5184913,2006
4001883,5116574,5116826,2006
4001884,4000757,5148339,2006
4001885,5143943,5222641,2006
4001886,5109490,5148054,2006
4001887,5222643,5222695,2006
4001888,5148335,5155507,2006
4001889,5116600,5117732,2006
4001890,5110150,5117730,2006
4001891,5078064,5080168,2006
4001892,5080159,5146208,2006
4001893,5121493,5156290,2006
4001894,5143967,5145428,2006
4001895,5121479,5121495,2006
4001896,5183104,5217765,2006
4001897,5143111,5145390,2006
4001898,5072772,5108623,2006
4001899,5110189,5127789,2006
4001900,5132860,5216949,2006
4001901,5121490,5132344,2006
4001902,5164172,5164210,2006
4001903,5147113,5148334,2006
4001904,5080174,5132343,2006
4001905,5072736,5143047,2006
4001906,5127812,5132842,2006
4001907,5143123,5146191,2006
4001908,5122015,5127817,2006
4001910,5147575,5147771,2006
4001911,4001580,4013665,2006
4001912,4001602,5183653,2006
4001913,4000576,5122408,2006
4001914,5146139,5222755,2006
4001915,5117253,5216922,2006
4001916,5143440,5145878,2006
4001917,4001601,5164277,2006
4001918,5132080,5132143,2006
4001919,4000575,4000612,2006
4001920,5132460,5143751,2006
4001921,5146237,5147761,2006
4001922,4000542,4000572,2006
4001923,5121255,5184915,2006
4001924,5121290,5132087,2006
4001925,5143420,5143437,2006
4001926,5147785,5147837,2006
4001927,4007636,5121348,2006
4001928,5132077,5222758,2006
4001929,5117029,5145932,2006
4001930,5079069,5184040,2006
4001931,5072832,5110420,2006
4001932,5092633,5117344,2006
4001933,5146436,5147781,2006
4001934,5098993,5098999,2006
4001935,4001554,5132454,2006
4001936,5156278,5202944,2006
4001937,4001555,5184735,2006
4001938,5222670,5222751,2006
4001939,5132144,5143778,2006
4001941,5121310,5127668,2006
4001942,5143709,5217770,2006
4001943,5098953,5110429,2006
4001944,5098987,5146148,2006
4001945,5127897,5187944,2006
4001946,5146478,5222749,2006
4001947,5098998,5117266,2006
4001948,5117011,5146144,2006
4001949,4001556,4001596,2006
4001950,5132440,5187937,2006
4001951,4001584,5117003,2006
4001952,4000539,4001583,2006
4001953,5108842,5146150,2006
4001954,5121284,5216942,2006
4001955,5147765,5184701,2006
4001956,4011322,5117334,2006
4001957,5183025,5183830,2006
4001958,5147564,5156118,2006
4001959,5098938,5132212,2006
4001960,5132518,5143691,2006
4001961,4000533,5121383,2006
4001962,4001517,4001604,2006
4001963,5132534,5143378,2006
4001964,4001572,5187269,2006
4001965,4001573,5148440,2006
4001966,5144389,5146025,2006
4001967,5072807,5116074,2006
4001968,5222593,5222680,2006
4001969,5098719,5132374,2006
4001970,5093425,5098869,2006
4001971,5116092,5117296,2006
4001972,5098366,5098378,2006
4001973,5144569,5146849,2006
4001974,4009266,5145798,2006
4001975,5146835,5217000,2006
4001976,5121405,5222778,2006
4001977,5054555,5127555,2006
4001978,5121421,5143063,2006
4001979,5097171,5184908,2006
4001980,4009268,5079285,2006
4001981,5098854,5098872,2006
4001982,5078356,5146059,2006
4001983,5147288,5148365,2006
4001984,4000480,4000560,2006
4001985,5147504,5147830,2006
4001986,5098862,5110319,2006
4001987,5072773,5110002,2006
4001988,5092878,5109868,2006
4001989,5072798,5108798,2006
4001990,5072300,5148020,2006
4001991,5108576,5143029,2006
4001992,5122157,5183145,2006
4001993,5183277,5184346,2006
4001994,5132738,5187988,2006
4001995,5143269,5147200,2006
4001996,5108567,5155657,2006
4001997,5143169,5143645,2006
4001998,5143921,5143956,2006
4001999,5143285,5143856,2006
4002000,4001588,5143911,2006
4002001,5145283,5148421,2006
4002002,5144998,5145622,2006
4002003,5072295,5121186,2006
4002004,5147362,5155957,2006
4002005,5156488,5183451,2006
4002006,5184174,5187379,2006
4002007,5109699,5117456,2006
4002008,5108660,5127257,2006
4002009,5092631,5097412,2006
4002010,5116413,5117502,2006
4002011,5155793,5222660,2006
4002012,5142541,5156372,2006
4002013,5127727,5147679,2006
4002014,5156370,5164356,2006
4002015,5116351,5127247,2006
4002016,5117494,5143900,2006
4002017,5144757,5187920,2006
4002018,5132339,5145282,2006
4002019,5127245,5156285,2006
4002020,5156416,5184137,2006
4002021,5183554,5184179,2006
4002022,4000730,4000783,2006
4002023,5183871,5223065,2006
4002024,5147706,5164434,2006
4002025,4000562,5147731,2006
4002026,5144953,5146279,2006
4002027,4001498,5142946,2006
4002028,5108672,5146331,2006
4002029,5127375,5144144,2006
4002030,5127045,5127210,2006
4002031,5116366,5116788,2006
4002032,5117657,5156389,2006
4002033,4008607,5144948,2006
4002034,5183487,5184182,2006
4002035,5145299,5146321,2006
4002036,5116410,5142817,2006
4002037,4001562,4001590,2006
4002038,4001500,5187374,2006
4002040,5147497,5148460,2006
4002041,5142613,5155945,2006
4002042,5116411,5116716,2006
4002043,5142603,5156436,2006
4002044,5109765,5109775,2006
4002045,5078290,5222568,2006
4002046,5183867,5217733,2006
4002047,5109766,5187969,2006
4002048,5127186,5183519,2006
4002049,5098221,5108722,2006
4002050,5127226,5147487,2006
4002051,5148431,5148450,2006
4002052,4000537,4009265,2006
4002053,5110339,5146103,2006
4002054,4001515,5147585,2006
4002055,5132510,5143681,2006
4002056,5121365,5132094,2006
4002057,5098298,5143664,2006
4002058,4001516,5146102,2006
4002059,5127950,5132071,2006
4002060,5147573,5147784,2006
4002061,5117081,5117358,2006
4002062,5072493,5146099,2006
4002063,4000531,4000598,2006
4002064,5127609,5146507,2006
4002065,5098898,5143453,2006
4002066,5143409,5155692,2006
4002067,5142785,5145732,2006
4002068,5117056,5122264,2006
4002069,5147546,5147890,2006
4002070,4011320,5116908,2006
4002071,4001508,5144387,2006
4002072,5145834,5147515,2006
4002073,5098860,5098867,2006
4002074,5144458,5144547,2006
4002075,5092871,5132346,2006
4002076,5143329,5145405,2006
4002077,5127851,5223100,2006
4002078,5122046,5156267,2006
4002079,5092939,5098454,2006
4002081,5072597,5183148,2006
4002082,5122109,5143231,2006
4002083,5080163,5145448,2006
4002084,5109863,5127500,2006
4002085,5155622,5222612,2006
4002086,5098468,5143193,2006
4002087,5127865,5127945,2006
4002088,5143631,5183298,2006
4002089,5132747,5217741,2006
4002090,5078437,5097955,2006
4002091,5116610,5117869,2006
4002092,5143649,5183279,2006
4002102,5092334,5202937,2006
4002103,5116685,5122059,2006
4002104,5132598,5146727,2006
4002106,4008616,5132647,2006
4002107,5184246,5187913,2006
4002108,5144614,5145766,2006
4002109,4007622,5077883,2006
4002110,4009797,5109544,2006
4002111,4004561,5109545,2006
4002112,5146752,5164247,2006
4002113,5183775,5183823,2006
4002114,5147516,5148189,2006
4002115,4001565,5164488,2006
4002116,5147507,5148322,2006
4002117,5117955,5132844,2006
4002118,5109295,5144622,2006
4002119,5132366,5184218,2006
4002120,5121004,5122383,2006
4002121,5098054,5117985,2006
4002122,4000556,5144362,2006
4002123,5116243,5121406,2006
4002124,5072387,5146054,2006
4002125,4001492,4003794,2006
4002126,5092563,5116013,2006
4002127,4005416,5146833,2006
4002128,5117998,5148076,2006
4002129,4009289,5122307,2006
4002130,5142760,5143674,2006
4002131,5184640,5184679,2006
4002132,5155824,5216902,2006
4002133,5109519,5109598,2006
4002134,5127654,5144604,2006
4002136,4001575,5184834,2006
4002137,5146491,5147853,2006
4002138,4001486,5145991,2006
4002139,5116150,5122286,2006
4002140,5109292,5144628,2006
4002141,5109502,5184780,2006
4002142,4003777,5144044,2006
4002143,5144665,5146767,2006
4002144,5079234,5097831,2006
4002145,5092552,5117194,2006
4002146,5147952,5222543,2006
4002147,4001566,5147871,2006
4002148,5108959,5142779,2006
4002149,5121434,5145730,2006
4002150,5148360,5155848,2006
4002151,5097078,5187976,2006
4002152,5147739,5147891,2006
4002153,5097277,5117094,2006
4002154,4004538,5116011,2006
4002155,4004542,5146806,2006
4002156,5147969,5183010,2006
4002157,4001519,5109223,2006
4002158,5117161,5117371,2006
4002159,4003026,5183015,2006
4002160,5127479,5127671,2006
4002161,5155851,5156100,2006
4002162,5143352,5222545,2006
4002163,5184692,5184820,2006
4002164,4001490,5147984,2006
4002165,5077863,5097988,2006
4002166,5146846,5148401,2006
4002167,5109000,5184987,2006
4002168,4001493,5187883,2006
4002169,5109222,5116158,2006
4002170,4007051,5109250,2006
4002171,5117191,5184945,2006
4002172,5079181,5092829,2006
4002173,5077858,5127614,2006
4002174,5092739,5116030,2006
4002175,4001496,5155871,2006
4002176,4009241,4009244,2006
4002177,5127615,5144331,2006
4002178,5116152,5142862,2006
4002179,4000595,5183011,2006
4002180,4003034,4011898,2006
4002181,5127610,5142886,2006
4002182,5092135,5117151,2006
4002183,5117154,5121197,2006
4002184,5116174,5117938,2006
4002185,4013052,5144692,2006
4002186,4011887,5142799,2006
4002187,5098257,5217753,2006
4002188,5093374,5108972,2006
4002189,5108709,5147005,2006
4002201,4000594,5092814,2006
4002202,5097143,5132334,2006
4002203,5147483,5156466,2006
4002204,5144074,5222573,2006
4002205,5132330,5145317,2006
4002206,5146329,5146559,2006
4002207,5127021,5156256,2006
4002208,5142630,5144947,2006
4002209,5116418,5143532,2006
4002210,4001504,5187083,2006
4002211,5142667,5144098,2006
4002212,5142611,5145306,2006
4002213,4001503,4001563,2006
4002214,4000568,4001502,2006
4002215,5127239,5127365,2006
4002216,5127137,5156440,2006
4002217,5127374,5146086,2006
4002218,4000567,5223068,2006
4002219,5142586,5145314,2006
4002220,5079415,5143083,2006
4002221,5144965,5147707,2006
4002222,5144976,5146315,2006
4002223,5108697,5222563,2006
4002224,5142574,5143882,2006
4002225,5098784,5109780,2006
4002226,5108693,5116375,2006
4002227,5116376,5148048,2006
4002228,5144153,5183481,2006
4002229,5077682,5079425,2006
4002230,5077821,5121228,2006
4002231,5109044,5144979,2006
4002232,4003103,5183073,2006
4002233,5222564,5222656,2006
4002234,4000731,5147719,2006
4002235,5122423,5143620,2006
4002236,5145110,5146326,2006
4002237,4001591,5155644,2006
4002238,5117231,5202946,2006
4002239,5116732,5117561,2006
4002240,5116723,5142729,2006
4002241,5147422,5155519,2006
4002242,4001568,5147378,2006
4002243,5121223,5183127,2006
4002244,4000516,5147291,2006
4002245,4039229,5216980,2006
4002246,5148497,5222713,2006
4002247,5072293,5127424,2006
4002248,5155530,5155761,2006
4002249,5183859,5183862,2006
4002250,5143535,5144088,2006
4002251,5127409,5202921,2006
4002252,5079315,5202920,2006
4002253,5142670,5143613,2006
4002254,5116089,5222771,2006
4002255,4001507,5202530,2006
4002256,5222602,5223085,2006
4002257,4000522,5223084,2006
4002258,5147437,5147929,2006
4002259,4009246,5146384,2006
4002260,4001506,5146581,2006
4002261,5142644,5145243,2006
4002262,4000518,5223083,2006
4002263,5142666,5143548,2006
4002264,5143542,5222601,2006
4002265,5117593,5122438,2006
4002266,5127394,5155753,2006
4002267,4000521,5148015,2006
4002268,5145254,5145268,2006
4002269,4000519,4000607,2006
4002270,5097768,5156291,2006
4002271,4000520,5097134,2006
4002272,5146334,5147479,2006
4002273,5145267,5146299,2006
4002274,5098530,5108727,2006
4002275,5145079,5222770,2006
4002276,5127406,5144455,2006
4002277,5117598,5127166,2006
4002278,4009171,5098570,2006
4002279,5110402,5144485,2006
4002280,5132141,5132439,2006
4002281,5072844,5110375,2006
4002282,5117115,5146449,2006
4002283,4001581,5121256,2006
4002284,5117261,5132124,2006
4002285,5079102,5097750,2006
4002286,5121312,5143714,2006
4002287,5079096,5132103,2006
4002288,5132446,5144515,2006
4002289,5117106,5132420,2006
4002290,5121273,5144520,2006
4002291,5132120,5132445,2006
4002292,5132101,5143699,2006
4002293,5079146,5155726,2006
4002294,5183686,5183728,2006
4002295,5108892,5217002,2006
4002296,5146223,5146439,2006
4002297,4001552,5184755,2006
4002298,5148036,5216909,2006
4002299,5121343,5132426,2006
4002300,5132449,5146226,2006
4002416,5079454,5187960,2007
4002417,5145064,5202282,2007
4002418,5187451,5187786,2007
4002419,4001531,5184791,2007
4002420,5093230,5147641,2007
4002435,4002345,5127686,2007
4002436,5097300,5116180,2007
4002437,5183057,5222727,2007
4002438,5146046,5147630,2007
4002439,5222551,5222765,2007
4002440,5147636,5183828,2007
4002441,5147865,5155974,2007
4002442,5183422,5223082,2007
4002443,5110223,5122325,2007
4002444,4001530,5184038,2007
4002445,5098648,5110221,2007
4002446,5222553,5222729,2007
4002447,5127460,5127687,2007
4002448,4000763,5164305,2007
4002449,5116308,5156280,2007
4002450,5187293,5187824,2007
4002451,5127456,5132200,2007
4002452,4001528,4003783,2007
4002453,5144006,5144226,2007
4002454,5127697,5142699,2007
4002455,5132395,5145050,2007
4002456,5148060,5222767,2007
4002457,5146021,5146023,2007
4002458,5142686,5144135,2007
4002459,5144132,5184931,2007
4002460,5122334,5146012,2007
4002461,5142681,5147032,2007
4002462,5116285,5132311,2007
4002463,5098637,5216908,2007
4002464,5093298,5122328,2007
4002465,5144219,5144260,2007
4002466,4002429,5222554,2007
4002467,5142695,5144216,2007
4002468,5183419,5184247,2007
4002469,5116286,5117476,2007
4002470,5097108,5097214,2007
4002471,5092655,5109612,2007
4002472,5116338,5132165,2007
4002473,5147521,5223063,2007
4002474,5077825,5078343,2007
4002475,5127471,5183462,2007
4002476,4000743,5183469,2007
4002477,5097102,5116432,2007
4002478,5146265,5147364,2007
4002479,5127710,5183458,2007
4002480,4001497,4002415,2007
4002481,4002403,5155976,2007
4002482,5156396,5183542,2007
4002483,4002344,5122409,2007
4002484,5092106,5109043,2007
4002485,5116345,5116408,2007
4002486,5116480,5147004,2007
4002487,5222556,5222684,2007
4002488,5109670,5144771,2007
4002489,5222558,5222685,2007
4002490,5109491,5184994,2007
4002491,5222559,5222647,2007
4002492,5108655,5127268,2007
4002493,5142536,5184171,2007
4002495,5108648,5127073,2007
4002496,4013668,5144218,2007
4002497,5097213,5127232,2007
4002498,5222566,5222657,2007
4002499,5144949,5147725,2007
4002500,5144775,5147732,2007
4002501,4001545,5183474,2007
4002506,5109938,5127592,2007
4002507,5184312,5187389,2007
4002508,5184287,5187105,2007
4002509,5183464,5187141,2007
4002510,5156460,5187104,2007
4002511,5187004,5187122,2007
4002512,4002194,5184102,2007
4002513,5145003,5202916,2007
4002514,5142572,5187968,2007
4002515,5108675,5116353,2007
4002516,5108702,5127163,2007
4002517,5144700,5144926,2007
4002518,4002301,5222574,2007
4002519,5098597,5109750,2007
4002520,5142556,5142596,2007
4002521,5097141,5187941,2007
4002522,5142585,5216938,2007
4002523,4000765,5147491,2007
4002524,5147498,5155775,2007
4002525,5077917,5121065,2007
4002526,5079388,5097229,2007
4002527,5079413,5108677,2007
4002528,5072079,5183146,2007
4002529,4002340,5109697,2007
4002530,5117599,5222569,2007
4002531,5097219,5109779,2007
4002532,5144064,5145233,2007
4002533,5142942,5216940,2007
4002534,4000735,5072080,2007
4002535,4002414,5155760,2007
4002536,4003827,5222652,2007
4002537,5127194,5147036,2007
4002538,5156258,5222570,2007
4002539,5187090,5187170,2007
4002540,5142562,5143888,2007
4002541,5142563,5145001,2007
4002542,5187145,5202478,2007
4002543,5097116,5116409,2007
4002544,5156409,5184141,2007
4002545,4002197,5108666,2007
4002546,5116404,5183147,2007
4002547,5164325,5187169,2007
4002548,5146259,5146273,2007
4002549,5097399,5148234,2007
4002550,5147106,5164242,2007
4002551,5097764,5098519,2007
4002552,4009275,5117909,2007
4002553,5110145,5142739,2007
4002554,5146895,5148129,2007
4002555,5117551,5122006,2007
4002556,4002401,5147413,2007
4002557,5080327,5143525,2007
4002558,5147169,5147222,2007
4002559,4000766,4002312,2007
4002560,5072282,5116708,2007
4002561,4003804,5156206,2007
4002562,5098745,5117571,2007
4002563,5117562,5127310,2007
4002564,4008484,5143618,2007
4002565,5077709,5080351,2007
4002566,5097303,5146115,2007
4002567,5079013,5109621,2007
4002568,5143906,5146061,2007
4002569,5092255,5093243,2007
4002570,4000517,4002405,2007
4002571,5098587,5108743,2007
4002572,5097306,5127380,2007
4002573,5127284,5144883,2007
4002574,5109718,5116786,2007
4002575,4013049,5147459,2007
4002576,5127410,5144454,2007
4002577,5109731,5156310,2007
4002578,5156222,5156309,2007
4002579,5144910,5144920,2007
4002580,5142657,5144907,2007
4002581,4003797,5093299,2007
4002582,5156311,5184007,2007
4002583,5117587,5144909,2007
4002585,5132993,5142526,2007
4002586,5127847,5183528,2007
4002587,4001513,5156303,2007
4002588,5183594,5183629,2007
4002589,5127053,5144285,2007
4002590,5097978,5202923,2007
4002591,5145171,5145175,2007
4002593,5093427,5217771,2007
4002594,5132952,5144296,2007
4002595,5222594,5222595,2007
4002596,5098229,5183122,2007
4002597,5146342,5147379,2007
4002598,5145151,5145195,2007
4002599,5097377,5148017,2007
4002600,5145143,5146376,2007
4002601,4000739,5156250,2007
4002602,5093194,5144189,2007
4002603,5142506,5156335,2007
4002604,4000617,5148229,2007
4002605,5156323,5183643,2007
4002606,5122035,5144904,2007
4002607,5098580,5098749,2007
4002608,5072206,5121085,2007
4002609,5072165,5132323,2007
4002610,5132943,5184577,2007
4002611,5092660,5109934,2007
4002612,4000769,5145186,2007
4002613,5127065,5127131,2007
4002614,5098709,5098744,2007
4002615,5117685,5145142,2007
4002617,4002413,5109925,2007
4002619,4009252,5183176,2007
4002620,5109615,5183128,2007
4002621,5117622,5222583,2007
4002622,5148220,5156225,2007
4002623,5127042,5144150,2007
4002624,5117668,5142961,2007
4002625,5223074,5223092,2007
4002626,4001509,5222582,2007
4002627,5117629,5148246,2007
4002628,5117616,5147930,2007
4002629,5148453,5184996,2007
4002630,4002320,5144799,2007
4002631,4003798,5098672,2007
4002632,5098245,5098626,2007
4002633,5078246,5079475,2007
4002634,5072074,5092321,2007
4002635,5144263,5144409,2007
4002636,5127756,5183094,2007
4002637,4002318,5142910,2007
4002638,4000742,5183154,2007
4002639,5144251,5156331,2007
4002640,5144070,5144271,2007
4002641,5109902,5116415,2007
4002642,5164363,5202903,2007
4002643,5116777,5132915,2007
4002644,5098232,5223093,2007
4002645,4001570,5098158,2007
4002646,5109753,5127103,2007
4002647,4009277,5145638,2007
4002648,5127594,5144956,2007
4002649,5132928,5145558,2007
4002650,4000767,5109903,2007
4002651,4002316,5223072,2007
4002652,5132913,5144255,2007
4002653,5147351,5164236,2007
4002654,4000770,5143952,2007
4002655,5156489,5184582,2007
4002656,5097403,5109108,2007
4002657,5156237,5184573,2007
4002658,5147245,5148162,2007
4002659,5121027,5132222,2007
4002660,5109101,5109933,2007
4002661,5109987,5216997,2007
4002662,5109982,5121029,2007
4002663,4000792,5222721,2007
4002664,5147250,5164237,2007
4002665,5097503,5098095,2007
4002666,4000527,5187352,2007
4002667,4002309,5183241,2007
4002668,5142914,5217737,2007
4002669,5132914,5144721,2007
4002670,5144723,5145665,2007
4002671,5145694,5146346,2007
4002672,5109114,5109829,2007
4002673,5098119,5121042,2007
4002674,5079355,5144441,2007
4002675,4009276,5202911,2007
4002676,5144435,5222646,2007
4002677,4009258,5077799,2007
4002678,5097088,5164217,2007
4002679,5098127,5116846,2007
4002680,5132822,5144081,2007
4002681,5108539,5146126,2007
4002682,5078040,5146670,2007
4002683,5110075,5148042,2007
4002684,5145659,5216899,2007
4002685,5145653,5222636,2007
4002686,5155597,5184328,2007
4002687,5184622,5184627,2007
4002688,5132834,5143552,2007
4002689,4009283,5093052,2007
4002690,5108644,5202980,2007
4002691,5072246,5187948,2007
4002692,5078067,5147090,2007
4002693,5146887,5147125,2007
4002694,5080154,5183117,2007
4002695,5146073,5222692,2007
4002696,5116188,5147023,2007
4002697,5187570,5187591,2007
4002698,5183897,5184667,2007
4002699,5109259,5145610,2007
4002700,5093051,5116569,2007
4002701,5110180,5132857,2007
4002702,5148340,5184557,2007
4002703,5093033,5116133,2007
4002704,4002430,5127780,2007
4002705,4002427,5143977,2007
4002706,5132867,5132876,2007
4002707,5222638,5222691,2007
4002708,5143991,5145601,2007
4002709,4006751,5222642,2007
4002710,5146177,5146213,2007
4002711,5117929,5117930,2007
4002712,5144851,5145497,2007
4002713,5183322,5183832,2007
4002714,5109439,5109963,2007
4002715,5098457,5132768,2007
4002716,4001546,5122014,2007
4002717,5183257,5184439,2007
4002718,4002378,5164030,2007
4002719,5108579,5108583,2007
4002720,5183341,5187724,2007
4002721,4002094,5183372,2007
4002722,5183329,5202770,2007
4002723,5184249,5187614,2007
4002724,4005443,5080212,2007
4002725,5078231,5217006,2007
4002726,5109383,5116967,2007
4002727,5142650,5184924,2007
4002728,4002431,5127970,2007
4002729,5144376,5144392,2007
4002730,5144043,5147519,2007
4002731,4002338,5148359,2007
4002732,5116858,5147063,2007
4002733,5127345,5183818,2007
4002734,5127553,5147295,2007
4002735,5121452,5127446,2007
4002736,5156091,5183810,2007
4002737,5116099,5116862,2007
4002738,5144354,5147509,2007
4002739,4000723,5132369,2007
4002740,5116871,5127340,2007
4002741,5132390,5183826,2007
4002742,5222576,5222674,2007
4002743,5077866,5222549,2007
4002744,5097178,5143035,2007
4002745,5121436,5127575,2007
4002746,5146166,5155992,2007
4002747,4001539,NA,2007
4002748,5098871,5142836,2007
4002749,5132209,5132364,2007
4002750,5117053,5145800,2007
4002751,5183820,5187831,2007
4002752,5147860,5184011,2007
4002753,4001547,5116217,2007
4002754,5116222,5117960,2007
4002755,4012464,5145786,2007
4002756,4001494,5097946,2007
4002757,4004540,5148007,2007
4002758,5145750,5156003,2007
4002759,5144641,5145343,2007
4002760,5116880,5127636,2007
4002761,5092526,5109038,2007
4002762,5156103,5164487,2007
4002763,5142787,5144342,2007
4002764,5117351,5117948,2007
4002765,5127633,5132866,2007
4002766,5098139,5142807,2007
4002767,5144660,5187974,2007
4002768,5127554,5183709,2007
4002769,4001548,5097093,2007
4002770,4003779,5097085,2007
4002771,5079045,5142986,2007
4002772,5127644,5144346,2007
4002773,5108979,5127638,2007
4002774,5122292,5142834,2007
4002775,4003778,5117239,2007
4002776,4000558,5121072,2007
4002777,5184824,5187841,2007
4002778,5145849,5146022,2007
4002779,5092553,5097083,2007
4002780,5127829,5144341,2007
4002781,5127579,5144380,2007
4002782,5132217,5142856,2007
4002783,5121008,5164498,2007
4002784,5144345,5183050,2007
4002785,5122296,5132254,2007
4002786,5146515,5148367,2007
4002787,5144601,5156043,2007
4002788,4011325,5144850,2007
4002789,5116252,5184947,2007
4002790,4005108,5121015,2007
4002791,5144001,5144366,2007
4002793,5145790,5146841,2007
4002794,5079222,5098884,2007
4002795,5148202,5183953,2007
4002796,5121073,5127507,2007
4002797,5092564,5183110,2007
4002798,5121393,5127630,2007
4002799,5132504,5156109,2007
4002800,5093292,5097488,2007
4002801,5117407,5121462,2007
4002802,4001540,5184967,2007
4002803,5116899,5117415,2007
4002804,5187228,5202308,2007
4002805,4000751,5110318,2007
4002806,5121449,5217793,2007
4002807,5222618,5222703,2007
4002808,4001520,5222620,2007
4002809,5109339,5147015,2007
4002810,5143245,5184929,2007
4002811,5143961,5147064,2007
4002812,4002096,5164001,2007
4002813,5116959,5117895,2007
4002814,5116550,5116938,2007
4002815,5072342,5156288,2007
4002816,5132679,5146879,2007
4002817,4002095,5143859,2007
4002818,4000795,5132818,2007
4002819,4000772,5132731,2007
4002820,5072657,5148025,2007
4002821,5092897,5092919,2007
4002822,4002411,5116943,2007
4002823,5217800,5222623,2007
4002824,5148051,5184446,2007
4002825,5122116,5132022,2007
4002826,5109335,5132723,2007
4002827,5202780,5202820,2007
4002828,5132009,5132755,2007
4002829,5184466,5187646,2007
4002830,5108519,5109141,2007
4002831,5145579,5155646,2007
4002832,5110029,5116686,2007
4002833,5127975,5183396,2007
4002834,4002379,5132771,2007
4002835,5146906,5147294,2007
4002836,4009183,5164153,2007
4002837,5222634,5222739,2007
4002838,5108949,5109879,2007
4002839,5097491,5147326,2007
4002840,5109369,5183075,2007
4002841,5132611,5145085,2007
4002842,5098462,5143212,2007
4002843,5164035,5187654,2007
4002844,5145493,5146721,2007
4002845,5109331,5183412,2007
4002846,5143911,5148030,2007
4002847,5147195,5155674,2007
4002848,5127967,5164017,2007
4002849,5109321,5132649,2007
4002850,5127495,5127965,2007
4002851,4002097,5147185,2007
4002852,5145431,5183272,2007
4002853,5164007,5164040,2007
4002854,5147189,5148479,2007
4002855,4002357,5117830,2007
4002856,5122032,5122095,2007
4002857,4000771,5143181,2007
4002858,5132618,5143172,2007
4002859,5080190,5117175,2007
4002860,5092866,5143016,2007
4002861,5183797,5187428,2007
4002862,5143014,5183142,2007
4002863,5078061,5187917,2007
4002864,4000613,5077962,2007
4002865,5078137,5122172,2007
4002866,5110024,5110356,2007
4002867,5187427,5187435,2007
4002868,4000744,4002098,2007
4002869,5092868,5117847,2007
4002870,5122076,5216936,2007
4002871,5109366,5116924,2007
4002872,5145417,5155633,2007
4002873,5132746,5217777,2007
4002874,5116658,5116937,2007
4002875,5078204,5093154,2007
4002876,5110026,5145456,2007
4002877,4000505,5222706,2007
4002878,4001523,4001598,2007
4002879,4000503,4002412,2007
4002880,5143276,5143341,2007
4002881,4001541,5144304,2007
4002882,5109588,5116231,2007
4002883,4001543,5184909,2007
4002884,5098908,5110348,2007
4002885,4005441,5222763,2007
4002886,5117976,5147978,2007
4002887,4009262,5184216,2007
4002888,4001542,5148403,2007
4002889,5116302,5132040,2007
4002890,5144015,5183930,2007
4002891,5147526,5147602,2007
4002892,5117435,5122355,2007
4002893,5184781,5202344,2007
4002894,5148412,5183020,2007
4002895,5098338,5142872,2007
4002896,5116274,5155885,2007
4002897,4001544,5116253,2007
4002898,5110276,5147994,2007
4002899,5079290,5144599,2007
4002900,5148387,5148397,2007
4002901,5148398,5184202,2007
4002902,5142882,5144316,2007
4002903,5072392,5116053,2007
4002904,5164229,5202065,2007
4002905,4000721,5117078,2007
4002906,4009243,5122267,2007
4002907,5098718,5122234,2007
4002908,5146818,5164468,2007
4002909,5184861,5187882,2007
4002910,5184860,5187890,2007
4002911,5122344,5183024,2007
4002912,4001536,5187903,2007
4002913,5132375,5142879,2007
4002914,5109227,5116114,2007
4002915,4003849,5098239,2007
4002916,5110469,5142786,2007
4002917,5097805,5116143,2007
4002918,4000729,5145712,2007
4002919,4002432,5109575,2007
4002920,5109033,5147975,2007
4002921,5097810,5121057,2007
4002922,4005103,5098272,2007
4002923,5144241,5146843,2007
4002924,5132356,5132359,2007
4002925,5144351,5145368,2007
4002926,5072247,5117160,2007
4002927,4002346,5216919,2007
4002928,5132456,5132459,2007
4002929,4001557,5132055,2007
4002930,5072352,5145080,2007
4002931,5110385,5121331,2007
4002932,5187807,5202154,2007
4002933,5097755,5145938,2007
4002934,4002428,5132427,2007
4002935,5121338,5143715,2007
4002936,5098966,5148037,2007
4002937,5109915,5117014,2007
4002938,5132442,5145907,2007
4002939,5132421,5143710,2007
4002940,5132102,5143703,2007
4002941,4009247,5132447,2007
4002942,5117218,5222777,2007
4002943,5098971,5110365,2007
4002944,5121322,5144505,2007
4002945,5222676,5222782,2007
4002946,5145955,5222754,2007
4002947,5110300,5132129,2007
4002948,5145958,5155932,2007
4002949,5117140,5132139,2007
4002950,4001581,5121256,2007
4002951,4000754,4000777,2007
4002952,5146145,5146146,2007
4002953,5077580,5108862,2007
4002954,5097757,5156148,2007
4002955,5132492,5143454,2007
4002956,5079095,5144525,2007
4002957,5147788,5147844,2007
4002958,5143744,5146454,2007
4002959,4000541,4000593,2007
4002960,5143421,5143426,2007
4002961,4000756,5146456,2007
4002962,4001553,4001582,2007
4002963,4000793,5146231,2007
4002964,4000779,5147782,2007
4002965,5156147,5183691,2007
4002966,5187925,5222672,2007
4002967,5087826,5097751,2007
4002968,5143446,5146466,2007
4002969,5097216,5146997,2007
4002970,5132469,5132482,2007
4002971,5148364,5183118,2007
4002972,4000591,5187943,2007
4002973,5156180,5222666,2007
4002974,5145886,5145903,2007
4002975,5155705,5222664,2007
4002976,4002433,5155714,2007
4002977,5079076,5147020,2007
4002978,4002386,5146475,2007
4002979,5143774,5188000,2007
4002980,5183669,5183670,2007
4002981,4002334,5147775,2007
4002982,5184447,5187797,2007
4002983,5117215,5183069,2007
4002984,5132079,5183135,2007
4002985,5222668,5222760,2007
4002986,4000540,5132113,2007
4002987,5132381,5143940,2007
4002988,5132233,5144182,2007
4002989,5164273,5183675,2007
4002990,5097718,5216926,2007
4002991,4000780,5132136,2007
4002992,5146130,5146154,2007
4002993,5145928,5147019,2007
4002994,5077528,5147045,2007
4002995,5117273,5155744,2007
4002996,5132148,5147769,2007
4002997,5143752,5183101,2007
4002998,5143873,5148282,2007
4002999,5187756,5187788,2007
4003000,4001594,5183652,2007
4003001,4009270,5216963,2007
4003002,5143398,5146502,2007
4003003,5143030,5216910,2007
4003004,4003776,5072495,2007
4003005,5132514,5222591,2007
4003006,5143363,5217005,2007
4003007,5072789,5108834,2007
4003008,5145705,5217763,2007
4003009,5072496,5143071,2007
4003010,5132509,5143676,2007
4003011,5079092,5132248,2007
4003012,4000536,5143371,2007
4003013,5109444,5144463,2007
4003014,5144462,5145860,2007
4003015,5183022,5183676,2007
4003016,5093266,5108857,2007
4003017,5147561,5183776,2007
4003018,4000534,4000569,2007
4003019,5184776,5187751,2007
4003020,5098929,5110295,2007
4003021,5143036,5147000,2007
4003051,4009291,5184940,2008
4003052,5132486,5148032,2008
4003053,5143709,5217770,2008
4003054,5142684,5187754,2008
4003055,5187770,5187776,2008
4003056,5117030,5216977,2008
4003057,4001556,4001596,2008
4003058,4003160,5132440,2008
4003059,4001584,5117003,2008
4003060,5121284,5216942,2008
4003061,5108842,5146150,2008
4003062,5087827,5132147,2008
4003063,5127897,5187944,2008
4003064,5202275,5216097,2008
4003065,4011322,5117334,2008
4003066,5108709,5147005,2008
4003067,5145321,5156344,2008
4003068,5109192,5117723,2008
4003070,5117716,5127782,2008
4003071,5079273,5145381,2008
4003072,5145375,5164328,2008
4003073,5132859,5132878,2008
4003074,5121500,5187635,2008
4003075,5145611,5147117,2008
4003076,5121479,5121495,2008
4003077,5143970,5187984,2008
4003078,4000788,5132895,2008
4003079,5148348,5184547,2008
4003080,5143111,5145390,2008
4003081,5072772,5108623,2008
4003082,5108507,5143586,2008
4003083,5164172,5164210,2008
4003084,5143123,5146191,2008
4003085,5127812,5132842,2008
4003086,4003151,5072736,2008
4003087,5110189,5127789,2008
4003088,5110131,5116506,2008
4003089,5110150,5117730,2008
4003090,5202875,5216585,2008
4003091,5143150,5148344,2008
4003092,5121493,5156290,2008
4003093,5078064,5080168,2008
4003094,5116574,5116826,2008
4003095,5183325,5183961,2008
4003096,4003121,5202868,2008
4003097,4000757,5148339,2008
4003098,5132847,5147022,2008
4003099,5143943,5222641,2008
4003100,5148335,5155507,2008
4003128,5222663,5222746,2008
4003129,4000776,5143412,2008
4003130,5222662,5222747,2008
4003131,5147575,5147771,2008
4003132,4000576,5122408,2008
4003133,5144053,5183656,2008
4003134,5110402,5144485,2008
4003135,4001601,5164277,2008
4003136,5143440,5145878,2008
4003137,5132080,5132143,2008
4003138,5117133,5184933,2008
4003139,5184656,5187796,2008
4003140,5110366,5217744,2008
4003141,5117261,5132124,2008
4003142,5143725,5145956,2008
4003143,5121312,5143714,2008
4003144,5117106,5132420,2008
4003145,5079096,5132103,2008
4003146,5132446,5144515,2008
4003147,5132120,5132445,2008
4003148,5132101,5143699,2008
4003149,5144508,5183736,2008
4003150,5122158,5222753,2008
4003170,5144506,5145909,2008
4003171,4003161,5202125,2008
4003172,5079074,5097745,2008
4003174,5183686,5183728,2008
4003175,5108892,5217002,2008
4003176,5132449,5146226,2008
4003177,5148036,5216909,2008
4003178,4003101,5121343,2008
4003179,5077576,5187926,2008
4003180,4000543,4000573,2008
4003181,5117283,5184916,2008
4003182,5072844,5110375,2008
4003183,5132460,5143751,2008
4003184,5146237,5147761,2008
4003185,4000542,4000572,2008
4003186,5143420,5143437,2008
4003187,5121290,5132087,2008
4003188,5121255,5184915,2008
4003189,5147785,5147837,2008
4003190,5146436,5147781,2008
4003191,5092633,5117344,2008
4003192,5183690,5184727,2008
4003193,4007636,5121348,2008
4003194,4003102,5184750,2008
4003195,5132077,5222758,2008
4003196,5155736,5183687,2008
4003197,5072832,5110420,2008
4003198,5079069,5184040,2008
4003199,5184728,5187772,2008
4003200,4001554,5132454,2008
4003201,5117491,5216913,2008
4003202,4003155,5146264,2008
4003203,5145276,5216987,2008
4003204,5109699,5117456,2008
4003205,4003030,5202415,2008
4003206,5098231,5108659,2008
4003207,5108660,5127257,2008
4003208,5092631,5097412,2008
4003209,4003105,5098618,2008
4003210,5202418,5202426,2008
4003211,5116410,5142817,2008
4003212,5202332,5202574,2008
4003213,5187418,5202441,2008
4003214,5202416,5202511,2008
4003215,4001500,5187374,2008
4003216,5117657,5156389,2008
4003217,5098592,5147041,2008
4003218,5116366,5116788,2008
4003219,5108672,5146331,2008
4003220,5147706,5164434,2008
4003221,5156416,5184137,2008
4003222,4003027,5142946,2008
4003223,5072082,5121229,2008
4003224,5132339,5145282,2008
4003225,5144757,5187920,2008
4003226,5116351,5127247,2008
4003227,5142541,5156372,2008
4003228,5156370,5164356,2008
4003229,5155793,5222660,2008
4003230,4002343,5183455,2008
4003231,4003169,5072295,2008
4003232,5127245,5156285,2008
4003233,5127227,5143883,2008
4003234,5222561,5222768,2008
4003235,5144133,5183481,2008
4003236,5216494,5217343,2008
4003237,4000565,5117536,2008
4003238,5108697,5222563,2008
4003239,5098784,5109780,2008
4003240,5108705,5217729,2008
4003241,5116376,5148048,2008
4003242,5184110,5202427,2008
4003243,5145352,5184126,2008
4003244,5142574,5143882,2008
4003245,5144976,5146315,2008
4003246,4003025,4003167,2008
4003247,4003110,5216456,2008
4003248,5077682,5079425,2008
4003249,5142603,5156436,2008
4003250,5143529,5146311,2008
4003251,5183867,5217733,2008
4003252,4002193,4002341,2008
4003253,5109765,5109775,2008
4003254,5147489,5187099,2008
4003255,4003023,5187087,2008
4003256,5144965,5147707,2008
4003257,5127186,5183519,2008
4003258,5142586,5145314,2008
4003259,4001599,5183508,2008
4003260,4000567,5223068,2008
4003261,4000604,5202459,2008
4003262,4003162,5187053,2008
4003263,5127374,5146086,2008
4003264,4003109,5127530,2008
4003265,5216522,5216536,2008
4003266,5142667,5144098,2008
4003267,5142611,5145306,2008
4003268,5144096,5222653,2008
4003269,4001503,4001563,2008
4003270,5098585,5183523,2008
4003271,4003168,5216543,2008
4003272,5127239,5127365,2008
4003273,5098221,5108722,2008
4003274,5144091,5202915,2008
4003275,4000594,5092814,2008
4003276,5127226,5147487,2008
4003277,4003049,5156466,2008
4003278,4000790,5144092,2008
4003279,5144074,5222573,2008
4003280,5132330,5145317,2008
4003281,5146329,5146559,2008
4003282,5127406,5144455,2008
4003283,5127021,5156256,2008
4003284,5222575,5222731,2008
4003285,4002404,5184948,2008
4003286,5142630,5144947,2008
4003287,5147497,5148460,2008
4003288,5098726,5127149,2008
4003289,5116411,5116716,2008
4003290,5117598,5127166,2008
4003291,5098530,5108727,2008
4003292,5145267,5146299,2008
4003293,4000523,5143527,2008
4003294,5098823,5109660,2008
4003295,5155530,5155761,2008
4003296,4000520,5097134,2008
4003297,4000521,5148015,2008
4003298,5117593,5122438,2008
4003299,4003044,5202497,2008
4003300,4000736,4002315,2008
4003301,5116600,5117732,2008
4003302,5109490,5148054,2008
4003303,5147134,5184523,2008
4003304,5164207,5216569,2008
4003305,5097591,5184913,2008
4003306,5183296,5183319,2008
4003307,4001527,5143997,2008
4003308,5187966,5216954,2008
4003309,4000759,5164227,2008
4003310,4002426,5097630,2008
4003311,5108588,5184911,2008
4003312,5164082,5184629,2008
4003313,5132812,5143085,2008
4003314,4000586,5144729,2008
4003315,5184617,5202855,2008
4003316,5156228,5187541,2008
4003317,5145649,5216995,2008
4003318,4003124,5184606,2008
4003319,5184622,5184627,2008
4003320,5109163,5142965,2008
4003321,5132180,5143575,2008
4003322,4003154,5143587,2008
4003323,4009315,5184562,2008
4003325,5147076,5147211,2008
4003326,5098706,5110159,2008
4003327,5183536,5216943,2008
4003328,5132268,5217740,2008
4003329,5109110,5144477,2008
4003330,5145224,5148249,2008
4003331,5147257,5147746,2008
4003332,4001603,5144434,2008
4003333,5108854,5187996,2008
4003334,5132799,5142733,2008
4003335,5148311,5164020,2008
4003336,5109147,5109155,2008
4003337,5127955,5187952,2008
4003338,5132802,5145760,2008
4003339,4003045,5146658,2008
4003340,5145636,5148049,2008
4003341,5109856,5147212,2008
4003342,5072798,5108798,2008
4003343,5092878,5109868,2008
4003344,5098401,5187961,2008
4003345,5098476,5127906,2008
4003346,5122109,5143231,2008
4003347,5108531,5147281,2008
4003348,5143833,5217742,2008
4003349,5080310,5132287,2008
4003350,5072578,5092118,2008
4003351,4001506,5146581,2008
4003352,5142644,5145243,2008
4003353,4000519,4000607,2008
4003354,5147437,5147929,2008
4003355,4000522,5223084,2008
4003356,4001507,5202530,2008
4003357,5184258,5187037,2008
4003358,5156308,5183644,2008
4003359,5116089,5222771,2008
4003360,5127417,5143509,2008
4003361,5164431,5183229,2008
4003362,5142512,5143584,2008
4003363,4003157,5184251,2008
4003364,5202548,5202587,2008
4003365,5146611,5187338,2008
4003366,4001600,5098696,2008
4003367,5092257,5132259,2008
4003368,5144284,5147375,2008
4003369,4001512,4001592,2008
4003370,5127763,5144174,2008
4003371,5087841,5222717,2008
4003372,5098238,5108790,2008
4003374,5222592,5222716,2008
4003375,5223080,5223087,2008
4003376,5109820,5217782,2008
4003377,5148223,5148236,2008
4003378,5127846,5145162,2008
4003379,4000741,5183596,2008
4003380,5092274,5127018,2008
4003381,4002323,5183248,2008
4003382,5187357,5202557,2008
4003383,4001510,4001571,2008
4003384,5144792,5145150,2008
4003385,5098763,5144974,2008
4003386,4002376,5222688,2008
4003387,4000768,5148208,2008
4003388,5156013,5222689,2008
4003389,5144152,5145182,2008
4003390,5078291,5093077,2008
4003391,4003125,5098098,2008
4003392,5148242,5164360,2008
4003393,4002325,5077740,2008
4003394,5145192,5156345,2008
4003395,5223077,5223089,2008
4003396,5116755,5147038,2008
4003397,5144857,5156338,2008
4003398,4009311,5184288,2008
4003399,4003163,5147430,2008
4003400,5155546,5184266,2008
4003401,4008614,5127180,2008
4003402,5183181,5183195,2008
4003403,5148166,5148232,2008
4003404,5098682,5147925,2008
4003405,5156325,5223091,2008
4003406,5142509,5148231,2008
4003407,4009312,5127101,2008
4003408,5145684,5202925,2008
4003409,5132925,5144297,2008
4003410,5148185,5164378,2008
4003411,4003116,5187308,2008
4003412,5116440,5217722,2008
4003413,4008471,5144840,2008
4003414,4003040,5144823,2008
4003415,5092609,5092697,2008
4003416,5148043,5216992,2008
4003417,5132935,5144818,2008
4003418,5144842,5145137,2008
4003419,5132321,5144497,2008
4003420,4003115,5155996,2008
4003421,5080181,5146079,2008
4003422,4000774,5187942,2008
4003423,5109990,5142920,2008
4003424,5143894,5148390,2008
4003425,5144731,5145687,2008
4003426,4000526,5145689,2008
4003427,5156295,5184568,2008
4003428,5222610,5222723,2008
4003429,5144405,5144961,2008
4003430,4003048,5222773,2008
4003431,5144697,5156207,2008
4003432,5156477,5156498,2008
4003433,5148248,5164436,2008
4003434,5142918,5148250,2008
4003435,5142899,5144147,2008
4003436,5144705,5145693,2008
4003437,5164245,5164362,2008
4003438,5093146,5146088,2008
4003439,5146699,5147247,2008
4003440,5156487,5164364,2008
4003441,4000601,5121032,2008
4003442,5098700,5202640,2008
4003443,5183589,5187509,2008
4003444,5092138,5202951,2008
4003445,5127041,5144401,2008
4003446,5183573,5183576,2008
4003447,5122480,5146274,2008
4003448,5146593,5216930,2008
4003449,5098737,5156264,2008
4003450,4003127,5098101,2008
4003451,5116849,5147050,2008
4003452,5132697,5145621,2008
4003453,5164132,5184478,2008
4003454,4003164,5145589,2008
4003455,5147286,5164155,2008
4003456,5155608,5222632,2008
4003457,5145597,5147344,2008
4003458,4000554,5217748,2008
4003459,4003122,5184416,2008
4003460,5145584,5147218,2008
4003461,5110018,5116694,2008
4003463,5183282,5183364,2008
4003464,5143337,5155624,2008
4003465,5183315,5183357,2008
4003466,5092934,5092967,2008
4003467,5116954,5187602,2008
4003468,5109387,5122215,2008
4003469,5097660,5109390,2008
4003470,5110101,5132784,2008
4003471,5132787,5142740,2008
4003472,5092964,5122228,2008
4003473,5183362,5183948,2008
4003474,4000750,5184396,2008
4003475,5183300,5183602,2008
4003476,5184425,5187694,2008
4003477,5080160,5117395,2008
4003478,4001589,5143270,2008
4003479,5109417,5116135,2008
4003480,5078255,5109432,2008
4003481,5098482,5109348,2008
4003482,5146977,5216946,2008
4003483,5072689,5148486,2008
4003485,5116969,5127912,2008
4003486,5147314,5155653,2008
4003487,5122207,5147316,2008
4003488,5098471,5217778,2008
4003490,5098433,5143089,2008
4003492,4000498,5132656,2008
4003493,5143235,5145455,2008
4003494,5127867,5132664,2008
4003495,5127884,5222735,2008
4003496,5122157,5183145,2008
4003497,5148495,5156433,2008
4003498,4000499,4000550,2008
4003499,4000551,5143300,2008
4003500,5183150,5202938,2008
4003501,5122058,5147029,2008
4003502,4000501,4000553,2008
4003503,5217797,5222622,2008
4003504,5132720,5132735,2008
4003505,5143851,5156286,2008
4003506,5098497,5184919,2008
4003507,5127928,5143850,2008
4003508,5117880,5132018,2008
4003509,5072872,5121175,2008
4003510,5145528,5147293,2008
4003511,4014183,5110116,2008
4003512,5097480,5143053,2008
4003513,5098500,5146123,2008
4003514,5164118,5183337,2008
4003516,5184457,5184475,2008
4003517,4001526,5110124,2008
4003518,5122111,5147214,2008
4003519,4000749,5184480,2008
4003520,5116656,5187990,2008
4003521,5147024,5155551,2008
4003522,4009185,5146909,2008
4003523,5127916,5145409,2008
4003524,5143269,5147200,2008
4003525,5132738,5187988,2008
4003526,5143285,5143856,2008
4003530,5147202,5217789,2008
4003531,5132598,5146727,2008
4003532,5143909,5202966,2008
4003533,5127866,5132767,2008
4003534,5143649,5183279,2008
4003535,5143169,5143645,2008
4003536,4003165,5110013,2008
4003537,5109418,5117787,2008
4003538,5132747,5217741,2008
4003539,5109863,5127500,2008
4003540,5155622,5222612,2008
4003541,5098468,5143193,2008
4003542,5127865,5127945,2008
4003543,5116610,5117869,2008
4003544,5164043,5222605,2008
4003545,5143329,5145405,2008
4003546,5092871,5132346,2008
4003547,5127851,5223100,2008
4003548,5122046,5156267,2008
4003549,5098719,5132374,2008
4003550,4003047,5187837,2008
4003551,5147546,5147890,2008
4003552,5143409,5155692,2008
4003553,5109808,5121217,2008
4003554,5143353,5145808,2008
4003555,5183780,5187202,2008
4003556,5098898,5143453,2008
4003557,5155693,5156112,2008
4003558,5127609,5146507,2008
4003559,5117081,5117358,2008
4003560,4001516,5146102,2008
4003561,4003046,5121370,2008
4003562,5072807,5116074,2008
4003563,5072790,5216950,2008
4003564,4001574,5127957,2008
4003565,5144389,5146025,2008
4003566,4003050,5132202,2008
4003567,4003118,5187281,2008
4003568,4003126,5145870,2008
4003569,5183757,5183794,2008
4003570,4001517,4001604,2008
4003571,4001573,5148440,2008
4003572,4000533,5121383,2008
4003573,5147040,5216974,2008
4003574,5093290,5145081,2008
4003575,5132522,5146129,2008
4003576,4000535,5097637,2008
4003577,5183025,5183830,2008
4003578,4000786,5156126,2008
4003579,5132237,5146048,2008
4003580,5110343,5216975,2008
4003581,5110297,5132516,2008
4003582,4000537,4009265,2008
4003583,5148431,5148450,2008
4003584,5110341,5147574,2008
4003585,5079436,5202927,2008
4003586,5156339,5183909,2008
4003587,5122411,5127688,2008
4003588,5077916,5146404,2008
4003589,5092618,5144212,2008
4003590,5127347,5144206,2008
4003591,5144221,5147240,2008
4003592,5098800,5109723,2008
4003593,5098628,5109603,2008
4003594,4001550,5145049,2008
4003595,5142688,5145048,2008
4003596,4003111,5142945,2008
4003597,5132571,5144240,2008
4003598,5116329,5122037,2008
4003599,5122390,5183844,2008
4003600,5122346,5142691,2008
4003601,5098812,5164326,2008
4003602,4003112,NA,2008
4003603,5147648,5164312,2008
4003604,5148274,5156034,2008
4003605,5156363,5183440,2008
4003606,5116260,5145060,2008
4003607,5148272,5222726,2008
4003608,5148251,5148280,2008
4003609,5146421,5147645,2008
4003610,4003114,5184001,2008
4003611,5148074,5217761,2008
4003612,5147664,5164295,2008
4003613,4001578,5183903,2008
4003614,5117474,5146008,2008
4003615,5183045,5216907,2008
4003616,5092316,5127469,2008
4003617,4001514,5147894,2008
4003618,4001593,5156030,2008
4003619,4001564,5184213,2008
4003620,5147139,5155841,2008
4003621,4003158,5184248,2008
4003622,5117404,5143638,2008
4003623,5116973,5127989,2008
4003624,5116723,5142729,2008
4003625,5116732,5117561,2008
4003626,5156208,5216931,2008
4003627,4001568,5147378,2008
4003628,5121223,5183127,2008
4003629,5109647,5144817,2008
4003630,4000516,5147291,2008
4003631,5148497,5222713,2008
4003632,5072293,5127424,2008
4003633,4003159,5097763,2008
4003634,5183840,5183841,2008
4003635,5156076,5216227,2008
4003636,5098860,5098867,2008
4003637,5145834,5147515,2008
4003638,4002422,5144398,2008
4003639,5144458,5144547,2008
4003640,5098854,5098872,2008
4003641,5116877,5202286,2008
4003642,5121425,5148379,2008
4003643,5116956,5144461,2008
4003644,4003033,5222682,2008
4003646,5147504,5147830,2008
4003647,4000724,5156086,2008
4003648,5156084,5183685,2008
4003649,5078356,5146059,2008
4003650,4003032,5144381,2008
4003651,5121405,5222778,2008
4003652,5117408,5144558,2008
4003653,5146835,5217000,2008
4003654,5143402,5146847,2008
4003655,4000559,5132385,2008
4003656,5093425,5098869,2008
4003657,4004538,5116011,2008
4003658,5121160,5121213,2008
4003659,5072387,5146054,2008
4003660,5098054,5117985,2008
4003661,4003038,5184218,2008
4003662,5121004,5122383,2008
4003663,5156095,5187874,2008
4003664,5147507,5148322,2008
4003665,4003022,5156064,2008
4003666,4001565,5164488,2008
4003667,5109295,5144622,2008
4003668,4001575,5184834,2008
4003669,5092563,5116013,2008
4003670,4005416,5146833,2008
4003671,5098256,5109287,2008
4003672,4009289,5122307,2008
4003673,5142760,5143674,2008
4003674,4000720,5110290,2008
4003675,5098143,5145070,2008
4003676,4003024,5184821,2008
4003677,5148360,5155848,2008
4003679,5147952,5222543,2008
4003680,5144665,5146767,2008
4003681,5092834,5097256,2008
4003682,5109519,5109598,2008
4003683,4001489,5155827,2008
4003684,4001538,5184499,2008
4003685,4000722,5183979,2008
4003686,5146491,5147853,2008
4003687,5117942,5144314,2008
4003688,5184839,5187456,2008
4003689,5109292,5144628,2008
4003690,5109502,5184780,2008
4003691,5117984,5121108,2008
4003692,5116202,5117994,2008
4003693,4001487,5142991,2008
4003694,4003035,5222764,2008
4003695,5144582,5217774,2008
4003696,5144309,5144319,2008
4003697,5144003,5144338,2008
4003698,4001501,5147985,2008
4003699,4003108,5202070,2008
4003700,5144605,5217775,2008
4003701,5132550,5132558,2008
4003702,5132544,5144593,2008
4003703,5132551,5132555,2008
4003704,5116190,5144590,2008
4003705,5144008,5145765,2008
4003706,5110484,5145078,2008
4003707,5077622,5098831,2008
4003708,5110253,5144337,2008
4003709,4001561,5110279,2008
4003710,4001495,5184889,2008
4003712,5147990,5217791,2008
4003713,5187184,5187196,2008
4003714,4000726,5183917,2008
4003715,5079308,5183054,2008
4003716,5144598,5148000,2008
4003717,4004549,5142754,2008
4003718,5072450,5121209,2008
4003719,5079297,5098909,2008
4003720,5144002,5222589,2008
4003721,5184891,5202500,2008
4003722,5097046,5098303,2008
4003723,5093409,5146168,2008
4003724,5122367,5144025,2008
4003725,4008480,5147876,2008
4003726,5098919,5147595,2008
4003727,4001558,5098918,2008
4003728,5110215,5187918,2008
4003729,5144589,5187978,2008
4003730,4009264,5146041,2008
4003731,5184246,5187913,2008
4003732,5143797,5145857,2008
4003733,5183978,5202352,2008
4003734,4007622,5077883,2008
4003735,4009797,5109544,2008
4003736,5147960,5183033,2008
4003737,5216188,5216455,2008
4003738,4004539,4004553,2008
4003739,5116152,5142862,2008
4003740,5127615,5144331,2008
4003741,4004542,5146806,2008
4003742,5092739,5116030,2008
4003743,5077858,5127614,2008
4003744,5127610,5142886,2008
4003745,5147545,5164478,2008
4003746,4011887,5142799,2008
4003747,5098257,5217753,2008
4003748,5116174,5117938,2008
4003749,4013052,5144692,2008
4003750,4003034,4011898,2008
4003751,5184851,5187830,2008
4003752,4001519,5109223,2008
4003753,5142871,5142880,2008
4003754,5117161,5117371,2008
4003755,4003026,5183015,2008
4003756,5142783,5144320,2008
4003757,5155851,5156100,2008
4003758,5184692,5184820,2008
4003759,5127479,5127671,2008
4003760,5143352,5222545,2008
4003761,5077863,5097988,2008
4003762,5146846,5148401,2008
4003763,5109000,5184987,2008
4003764,5122237,5132302,2008
4003765,4009243,5122267,2008
4003766,4000596,5187842,2008
4003767,5109222,5116158,2008
4003768,4001549,5184846,2008
4003769,4007051,5109250,2008
4003770,4002306,5184215,2008
4003771,5097947,5117164,2008
4003772,5110464,5122254,2008
4003773,5117191,5184945,2008
4003774,5079181,5092829,2008
4003775,4003037,5202320,2008
4003854,5079454,5187960,2009
4003855,5222551,5222765,2009
4003856,5183057,5222727,2009
4003857,5146046,5147630,2009
4003858,5097300,5116180,2009
4003859,5093298,5147031,2009
4003860,4003781,5202193,2009
4003861,5147865,5155974,2009
4003862,4003842,5122345,2009
4003863,5183430,5183439,2009
4003864,5187451,5187786,2009
4003865,5122350,5144244,2009
4003866,4009776,5217109,2009
4003867,5098648,5110221,2009
4003868,5222553,5222729,2009
4003869,4000763,5164305,2009
4003870,4003782,5122334,2009
4003871,5098637,5216908,2009
4003872,5098853,5148059,2009
4003873,5142686,5144135,2009
4003874,5116285,5132311,2009
4003875,5143036,5147000,2009
4003876,5187293,5187824,2009
4003877,4009249,5187467,2009
4003878,5127456,5132200,2009
4003879,5132395,5145050,2009
4003880,4001528,4003783,2009
4003881,5144006,5144226,2009
4003882,5127697,5142699,2009
4003883,5144219,5144260,2009
4003884,5142695,5144216,2009
4003885,5183419,5184247,2009
4003886,4005184,5110211,2009
4003887,4009171,5098570,2009
4003888,5109728,5116385,2009
4003889,4000787,5183638,2009
4003890,5117587,5144909,2009
4003891,5156311,5184007,2009
4003892,4003797,5093299,2009
4003893,5098587,5108743,2009
4003894,5109718,5116786,2009
4003895,4009246,5142670,2009
4003896,5156222,5156309,2009
4003897,5142657,5144907,2009
4003898,5144910,5144920,2009
4003899,5156333,5187058,2009
4003900,5143542,5222601,2009
4003901,5142666,5143548,2009
4003903,5127410,5144454,2009
4003904,4002314,5147433,2009
4003905,4003833,5202543,2009
4003906,5216417,5216706,2009
4003907,5097303,5146115,2009
4003908,5077709,5080351,2009
4003909,5117562,5127310,2009
4003910,4008484,5143618,2009
4003911,5143906,5146061,2009
4003912,5127409,5202921,2009
4003913,5147033,5155513,2009
4003914,5097399,5148234,2009
4003915,4003803,5216980,2009
4003916,4003834,5155519,2009
4003917,5146895,5148129,2009
4003918,5117551,5122006,2009
4003919,4000791,5146671,2009
4003920,4002401,5147413,2009
4003921,5184564,5187508,2009
4003922,5147169,5147222,2009
4003923,4000766,4002312,2009
4003924,4003804,5156206,2009
4003925,5097764,5098519,2009
4003926,4009275,5117909,2009
4003927,5110145,5142739,2009
4003928,5184319,5202561,2009
4003929,5202552,5202874,2009
4003930,5187321,5202567,2009
4003931,5127847,5183528,2009
4003932,5202523,5202544,2009
4003933,5164433,5184252,2009
4003934,5098235,5132264,2009
4003935,5202514,5216741,2009
4003936,4001513,5156303,2009
4003937,5183244,5217001,2009
4003938,5146342,5147379,2009
4003939,5145171,5145175,2009
4003940,4003043,5144275,2009
4003941,5121037,5142501,2009
4003942,5132952,5144296,2009
4003943,5145151,5145195,2009
4003944,5097377,5148017,2009
4003945,5223079,5223088,2009
4003946,4000739,5156250,2009
4003947,5093194,5144189,2009
4003948,5148192,5184273,2009
4003949,4002324,5222718,2009
4003951,5142506,5156335,2009
4003952,5098580,5098749,2009
4003953,5147743,5187026,2009
4003954,5122035,5144904,2009
4003955,5098695,5216396,2009
4003956,4001594,5183652,2009
4003957,5117273,5155744,2009
4003958,5132148,5147769,2009
4003959,5143752,5183101,2009
4003960,4001602,5183653,2009
4003961,5217916,5217925,2009
4003962,5145958,5155932,2009
4003963,5117140,5132139,2009
4003964,5132141,5132439,2009
4003965,4001581,5121256,2009
4003967,5079102,5097750,2009
4003968,5145955,5222754,2009
4003969,5110300,5132129,2009
4003970,5121322,5144505,2009
4003971,4009247,5132447,2009
4003972,4003789,5121318,2009
4003973,5144507,5146439,2009
4003974,4007623,5121331,2009
4003975,5132421,5143710,2009
4003976,5132442,5145907,2009
4003977,5109915,5117014,2009
4003978,5098966,5148037,2009
4003979,5187803,5216033,2009
4003980,5184644,5216036,2009
4003981,4000544,4003822,2009
4003982,5184712,5184755,2009
4003983,5097755,5145938,2009
4003984,4002428,5132427,2009
4003985,5121338,5143715,2009
4003986,5187812,5187816,2009
4003987,5187807,5202154,2009
4003988,4002330,5217042,2009
4003989,5077580,5108862,2009
4003990,5117266,5132091,2009
4003991,5098953,5121269,2009
4003992,5184748,5217023,2009
4003993,5079095,5144525,2009
4003994,5132492,5143454,2009
4003995,5184735,5187755,2009
4003996,5147788,5147844,2009
4003997,5143421,5143426,2009
4003998,5143744,5146454,2009
4003999,4000541,4000593,2009
4004000,4003801,5146456,2009
4004001,5156147,5183691,2009
4004002,5187925,5222672,2009
4004003,4000779,5147782,2009
4004004,4001553,4001582,2009
4004005,5077528,5147045,2009
4004006,5145928,5147019,2009
4004007,5098995,5109235,2009
4004008,4000780,5132136,2009
4004009,5146130,5146154,2009
4004010,5097718,5216926,2009
4004012,4003831,5202152,2009
4004013,5202160,5202270,2009
4004014,5132233,5144182,2009
4004015,5121310,5127668,2009
4004016,5143446,5146466,2009
4004017,5222667,5222670,2009
4004018,5132079,5183135,2009
4004019,5143774,5188000,2009
4004020,4002386,5146475,2009
4004021,5147774,5187759,2009
4004022,5202268,5216095,2009
4004023,4002334,5147775,2009
4004024,4003832,5202258,2009
4004025,5187777,5187797,2009
4004026,5117011,5147158,2009
4004027,5146478,5222749,2009
4004028,5156180,5222666,2009
4004029,5145886,5145903,2009
4004030,5155705,5222664,2009
4004031,4000591,5187943,2009
4004032,4001583,5097726,2009
4004033,5148364,5183118,2009
4004034,5097216,5146997,2009
4004035,5187517,5216003,2009
4004036,5132469,5132482,2009
4004037,4003799,5187745,2009
4004038,5127065,5127131,2009
4004039,5098709,5098744,2009
4004040,4000769,5145186,2009
4004041,5092660,5109934,2009
4004042,5072165,5132323,2009
4004043,5117685,5145142,2009
4004044,4009314,5183151,2009
4004045,5097372,5155988,2009
4004046,4002413,5109925,2009
4004047,5147367,5183174,2009
4004048,5183183,5202607,2009
4004049,5187327,5202471,2009
4004050,5184298,5187337,2009
4004051,5155969,5183209,2009
4004052,4009252,5183176,2009
4004053,5117622,5222583,2009
4004054,5187339,5202591,2009
4004055,5132943,5184577,2009
4004056,5148220,5156225,2009
4004057,5183155,5187377,2009
4004059,4003845,5164390,2009
4004060,5223074,5223092,2009
4004061,5146558,5202590,2009
4004062,4001509,5222582,2009
4004063,5127028,5127091,2009
4004064,5117629,5148246,2009
4004065,5127751,5202423,2009
4004066,5117616,5147930,2009
4004067,5148453,5184996,2009
4004068,5098245,5098626,2009
4004069,5127756,5183094,2009
4004070,4002318,5142910,2009
4004071,4000742,5183154,2009
4004072,5202595,5216793,2009
4004073,5183157,5216794,2009
4004074,5164240,5164366,2009
4004075,4013054,5183224,2009
4004076,5164363,5202903,2009
4004077,5144143,5183092,2009
4004078,5078246,5079475,2009
4004079,5144263,5144409,2009
4004080,5109902,5116415,2009
4004081,5144070,5144271,2009
4004082,5116777,5132915,2009
4004083,5098232,5223093,2009
4004084,4001570,5098158,2009
4004085,5109753,5127103,2009
4004086,4009277,5145638,2009
4004087,5098092,5127349,2009
4004088,5132928,5145558,2009
4004089,4000767,5109903,2009
4004090,5132324,5222744,2009
4004092,4003841,5127118,2009
4004093,4000770,5143952,2009
4004094,5156489,5184582,2009
4004095,5222609,5222722,2009
4004097,5098155,5122452,2009
4004098,5156237,5184573,2009
4004099,5147245,5148162,2009
4004100,5109101,5109933,2009
4004101,5109987,5216997,2009
4004102,5109982,5121029,2009
4004103,5097503,5098095,2009
4004104,4000527,5187352,2009
4004105,5142914,5217737,2009
4004106,5132914,5144721,2009
4004107,5092678,5142525,2009
4004108,4003839,5145694,2009
4004109,5144723,5145665,2009
4004110,5097524,5146703,2009
4004111,5109114,5109829,2009
4004112,5183247,5202656,2009
4004113,5148243,5156238,2009
4004114,5183280,5183569,2009
4004115,5132345,5222635,2009
4004116,5142978,5146656,2009
4004117,4001576,5148111,2009
4004118,5145659,5216899,2009
4004119,5092852,5097464,2009
4004120,5184631,5187547,2009
4004121,5147144,5148305,2009
4004122,5142980,5148309,2009
4004123,4003805,5216448,2009
4004124,5155597,5184328,2009
4004125,4003806,5216604,2009
4004126,5147154,5222709,2009
4004127,5144435,5222646,2009
4004128,4009276,5202911,2009
4004129,5079355,5144441,2009
4004130,5098127,5116846,2009
4004131,4003838,5216285,2009
4004132,5097088,5164217,2009
4004133,5156482,5202673,2009
4004134,5202734,5216691,2009
4004135,5183607,5222648,2009
4004136,5108539,5146126,2009
4004137,4000587,5116837,2009
4004138,4000512,5183404,2009
4004139,5110075,5148042,2009
4004141,4003042,5080158,2009
4004142,5108644,5202980,2009
4004143,5145083,5145759,2009
4004144,5187298,5202895,2009
4004145,5146177,5146213,2009
4004146,4006751,5222642,2009
4004147,5132867,5132876,2009
4004148,5187585,5202302,2009
4004149,4002430,5127780,2009
4004150,5108636,5184428,2009
4004151,5097588,5108642,2009
4004152,4003153,5202900,2009
4004153,4003807,5202880,2009
4004154,5110180,5132857,2009
4004155,5148340,5184557,2009
4004156,5093033,5116133,2009
4004157,5164127,5217191,2009
4004158,4003152,5202740,2009
4004159,5187570,5187591,2009
4004160,5116188,5147023,2009
4004161,5146887,5147125,2009
4004162,5078067,5147090,2009
4004163,5164159,5202894,2009
4004165,5080159,5146208,2009
4004166,5109259,5145610,2009
4004167,5132509,5143676,2009
4004168,5144462,5145860,2009
4004169,5109444,5144463,2009
4004170,5110339,5146103,2009
4004171,5080035,5127237,2009
4004172,5108702,5127163,2009
4004173,5098597,5109750,2009
4004174,5142556,5142596,2009
4004175,5142585,5216938,2009
4004176,4000735,5072080,2009
4004177,5142942,5216940,2009
4004178,4002414,5155760,2009
4004179,4013666,5216385,2009
4004180,5072118,5092607,2009
4004181,4003827,5222652,2009
4004182,5122423,5143620,2009
4004183,4003826,5202373,2009
4004184,5202370,5216493,2009
4004185,5216451,5216542,2009
4004186,4002192,5187047,2009
4004188,4003825,5147036,2009
4004189,5222562,5222730,2009
4004190,4003823,5127137,2009
4004191,5144064,5145233,2009
4004192,5109766,5187969,2009
4004193,5147498,5155775,2009
4004194,4000765,5147491,2009
4004195,5077917,5121065,2009
4004196,5098594,5145073,2009
4004198,5079388,5097229,2009
4004199,5147719,5187089,2009
4004200,5117599,5222569,2009
4004201,5079415,5143083,2009
4004202,5097219,5109779,2009
4004203,5142563,5145001,2009
4004204,5108693,5116375,2009
4004205,5187145,5202478,2009
4004206,5121228,5127204,2009
4004207,5097116,5116409,2009
4004208,5156409,5184141,2009
4004209,4002199,4002339,2009
4004210,5202382,5217318,2009
4004211,4002197,5108666,2009
4004212,4003820,5202384,2009
4004213,5142597,5202974,2009
4004214,5187090,5187170,2009
4004215,5142562,5143888,2009
4004216,5202456,5217321,2009
4004217,5216376,5216528,2009
4004218,4009822,5142648,2009
4004219,5164325,5187169,2009
4004220,5146259,5146273,2009
4004221,5116338,5132165,2009
4004222,5097108,5097214,2009
4004223,5077825,5078343,2009
4004224,5147521,5223063,2009
4004225,5097102,5116432,2009
4004226,5079429,5222721,2009
4004227,5127710,5183458,2009
4004228,5146265,5147364,2009
4004229,5144998,5187477,2009
4004230,4002403,5155976,2009
4004231,5184174,5187379,2009
4004232,5108675,5116353,2009
4004233,4001562,5187388,2009
4004234,5156460,5187104,2009
4004235,5145003,5202916,2009
4004236,4003828,5184102,2009
4004237,4003104,5184093,2009
4004238,5183464,5187141,2009
4004239,5184312,5187389,2009
4004240,5184287,5187105,2009
4004241,4008607,5144948,2009
4004242,5122454,5127585,2009
4004243,5127045,5127210,2009
4004244,5117511,5143890,2009
4004245,5117628,5127140,2009
4004247,4009273,5116459,2009
4004248,5183487,5184182,2009
4004249,4003028,5142613,2009
4004250,5127214,5156241,2009
4004251,5144953,5146279,2009
4004252,5142567,5156443,2009
4004253,5183482,5183515,2009
4004254,4000562,5147731,2009
4004255,5183871,5223065,2009
4004256,5144949,5147725,2009
4004257,4001545,5183474,2009
4004258,5127527,5147362,2009
4004259,5222566,5222657,2009
4004260,5108648,5127073,2009
4004261,5097213,5127232,2009
4004262,4013668,5144218,2009
4004263,5147358,5216489,2009
4004264,4003792,5216530,2009
4004265,5222555,5222683,2009
4004266,5092106,5109043,2009
4004267,4002344,5122409,2009
4004268,5222556,5222684,2009
4004269,5109670,5144771,2009
4004270,5116480,5147004,2009
4004271,5116345,5116408,2009
4004272,5187159,5187329,2009
4004273,5108655,5127268,2009
4004274,4003166,4003793,2009
4004275,5222558,5222685,2009
4004276,5109491,5184994,2009
4004277,5187165,5202396,2009
4004278,5222559,5222647,2009
4004279,4000536,5143371,2009
4004280,5183022,5183676,2009
4004281,5093266,5108857,2009
4004282,5098929,5110295,2009
4004283,4000534,4000569,2009
4004284,5184776,5187751,2009
4004285,4003785,5217092,2009
4004286,5143363,5217005,2009
4004287,5147573,5147784,2009
4004288,5127950,5132071,2009
4004289,5132510,5143681,2009
4004290,5072496,5143071,2009
4004291,4001515,4003844,2009
4004292,5132514,5222591,2009
4004293,4003847,5217362,2009
4004294,5202034,5202319,2009
4004295,4003776,5072495,2009
4004296,5132094,5156121,2009
4004297,4002353,5187267,2009
4004298,4003788,5216269,2009
4004299,5143398,5146502,2009
4004300,4009270,5216963,2009
4004301,5121270,5142854,2009
4004302,5093292,5097488,2009
4004303,5132504,5156109,2009
4004304,5145790,5146841,2009
4004305,5145841,5148202,2009
4004306,5156051,5187234,2009
4004307,4011320,5116908,2009
4004308,5183787,5187251,2009
4004310,5144241,5146843,2009
4004311,5132356,5132359,2009
4004312,5122304,5148069,2009
4004313,5144351,5145368,2009
4004314,5116243,5121406,2009
4004315,4000556,5144362,2009
4004316,5116222,5117960,2009
4004318,5147860,5184011,2009
4004319,5072247,5117160,2009
4004320,5183820,5187831,2009
4004321,5144345,5183050,2009
4004322,5146515,5148367,2009
4004323,5122296,5132254,2009
4004324,5132217,5142856,2009
4004325,5108959,5183049,2009
4004326,5127829,5144341,2009
4004327,5184640,5184679,2009
4004328,5092553,5097083,2009
4004329,4002359,5202046,2009
4004330,5127554,5183709,2009
4004331,4001548,5097093,2009
4004332,4003779,5097085,2009
4004333,5079045,5142986,2009
4004334,5216131,5216178,2009
4004335,4003778,5117239,2009
4004336,5184827,5187819,2009
4004337,5122292,5142834,2009
4004338,5097004,5144310,2009
4004339,5155824,5202087,2009
4004340,5108979,5127638,2009
4004341,4002200,5202052,2009
4004342,5146823,5202049,2009
4004343,5142787,5144342,2009
4004344,5187853,5202074,2009
4004345,4007607,5097951,2009
4004346,4002099,5187226,2009
4004347,4003777,5144044,2009
4004348,5127644,5144346,2009
4004349,5155830,5187839,2009
4004350,5147739,5147891,2009
4004351,5156396,5183542,2009
4004352,5145653,5222636,2009
4004353,4000493,4000615,2009
4004354,5183797,5187428,2009
4004355,5143014,5183142,2009
4004356,5078061,5187917,2009
4004357,5110024,5110356,2009
4004358,5092866,5143016,2009
4004359,5187427,5187435,2009
4004360,5110171,5143635,2009
4004361,4000744,4002098,2009
4004362,5092868,5117847,2009
4004363,5132746,5217777,2009
4004364,5078204,5093154,2009
4004366,5122190,5127915,2009
4004367,4001523,4001598,2009
4004368,4000503,4002412,2009
4004369,4002379,5132774,2009
4004370,5080323,5108949,2009
4004371,5222634,5222739,2009
4004372,5146906,5147294,2009
4004373,4001521,4001585,2009
4004374,5110029,5116686,2009
4004375,5216688,5216747,2009
4004376,5108519,5109141,2009
4004377,4001586,5143256,2009
4004378,5184453,5184455,2009
4004379,5109335,5132723,2009
4004380,5122116,5132022,2009
4004381,5127924,5216308,2009
4004382,5148051,5184446,2009
4004383,4002431,5127970,2009
4004384,5147138,5164080,2009
4004385,5109383,5116967,2009
4004386,5142650,5184924,2009
4004387,5078231,5217006,2009
4004389,4003809,5187642,2009
4004390,4003850,5108579,2009
4004392,5184249,5187614,2009
4004393,5144851,5145497,2009
4004394,5183322,5183832,2009
4004395,5098457,5132768,2009
4004396,5202067,5202767,2009
4004397,5164121,5187640,2009
4004398,4013074,5187634,2009
4004399,5187630,5216673,2009
4004400,5148490,5202785,2009
4004401,5146730,5217749,2009
4004402,5109339,5147015,2009
4004403,5143961,5147064,2009
4004404,5098462,5143212,2009
4004405,5116959,5117895,2009
4004406,5132679,5146879,2009
4004407,4000795,5132818,2009
4004408,4000552,4003814,2009
4004409,5122185,5143861,2009
4004410,4003123,5079177,2009
4004411,4000772,5132731,2009
4004412,5078205,5080254,2009
4004413,5072657,5148025,2009
4004414,5092903,5098495,2009
4004415,5092897,5092919,2009
4004416,5187704,5202822,2009
4004417,5132013,5144444,2009
4004418,5217800,5222623,2009
4004420,5147337,5148496,2009
4004421,5092898,5117859,2009
4004422,5155607,5183264,2009
4004423,5132611,5145085,2009
4004424,5143029,5217750,2009
4004425,5122121,5184471,2009
4004426,5097491,5147326,2009
4004427,4003836,5187528,2009
4004428,5217495,5222244,2009
4004429,5145493,5146721,2009
4004430,4009285,5183287,2009
4004431,5143911,5148030,2009
4004432,5216986,5222615,2009
4004433,5187434,5187610,2009
4004434,5143812,5145434,2009
4004435,5109331,5183412,2009
4004436,5127967,5164017,2009
4004437,5145417,5155633,2009
4004438,5147195,5155674,2009
4004439,5127942,5143174,2009
4004440,5109321,5132649,2009
4004441,5092127,5109475,2009
4004442,5147189,5148479,2009
4004443,4002097,5147185,2009
4004444,4003811,5148121,2009
4004445,4003810,4003851,2009
4004446,5122032,5122095,2009
4004447,5109366,5116924,2009
4004448,5122076,5216936,2009
4004450,5202883,5216612,2009
4004451,5121452,5127446,2009
4004452,5156091,5183810,2009
4004453,5116099,5116862,2009
4004454,5127345,5183818,2009
4004455,4002338,5148359,2009
4004456,5144043,5147519,2009
4004457,5144354,5147509,2009
4004458,4000723,5132369,2009
4004459,4009268,5079285,2009
4004460,5097171,5184908,2009
4004461,5222576,5222674,2009
4004462,5097178,5143035,2009
4004463,5077866,5222549,2009
4004464,5146166,5155992,2009
4004465,5216678,5222380,2009
4004466,4003784,5217137,2009
4004467,5121436,5127575,2009
4004468,4003031,5202309,2009
4004469,4003853,5202314,2009
4004470,4000480,4000560,2009
4004471,4002354,5216208,2009
4004472,5121449,5217793,2009
4004473,4001539,5222577,2009
4004474,5098366,5127555,2009
4004475,5132209,5132364,2009
4004476,5116092,5117296,2009
4004477,5187212,5216218,2009
4004479,4002360,5184853,2009
4004480,5127633,5132866,2009
4004481,5098139,5142807,2009
4004482,5144660,5187974,2009
4004483,5092135,5142878,2009
4004485,4005103,5098272,2009
4004486,5109033,5147975,2009
4004487,5097810,5121057,2009
4004488,5117351,5117948,2009
4004489,5187822,5202683,2009
4004490,4001551,5202068,2009
4004491,4000595,5183011,2009
4004492,4002432,5109575,2009
4004493,5110469,5142786,2009
4004494,5122264,5142873,2009
4004495,5184861,5187882,2009
4004496,4000729,5145712,2009
4004497,4003849,5098239,2009
4004499,5122344,5183024,2009
4004500,5202066,5202434,2009
4004501,4001493,5217088,2009
4004502,5098718,5122234,2009
4004503,4000721,5117078,2009
4004504,5072392,5116053,2009
4004505,5146818,5164468,2009
4004506,5142882,5144316,2009
4004507,4003113,5183849,2009
4004508,5117955,5164476,2009
4004509,5148306,5202038,2009
4004510,5156103,5164487,2009
4004511,5092526,5109038,2009
4004512,5122381,5145796,2009
4004513,4002396,5216110,2009
4004514,5216105,5216262,2009
4004515,5146752,5164247,2009
4004516,5145750,5156003,2009
4004517,4011325,5144850,2009
4004518,4005108,5121015,2009
4004519,5144001,5144366,2009
4004520,5148387,5148397,2009
4004521,4003843,5116253,2009
4004522,5148398,5184202,2009
4004523,5117976,5147978,2009
4004524,4001543,5184909,2009
4004525,4009262,5184216,2009
4004526,4001542,5148403,2009
4004527,5148412,5183020,2009
4004528,4003818,5202339,2009
4004529,5184756,5202902,2009
4004530,5184890,5202082,2009
4004531,4003107,5202202,2009
4004532,5144047,5184230,2009
4004533,4009316,5145766,2009
4004534,4003819,5184788,2009
4004535,4002380,4003780,2009
4004536,5187918,5216915,2009
4004555,5222663,5222746,2010
4004556,4000576,5122408,2010
4004557,5147575,5147771,2010
4004558,5110402,5144485,2010
4004559,5117133,5184933,2010
4004560,5143440,5145878,2010
4004563,4001601,5164277,2010
4004564,5117036,5217744,2010
4004565,5143725,5145956,2010
4004566,5117261,5132124,2010
4004567,5121312,5143714,2010
4004568,5144506,5145909,2010
4004569,4003161,5202125,2010
4004570,5144508,5183736,2010
4004571,5132120,5132445,2010
4004572,5132102,5143703,2010
4004573,5079074,5097745,2010
4004574,5132101,5143699,2010
4004575,5079146,5155726,2010
4004576,5144511,5202123,2010
4004577,5117218,5222777,2010
4004578,4003101,5121343,2010
4004579,5077576,5187926,2010
4004580,5117283,5184916,2010
4004581,4000573,4005415,2010
4004582,5146449,5222420,2010
4004583,4009155,5217043,2010
4004584,5097757,5156148,2010
4004585,5132460,5143751,2010
4004586,4000542,4000572,2010
4004587,5143420,5143437,2010
4004588,5121290,5132087,2010
4004589,5121255,5184915,2010
4004590,4000793,5146231,2010
4004591,4003102,5184750,2010
4004592,5183690,5184727,2010
4004593,5143742,5156278,2010
4004594,5155736,5183687,2010
4004595,5146436,5147781,2010
4004596,5092633,5117344,2010
4004597,4001554,5132454,2010
4004598,4003846,5216091,2010
4004599,4002389,5217011,2010
4004600,5164273,5183675,2010
4004601,4009291,5184940,2010
4004602,5187742,5202108,2010
4004603,5202275,5216097,2010
4004604,5143709,5217770,2010
4004605,5142684,5187754,2010
4004606,4003160,5132440,2010
4004607,4001584,5117003,2010
4004608,5183669,5183670,2010
4004609,5117030,5216977,2010
4004610,5184651,5187743,2010
4004611,5108842,5146150,2010
4004612,5202269,5217078,2010
4004613,4001557,5132055,2010
4004614,4011322,5117334,2010
4004615,5110341,5147574,2010
4004616,5098719,5132374,2010
4004617,5148431,5148450,2010
4004618,5132522,5146129,2010
4004619,4000786,5156126,2010
4004620,4000537,4009265,2010
4004621,5110297,5132516,2010
4004622,4009272,5217073,2010
4004623,5216263,5217033,2010
4004624,5147040,5216974,2010
4004625,5164260,5183774,2010
4004626,4003041,5202231,2010
4004627,4001517,4001604,2010
4004628,5144389,5146025,2010
4004629,4001574,5127957,2010
4004630,5072790,5216950,2010
4004631,4003046,5121370,2010
4004632,4001516,5146102,2010
4004633,5117081,5117358,2010
4004634,4000531,4000598,2010
4004635,5183780,5187202,2010
4004636,5143691,5217100,2010
4004637,4005423,5098298,2010
4004638,5098898,5143453,2010
4004639,5143353,5145808,2010
4004640,5143409,5155692,2010
4004641,5144667,5146798,2010
4004642,5184814,5202290,2010
4004643,4000559,4004544,2010
4004644,5202305,5217393,2010
4004645,4009266,5147512,2010
4004646,4005440,5146835,2010
4004647,5121405,5222778,2010
4004648,4003032,5144381,2010
4004649,5078356,5146059,2010
4004650,4002422,5144398,2010
4004651,5144458,5144547,2010
4004652,5147288,5148365,2010
4004653,4005450,5156086,2010
4004654,5147504,5147830,2010
4004656,5098862,5110319,2010
4004657,5116858,5147063,2010
4004658,4005449,5145834,2010
4004659,5156076,5216227,2010
4004660,5183840,5183841,2010
4004661,5127471,5183462,2010
4004662,4005447,5222480,2010
4004663,5092106,5109043,2010
4004664,4003155,5146264,2010
4004665,5145276,5216987,2010
4004666,5109699,5117456,2010
4004667,5155793,5222660,2010
4004668,5117946,5147628,2010
4004669,5202199,5216457,2010
4004670,5108660,5127257,2010
4004671,5092631,5097412,2010
4004672,5187513,5222045,2010
4004673,5142541,5156372,2010
4004674,5116351,5127247,2010
4004675,5144757,5187920,2010
4004676,5132339,5145282,2010
4004677,5144775,5147732,2010
4004678,4003027,5142946,2010
4004679,4000730,4005448,2010
4004680,5142605,5142629,2010
4004681,5222567,5222710,2010
4004682,5116369,5184171,2010
4004683,5127245,5156285,2010
4004684,5127227,5143883,2010
4004685,5222561,5222768,2010
4004686,5216511,5217284,2010
4004687,4005433,4012443,2010
4004688,5108677,5216510,2010
4004689,5077682,5079425,2010
4004690,5202390,5202419,2010
4004691,5184110,5202427,2010
4004692,5116376,5148048,2010
4004693,5145352,5184126,2010
4004694,5142574,5143882,2010
4004695,5072079,5183146,2010
4004696,5098784,5109780,2010
4004697,5108697,5222563,2010
4004698,5144976,5146315,2010
4004699,5147489,5187099,2010
4004700,4002193,4002341,2010
4004701,5187144,5216317,2010
4004702,5144133,5183481,2010
4004703,5156469,5202385,2010
4004704,4005401,5217253,2010
4004705,5216494,5217343,2010
4004706,4004551,4005435,2010
4004707,5127186,5183519,2010
4004708,5142586,5145314,2010
4004709,4004550,5223068,2010
4004710,4003824,5187083,2010
4004711,5127374,5146086,2010
4004712,5127239,5127365,2010
4004713,4003109,5127530,2010
4004714,5142667,5144098,2010
4004715,5144096,5222653,2010
4004716,5202365,5216279,2010
4004717,5202481,5217332,2010
4004719,4005432,5183523,2010
4004720,4003168,5216543,2010
4004721,5098221,5108722,2010
4004722,5187082,5217238,2010
4004723,5127226,5147487,2010
4004724,4000594,5092814,2010
4004725,5144091,5202915,2010
4004726,5216546,5222889,2010
4004727,4000790,5144092,2010
4004728,5144074,5222573,2010
4004729,4012503,5132334,2010
4004730,5116418,5144700,2010
4004731,5142630,5144947,2010
4004732,5109938,5144941,2010
4004733,5147497,5148460,2010
4004734,5146325,5155800,2010
4004735,5116411,5116716,2010
4004736,5216507,5217342,2010
4004737,4002195,5184189,2010
4004738,5187418,5202441,2010
4004739,5202332,5202547,2010
4004740,5187004,5187122,2010
4004741,5202416,5202511,2010
4004742,4003119,5146321,2010
4004743,5117657,5156389,2010
4004744,5117598,5127166,2010
4004745,5098530,5108727,2010
4004746,4000523,5143627,2010
4004747,5183862,5216405,2010
4004749,4000519,4000607,2010
4004750,5109731,5183560,2010
4004752,4003044,5202497,2010
4004753,5147437,5147929,2010
4004754,5184258,5187037,2010
4004755,5121223,5183127,2010
4004756,5143525,5202946,2010
4004757,4000516,5147291,2010
4004758,5156208,5216931,2010
4004759,4005421,5116732,2010
4004760,5117404,5143638,2010
4004761,5116973,5127989,2010
4004762,5072773,5110002,2010
4004763,5072798,5108798,2010
4004764,5098401,5187961,2010
4004765,5080190,5117175,2010
4004766,5122109,5143231,2010
4004767,4005413,5147281,2010
4004768,5109879,5143188,2010
4004769,5080310,5132287,2010
4004770,4001524,4009287,2010
4004771,5146200,5222627,2010
4004772,5132697,5145621,2010
4004773,5116849,5147050,2010
4004774,5164132,5184478,2010
4004775,5155608,5222632,2010
4004776,4000554,5217748,2010
4004777,5147024,5155551,2010
4004778,4009185,5146909,2010
4004779,5127916,5145409,2010
4004780,5164118,5183337,2010
4004781,4005444,5148495,2010
4004782,5122111,5147214,2010
4004783,5184466,5187646,2010
4004784,5184457,5184475,2010
4004785,5110122,5222708,2010
4004786,5187693,5217473,2010
4004787,5145584,5147218,2010
4004788,5110018,5116694,2010
4004789,4005430,5183364,2010
4004790,4001522,5108516,2010
4004791,5132009,5132755,2010
4004792,5092934,5092967,2010
4004794,5097660,5109390,2010
4004795,5109387,5122215,2010
4004798,5183362,5183948,2010
4004799,5092964,5122228,2010
4004800,5132787,5142740,2010
4004801,5187670,5187727,2010
4004802,4003039,4003117,2010
4004803,5183300,5183602,2010
4004804,5078255,5109432,2010
4004805,5098482,5109348,2010
4004806,5146977,5216946,2010
4004807,5116969,5127912,2010
4004808,5147314,5155653,2010
4004809,5122207,5147316,2010
4004810,4005442,5145503,2010
4004811,4005414,5072689,2010
4004812,5098471,5217778,2010
4004813,5143951,5143955,2010
4004814,5143245,5184929,2010
4004815,5217454,5217516,2010
4004816,5127867,5132664,2010
4004817,4000499,4000550,2010
4004818,4000551,5143300,2010
4004819,5072872,5121175,2010
4004820,5143860,5145562,2010
4004821,5122058,5147029,2010
4004822,4000501,4000553,2010
4004823,5217796,5222651,2010
4004824,5132720,5132735,2010
4004825,5148351,5156268,2010
4004826,5117880,5132018,2010
4004827,4014183,5110116,2010
4004828,5145528,5147293,2010
4004829,5147305,5164093,2010
4004830,4002411,5122191,2010
4004831,5183277,5184346,2010
4004832,5183299,5187654,2010
4004833,5143285,5143856,2010
4004834,5132738,5187988,2010
4004835,5116937,5202745,2010
4004836,4003848,5187425,2010
4004837,5117787,5147151,2010
4004838,5217481,5217519,2010
4004839,5143631,5164040,2010
4004840,5127866,5132767,2010
4004842,4008616,5202804,2010
4004843,5116685,5146718,2010
4004844,5143649,5183279,2010
4004845,4002357,5117830,2010
4004846,5098468,5143193,2010
4004847,5216718,5217474,2010
4004848,5122046,5156267,2010
4004849,5092871,5132346,2010
4004850,5145321,5156344,2010
4004851,5077916,5146404,2010
4004852,5127347,5144206,2010
4004853,5116286,5117476,2010
4004854,4005422,5098628,2010
4004855,5216359,5216366,2010
4004856,5142688,5145048,2010
4004857,4002429,5222554,2010
4004858,5116329,5122037,2010
4004859,5122390,5183844,2010
4004860,5122346,5142691,2010
4004861,5098812,5164326,2010
4004862,5148060,5222767,2010
4004863,5202282,5217129,2010
4004864,4001529,4003112,2010
4004865,5216358,5222469,2010
4004866,5117474,5146008,2010
4004867,4001578,5183903,2010
4004868,5147664,5164295,2010
4004869,5098061,5156280,2010
4004870,5116260,5145060,2010
4004871,4004562,5148274,2010
4004872,5156363,5183440,2010
4004874,5148251,5148280,2010
4004875,5122325,5183422,2010
4004876,4012391,5216363,2010
4004877,5183045,5216907,2010
4004878,5146511,5202973,2010
4004879,5147638,5147669,2010
4004880,5097046,5098303,2010
4004881,5184891,5202500,2010
4004882,4004561,5184786,2010
4004883,5122367,5144025,2010
4004884,4008480,5147876,2010
4004885,4004548,5098919,2010
4004886,4005438,5098918,2010
4004887,5079297,5098909,2010
4004888,4001541,5144304,2010
4004889,5127636,5187189,2010
4004890,5072450,5121209,2010
4004891,4004549,5142754,2010
4004892,4005441,5216964,2010
4004893,4004547,4005437,2010
4004894,5217610,5217696,2010
4004895,5148422,5156008,2010
4004896,5144002,5222589,2010
4004897,4002346,5216919,2010
4004898,5116302,5132040,2010
4004899,5144598,5148000,2010
4004900,4000726,5183917,2010
4004901,5187184,5187196,2010
4004902,4001561,5110279,2010
4004903,5077622,5098831,2010
4004904,5110484,5145078,2010
4004906,5116190,5144590,2010
4004907,5132551,5132555,2010
4004908,5132550,5132558,2010
4004909,5144605,5217775,2010
4004910,4003108,5202070,2010
4004911,4004545,5144309,2010
4004912,5079290,5144599,2010
4004913,5144582,5217774,2010
4004914,5144580,5202316,2010
4004915,5116274,5155885,2010
4004916,4003794,5127454,2010
4004917,5093425,5098869,2010
4004918,5098054,5117985,2010
4004919,5156095,5187874,2010
4004920,5109515,5110466,2010
4004921,4001547,5116207,2010
4004922,5092563,5116013,2010
4004923,5121004,5122383,2010
4004924,4005416,4005424,2010
4004925,5098256,5142800,2010
4004926,4000720,5110290,2010
4004927,5142760,5143674,2010
4004928,5144324,5145849,2010
4004930,5184976,5217636,2010
4004931,4003024,5184821,2010
4004932,5098143,5145070,2010
4004933,4005405,5121434,2010
4004934,4002399,5222373,2010
4004935,4002410,5216145,2010
4004936,4001566,5147871,2010
4004937,5121009,5121072,2010
4004938,5109519,5109598,2010
4004939,4001575,5184834,2010
4004940,5109292,5144628,2010
4004941,5117942,5144314,2010
4004942,4004539,4004553,2010
4004943,4005406,5217657,2010
4004944,5217650,5222194,2010
4004945,5147960,5183033,2010
4004946,4001487,5142991,2010
4004947,5098257,5217753,2010
4004948,5121160,5121213,2010
4004949,4013052,5144692,2010
4004950,5202063,5216594,2010
4004951,4002358,5183845,2010
4004952,4004542,5146806,2010
4004953,4005429,5222209,2010
4004954,5109192,5117723,2010
4004955,4001527,5143997,2010
4004956,5187295,5222499,2010
4004957,5132859,5132878,2010
4004958,5145605,5187542,2010
4004959,5121497,5202858,2010
4004960,4005419,5145611,2010
4004961,4005417,5184525,2010
4004962,4000579,5072745,2010
4004963,5184527,5187572,2010
4004964,5078064,5080168,2010
4004965,5143150,5148344,2010
4004966,5121493,5156290,2010
4004967,5143111,5145390,2010
4004968,5183897,5184667,2010
4004969,5127476,5183117,2010
4004970,5110189,5127789,2010
4004971,5108507,5143586,2010
4004972,5143123,5146191,2010
4004973,5127812,5132842,2010
4004974,5110150,5117730,2010
4004975,4003121,5202868,2010
4004976,5116574,5116826,2010
4004977,5202875,5216585,2010
4004978,5187625,5216596,2010
4004979,5148335,5155507,2010
4004980,4005428,5116600,2010
4004981,5147134,5184523,2010
4004982,5097591,5184913,2010
4004983,4004552,5183296,2010
4004985,4000759,5164227,2010
4004986,4005427,5108588,2010
4004987,5145134,5145520,2010
4004988,5132268,5217740,2010
4004989,4009258,5077799,2010
4004990,5183536,5216943,2010
4004991,5098706,5110159,2010
4004992,5147076,5147211,2010
4004993,5216428,5216429,2010
4004994,5116760,5217731,2010
4004995,5132822,5144081,2010
4004996,5116850,5146670,2010
4004997,4005425,5122492,2010
4004998,4003154,5143587,2010
4004999,5132180,5143575,2010
4005000,4003124,5184606,2010
4005001,5156228,5187541,2010
4005002,5145649,5216995,2010
4005003,5183578,5184953,2010
4005004,5097286,5217739,2010
4005005,4005446,5148122,2010
4005006,5098119,5121042,2010
4005007,5147257,5147746,2010
4005008,5145224,5148249,2010
4005009,5098737,5156264,2010
4005010,5122480,5146274,2010
4005011,5164373,5184272,2010
4005012,4003116,5187308,2010
4005013,5098682,5147925,2010
4005014,5144857,5156338,2010
4005015,4000599,5223076,2010
4005016,4002325,5077740,2010
4005017,4000740,5142927,2010
4005018,4001512,4001592,2010
4005019,5144284,5147375,2010
4005020,4001600,5098696,2010
4005021,5145143,5183594,2010
4005022,5187315,5216676,2010
4005023,5146611,5187338,2010
4005024,5142512,5143584,2010
4005025,5127053,5144285,2010
4005026,5183573,5183576,2010
4005027,4005411,5164046,2010
4005028,5092138,5202951,2010
4005029,5098700,5202640,2010
4005030,4000601,5121032,2010
4005031,4002309,4003840,2010
4005032,5183589,5187509,2010
4005033,5202631,5216613,2010
4005034,5142899,5144147,2010
4005035,5164245,5164362,2010
4005036,5144705,5145693,2010
4005037,5142918,5148250,2010
4005038,5216318,5222121,2010
4005039,5144697,5156207,2010
4005040,5156295,5184568,2010
4005041,5078004,5156270,2010
4005042,5132799,5217273,2010
4005043,5146699,5147247,2010
4005044,5156487,5164364,2010
4005045,5216306,5216776,2010
4005046,4001565,5164488,2010
4005048,4003034,4011898,2010
4005049,5184851,5187830,2010
4005050,4001519,5109223,2010
4005051,5117192,5121008,2010
4005052,5142783,5144320,2010
4005053,4003026,5183015,2010
4005054,5109227,5116114,2010
4005055,5109647,5144817,2010
4005056,4005407,5097805,2010
4005057,4002397,5216888,2010
4005058,4003829,5121184,2010
4005059,5155851,5156100,2010
4005060,5143352,5222545,2010
4005061,5184692,5184820,2010
4005062,5187897,5202329,2010
4005063,5202323,5216557,2010
4005064,4002305,5110276,2010
4005065,4009243,5122267,2010
4005066,5122237,5132302,2010
4005067,4000596,5187842,2010
4005068,5109222,5116158,2010
4005069,4007051,5109250,2010
4005070,4001549,5184846,2010
4005071,5110464,5122254,2010
4005072,5117191,5184945,2010
4005073,5079181,5092829,2010
4005074,4003037,5202320,2010
4005075,5183976,5187847,2010
4005076,5116150,5116199,2010
4005077,5216077,5217700,2010
4005078,4009797,5109544,2010
4005079,4007622,5077883,2010
4005080,5183978,5202352,2010
4005081,5184246,5187913,2010
4005082,5164089,5184629,2010
4005083,5184622,5184627,2010
4005084,4005445,5109155,2010
4005085,4005426,5216444,2010
4005086,5142988,5146658,2010
4005087,5109856,5147212,2010
4005088,5122172,5127822,2010
4005089,5145636,5148049,2010
4005090,5143085,5202931,2010
4005091,4000586,5144729,2010
4005093,4005189,5184007,2011
4005094,4003797,5093299,2011
4005095,5142657,5144907,2011
4005096,4001506,5144909,2011
4005097,5098587,5108743,2011
4005098,4003833,5202543,2011
4005099,5109718,5116786,2011
4005100,5156222,5156309,2011
4005163,5156333,5187058,2011
4005164,5144910,5144920,2011
4005165,4009171,5098570,2011
4005167,4002404,5184948,2011
4005168,5098597,5109750,2011
4005169,4005157,5142596,2011
4005170,5142585,5216938,2011
4005171,5122423,5143620,2011
4005172,5127410,5144454,2011
4005173,4009246,5142670,2011
4005174,5097303,5146115,2011
4005175,5117562,5127310,2011
4005176,4005185,5109728,2011
4005177,5144064,5145233,2011
4005178,4005183,5222293,2011
4005179,5202370,5216493,2011
4005180,5216377,5222001,2011
4005191,4013666,5216385,2011
4005192,5217973,5222885,2011
4005193,5142611,5145306,2011
4005194,4002192,5187047,2011
4005195,5216522,5216536,2011
4005196,5222562,5222730,2011
4005197,4003823,5127137,2011
4005199,5097219,5109779,2011
4005200,4001599,5183508,2011
4005201,4003023,5187087,2011
4005202,5109766,5187969,2011
4005203,5142598,5202598,2011
4005204,4000765,5147491,2011
4005205,4005187,5108684,2011
4005206,5109765,5109775,2011
4005207,5183867,5217733,2011
4005208,5143529,5146311,2011
4005209,4003795,5216538,2011
4005210,5216517,5217371,2011
4005211,5108702,5127163,2011
4005212,4003028,5142613,2011
4005213,5108675,5116353,2011
4005214,5183487,5184182,2011
4005215,4009273,5116459,2011
4005216,4013119,5187110,2011
4005217,4000058,5217993,2011
4005218,5183482,5183515,2011
4005219,4000562,5147731,2011
4005220,5127214,5156241,2011
4005221,5183871,5223065,2011
4005222,5222566,5222657,2011
4005223,5117628,5127140,2011
4005224,5127045,5127210,2011
4005225,5117511,5143890,2011
4005226,5122454,5127585,2011
4005227,4008607,5144948,2011
4005228,5184287,5187105,2011
4005229,5132979,5183493,2011
4005230,5145003,5202916,2011
4005231,4003828,5184102,2011
4005232,5187407,5202642,2011
4005233,4003104,5184093,2011
4005234,5117599,5222569,2011
4005235,5108693,5116375,2011
4005236,5142563,5145001,2011
4005237,4005181,5156409,2011
4005238,4002199,4002339,2011
4005239,5184134,5202454,2011
4005240,5202382,5217318,2011
4005241,4005403,5217350,2011
4005242,5109491,5184994,2011
4005243,5187165,5202396,2011
4005244,4005137,5187145,2011
4005245,4002197,5108666,2011
4005246,4003110,5216456,2011
4005247,4005138,5216470,2011
4005248,5116404,5183147,2011
4005249,5187079,5202400,2011
4005250,5216376,5216528,2011
4005251,5187427,5187435,2011
4005252,5183797,5187428,2011
4005254,5110171,5143635,2011
4005255,4000387,5216607,2011
4005256,4000744,4002098,2011
4005257,5092868,5117847,2011
4005258,4003810,4003851,2011
4005259,5109366,5116924,2011
4005260,4002097,5147185,2011
4005261,4003811,5148121,2011
4005262,5122076,5216936,2011
4005263,5078204,5093154,2011
4005264,4001523,4001598,2011
4005265,4003164,5145589,2011
4005266,4001521,4001585,2011
4005267,5202780,5202820,2011
4005268,4003122,5184416,2011
4005269,4005115,5183357,2011
4005271,5147189,5148479,2011
4005272,4005145,5127865,2011
4005273,5116555,5222231,2011
4005275,5092127,5109475,2011
4005276,4009285,5183287,2011
4005277,5187434,5187610,2011
4005278,5145493,5146721,2011
4005280,5143645,5143911,2011
4005281,5216654,5216663,2011
4005282,5122157,5183145,2011
4005283,5127884,5222735,2011
4005284,5187638,5202751,2011
4005285,5109339,5147015,2011
4005286,5110098,5132621,2011
4005287,4005443,5148492,2011
4005288,5187630,5216673,2011
4005289,5127894,5143103,2011
4005290,5202763,5217527,2011
4005291,5143270,5143859,2011
4005292,5117930,5216670,2011
4005293,5116550,5116938,2011
4005294,4000552,4003814,2011
4005295,4000795,5132818,2011
4005296,4003813,5202709,2011
4005297,5078205,5080254,2011
4005298,4000772,5132731,2011
4005300,5187704,5202822,2011
4005301,5097480,5143053,2011
4005302,5092898,5117859,2011
4005303,4001526,5110124,2011
4005304,5155607,5183264,2011
4005305,5217472,5222319,2011
4005306,5127975,5183396,2011
4005307,5108519,5109141,2011
4005308,5146906,5147294,2011
4005309,5097491,5147326,2011
4005310,5116656,5187990,2011
4005311,5122121,5184471,2011
4005312,5132611,5145085,2011
4005313,5092897,5092919,2011
4005314,5092903,5098495,2011
4005315,5098497,5184919,2011
4005316,5217797,5222622,2011
4005317,5216687,5222233,2011
4005318,5144851,5145497,2011
4005319,4013074,5187634,2011
4005320,5164121,5187640,2011
4005321,5202764,5202767,2011
4005322,4005116,5216674,2011
4005323,5148480,5184426,2011
4005324,5183329,5202770,2011
4005325,5187592,5217437,2011
4005326,5184482,5187009,2011
4005327,5183257,5184439,2011
4005328,4003850,5108579,2011
4005329,5109383,5116967,2011
4005330,4003809,5187642,2011
4005331,5116954,5187602,2011
4005332,5187296,5216581,2011
4005333,4002427,4005159,2011
4005334,5122014,5145381,2011
4005335,5187298,5202895,2011
4005336,5146177,5146213,2011
4005337,4005117,5216583,2011
4005339,4002430,5127780,2011
4005340,5093033,5116133,2011
4005341,5110180,5132857,2011
4005342,5148340,5184557,2011
4005343,5216573,5222536,2011
4005344,5202881,5217484,2011
4005345,4003807,5202880,2011
4005346,5132847,5147022,2011
4005347,5164127,5217191,2011
4005348,5109490,5183969,2011
4005349,4000788,4002367,2011
4005350,5093051,5143141,2011
4005351,5108636,5184428,2011
4005352,5080159,5146208,2011
4005353,5121465,5217178,2011
4005354,5148348,5184547,2011
4005355,5164344,5187948,2011
4005356,5222640,5222693,2011
4005357,5078067,5147090,2011
4005358,5108644,5202980,2011
4005359,5145083,5145759,2011
4005360,4006751,5222642,2011
4005361,5145653,5222636,2011
4005362,4012427,5216617,2011
4005363,5145659,5216899,2011
4005364,5202681,5217528,2011
4005365,4001576,5148111,2011
4005366,5147144,5148305,2011
4005367,5142980,5148309,2011
4005368,5155597,5184328,2011
4005369,5142965,5156348,2011
4005370,4005126,4011320,2011
4005371,4003047,5187837,2011
4005372,5098925,5142764,2011
4005373,4005149,5093292,2011
4005374,5132504,5156109,2011
4005375,5121270,5142854,2011
4005376,4009270,5216963,2011
4005377,4005190,5216133,2011
4005378,5143398,5146502,2011
4005379,4003802,4011887,2011
4005380,4002353,5187267,2011
4005381,4003787,5187259,2011
4005382,4003776,5072495,2011
4005383,5110339,5146103,2011
4005384,5144462,5145860,2011
4005385,4000536,5143371,2011
4005386,5109444,5144463,2011
4005387,5183022,5183676,2011
4005388,5216268,5222428,2011
4005389,5216270,5217287,2011
4005390,4001573,5147559,2011
4005391,5127950,5132071,2011
4005392,4003050,5132202,2011
4005393,5072807,5116074,2011
4005394,4003847,5217362,2011
4005395,5183757,5183794,2011
4005396,5108854,5145870,2011
4005397,4005135,5145171,2011
4005398,5117660,5145161,2011
4005399,5098238,5108790,2011
4005400,5145151,5145195,2011
4005451,4003043,5144275,2011
4005452,5223080,5223087,2011
4005453,5148223,5148236,2011
4005454,5127763,5144174,2011
4005455,5202553,5217538,2011
4005456,5156332,5216426,2011
4005457,5098235,5132264,2011
4005458,4003157,5184251,2011
4005459,4001513,5156303,2011
4005460,5202548,5202587,2011
4005461,5132993,5142526,2011
4005462,5092274,5127018,2011
4005463,5142506,5156335,2011
4005464,4002323,5183248,2011
4005465,5132913,5144255,2011
4005466,4003115,5155996,2011
4005467,4000767,5109903,2011
4005468,5144842,5145137,2011
4005469,5132928,5145558,2011
4005470,5132321,5144497,2011
4005471,5098092,5127349,2011
4005472,5109753,5127103,2011
4005473,4009277,5145638,2011
4005474,5145118,5145138,2011
4005475,5148043,5216992,2011
4005476,5098232,5223093,2011
4005477,5116777,5132915,2011
4005478,5078246,5079475,2011
4005479,5098245,5098626,2011
4005480,4005150,5117636,2011
4005481,5109902,5116415,2011
4005482,5164363,5202903,2011
4005483,5144263,5144409,2011
4005484,5202595,5216793,2011
4005485,5127594,5144165,2011
4005486,5144143,5183092,2011
4005487,5148185,5164378,2011
4005488,4005132,5144297,2011
4005489,4003798,5098672,2011
4005490,5132939,5132954,2011
4005491,4005160,5117616,2011
4005492,5145684,5202925,2011
4005493,5223074,5223092,2011
4005494,5127751,5202423,2011
4005495,5127042,5144150,2011
4005496,4005128,5202625,2011
4005497,5127028,5127091,2011
4005498,5147479,5216839,2011
4005499,5146558,5202590,2011
4005500,4005113,4009311,2011
4005501,5216834,5217580,2011
4005502,4005408,5202580,2011
4005503,5144251,5216803,2011
4005504,4005130,5217255,2011
4005505,5216805,5217539,2011
4005506,5183295,5184599,2011
4005508,5148166,5148232,2011
4005509,4009252,5183176,2011
4005510,5184298,5187337,2011
4005511,5147367,5183174,2011
4005512,4002413,5109925,2011
4005513,4003163,5147430,2011
4005514,5217591,5222123,2011
4005515,4009314,5183151,2011
4005516,5097372,5155988,2011
4005517,5072188,5093077,2011
4005518,5187339,5202591,2011
4005519,4005133,4005420,2011
4005520,5148242,5164360,2011
4005521,5148220,5156225,2011
4005522,5183155,5187377,2011
4005523,5117685,5145142,2011
4005524,5216817,5223089,2011
4005525,4003125,5098098,2011
4005526,4009255,5187026,2011
4005527,5093194,5144189,2011
4005528,5122035,5144904,2011
4005529,5187357,5202557,2011
4005530,5098695,5216396,2011
4005531,4000741,5183596,2011
4005532,5098763,5144974,2011
4005533,5223079,5223088,2011
4005534,5127846,5145162,2011
4005535,5132192,5184781,2011
4005536,5202336,5217688,2011
4005538,5184756,5202902,2011
4005539,5216871,5217391,2011
4005540,4009316,5145766,2011
4005542,4005122,5217821,2011
4005543,5117976,5147978,2011
4005544,4001501,5147985,2011
4005545,4003035,5222764,2011
4005546,4009262,5184216,2011
4005547,5142872,5156033,2011
4005548,5147526,5147602,2011
4005549,5144014,5183930,2011
4005550,4001542,5148403,2011
4005551,4005434,5217364,2011
4005552,5142562,5143888,2011
4005553,4000565,5117536,2011
4005554,5108705,5148094,2011
4005555,5108672,5184113,2011
4005556,5127527,5147362,2011
4005557,5097213,5127232,2011
4005558,5108648,5127073,2011
4005559,4013668,5144218,2011
4005560,5117494,5184135,2011
4005561,5077825,5078343,2011
4005562,5097102,5116432,2011
4005563,5144998,5187477,2011
4005564,5127710,5183458,2011
4005565,5222555,5222683,2011
4005566,4003166,4003793,2011
4005567,5108655,5127268,2011
4005568,5146283,5146678,2011
4005569,5109670,5144771,2011
4005570,5116480,5147004,2011
4005571,4002344,5122409,2011
4005572,5156396,5183542,2011
4005573,5147358,5216489,2011
4005574,5156370,5164356,2011
4005575,4002403,5155976,2011
4005576,4002343,5183455,2011
4005577,5127925,5127928,2011
4005578,4001518,4005142,2011
4005579,5183280,5183569,2011
4005580,4000164,5222488,2011
4005581,5079454,5187960,2011
4005582,5122350,5144244,2011
4005583,5187451,5187786,2011
4005584,5216332,5217616,2011
4005585,5222443,5222457,2011
4005586,5183430,5183439,2011
4005587,5097300,5116180,2011
4005588,4005412,5184213,2011
4005589,4001593,5156030,2011
4005590,5147865,5155974,2011
4005591,5098648,5110221,2011
4005592,4005436,5187464,2011
4005593,5217113,5217132,2011
4005594,5116285,5132311,2011
4005595,5098637,5216908,2011
4005596,5142686,5144135,2011
4005597,5093298,5122324,2011
4005598,4005118,5144260,2011
4005599,5132571,5144240,2011
4005600,5144006,5144226,2011
4005601,4001528,4003783,2011
4005602,5132395,5145050,2011
4005603,4005121,5132200,2011
4005604,4009249,5187467,2011
4005605,4003782,5122334,2011
4005606,5187293,5187824,2011
4005607,4003114,5184001,2011
4005608,5148272,5222726,2011
4005609,5127697,5142699,2011
4005610,5142695,5144216,2011
4005611,5183419,5184247,2011
4005612,4005184,5110211,2011
4005613,5079436,5202927,2011
4005614,5098800,5109723,2011
4005615,4000292,5222461,2011
4005616,5116338,5132165,2011
4005617,5187212,5216218,2011
4005618,5144351,5145368,2011
4005619,5116092,5117296,2011
4005620,5098366,5127555,2011
4005621,5132209,5132364,2011
4005622,5117053,5145800,2011
4005623,4001539,5222577,2011
4005624,5077866,5222549,2011
4005625,5097171,5184908,2011
4005626,5121462,5143402,2011
4005628,5121412,5202310,2011
4005629,5116956,5144461,2011
4005630,4002354,5216208,2011
4005631,5144354,5147509,2011
4005632,5144043,5147519,2011
4005633,5148379,5187238,2011
4005634,5116099,5116862,2011
4005635,5156091,5183810,2011
4005636,5121452,5127446,2011
4005637,5202883,5216612,2011
4005638,5097216,5146997,2011
4005639,4003799,5187745,2011
4005640,4002433,5155714,2011
4005641,5202268,5216095,2011
4005642,4002334,5147715,2011
4005643,5145886,5145903,2011
4005644,4001583,5097726,2011
4005645,5155705,5222664,2011
4005646,5145386,5202259,2011
4005647,5148364,5183118,2011
4005648,4000591,5187943,2011
4005649,5143446,5146466,2011
4005650,5187770,5187776,2011
4005651,5222668,5222760,2011
4005652,5132079,5183135,2011
4005653,5143774,5188000,2011
4005654,5132233,5144182,2011
4005655,5202160,5202270,2011
4005656,5097718,5216926,2011
4005657,5098995,5109235,2011
4005658,4000780,5132136,2011
4005659,4009153,5217018,2011
4005660,4003800,5216079,2011
4005661,5217022,5217884,2011
4005662,5072832,5110420,2011
4005663,5079069,5184040,2011
4005664,5156147,5183691,2011
4005665,4007636,5121348,2011
4005666,5143744,5146454,2011
4005668,5184735,5187755,2011
4005669,5079095,5144525,2011
4005670,4009154,5098953,2011
4005671,5077580,5108862,2011
4005672,5145958,5155932,2011
4005673,5117140,5132139,2011
4005674,5184656,5187796,2011
4005675,5110300,5132129,2011
4005676,5216017,5217838,2011
4005677,5079102,5097750,2011
4005678,5121322,5144505,2011
4005679,5222676,5222782,2011
4005680,5217020,5217898,2011
4005681,5132106,5144515,2011
4005682,5117106,5132420,2011
4005683,4009247,5132447,2011
4005684,4003789,5121318,2011
4005685,5144507,5146439,2011
4005686,5109915,5117014,2011
4005687,5132442,5145907,2011
4005688,5187803,5216033,2011
4005689,5184644,5216036,2011
4005690,5183686,5183728,2011
4005691,5184712,5184755,2011
4005692,5097755,5145938,2011
4005693,4002428,5132427,2011
4005694,4005120,5146226,2011
4005695,5187812,5187816,2011
4005696,5187807,5202154,2011
4005697,4003830,5183717,2011
4005698,4002330,5217042,2011
4005699,5117273,5155744,2011
4005700,4001594,5183652,2011
4005701,5079355,5144441,2011
4005702,5144435,5222646,2011
4005703,4009276,5202911,2011
4005704,5098127,5116846,2011
4005705,5202734,5216691,2011
4005706,4005155,5216278,2011
4005707,4000512,5183404,2011
4005708,5148130,5222743,2011
4005710,5184617,5216446,2011
4005711,4009275,5117909,2011
4005712,5097764,5098519,2011
4005713,4003804,5156206,2011
4005714,5116723,5142729,2011
4005715,4000766,4002312,2011
4005716,5147169,5147222,2011
4005717,4002401,5147413,2011
4005718,5147106,5164242,2011
4005719,5184564,5187508,2011
4005720,4000791,5146671,2011
4005721,4003834,5155519,2011
4005722,5146895,5148129,2011
4005723,5148497,5222713,2011
4005724,5097399,5148234,2011
4005725,5147033,5155513,2011
4005726,5097524,5146703,2011
4005727,5144723,5145665,2011
4005728,4005141,5216323,2011
4005729,4003127,5098101,2011
4005730,5109110,5144477,2011
4005731,5092678,5142525,2011
4005732,5132914,5144721,2011
4005733,5142914,5217737,2011
4005734,5143894,5148390,2011
4005735,5109990,5142920,2011
4005736,5097403,5222721,2011
4005737,5122466,5187657,2011
4005738,5156237,5184573,2011
4005739,5222609,5222722,2011
4005740,4000770,5143952,2011
4005741,5144405,5144961,2011
4005742,4005152,5222723,2011
4005743,5156477,5156498,2011
4005744,5148248,5164436,2011
4005745,5097503,5098095,2011
4005746,4000527,5187352,2011
4005747,5147245,5148162,2011
4005748,4000121,5217540,2011
4005749,5109982,5121029,2011
4005750,5202632,5217276,2011
4005751,5109101,5109933,2011
4005752,5109987,5216997,2011
4005753,5216779,5222607,2011
4005754,4000556,5144362,2011
4005755,5132356,5132359,2011
4005756,5109295,5155814,2011
4005757,5116222,5117960,2011
4005758,4003022,5156064,2011
4005759,5147860,5184011,2011
4005760,5072247,5117160,2011
4005761,5144345,5183050,2011
4005762,4009289,5122307,2011
4005763,5122296,5132254,2011
4005764,5146515,5148367,2011
4005765,5132217,5142856,2011
4005766,5127579,5144380,2011
4005768,5184640,5184679,2011
4005769,5127829,5144341,2011
4005770,4000682,4005109,2011
4005771,4002359,5202046,2011
4005772,5092553,5097083,2011
4005773,4002394,4005119,2011
4005774,5127554,5183709,2011
4005775,5148360,5155848,2011
4005776,5202281,5222175,2011
4005777,4001548,5097093,2011
4005778,5097078,5187976,2011
4005779,5147739,5147891,2011
4005780,4005111,5202041,2011
4005781,5144660,5187974,2011
4005782,5127633,5132866,2011
4005783,5127610,5142886,2011
4005784,5092135,5142878,2011
4005785,5127644,5144346,2011
4005786,5116202,5117994,2011
4005787,4002099,5187226,2011
4005788,4004541,5117984,2011
4005789,5187853,5202074,2011
4005790,5142787,5144342,2011
4005791,4003777,5144044,2011
4005792,5122292,5142834,2011
4005793,4001489,5155827,2011
4005794,5184827,5187819,2011
4005795,4000142,5217390,2011
4005797,5146752,5164247,2011
4005798,5144601,5156043,2011
4005799,4005108,5121015,2011
4005800,5144001,5144366,2011
4005801,5216105,5216262,2011
4005802,5202005,5217828,2011
4005803,5146491,5147853,2011
4005804,4000722,5116152,2011
4005806,5155824,5202087,2011
4005807,5117955,5164476,2011
4005808,5092526,5109038,2011
4005809,5148306,5202038,2011
4005810,5145991,5147990,2011
4005811,5156103,5164487,2011
4005812,4001551,5121058,2011
4005813,4000595,5183011,2011
4005814,4009241,4009244,2011
4005815,5109033,5147975,2011
4005816,4000020,4012401,2011
4005817,5097810,5121057,2011
4005818,5092739,5116030,2011
4005819,4005103,5098272,2011
4005820,5110469,5142786,2011
4005821,4002363,4005106,2011
4005822,5142882,5144316,2011
4005823,4000729,5145712,2011
4005824,5142871,5142880,2011
4005825,5202010,5222207,2011
4005826,4002337,5202688,2011
4005827,5217507,5222212,2011
4005828,5117351,5117948,2011
4005830,5164478,5187368,2011
4005831,4000197,5216136,2011
4005832,5147582,5183013,2011
4005833,5132375,5142879,2011
4005834,5202066,5202434,2011
4005835,5184780,5216217,2011
4005836,5187890,5216183,2011
4005837,5122344,5183024,2011
4005838,5184861,5187882,2011
4005839,4009242,5184869,2011
4005840,5098718,5122234,2011
4005841,4001493,4005112,2011
4005842,4005102,5164468,2011
4005843,4005107,4005123,2011
4005844,4009243,5122267,2011
4005845,4002306,5184215,2011
4005846,5183975,5216481,2011
4005886,5109387,5122215,2012
4005887,5110075,5147017,2012
4005888,5183341,5187724,2012
4005908,5097660,5109390,2012
4005909,5147138,5164080,2012
4005910,4002431,5127970,2012
4005911,5132787,5142740,2012
4005912,4005904,5184396,2012
4005913,5183300,5183602,2012
4005914,5080160,5117395,2012
4005915,5132768,5146987,2012
4005916,5183322,5183832,2012
4005917,5146977,5216946,2012
4005918,5217446,5222284,2012
4005919,5122207,5147316,2012
4005920,5217460,5222695,2012
4005921,5132679,5146879,2012
4005922,5117880,5132018,2012
4005923,5132720,5132735,2012
4005924,5187560,5187665,2012
4005925,4005872,5223506,2012
4005926,4005871,5164183,2012
4005927,5217494,5222312,2012
4005928,5145584,5147218,2012
4005929,5127924,5216308,2012
4005930,5184466,5187646,2012
4005931,5184457,5184475,2012
4005932,5145579,5147337,2012
4005933,5187693,5217473,2012
4005934,5155608,5222632,2012
4005935,4001586,5143256,2012
4005936,5147024,5155551,2012
4005937,4005866,5217750,2012
4005938,5202837,5217503,2012
4005939,5222298,5222512,2012
4005940,5164118,5183337,2012
4005941,5097467,5183412,2012
4005942,5080190,5117175,2012
4005943,5143172,5143276,2012
4005944,5072798,5108798,2012
4005946,5145405,5202785,2012
4005947,5122046,5156267,2012
4005949,4003808,5145417,2012
4005950,5098468,5143193,2012
4005951,5110402,5144485,2012
4005952,4005907,5183653,2012
4005953,4000576,5122408,2012
4005954,5147575,5147771,2012
4005955,5132080,5132143,2012
4005956,4001601,5164277,2012
4005957,4001557,5132055,2012
4005958,4011322,5117334,2012
4005959,5202269,5217078,2012
4005960,4005881,5217056,2012
4005961,4003832,5202258,2012
4005962,4001584,5117003,2012
4005963,5146478,5187777,2012
4005965,4005894,5216977,2012
4005966,5117215,5183069,2012
4005967,4003160,5132440,2012
4005968,5098960,5183675,2012
4005969,4002389,5217011,2012
4005970,5187752,5217059,2012
4005971,4009291,5184940,2012
4005972,4005868,5222436,2012
4005973,5202034,5202319,2012
4005974,4005125,5156121,2012
4005975,5183780,5187202,2012
4005976,4000531,4000598,2012
4005977,4009274,5184489,2012
4005978,5147992,5216084,2012
4005979,5187759,5217076,2012
4005980,5143709,5217770,2012
4005981,5132486,5148032,2012
4005982,5121310,5127668,2012
4005983,4001275,5223684,2012
4005984,5202275,5216097,2012
4005985,5187742,5202108,2012
4005986,4000336,5217855,2012
4005987,5146436,5147781,2012
4005988,5132148,5216050,2012
4005989,4000779,5147782,2012
4005990,5143420,5143437,2012
4005991,4000793,5146231,2012
4005992,4003801,5146456,2012
4005994,5216275,5222758,2012
4005995,5143742,5156278,2012
4005996,5187772,5217053,2012
4005997,4000542,4000572,2012
4005998,5217887,5223688,2012
4005999,4000328,4000332,2012
4006000,4000340,5132091,2012
4006001,5117261,5132124,2012
4006002,5146449,5222420,2012
4006003,5110366,5217744,2012
4006004,5143725,5145956,2012
4006005,5121312,5143714,2012
4006006,4009155,5217043,2012
4006007,4000573,4005415,2012
4006008,5202150,5216015,2012
4006009,5077576,5187926,2012
4006010,4005895,5217015,2012
4006011,5217036,5217908,2012
4006012,5079074,5097745,2012
4006013,5132102,5143703,2012
4006014,5132101,5143699,2012
4006015,4007623,5121331,2012
4006016,5121256,5184663,2012
4006017,5132120,5132445,2012
4006018,4003161,5202125,2012
4006019,5110297,5132516,2012
4006020,5148431,5148450,2012
4006021,4009272,5217073,2012
4006022,5093266,5108857,2012
4006023,4005882,5217923,2012
4006024,5183830,5217089,2012
4006025,4001517,4001604,2012
4006026,4001572,5222385,2012
4006027,5164260,5183774,2012
4006028,4003118,5187281,2012
4006029,4003041,5202231,2012
4006030,5216260,5222418,2012
4006031,5143363,5217005,2012
4006033,5072789,5108834,2012
4006034,4001515,4003844,2012
4006035,5117081,5117358,2012
4006036,5132514,5222591,2012
4006037,5184814,5202290,2012
4006038,5144667,5146798,2012
4006039,5143409,5155692,2012
4006040,5098898,5143453,2012
4006041,4005423,5098298,2012
4006042,4005867,5143030,2012
4006044,4005906,5156344,2012
4006045,4003796,5116019,2012
4006046,5109731,5183560,2012
4006047,4008612,5142666,2012
4006048,4000106,4005899,2012
4006049,5127284,5144883,2012
4006050,4003044,5202497,2012
4006051,5080179,5132348,2012
4006053,5217481,5217519,2012
4006054,5117787,5147151,2012
4006055,5116937,5202745,2012
4006056,4003848,5187425,2012
4006057,4005896,5147200,2012
4006058,5127916,5145409,2012
4006059,4009185,5146909,2012
4006060,5109879,5143188,2012
4006062,5222492,5222503,2012
4006063,5117716,5127782,2012
4006064,4005902,5217160,2012
4006065,5132867,5132876,2012
4006066,4004552,5183296,2012
4006067,5097588,5108642,2012
4006068,5116574,5116826,2012
4006069,4005428,5116600,2012
4006070,5147134,5184523,2012
4006071,4003152,5202740,2012
4006072,5143150,5148344,2012
4006073,5184527,5187572,2012
4006075,5148351,5222532,2012
4006076,5202875,5216585,2012
4006077,4000441,5223058,2012
4006078,5143111,5145390,2012
4006079,5121493,5156290,2012
4006080,5183116,5187954,2012
4006081,4005419,5145611,2012
4006082,5121497,5202858,2012
4006083,5132895,5145610,2012
4006084,5143991,5145601,2012
4006085,4005417,5184525,2012
4006086,5108507,5143586,2012
4006087,5164172,5164210,2012
4006088,5143123,5146191,2012
4006089,5127812,5132842,2012
4006090,4000759,5164227,2012
4006091,4005427,5108588,2012
4006092,5092866,5143014,2012
4006093,5072773,5110002,2012
4006094,5078137,5187917,2012
4006095,4005413,5147281,2012
4006096,4005898,5222327,2012
4006097,5080323,5108949,2012
4006098,5132697,5145621,2012
4006099,5146200,5222627,2012
4006100,4000503,4002412,2012
4006101,5143961,5146730,2012
4006102,5098471,5217778,2012
4006103,4005903,5132664,2012
4006104,5143235,5145455,2012
4006105,5110025,5132746,2012
4006106,4005897,5187654,2012
4006107,5143285,5143856,2012
4006109,5145593,5187928,2012
4006111,4002357,5117830,2012
4006112,4003805,5148311,2012
4006113,5187495,5222900,2012
4006114,5164089,5184629,2012
4006115,4005445,5109155,2012
4006116,5132802,5217530,2012
4006117,5142988,5146658,2012
4006118,4005426,5216444,2012
4006119,5145636,5148049,2012
4006120,5122172,5127822,2012
4006121,5143085,5202931,2012
4006122,4000586,5144729,2012
4006123,5077916,5146404,2012
4006124,5122411,5127688,2012
4006125,5127347,5144206,2012
4006126,5127471,5183462,2012
4006127,4000743,5156339,2012
4006128,5147240,5216913,2012
4006129,5155793,5222660,2012
4006130,5145276,5216987,2012
4006132,5116345,5116408,2012
4006133,5202429,5222851,2012
4006134,5187159,5187329,2012
4006135,5117946,5147628,2012
4006136,5108660,5127257,2012
4006137,4003156,5216476,2012
4006138,4005870,5217574,2012
4006139,5156487,5164364,2012
4006140,5132799,5216773,2012
4006141,5164132,5184478,2012
4006142,4001522,5108516,2012
4006143,5110018,5116694,2012
4006144,4005430,5183364,2012
4006145,5122116,5132022,2012
4006146,5072872,5121175,2012
4006148,4002411,5122191,2012
4006149,4005444,5148495,2012
4006150,5143951,5143955,2012
4006151,5216307,5217565,2012
4006152,5146699,5147247,2012
4006153,5144705,5145693,2012
4006154,5078004,5156270,2012
4006155,5098155,5122452,2012
4006156,5142905,5184568,2012
4006157,5164245,5164362,2012
4006158,5164237,5222051,2012
4006159,5142899,5144147,2012
4006160,5202631,5216613,2012
4006161,4002309,4003840,2012
4006162,5202650,5217260,2012
4006163,5183589,5187509,2012
4006164,4005411,5164046,2012
4006165,4001135,4005891,2012
4006166,4005877,5217546,2012
4006167,5109114,5109829,2012
4006169,5147257,5147746,2012
4006170,5098119,5121042,2012
4006171,4005446,5148122,2012
4006172,5097286,5217739,2012
4006173,5183578,5184593,2012
4006174,5187513,5222045,2012
4006175,4005869,5222285,2012
4006176,4000027,5222068,2012
4006177,5144818,5144823,2012
4006178,5144271,5184996,2012
4006179,4008471,5116440,2012
4006180,5148246,5183154,2012
4006181,5155546,5156331,2012
4006182,5183189,5222063,2012
4006183,5117598,5127166,2012
4006184,5142630,5144947,2012
4006185,5146329,5217339,2012
4006186,5116418,5144700,2012
4006187,4000790,5144092,2012
4006188,5216546,5222889,2012
4006189,5147498,5155775,2012
4006190,4002193,4002341,2012
4006191,4001509,5222582,2012
4006192,5216787,5216853,2012
4006193,4000081,5223192,2012
4006194,4005129,5187332,2012
4006195,5164373,5184272,2012
4006196,4003116,5187308,2012
4006197,4005131,5183157,2012
4006198,4013054,5183224,2012
4006199,5098682,5147925,2012
4006200,5217577,5222117,2012
4006201,4000736,4002315,2012
4006202,4005901,5217220,2012
4006203,4008484,5143618,2012
4006204,5143906,5146061,2012
4006205,5116752,5155753,2012
4006206,5223050,5223578,2012
4006207,5144184,5156466,2012
4006208,5183862,5216405,2012
4006209,4000787,5183638,2012
4006210,5109647,5144817,2012
4006211,5156208,5216931,2012
4006212,4001568,5147378,2012
4006213,5143525,5202946,2012
4006214,5110145,5142737,2012
4006215,5148202,5187234,2012
4006216,5098719,5132374,2012
4006217,4009266,5147512,2012
4006218,4005440,5146835,2012
4006219,5184952,5216041,2012
4006220,5121405,5222778,2012
4006221,4002393,5202308,2012
4006222,4005905,5216602,2012
4006223,4009268,5121436,2012
4006224,5116871,5183683,2012
4006225,5098854,5098872,2012
4006226,5147288,5148365,2012
4006227,4005450,5156086,2012
4006228,4001540,5184967,2012
4006229,5098862,5110319,2012
4006230,5121449,5217793,2012
4006231,5147504,5147830,2012
4006232,4005439,5098867,2012
4006233,5116858,5147063,2012
4006234,4005449,5145834,2012
4006235,5183840,5183841,2012
4006236,5156076,5216227,2012
4006237,5116286,5117476,2012
4006238,4005422,5098628,2012
4006239,5142688,5145048,2012
4006240,5116329,5122037,2012
4006241,5122390,5183844,2012
4006242,5098812,5164326,2012
4006243,5148060,5222767,2012
4006244,5122346,5142691,2012
4006245,4001529,4003112,2012
4006246,5143036,5147000,2012
4006247,4000265,5222454,2012
4006248,5117474,5146008,2012
4006249,4001578,5183903,2012
4006250,5147664,5164295,2012
4006251,5146550,5202334,2012
4006252,4003781,5202193,2012
4006253,5122325,5183422,2012
4006254,5116260,5145060,2012
4006255,4012391,5216363,2012
4006256,5146511,5202973,2012
4006257,4004562,5148274,2012
4006258,4001495,5184889,2012
4006259,4003108,5202070,2012
4006260,5144605,5217775,2012
4006261,5132550,5132558,2012
4006262,5116190,5144590,2012
4006263,5077622,5098831,2012
4006264,4001561,5110279,2012
4006265,4002380,4003780,2012
4006266,5217610,5217696,2012
4006267,5184891,5202500,2012
4006268,4004547,4005437,2012
4006269,5127636,5187189,2012
4006270,5184890,NA,2012
4006271,5144582,5217774,2012
4006272,5079290,5144599,2012
4006273,4000024,5217882,2012
4006274,5110484,5145078,2012
4006275,5116302,5132040,2012
4006276,5097200,5117435,2012
4006277,4005441,5216964,2012
4006278,4000621,4009264,2012
4006279,5217713,5217808,2012
4006280,5079297,5098909,2012
4006281,4001541,5144304,2012
4006282,4004548,5098919,2012
4006283,5183775,5202300,2012
4006284,5121004,5122383,2012
4006285,4005848,5222390,2012
4006286,4002381,5217644,2012
4006287,5217673,5222387,2012
4006288,5216077,5217700,2012
4006289,4000147,5222180,2012
4006290,5144641,5217831,2012
4006291,5122367,5144025,2012
4006292,4008480,5147876,2012
4006293,4001565,5164488,2012
4006294,4005405,5121434,2012
4006295,4005105,5217626,2012
4006296,4002432,5097085,2012
4006297,4001538,5216455,2012
4006298,5187822,5202683,2012
4006299,4004539,4004553,2012
4006300,4000212,5222381,2012
4006301,5222084,5222097,2012
4006302,4000599,5223076,2012
4006303,5092660,5109934,2012
4006304,4000769,5145186,2012
4006305,4009254,5223185,2012
4006306,5164402,5216866,2012
4006307,4005876,5098688,2012
4006308,5144792,5145150,2012
4006309,5148192,5156250,2012
4006310,5097377,5148017,2012
4006311,4005188,5183244,2012
4006312,4000078,5217603,2012
4006313,4000738,5164400,2012
4006314,5127053,5144285,2012
4006315,5145143,5183594,2012
4006316,5187315,5216676,2012
4006317,5202514,5216741,2012
4006318,5142512,5143584,2012
4006319,4003158,4005864,2012
4006320,4009258,5077799,2012
4006321,5109835,5147154,2012
4006322,5183536,5216943,2012
4006323,5097088,5164217,2012
4006324,5098706,5110159,2012
4006325,5156482,5202673,2012
4006326,5217269,5217556,2012
4006327,4005143,5217252,2012
4006328,4000301,4005874,2012
4006329,4003817,5216423,2012
4006330,5108539,5146126,2012
4006331,4000587,5116837,2012
4006332,5097516,5184920,2012
4006333,5202692,5217463,2012
4006334,4005425,5122492,2012
4006335,5216862,5216865,2012
4006336,5116850,5146670,2012
4006337,4003124,5184606,2012
4006338,5155614,5222963,2012
4006339,5144074,5222573,2012
4006340,5144091,5202915,2012
4006341,5216542,5217345,2012
4006342,5127226,5147487,2012
4006343,5187082,5217238,2012
4006344,4001547,5116207,2012
4006345,4005416,4005424,2012
4006346,5098256,5142800,2012
4006347,5144324,5145849,2012
4006348,4000211,5222161,2012
4006349,4002398,5222166,2012
4006350,5216099,5222389,2012
4006351,5093425,5098869,2012
4006352,5142760,5143674,2012
4006353,5092563,5116013,2012
4006354,4001575,5184834,2012
4006355,4005851,5116011,2012
4006356,5109519,5109598,2012
4006357,4005110,5117239,2012
4006358,4002410,5216145,2012
4006359,4005850,5117942,2012
4006360,4005104,5217664,2012
4006361,4000404,5222162,2012
4006362,5079045,5142986,2012
4006363,5147952,5222543,2012
4006364,5121160,5121213,2012
4006365,5098257,5217753,2012
4006366,5098139,5142807,2012
4006367,4003024,5184821,2012
4006368,4013052,5144692,2012
4006369,4003026,5183015,2012
4006370,5187879,5216146,2012
4006371,5148397,5202040,2012
4006372,5146823,5202049,2012
4006373,4002358,5183845,2012
4006374,4001519,5109223,2012
4006375,5117192,5121008,2012
4006376,5142783,5144320,2012
4006377,5155871,5222156,2012
4006378,5127614,5127671,2012
4006379,5098239,5121196,2012
4006380,5109222,5116158,2012
4006381,4003034,4011898,2012
4006382,5184851,5187830,2012
4006383,4004543,5117094,2012
4006384,4001533,5202031,2012
4006385,4005856,5187903,2012
4006386,4005407,5097805,2012
4006387,4000721,4005855,2012
4006388,5143352,5222545,2012
4006389,4007051,5109250,2012
4006390,4001549,5184846,2012
4006391,5187897,5202329,2012
4006392,5122237,5132302,2012
4006393,4000596,5187842,2012
4006394,5183913,5187831,2012
4006395,5079181,5092829,2012
4006396,4004545,5144309,2012
4006397,5216190,5222215,2012
4006398,5072392,5164229,2012
4006399,5183978,5202352,2012
4006400,5184246,5187913,2012
4006401,4007622,5077883,2012
4006402,4009797,5109544,2012
4006403,5127239,5127365,2012
4006404,4005432,5183523,2012
4006405,5217331,5222017,2012
4006406,5142667,5144098,2012
4006407,4003162,5187053,2012
4006408,5202481,5217332,2012
4006409,4005893,5202365,2012
4006410,4003168,5216543,2012
4006411,5156469,5202385,2012
4006412,4005878,5217319,2012
4006413,5146273,5222005,2012
4006414,5098594,5127204,2012
4006415,5202390,5202419,2012
4006416,5184110,5202427,2012
4006417,5145352,5184126,2012
4006418,5142574,5143882,2012
4006419,5146084,NA,2012
4006420,5098784,5109780,2012
4006421,4004550,5223068,2012
4006422,4005880,5072080,2012
4006423,4003825,5147036,2012
4006424,4003109,5127530,2012
4006425,4003824,5187013,2012
4006426,5147719,5217281,2012
4006427,5072079,5183146,2012
4006428,5222567,5222710,2012
4006429,5147706,5216505,2012
4006430,5142567,5156443,2012
4006431,5222895,5223571,2012
4006432,5222060,5223047,2012
4006433,5216380,5223570,2012
4006434,5217365,5222907,2012
4006435,5147497,5148460,2012
4006436,5146325,5155800,2012
4006437,4001500,5187374,2012
4006438,5202332,5202547,2012
4006439,5187004,5187122,2012
4006440,5184312,5187389,2012
4006441,4003119,5146321,2012
4006442,5117657,NA,2012
4006443,5156460,5187104,2012
4006444,5116411,5116716,2012
4006445,5142572,5183464,2012
4006446,4005162,5222905,2012
4006447,4005900,5187109,2012
4006448,5079388,5097229,2012
4006449,5142603,5146331,2012
4006450,4005883,5142946,2012
4006451,5078255,5109432,2012
4006452,4005865,5222094,2012
4006453,4003155,5146264,2012
4006454,5144757,5187920,2012
4006455,5127227,5143883,2012
4006456,4005140,4005158,2012
4006457,5222561,5222768,2012
4006458,5116369,5184171,2012
4006459,4000726,5183917,2012
4006460,5148422,5156008,2012
4006461,4005438,5098918,2012
4006462,5216485,5222846,2012
4006464,4004551,4005435,2012
4006465,5142541,5156372,2012
4006466,5144949,5156416,2012
4006493,5109491,5184994,2013
4006494,5202424,5217294,2013
4006495,5148185,5164378,2013
4006496,5187165,5202396,2013
4006497,5187339,5202591,2013
4006498,5222081,5223165,2013
4006499,5148220,5156255,2013
4006500,5098580,5098749,2013
4006501,4003809,5187612,2013
4006502,5184482,5187009,2013
4006503,5132784,5147689,2013
4006504,5092664,5092964,2013
4006505,5187670,5187727,2013
4006506,4005116,5216674,2013
4006507,5144851,5145497,2013
4006508,5202764,5202767,2013
4006509,5164121,5187640,2013
4006510,5187630,5216673,2013
4006511,4005414,5072689,2013
4006512,4005442,5222272,2013
4006513,5109339,5147015,2013
4006514,5127884,5222735,2013
4006515,5216654,5216665,2013
4006516,4009285,5183287,2013
4006517,5127965,5132598,2013
4006518,5222938,5222955,2013
4006519,5145493,5146721,2013
4006520,5202831,5216744,2013
4006521,5164001,5217438,2013
4006522,5145429,5183298,2013
4006523,4002097,5147185,2013
4006524,4005145,5127865,2013
4006525,5147189,5148479,2013
4006526,5142650,5216629,2013
4006527,4006467,5223334,2013
4006528,5222920,5222995,2013
4006529,4006755,5222922,2013
4006531,5187427,5187435,2013
4006532,4009147,5222531,2013
4006533,5183797,5187428,2013
4006534,4005138,5216470,2013
4006535,5116404,5183147,2013
4006536,4003110,5216456,2013
4006537,4009822,5156285,2013
4006538,5097213,5127232,2013
4006539,5108648,5145282,2013
4006540,5144133,5187157,2013
4006541,5108655,5127268,2013
4006542,5156396,5183542,2013
4006543,4000926,5223524,2013
4006544,4003166,4003793,2013
4006545,5146283,5146578,2013
4006546,4002344,5122409,2013
4006547,4002403,5155967,2013
4006548,5222555,5222683,2013
4006549,4000903,4000911,2013
4006550,5144998,5187477,2013
4006551,5097102,5116432,2013
4006552,5077825,5078343,2013
4006553,5116338,5132165,2013
4006554,5116351,5117456,2013
4006555,4005185,5109728,2013
4006556,4009275,5117909,2013
4006557,4002343,5183455,2013
4006558,4006469,5217952,2013
4006559,5117587,5144909,2013
4006560,5145267,5183492,2013
4006561,4000072,4005884,2013
4006562,4000158,4006776,2013
4006563,5202553,5217538,2013
4006564,4000085,5223543,2013
4006565,4001513,5156303,2013
4006566,5202548,5202587,2013
4006567,5146342,5183229,2013
4006568,4000516,5216855,2013
4006569,5132993,5142526,2013
4006570,4001512,4001592,2013
4006571,5142657,5144907,2013
4006572,5098587,5108743,2013
4006573,5093194,5144189,2013
4006574,5142506,5156335,2013
4006575,5183221,5217966,2013
4006576,4004544,4006766,2013
4006577,5202305,5217393,2013
4006578,4003031,5187756,2013
4006579,4003032,4006470,2013
4006580,5117407,5121462,2013
4006581,5121412,5202310,2013
4006583,5144354,5147509,2013
4006584,5116099,5116862,2013
4006585,5156091,5183810,2013
4006586,5121452,5127446,2013
4006587,5144043,5147519,2013
4006588,5148412,5183020,2013
4006589,4011325,5217695,2013
4006590,4001455,5222401,2013
4006591,4006474,5147602,2013
4006592,5144598,5148000,2013
4006593,5144015,5183930,2013
4006594,4001542,5148403,2013
4006595,4000713,5217223,2013
4006596,5117976,5147978,2013
4006597,5144002,5222589,2013
4006598,4009316,5145766,2013
4006599,5079454,5187960,2013
4006600,5122350,5144244,2013
4006601,4000836,5222459,2013
4006602,5127697,5142699,2013
4006604,5156363,5183440,2013
4006605,5142695,5144216,2013
4006606,4005118,5144260,2013
4006607,5132571,5144240,2013
4006608,5132395,5145050,2013
4006609,4005121,5132200,2013
4006610,4001528,4003783,2013
4006611,4009249,5187467,2013
4006612,5098637,5216908,2013
4006613,5145043,5155841,2013
4006614,4002387,5222475,2013
4006615,5148251,5148280,2013
4006617,5098648,5110221,2013
4006618,4003842,5184203,2013
4006619,5216332,5217616,2013
4006620,5187451,5187786,2013
4006621,4006480,5217277,2013
4006622,5217138,5223127,2013
4006623,5092618,5144212,2013
4006624,5098800,5109723,2013
4006625,5183430,5183439,2013
4006626,5147865,5155974,2013
4006627,5147638,5147669,2013
4006628,4005412,5184213,2013
4006629,5097300,5116180,2013
4006630,4001593,5156030,2013
4006631,4006752,5222493,2013
4006632,5187296,5216581,2013
4006633,5145375,5164328,2013
4006634,5217170,5222500,2013
4006635,5216577,5217162,2013
4006636,5143597,5202894,2013
4006637,5108636,5184428,2013
4006638,5078064,5080168,2013
4006639,4000788,4002367,2013
4006640,4003153,5202900,2013
4006641,5216573,5222536,2013
4006642,5148340,5184557,2013
4006643,4005885,5110109,2013
4006644,5080159,5146208,2013
4006645,5127476,5132343,2013
4006646,5148348,5184547,2013
4006647,5072772,5108623,2013
4006648,5164344,5187948,2013
4006649,4009283,5093052,2013
4006650,5145083,5145759,2013
4006651,4012427,5216617,2013
4006652,4001576,5148111,2013
4006653,4005147,5184622,2013
4006654,5147212,5222635,2013
4006655,5202681,5217528,2013
4006656,5145659,5216899,2013
4006657,5144435,5222646,2013
4006658,4001583,5097726,2013
4006659,5187517,5216003,2013
4006660,5217846,5223586,2013
4006661,5143774,5188000,2013
4006662,5132079,5183135,2013
4006663,4003846,5216091,2013
4006664,5132233,5144182,2013
4006665,4003800,5216079,2013
4006666,4009153,5217018,2013
4006667,4006484,5223694,2013
4006668,5098995,5109235,2013
4006669,5187785,5217848,2013
4006670,4000780,5132136,2013
4006671,4002334,5147775,2013
4006672,4002433,5155714,2013
4006673,5108842,5187737,2013
4006674,5187770,5187776,2013
4006675,5143446,5146466,2013
4006676,4001258,5223659,2013
4006677,4001582,5187925,2013
4006678,5072832,5110420,2013
4006679,5079069,5184040,2013
4006680,5155736,5183687,2013
4006681,5132087,5147785,2013
4006682,4007636,5121348,2013
4006683,4000541,4000593,2013
4006684,5156147,5183691,2013
4006685,4003102,5184750,2013
4006686,4006485,5223628,2013
4006687,5184748,5217023,2013
4006688,5077580,5108862,2013
4006689,4002330,5217042,2013
4006690,4003101,5121343,2013
4006691,5202109,5217925,2013
4006692,4001264,4006477,2013
4006693,5143440,5145878,2013
4006695,5117140,5132139,2013
4006696,5217907,5223595,2013
4006697,5216017,5217838,2013
4006698,5079102,5097750,2013
4006699,5121322,5144505,2013
4006700,5132106,5144515,2013
4006701,5187807,5202154,2013
4006702,4006753,5146226,2013
4006703,5184712,5184755,2013
4006704,5183686,5183728,2013
4006705,5156148,5184665,2013
4006706,4000544,5145909,2013
4006707,5187803,5216033,2013
4006708,5109915,5117014,2013
4006709,5098960,5144520,2013
4006710,4009247,5132447,2013
4006711,5144507,5146439,2013
4006712,5217020,5217898,2013
4006713,4003047,5187837,2013
4006714,5121270,5142854,2013
4006715,4009270,5216963,2013
4006716,4002353,5187267,2013
4006717,5143398,5146502,2013
4006718,4003788,5216269,2013
4006719,4000247,5222434,2013
4006720,4000478,5223281,2013
4006721,5127950,5132071,2013
4006722,4000466,4000874,2013
4006723,4003050,5132202,2013
4006724,4003785,5222377,2013
4006725,5146129,5147040,2013
4006726,4000472,5217066,2013
4006727,4000476,5217087,2013
4006728,4003847,5217362,2013
4006729,4000537,4009265,2013
4006730,5222438,5223314,2013
4006731,5110339,5146103,2013
4006732,5183022,5183676,2013
4006733,4008616,5132459,2013
4006734,4001594,5183652,2013
4006735,5183101,5183656,2013
4006736,4009276,5202911,2013
4006737,5145134,5145520,2013
4006738,5187430,5202507,2013
4006739,5202734,5216691,2013
4006740,4003838,5216285,2013
4006741,5202678,5222079,2013
4006742,4006764,5217563,2013
4006743,5156228,5202715,2013
4006744,4009315,5184562,2013
4006745,4009260,5222648,2013
4006746,5184617,5216446,2013
4006747,5116723,5142729,2013
4006748,4013665,5217876,2013
4006749,5110385,5184727,2013
4006750,5147573,5147784,2013
4006756,4000767,5109903,2013
4006757,4009277,5145638,2013
4006758,5109753,5127103,2013
4006760,4000052,5223205,2013
4006778,5098127,5116846,2013
4006781,4003839,5127041,2013
4006782,5097524,5146703,2013
4006783,5183247,5222357,2013
4006784,5092678,5142525,2013
4006785,5147245,5148162,2013
4006786,5092138,5202951,2013
4006787,5148248,5164436,2013
4006788,5143894,5148390,2013
4006789,4000770,5143952,2013
4006790,5144405,5144961,2013
4006791,4006777,5223087,2013
4006792,5145151,5145195,2013
4006794,4003043,5144275,2013
4006795,4006770,5223248,2013
4006797,5155970,5187379,2013
4006798,5156370,5164356,2013
4006799,4008263,5183871,2013
4006800,4008276,5216678,2013
4006801,5132356,5132359,2013
4006802,4000556,5144362,2013
4006803,5072247,5117160,2013
4006804,4000664,5216122,2013
4006805,5147860,5184011,2013
4006806,4003022,5156064,2013
4006807,4009289,5122307,2013
4006808,5146515,5148367,2013
4006809,5127579,5144380,2013
4006810,5108959,5183049,2013
4006811,5184640,5184679,2013
4006812,5184976,5217636,2013
4006813,5092553,5097083,2013
4006814,4002359,5202046,2013
4006815,4004541,4006476,2013
4006816,5187853,5202074,2013
4006817,5142787,5144342,2013
4006818,5148306,5202038,2013
4006819,5145991,5147990,2013
4006820,5155824,5202087,2013
4006821,4002099,5187226,2013
4006822,5222174,5222182,2013
4006823,5127633,5132866,2013
4006824,5127610,5142886,2013
4006825,4005852,5222405,2013
4006826,5202063,5216594,2013
4006827,5202225,5202287,2013
4006828,4000137,4000636,2013
4006829,5164478,5187368,2013
4006830,5117351,5117948,2013
4006831,5109515,5110466,2013
4006832,5122292,5142834,2013
4006833,4005857,5223706,2013
4006834,4000722,5116152,2013
4006835,4005860,4006479,2013
4006837,4001551,5202068,2013
4006838,4005849,5217657,2013
4006839,5217650,5222194,2013
4006840,4000595,5183011,2013
4006841,5142882,5144316,2013
4006842,5077863,5184874,2013
4006843,4002306,5184215,2013
4006844,4002305,5110276,2013
4006845,4005102,5164468,2013
4006846,4001493,4005112,2013
4006847,5098718,5122234,2013
4006848,5202066,5202434,2013
4006849,5187890,5216183,2013
4006850,5132375,5142879,2013
4006851,5184861,5187882,2013
4006852,4000729,5145712,2013
4006853,5109033,5147975,2013
4006854,4000020,4012401,2013
4006855,4009242,5184869,2013
4006856,4006762,5144660,2013
4006857,4004542,5146806,2013
4006858,5117955,5164476,2013
4006860,5148398,5217667,2013
4006861,5202005,5217828,2013
4006862,4005862,5217619,2013
4006863,4002396,5216223,2013
4006864,4000144,4000402,2013
4006865,5216219,5217647,2013
4006867,5146752,5164247,2013
4006868,4003035,5222764,2013
4006869,5144001,5144366,2013
4006870,4005126,4011320,2013
4006871,4000766,4002312,2013
4006872,4003834,5155519,2013
4006873,5146895,5148129,2013
4006874,4000791,5146671,2013
4006875,4002401,5147413,2013
4006876,5147106,5164242,2013
4006877,5147033,5155513,2013
4006878,5080035,5127237,2013
4006879,5145003,5202916,2013
4006881,5187407,5202642,2013
4006882,4003828,5184102,2013
4006883,5132979,5183493,2013
4006885,5202480,5217367,2013
4006886,5217348,5222016,2013
4006887,4003795,5216538,2013
4006888,5183867,5217733,2013
4006889,5183482,5183515,2013
4006890,4000562,5147731,2013
4006891,4001036,5223581,2013
4006892,4012503,5132334,2013
4006893,4006773,5222860,2013
4006894,5216377,5222001,2013
4006895,5217973,5222885,2013
4006896,4013666,5216385,2013
4006897,4002192,5187047,2013
4006898,5216522,5216536,2013
4006899,4003823,5127137,2013
4006900,4001599,5183508,2013
4006901,5144723,5145665,2013
4006902,4000179,4001108,2013
4006903,5109110,5144477,2013
4006904,4000164,5222488,2013
4006905,4001518,4005142,2013
4006906,4006763,5222489,2013
4006907,4013668,5144218,2013
4006908,5117511,5143890,2013
4006909,5144455,5217233,2013
4006910,4006478,5222848,2013
4006911,4000565,5117536,2013
4006912,4005186,5222797,2013
4006913,4005434,5217364,2013
4006914,4005401,5217253,2013
4006915,5108677,5216510,2013
4006916,4000921,5222835,2013
4006917,4005433,4012443,2013
4006918,5187144,5222006,2013
4006919,5217214,5223360,2013
4006920,5156333,5187058,2013
4006921,5117562,5127310,2013
4006922,4006765,5217246,2013
4006923,4003833,5202543,2013
4006924,5216739,5217228,2013
4006925,5122438,5145243,2013
4006926,5216858,5217356,2013
4006927,5109718,5116786,2013
4006928,4009246,5142670,2013
4006929,5122423,5143620,2013
4006930,5142563,5145001,2013
4006931,4000032,5222073,2013
4006932,4005150,5117636,2013
4006933,5132909,5222054,2013
4006934,5109902,5116415,2013
4006935,5164363,5202903,2013
4006936,5144143,5183092,2013
4006937,4005160,5117616,2013
4006938,5127751,5202423,2013
4006940,4005128,5202625,2013
4006941,5127028,5127091,2013
4006942,5147479,5216839,2013
4006943,4005130,5217255,2013
4006944,4005113,4009311,2013
4006945,5146558,5202590,2013
4006946,5144251,5216803,2013
4006947,5202538,5217597,2013
4006948,4009252,5183176,2013
4006949,5148166,5148232,2013
4006950,5202614,5202638,2013
4006951,5078204,5093154,2013
4006952,4001524,4009287,2013
4006953,4001523,4001598,2013
4006954,4002379,5132771,2013
4006955,4001521,4001585,2013
4006956,4003122,5184416,2013
4006957,4005879,5217505,2013
4006958,5155607,5183264,2013
4006959,5216733,5222308,2013
4006960,4006490,5155603,2013
4006961,5092815,5117847,2013
4006962,5109366,5116924,2013
4006963,5109369,5222708,2013
4006964,5097491,5147326,2013
4006965,5183277,5184346,2013
4006966,5217472,5222319,2013
4006967,4003816,4009183,2013
4006968,5127975,5183396,2013
4006969,5222968,5223022,2013
4006970,5132611,5145085,2013
4006971,5097480,5143053,2013
4006972,4000551,5132681,2013
4006973,5145528,5147293,2013
4006974,4003813,5202709,2013
4006975,5145089,5217800,2013
4006976,4000795,5132818,2013
4006977,5132013,5144444,2013
4006979,5143337,5156268,2013
4006980,5092897,5092919,2013
4006981,5108519,5109141,2013
4006982,5184453,5184455,2013
4006983,5122190,5187673,2013
4006984,4008595,5217501,2013
4006985,5202780,5202820,2013
4006986,4000184,5222535,2013
4006987,4006489,5222998,2013
4006988,5092934,5092967,2013
4006989,4006754,5222970,2013
4006990,5216687,5222233,2013
4006991,4003815,5187652,2013
4006993,5127710,5183458,2013
4006994,5127527,5147362,2013
4006995,5217940,5223042,2013
4006996,5097134,5216417,2013
4006997,4003163,5147430,2013
4006998,5098763,5144974,2013
4006999,5127846,5145162,2013
4007000,4000079,5223178,2013
4007004,5144381,5144547,2014
4007005,4000315,5223590,2014
4007006,5116956,5144461,2014
4007007,5098854,5098872,2014
4007008,4006475,5222663,2014
4007009,5184656,5187796,2014
4007010,4000367,4002282,2014
4007011,4005117,5216583,2014
4007012,5145605,5187542,2014
4007013,4000096,5222324,2014
4007014,4007036,NA,2014
4007015,5216298,5223905,2014
4007016,5092660,5109934,2014
4007017,5117716,5127782,2014
4007018,5109192,5187598,2014
4007019,4001135,4005891,2014
4007020,5132867,5132876,2014
4007021,5132859,5132878,2014
4007022,4001300,5217169,2014
4007023,5184527,5187572,2014
4007024,5223403,5223407,2014
4007025,4005428,5116600,2014
4007026,5184599,5217566,2014
4007027,4000178,4006761,2014
4007028,5164127,5217191,2014
4007029,5222492,5222503,2014
4007030,4004552,5183296,2014
4007032,4005417,5184525,2014
4007035,5121493,5156290,2014
4007037,5216596,5217484,2014
4007039,4001194,5223437,2014
4007040,4000769,5145186,2014
4007041,5097377,5148017,2014
4007042,5148192,5156250,2014
4007043,4007052,5222112,2014
4007044,4000741,5183596,2014
4007045,5110180,5132857,2014
4007047,5147134,5184523,2014
4007048,5097588,5108642,2014
4007049,5216786,5217834,2014
4007050,4005876,5098688,2014
4007059,4001131,5223228,2013
4007060,5144064,5145233,2013
4007070,5116222,5117960,2014
4007081,5117622,5127131,2014
4007082,5147367,5183174,2014
4007083,5156477,5223184,2014
4007084,5145192,5222057,2014
4007085,5184319,5202561,2014
4007086,5093051,5143141,2014
4007087,5184529,5216587,2014
4007088,4000440,5222505,2014
4007089,5202514,5216741,2014
4007090,5148351,5222532,2014
4007091,5202875,5216585,2014
4007092,5132914,5144721,2014
4007093,5108507,5143586,2014
4007094,4005411,5164046,2014
4007095,4000441,5223058,2014
4007096,4013076,5223439,2014
4007097,4000078,5217603,2014
4007098,4002631,5223201,2014
4007099,5142512,5143584,2014
4007100,5164172,5164210,2014
4007102,5202302,5223054,2014
4007103,5164089,5184629,2014
4007104,5187315,5216676,2014
4007105,5108644,5202980,2014
4007106,4007076,5072188,2014
4007107,5143123,5146191,2014
4007108,4005427,5108588,2014
4007109,4005445,5109155,2014
4007110,4001600,5098696,2014
4007111,4005419,5145611,2014
4007112,5222047,5223200,2014
4007113,5121497,5202858,2014
4007114,4003806,5184328,2014
4007115,5132895,5145610,2014
4007116,5121465,5217174,2014
4007117,5142980,5148309,2014
4007118,5122172,5127822,2014
4007119,5146177,5146213,2014
4007120,5127812,5132842,2014
4007121,4000793,5146231,2014
4007122,5143710,5145907,2014
4007123,4001586,5143256,2014
4007124,4003152,5202740,2014
4007125,5164155,5202788,2014
4007126,5122121,5184471,2014
4007127,5216586,5223466,2014
4007128,4007072,5223326,2014
4007129,4000340,5132091,2014
4007130,5109879,5143188,2014
4007131,5143709,5217770,2014
4007132,5222322,5223000,2014
4007133,5202699,5216653,2014
4007134,5132120,5132445,2014
4007135,4001522,5108516,2014
4007136,5187772,5217053,2014
4007137,4005904,5184396,2014
4007138,4000503,4002412,2014
4007139,4005115,5216747,2014
4007140,5117106,5132420,2014
4007141,5223616,5223682,2014
4007142,5155608,5222632,2014
4007143,5079130,5216018,2014
4007144,4007056,5223477,2014
4007145,5144508,5183736,2014
4007146,5132101,5143699,2014
4007147,5098497,5147344,2014
4007148,5132346,5223100,2014
4007149,4005430,5216745,2014
4007150,5145584,5147218,2014
4007151,5110366,5217744,2014
4007152,5117253,5184933,2014
4007153,5117273,5155744,2014
4007154,5143409,5155692,2014
4007155,4009154,5098953,2014
4007156,5116871,5183683,2014
4007157,4007078,5217398,2014
4007158,5132504,5148360,2014
4007159,5147288,5148365,2014
4007160,5093425,5098869,2014
4007161,4001329,4001330,2014
4007162,5143725,5145956,2014
4007163,5187759,5217076,2014
4007164,5148379,5187238,2014
4007165,5145800,5216218,2014
4007166,5223103,NA,2014
4007167,5097216,5146997,2014
4007168,5098719,5132374,2014
4007169,4000628,4000877,2014
4007171,5116092,5117296,2014
4007172,5187745,NA,2014
4007173,5202268,5216095,2014
4007174,5132364,5202286,2014
4007175,5121310,5127668,2014
4007176,5117261,5132124,2014
4007177,4000546,4000576,2014
4007178,5147504,5147830,2014
4007179,5187752,5217059,2014
4007180,5147575,5147771,2014
4007181,5183787,5187251,2014
4007182,5202883,5216612,2014
4007183,5216064,5216086,2014
4007184,5145958,5155932,2014
4007185,4012413,5217867,2014
4007186,5202595,5216793,2014
4007187,5164373,5184272,2014
4007188,4003811,5148121,2014
4007189,5184952,5216041,2014
4007190,5127594,5144165,2014
4007191,4005129,5187332,2014
4007192,5216275,5222758,2014
4007193,4005895,5217015,2014
4007194,4001182,4006488,2014
4007195,4003116,5187308,2014
4007196,4002421,5116252,2014
4007197,5098960,5183675,2014
4007198,4001601,5164277,2014
4007199,5110402,5144485,2014
4007200,4003160,5132440,2014
4007201,5217036,5217908,2014
4007202,5202269,5217078,2014
4007203,4000033,4000036,2014
4007204,4009281,NA,2014
4007205,4000328,4000332,2014
4007206,4005131,5183157,2014
4007207,4001540,5184967,2014
4007208,5098092,5132907,2014
4007209,4002389,5217011,2014
4007210,5155546,5156331,2014
4007211,4008614,5127180,2014
4007212,5202837,5217503,2014
4007213,4000027,5222068,2014
4007214,5183840,5183841,2014
4007215,5132148,5216050,2014
4007216,4000048,5148208,2014
4007217,4005894,5216977,2014
4007219,5144271,5184996,2014
4007220,5222098,NA,2014
4007221,5132928,5145558,2014
4007222,5183155,5187377,2014
4007223,4003165,5146718,2014
4007224,4000347,5223599,2014
4007225,5121405,5222778,2014
4007226,5122035,5132943,2014
4007228,5146478,5187777,2014
4007229,5156076,5216227,2014
4007230,4005108,4007075,2014
4007231,4007071,5217052,2014
4007232,5183528,5216777,2014
4007233,5148242,5164360,2014
4007234,4008471,5116440,2014
4007235,5222298,5222512,2014
4007236,4013054,5183224,2014
4007237,5132321,5144497,2014
4007238,4005440,5146835,2014
4007239,5145386,5202259,2014
4007240,5098232,5222257,2014
4007241,5223146,5223153,2014
4007242,4005449,5145834,2014
4007243,5132939,5132954,2014
4007244,5097718,5216926,2014
4007245,5223074,5223092,2014
4007246,4008632,5202132,2014
4007247,5183189,5222063,2014
4007248,4008599,5223717,2014
4007249,5116858,5147063,2014
4007250,4005439,5098867,2014
4007251,5117431,5155885,2014
4007252,4005898,5222327,2014
4007253,4000888,5223664,2014
4007255,4011322,5117334,2014
4007256,4001460,5223105,2014
4007257,5072872,5121175,2014
4007258,5121256,5184663,2014
4007259,5145886,5145903,2014
4007260,5127924,5216308,2014
4007261,5108567,5155657,2014
4007262,5080310,5132287,2014
4007263,5092866,5143014,2014
4007264,5187295,5222499,2014
4007265,4000779,5147782,2014
4007266,5187693,5217473,2014
4007267,5098466,5143193,2014
4007268,5132697,5145621,2014
4007269,5116954,5187602,2014
4007271,5217110,5222726,2014
4007272,5080160,5117395,2014
4007273,5147664,5164295,2014
4007274,4001174,5217133,2014
4007276,5183411,5187990,2014
4007277,4006768,5117859,2014
4007278,5122109,5143231,2014
4007279,4003114,5184001,2014
4007280,5184466,5187646,2014
4007281,5183775,5202300,2014
4007282,5146023,5202282,2014
4007283,4012391,5216363,2014
4007284,5222273,5222323,2014
4007285,5143649,5222936,2014
4007286,5217266,5223120,2014
4007287,5116260,5145060,2014
4007288,4009185,5146909,2014
4007289,4007057,4007073,2014
4007290,4005145,5127865,2014
4007291,5217142,5222461,2014
4007292,4002431,5127970,2014
4007293,4003851,5116610,2014
4007294,5217446,5222284,2014
4007295,5184457,5184475,2014
4007296,5145579,5147337,2014
4007297,5117895,5164093,2014
4007298,4001448,4001784,2014
4007299,4000264,4000837,2014
4007300,5217481,5217519,2014
4007301,5146977,5216946,2014
4007302,4014183,5110116,2014
4007303,5216743,5223027,2014
4007304,5222253,5223277,2014
4007305,5148060,5222767,2014
4007306,5143172,5143276,2014
4007307,5117787,5147151,2014
4007308,5143961,5146730,2014
4007309,5217113,5217132,2014
4007310,5127894,5143103,2014
4007311,4008597,5223350,2014
4007312,5127916,5145409,2014
4007313,4008480,5147876,2014
4007314,5116285,5132311,2014
4007315,5217494,5222312,2014
4007316,5116550,5116938,2014
4007317,4000744,4002098,2014
4007318,5147195,5187988,2014
4007319,5222231,5222612,2014
4007320,4009776,5217109,2014
4007321,5122026,5187528,2014
4007322,4001578,5183903,2014
4007323,5122331,5216907,2014
4007324,4002378,5217197,2014
4007326,5122207,5147316,2014
4007327,5122325,5183422,2014
4007328,5109383,5116967,2014
4007329,5202680,5202758,2014
4007330,4008616,5202804,2014
4007331,5116329,5122037,2014
4007332,4000823,5222478,2014
4007333,5132193,5184781,2014
4007334,5145593,5187928,2014
4007335,5098342,5121209,2014
4007336,5122042,NA,2014
4007337,5183322,5183832,2014
4007338,5143951,5143955,2014
4007339,4000265,5222454,2014
4007340,4000772,5132731,2014
4007341,5187434,5187610,2014
4007342,5183419,5216358,2014
4007344,5098812,5164326,2014
4007345,5142686,5144135,2014
4007346,5143036,5147000,2014
4007347,4005872,5223506,2014
4007348,5110075,5147017,2014
4007349,4006468,5143859,2014
4007350,4001529,4003112,2014
4007351,5116190,5144590,2014
4007352,4001561,5110279,2014
4007353,4007031,5184230,2014
4007355,4004548,5098919,2014
4007357,4005438,5098918,2014
4007358,5148422,5156008,2014
4007359,4001541,5144304,2014
4007360,5184891,5202500,2014
4007361,4000635,5223459,2014
4007362,5132551,5132555,2014
4007363,5122466,5187657,2014
4007364,4001355,4007069,2014
4007365,5110484,5145078,2014
4007366,5156033,5187184,2014
4007367,5142905,5184568,2014
4007368,4005122,5217821,2014
4007369,4004549,4004561,2014
4007370,5144705,5145693,2014
4007371,4000462,NA,2014
4007372,5184890,5202082,2014
4007373,4000806,5223644,2014
4007374,4004547,4005437,2014
4007375,4000621,4009264,2014
4007376,5144605,5217775,2014
4007377,4001501,4007079,2014
4007378,5156487,5164364,2014
4007379,5217713,5217808,2014
4007380,5216871,5217391,2014
4007381,5122351,5184909,2014
4007382,5142899,5144147,2014
4007383,4000821,4002062,2014
4007384,5164245,5164362,2014
4007386,4005870,5217574,2014
4007387,5146699,5147247,2014
4007388,4001495,5184889,2014
4007389,5132799,5216773,2014
4007390,5109987,5121029,2014
4007391,5116752,5155753,2014
4007392,5147257,5147746,2014
4007393,5097764,NA,2014
4007394,4000787,5183638,2014
4007395,4008484,5143618,2014
4007396,4001517,4001604,2014
4007397,5216380,5223570,2014
4007398,5222414,5223300,2014
4007399,4000694,5217862,2014
4007400,5156237,5184573,2014
4007401,4000599,5223076,2014
4007402,4011887,5187259,2014
4007403,5222036,5223041,2014
4007404,5147546,5216481,2014
4007405,5127410,5143542,2014
4007406,4001573,5147559,2014
4007407,4003046,5121370,2014
4007408,4005446,5148122,2014
4007409,5217073,5217173,2014
4007410,4003797,5093299,2014
4007411,5164260,5183774,2014
4007412,5142630,5144947,2014
4007413,5093266,5108857,2014
4007414,5183830,5217809,2014
4007415,5132514,5222591,2014
4007416,5143363,5217005,2014
4007417,5110145,5142737,2014
4007418,4005125,5156121,2014
4007419,5143453,5143457,2014
4007420,5222609,5222722,2014
4007421,4002008,4007066,2014
4007422,5156206,NA,2014
4007423,5146329,5217339,2014
4007424,4009171,5098570,2014
4007425,5202650,5217260,2014
4007426,5144184,5156466,2014
4007427,5223144,5223364,2014
4007428,5222060,5223047,2014
4007429,5223315,NA,2014
4007430,4005141,5216323,2014
4007431,5148431,5148450,2014
4007432,4002309,4003840,2014
4007433,5108854,5145870,2014
4007434,5117551,5121223,2014
4007435,5183280,5183569,2014
4007436,5216268,5222428,2014
4007437,4000536,5098929,2014
4007438,5109731,5183560,2014
4007439,5109990,5142920,2014
4007440,5145224,5148249,2014
4007441,5117598,5127166,2014
4007442,4003041,5202231,2014
4007443,5217562,5217959,2014
4007444,4003118,5187281,2014
4007445,4005867,5143030,2014
4007446,4003776,5072495,2014
4007447,4001013,4006491,2014
4007448,5146315,5216762,2014
4007449,4005868,5222436,2014
4007450,4001018,5223359,2014
4007451,5127347,5144206,2014
4007452,4005901,5217220,2014
4007453,5116732,5148234,2014
4007454,5143906,5146061,2014
4007455,4008612,5142666,2014
4007456,4000106,4005899,2014
4007457,5222078,5223038,2014
4007458,5109647,5144817,2014
4007459,5216281,5216284,2014
4007460,5127284,5144883,2014
4007461,5216318,5222121,2014
4007462,4001245,5223176,2014
4007463,4000634,4001324,2014
4007464,5216105,5216262,2014
4007465,5222894,5223579,2014
4007466,5079355,5132268,2014
4007467,5183536,5216943,2014
4007468,4003168,5216543,2014
4007470,4000301,4005874,2014
4007471,5142541,5156372,2014
4007472,4000147,5222180,2014
4007473,4000418,5217382,2014
4007474,5216485,5222846,2014
4007475,4007002,4009258,2014
4007476,5143006,5222565,2014
4007477,4002404,5184948,2014
4007478,5108702,5127163,2014
4007479,4005448,5217318,2014
4007480,5183033,5217396,2014
4007481,5187920,NA,2014
4007482,5109292,5144628,2014
4007484,5097088,5164217,2014
4007485,5222040,5222822,2014
4007486,5147497,5148460,2014
4007487,4000938,4001617,2014
4007488,5079436,5202927,2014
4007489,5216077,5217700,2014
4007490,4001565,5164488,2014
4007491,4009273,5116459,2014
4007492,4007068,5222890,2014
4007493,5127216,5144775,2014
4007494,4007033,5184287,2014
4007495,5142567,5156443,2014
4007496,5108675,5116353,2014
4007497,5116411,5116716,2014
4007498,4005883,5142946,2014
4007499,5098597,5109750,2014
4007500,5216517,5217371,2014
4007501,4003124,5184606,2014
4007502,5187571,5217432,2014
4007503,5121042,5145649,2014
4007504,5155644,5222963,2014
4007505,5216862,5216865,2014
4007506,5116850,5146670,2014
4007507,5223252,5223474,2014
4007508,5097516,5184920,2014
4007509,5108539,5146126,2014
4007510,5217269,5217556,2014
4007511,5132171,5143560,2014
4007512,4003817,5216423,2014
4007513,4005143,5217252,2014
4007514,4000197,5216136,2014
4007515,5142760,5143674,2014
4007516,4013052,5144692,2014
4007517,4005110,5117239,2014
4007518,4005856,5187903,2014
4007519,4003026,5183015,2014
4007520,4003024,5184821,2014
4007521,4005105,5217626,2014
4007522,4003034,4011898,2014
4007523,4001547,5116207,2014
4007524,5184851,5187830,2014
4007525,4001349,4005429,2014
4007526,5092135,5144686,2014
4007527,5142991,5183709,2014
4007528,5184780,5216217,2014
4007529,4000212,5222381,2014
4007530,4002398,5222166,2014
4007531,5187897,5202329,2014
4007533,5202323,5216888,2014
4007534,5142786,5148401,2014
4007535,4000721,4005855,2014
4007536,4005101,5202054,2014
4007537,4000596,5187842,2014
4007538,4007051,5109250,2014
4007539,4001012,4007053,2014
4007540,5072392,5164229,2014
4007541,5216190,5222215,2014
4007542,5079181,5092829,2014
4007543,5156103,5183976,2014
4007544,4004545,5144309,2014
4007545,5079290,5144599,2014
4007546,4009797,5109544,2014
4007547,5183978,5202352,2014
4007548,5184246,5187913,2014
4007549,5187418,5222863,2014
4007550,5146325,5155800,2014
4007551,5156208,5216931,2014
4007552,4003792,5202199,2014
4007553,5187513,5222045,2014
4007554,5202332,5202547,2014
4007555,4007067,5222805,2014
4007556,5109670,5144771,2014
4007557,4003028,5142613,2014
4007558,5145276,5216987,2014
4007559,4005403,4007074,2014
4007560,5108660,5127257,2014
4007561,5147240,5216913,2014
4007562,4003104,4007064,2014
4007563,5122454,5127585,2014
4007564,5142605,5142629,2014
4007565,5077682,5127138,2014
4007566,5127045,5127210,2014
4007568,4001002,5223553,2014
4007569,4005157,5142596,2014
4007571,4005850,5117942,2014
4007572,4000136,4000627,2014
4007573,4000849,5222148,2014
4007574,5144368,5187819,2014
4007575,5146823,5202049,2014
4007576,4004539,4004553,2014
4007577,4002385,5216195,2014
4007578,5217507,5222212,2014
4007581,5098784,5109780,2014
4007582,5202390,5202419,2014
4007583,5109779,5116409,2014
4007584,5184110,5202427,2014
4007585,5116369,5184171,2014
4007586,5127021,5146084,2014
4007587,5216494,5217343,2014
4007588,5142572,5183464,2014
4007589,4001022,4007065,2014
4007590,4007034,5216507,2014
4007591,4007062,5223138,2014
4007592,5116286,5117476,2014
4007593,4005906,5156344,2014
4007594,5183487,5184182,2014
4007595,5187420,5202456,2014
4007596,5184312,5187389,2014
4007597,5117657,5156389,2014
4007598,5187004,5187122,2014
4007599,4003119,5146321,2014
4007600,4008607,5144948,2014
4007610,4001317,4001321,2015
4007613,5147860,5184011,2015
4007614,5072247,5117160,2015
4007615,5109515,5110466,2015
4007616,4000142,4000953,2015
4007618,5202424,5217294,2017
4007619,5147245,5148162,2017
4007620,5156487,5164236,2017
4007624,5147033,5155513,2015
4007625,5146895,5148129,2015
4007626,4007658,5217211,2015
4007627,4002401,5147413,2015
4007628,5116723,5142729,2015
4007629,4009275,5117909,2015
4007630,4006482,4006767,2015
4007637,4013665,5217876,2015
4007638,4005907,5183653,2015
4007639,5183101,5183656,2015
4007640,4008276,NA,2015
4007641,5202305,5217393,2015
4007642,4009266,5147512,2015
4007643,4003032,4006470,2015
4007644,4005905,5216602,2015
4007645,4003031,5187756,2015
4007646,5121412,5202310,2015
4007647,5116099,5116862,2015
4007648,5156091,5183810,2015
4007649,5144354,5147509,2015
4007651,4000985,5222867,2014
4007661,4009316,5145766,2015
4007662,4005441,5117435,2015
4007663,4006474,5147002,2015
4007664,4003035,5222764,2015
4007665,4001459,5223650,2015
4007666,5127636,5217688,2015
4007667,4011325,5217695,2015
4007668,5184756,5202902,2015
4007669,4001455,5222401,2015
4007670,5077622,5098831,2015
4007671,4007603,5132558,2015
4007672,4001371,4007602,2015
4007673,4000668,4009262,2015
4007674,5144002,5222589,2015
4007675,4002380,4003780,2015
4007676,4001104,5217967,2015
4007677,4001103,4001610,2015
4007678,4009276,5202911,2015
4007679,4000152,4001115,2015
4007680,5098127,5116846,2015
4007681,5132822,5144081,2015
4007683,5156482,5202673,2015
4007684,4003838,5216285,2015
4007685,5202692,5217463,2015
4007686,5110159,5217561,2015
4007687,5156228,5202715,2015
4007688,5217293,5217558,2015
4007689,4009260,5222648,2015
4007690,5122492,5143575,2015
4007691,4009315,5184562,2015
4007692,5097286,5217739,2015
4007693,4000164,5222488,2015
4007694,4006763,5222489,2015
4007695,5156238,5223424,2015
4007696,4006780,5098101,2015
4007697,5109110,5144477,2015
4007698,5132356,5132359,2015
4007699,5216202,5222387,2015
4007700,4003022,5156064,2015
4007702,5202370,5216493,2014
4007703,4000242,5147582,2014
4007704,5144074,5222573,2014
4007705,4000058,5217993,2014
4007706,5164325,5216395,2014
4007707,5142603,5146331,2014
4007708,5216164,5222205,2014
4007709,4003155,5146264,2014
4007710,4013119,5187110,2014
4007711,4001489,5127644,2014
4007712,5142611,5145306,2014
4007713,5077916,5146404,2014
4007714,4000135,5222411,2014
4007715,5216542,5217345,2014
4007716,4000790,NA,2014
4007717,5117192,5121008,2014
4007718,5127226,5147487,2014
4007719,5202481,5217332,2014
4007720,4005432,5183523,2014
4007721,5142585,5216938,2014
4007722,4001566,5202026,2014
4007723,4000252,4002308,2014
4007724,4005900,5187109,2014
4007725,4002341,4002913,2014
4007726,4005863,5216154,2014
4007727,4000765,5147491,2014
4007728,5217623,5217880,2014
4007729,4005183,5222293,2014
4007730,4006772,5109775,2014
4007731,5121160,5121213,2014
4007732,4000512,5183404,2014
4007733,5121004,5122383,2014
4007734,5079388,5097229,2014
4007735,5187873,5222176,2014
4007736,5092563,5116013,2014
4007737,4000404,5222162,2014
4007738,4005848,5222390,2014
4007739,5127239,5127365,2014
4007740,4003777,5144044,2014
4007741,4005416,4005424,2014
4007742,5079045,5142986,2014
4007743,4003824,5187083,2014
4007744,4000010,4005847,2014
4007745,4002337,5202688,2014
4007746,4005103,5098272,2014
4007747,5155871,5222156,2014
4007748,4001503,5222623,2014
4007749,5097810,5121057,2014
4007750,5147498,5155775,2014
4008001,5127227,5143883,2014
4008002,5222561,5222768,2014
4008003,5146273,5222005,2014
4008004,5222788,5223569,2014
4008005,4005878,5217319,2014
4008006,5098594,5127204,2014
4008007,4002339,5184007,2014
4008008,5184136,5187094,2014
4008009,5184134,5202454,2014
4008010,5147719,5217281,2014
4008011,5122350,5144244,2015
4008012,5142695,5144216,2015
4008013,4007657,5183440,2015
4008014,4000528,4000805,2015
4008015,4000836,5222459,2015
4008016,4000932,4007606,2015
4008018,4009289,5122307,2015
4008019,5146515,5148367,2015
4008020,4002118,4002922,2015
4008021,5122346,5202178,2015
4008022,4004562,5148274,2015
4008023,5187293,5187824,2015
4008024,4001528,4003783,2015
4008025,5132395,5145050,2015
4008026,5147865,5155974,2015
4008027,4005412,5184218,2015
4008028,5183430,5183439,2015
4008029,5187451,5187786,2015
4008030,5217138,5223127,2015
4008031,4000800,5223393,2015
4008032,4000275,4000763,2015
4008033,5127460,5156280,2015
4008034,4002351,5223124,2015
4008035,5216345,5217135,2015
4008036,4002387,5222475,2015
4008037,4009249,5187467,2015
4008038,4000867,4002063,2015
4008039,4000687,4002069,2015
4008040,4003047,5187837,2015
4008041,5121270,5142854,2015
4008042,4005190,5216133,2015
4008043,5184692,5217100,2015
4008044,4002353,5187267,2015
4008045,4009274,5184489,2015
4008046,4008258,5223294,2015
4008047,4001960,4002052,2015
4008048,4000468,5217080,2015
4008049,4000457,5217095,2015
4008050,4000474,4008278,2015
4008051,4001515,4003844,2015
4008053,5127950,5132071,2015
4008054,4000903,5223318,2015
4008055,4000537,4009265,2015
4008056,5222438,5223314,2015
4008057,5110297,5132516,2015
4008058,5110339,5146103,2015
4008059,5132237,5222422,2015
4008060,4000397,4000682,2015
4008061,4000191,4009269,2015
4008062,5144667,5146798,2015
4008063,4009270,5216963,2015
4008064,4002350,5127609,2015
4008065,4000531,5109808,2015
4008066,4003847,5217362,2015
4008067,5117081,5117358,2015
4008068,4001092,5223293,2015
4008069,4000466,4000874,2015
4008070,5147573,5147784,2015
4008071,4003785,5222377,2015
4008072,5184776,5187751,2015
4008073,5183794,5222385,2015
4008074,4005882,5217923,2015
4008075,5146129,5147040,2015
4008076,5183022,5183676,2015
4008077,5147138,5164080,2015
4008078,5132784,5147689,2015
4008079,5092964,5122228,2015
4008081,5183948,5184439,2015
4008082,5147212,5222635,2015
4008083,5202681,5217528,2015
4008084,5145636,5148049,2015
4008085,4005147,5184622,2015
4008086,4005426,5216444,2015
4008087,5187495,5222900,2015
4008088,5145659,5216899,2015
4008089,4001576,5148111,2015
4008090,4001804,4002210,2015
4008091,5145653,5222636,2015
4008092,4012427,5216617,2015
4008093,5156460,5187104,2015
4008094,5143894,5148390,2015
4008095,5144405,5144961,2015
4008096,4000118,5222128,2015
4008097,4001140,4007605,2015
4008098,5147245,5148162,2015
4008099,5217540,5222070,2015
4008100,5109101,5109933,2015
4008101,4000120,4000829,2015
4008102,5202632,5217276,2015
4008103,5144697,5222120,2015
4008104,5148248,5164436,2015
4008105,4000527,5187352,2015
4008106,5202631,5216613,2015
4008107,5109829,5222137,2015
4008108,4001123,5217261,2015
4008109,5098700,5202640,2015
4008110,5092678,5142525,2015
4008111,4001150,5223212,2015
4008112,4003839,5127041,2015
4008115,5144143,5183092,2015
4008116,5148185,5164378,2015
4008117,5164366,5222285,2015
4008118,5127751,5202423,2015
4008119,5146558,5202590,2015
4008120,5144251,5216803,2015
4008121,5148220,5156225,2015
4008122,4009140,5217224,2015
4008123,5183209,5222097,2015
4008124,5184298,5187327,2015
4008125,4009252,5183176,2015
4008126,5148166,5148232,2015
4008127,5164402,5216866,2015
4008128,5187339,5202591,2015
4008129,5117685,5145142,2015
4008130,4009254,5223185,2015
4008131,4003163,5147430,2015
4008132,4009314,5183151,2015
4008133,4001166,5223189,2015
4008134,5098580,5098749,2015
4008135,5187357,5202557,2015
4008136,5098695,5216396,2015
4008137,4001187,4001619,2015
4008138,4000065,4005420,2015
4008139,5098763,5144974,2015
4008140,5144761,5223079,2015
4008141,4001062,5223199,2015
4008142,4009255,5145150,2015
4008143,5142506,5156335,2015
4008144,5183221,5217966,2015
4008145,4000158,4006776,2015
4008146,4001513,5156303,2015
4008147,5146342,5183229,2015
4008148,5132993,5142526,2015
4008149,4000516,5216855,2015
4008151,4000767,5109903,2015
4008152,5098158,5116777,2015
4008153,4009277,5145638,2015
4008154,4000052,5223205,2015
4008155,4001167,4008253,2015
4008156,5098245,5098626,2015
4008157,4005132,5144297,2015
4008158,5127042,5144150,2015
4008159,4006769,5216752,2015
4008160,5147479,5216839,2015
4008161,4005113,4009311,2015
4008162,4000810,4008252,2015
4008163,4005130,5217255,2015
4008164,5216805,5217539,2015
4008165,4009312,5098682,2015
4008166,4000090,5217758,2015
4008167,5109824,5155988,2015
4008168,4008273,5223274,2015
4008169,4006481,5223208,2015
4008171,4000160,4001659,2015
4008172,4006777,5223087,2015
4008173,5145151,5145195,2015
4008174,5072187,5109820,2015
4008175,5108790,5147379,2015
4008176,4000704,5183244,2015
4008177,5222104,5223179,2015
4008178,4001126,4009194,2015
4008179,5202553,5217538,2015
4008180,5127053,5144285,2015
4008181,4000992,5147375,2015
4008182,5145143,5183594,2015
4008183,4003158,4005864,2015
4008184,5202548,5202587,2015
4008185,4001594,5183652,2015
4008186,5122423,5143620,2015
4008187,4001506,4013049,2015
4008188,5145254,5145268,2015
4008189,5109718,5116786,2015
4008190,4000736,5148015,2015
4008191,5117562,5127310,2015
4008192,4002254,5187037,2015
4008193,5223269,5223368,2015
4008194,5184258,5223370,2015
4008195,5217221,5223369,2015
4008196,4001045,5223356,2015
4008197,4003044,5202497,2015
4008198,5216739,5217228,2015
4008199,5122438,5145243,2015
4008200,4009246,5142670,2015
4008201,5183482,5183515,2015
4008203,4008263,5183871,2015
4008204,4000943,4007611,2015
4008205,5216377,5222001,2015
4008206,4001036,5223581,2015
4008207,4001165,4002272,2015
4008208,5202416,5217308,2015
4008209,5077917,5144941,2015
4008210,4000933,4001190,2015
4008211,4002049,4002122,2015
4008212,5144091,5202915,2015
4008213,5109766,5187969,2015
4008214,5145298,5202598,2015
4008215,4001007,5187087,2015
4008216,4000965,5222854,2015
4008217,5183867,5217733,2015
4008218,4009248,5217238,2015
4008219,5202480,5217367,2015
4008220,4000562,5147731,2015
4008221,4005880,5072080,2015
4008222,4003162,5187053,2015
4008224,4002192,5187047,2015
4008225,5216522,5216536,2015
4008226,4003826,5222801,2015
4008227,4005893,5217331,2015
4008228,5217973,5222885,2015
4008229,4002414,5155760,2015
4008230,5216546,5222889,2015
4008231,5222247,5223526,2015
4008232,4000921,5222835,2015
4008233,4004551,5223148,2015
4008234,4005434,5217364,2015
4008235,4005401,5217253,2015
4008236,5142562,5184126,2015
4008237,5156469,5202385,2015
4008238,4000565,5117536,2015
4008239,5142563,5145001,2015
4008240,5117599,5222569,2015
4008241,5127471,5183462,2015
4008242,4002343,5183455,2015
4008243,4000975,4002484,2015
4008244,4009822,5156285,2015
4008245,5116404,5183147,2015
4008246,4003110,5216456,2015
4008247,5116376,5223068,2015
4008248,4005433,4012443,2015
4008249,4005138,5216470,2015
4008250,5202400,5217284,2015
4008255,4006480,5217277,2015
4008257,5156133,5187058,2015
4008268,4006469,5217952,2015
4008269,5142657,5144907,2015
4008270,5098587,5108743,2015
4008275,4005155,5216278,2015
4008280,4001869,5217977,2015
4008281,5097300,5116180,2015
4008282,5116338,5132165,2015
4008283,5127710,5183458,2015
4008284,5147364,5222843,2015
4008285,4005447,5156339,2015
4008286,5077825,5078343,2015
4008287,5222555,5222683,2015
4008288,5155793,5222660,2015
4008289,5222035,5222482,2015
4008290,5187159,5187329,2015
4008291,4003166,4003793,2015
4008292,5116345,5116408,2015
4008293,4000944,4002002,2015
4008294,5156396,5183542,2015
4008295,5202429,5222851,2015
4008296,4013668,5144218,2015
4008297,5097213,5127232,2015
4008298,4000970,4002010,2015
4008299,5108648,5127073,2015
4008300,5147362,5183474,2015
4008301,5144133,5187157,2015
4008302,4000914,4002230,2015
4008303,4000947,5222808,2015
4008304,4002024,4002263,2015
4008305,4012503,5132334,2015
4008306,5217214,5223360,2015
4008307,5145137,5223571,2015
4008308,4007570,4008265,2015
4008309,5098530,5108727,2015
4008310,4005185,5109728,2015
4008311,5223050,5223578,2015
4008312,5145003,5202916,2015
4008313,4003828,5184102,2015
4008314,5132979,5183493,2015
4008315,4002196,4013057,2015
4008316,4000948,4000973,2015
4008317,4007612,5222826,2015
4008318,5117511,5143890,2015
4008319,5109491,5184994,2015
4008320,5202424,5217294,2015
4008321,5144043,5147519,2015
4008322,5078137,5187917,2015
4008323,5216718,5222235,2015
4008324,5097467,5183412,2015
4008325,4006467,5223334,2015
4008326,5098476,5223335,2015
4008327,5109366,5116924,2015
4008328,4008256,5222311,2015
4008329,5097491,5147326,2015
4008330,4001760,4007633,2015
4008331,5187427,5187435,2015
4008332,4001987,4007656,2015
4008333,4001521,4001585,2015
4008334,5184478,5202720,2015
4008335,5202780,5202820,2015
4008336,5092934,5092967,2015
4008337,4000184,5222535,2015
4008338,5184453,5217493,2015
4008339,4001424,5223443,2015
4008340,5217437,5223449,2015
4008341,5122046,5156267,2015
4008342,5109418,5222240,2015
4008343,4003808,5145417,2015
4008344,5222938,5222955,2015
4008345,5164001,5217438,2015
4008346,4000749,5116937,2015
4008347,4005896,5147200,2015
4008348,4002090,4008251,2015
4008349,5183277,5184346,2015
4008350,5127975,5183396,2015
4008351,5132611,5145085,2015
4008352,5155607,5183264,2015
4008353,4006490,5155603,2015
4008354,5147214,5187425,2015
4008355,5122076,5148495,2015
4008356,5097480,5143053,2015
4008357,4005903,5132664,2015
4008358,4012426,5143235,2015
4008359,5145528,5147293,2015
4008360,5108519,5109141,2015
4008361,5147189,5148479,2015
4008362,4005443,5132767,2015
4008363,5147202,5222244,2015
4008364,4009285,5183287,2015
4008365,5145493,5146721,2015
4008366,5202831,5216744,2015
4008367,5143285,5143856,2015
4008368,5216654,5216665,2015
4008369,5127884,5222735,2015
4008370,5109339,5147015,2015
4008371,4005442,5222272,2015
4008372,5187630,5216673,2015
4008373,4005414,5072689,2015
4008374,4009182,5202763,2015
4008375,4001387,4001726,2015
4008376,4000550,5116969,2015
4008377,4003843,5202709,2015
4008378,4000795,5132818,2015
4008379,5078205,5080254,2015
4008380,4001406,5223503,2015
4008381,5222988,5223346,2015
4008382,5117880,5132018,2015
4008383,4005879,5217505,2015
4008384,5216733,5222308,2015
4008385,5092897,5092919,2015
4008386,5216687,5222233,2015
4008387,5202764,5202767,2015
4008388,5164121,5187640,2015
4008391,5222382,5222929,2015
4008392,4003816,4009183,2015
4008393,5110018,5217518,2015
4008394,5146200,5146906,2015
4008395,4001524,4009287,2015
4008396,4006755,5222922,2015
4008397,5222920,5222995,2015
4008398,4001751,5223329,2015
4008399,4009147,5222531,2015
4008400,5144457,5156095,2015
4008401,4001315,4001864,2015
4008402,5202040,5217630,2015
4008403,4001978,4002753,2015
4008404,4005858,5222157,2015
4008405,4002410,5216145,2015
4008406,5109519,5109598,2015
4008407,5216099,5222389,2015
4008408,4000127,5217632,2015
4008409,5144324,5145849,2015
4008410,4005861,5202299,2015
4008411,5092553,5097083,2015
4008412,5184976,5217636,2015
4008413,4002394,4005119,2015
4008414,4007622,4008277,2015
4008415,5147952,5222543,2015
4008416,4002358,5121009,2015
4008417,4001827,4007608,2015
4008418,4002099,5187226,2015
4008419,5155824,5202087,2015
4008420,4000722,5116152,2015
4008421,5202005,5217828,2015
4008422,4002434,5147853,2015
4008423,4005104,5217664,2015
4008424,4002396,5216223,2015
4008425,5216219,5217647,2015
4008426,4000144,4000402,2015
4008427,4001475,5217102,2015
4008428,5217651,5222195,2015
4008429,4001038,4002112,2015
4008430,5146752,5164247,2015
4008431,4000413,5217829,2015
4008432,4004541,4006476,2015
4008433,5187853,5202074,2015
4008434,4005860,4006479,2015
4008435,5148306,5202038,2015
4008436,5145991,5147990,2015
4008437,4000643,5222171,2015
4008438,4001551,5202068,2015
4008439,5217650,5222194,2015
4008440,4005849,5217657,2015
4008441,4000232,5222192,2015
4008442,5202063,5216594,2015
4008443,5127610,5142886,2015
4008444,5127633,5132866,2015
4008445,4002178,4002187,2015
4008446,4006762,5144660,2015
4008447,4004543,5109223,2015
4008448,5142871,5142880,2015
4008449,5187890,5216183,2015
4008450,5156100,5183024,2015
4008451,4005407,5097805,2015
4008452,5184861,5187882,2015
4008453,4001493,4005112,2015
4008454,4005107,4005123,2015
4008455,5098718,5122234,2015
4008456,4002305,5110276,2015
4008457,5109222,5116158,2015
4008458,4009242,5184869,2015
4008459,5098239,5121196,2015
4008460,5127614,5127671,2015
4008461,4009241,4009244,2015
4008462,5109033,5147975,2015
4008463,4005102,5164468,2015
4008464,4001367,4003755,2015
4008465,4002306,5184215,2015
4008466,5132364,5202286,2016
4008467,4005127,5146849,2016
4008469,4005440,5146835,2016
4008470,4000020,4012401,2015
4008476,4005906,5156344,2016
4008485,5184134,5202454,2016
4008486,4008483,5127166,2016
4008487,4002427,4005159,2015
4008488,4007077,5222490,2015
4008489,4005902,5217160,2015
4008490,4007654,5222495,2015
4008491,4006752,5222493,2015
4008492,5217170,5222500,2015
4008493,5145381,5202895,2015
4008494,4001277,4008271,2015
4008495,5145083,5145759,2015
4008496,4009283,5093052,2015
4008498,4006751,5222642,2015
4008499,4001303,5223419,2015
4008500,5216577,5217162,2015
4008501,5097591,5184913,2015
4008502,5108636,5184428,2015
4008503,4000788,4002367,2015
4008504,5143967,5223389,2015
4008505,4001304,5216593,2015
4008506,5132343,5217476,2015
4008507,5080159,5146208,2015
4008508,5072772,5108623,2015
4008509,5164344,5187948,2015
4008510,5222519,5223003,2015
4008511,5116574,5116826,2015
4008512,5109490,5183969,2015
4008513,4000409,5148335,2015
4008514,5216573,5222536,2015
4008515,5093033,5116133,2015
4008516,5143446,5146466,2015
4008517,4001258,5223659,2015
4008518,4001583,5097726,2015
4008519,4003832,5184651,2015
4008520,4002334,5147775,2015
4008521,5108842,5187737,2015
4008522,5117215,5183069,2015
4008523,5187770,5187776,2015
4008524,5132079,5183135,2015
4008525,5132233,5144182,2015
4008526,4009291,5184940,2015
4008527,5132486,5148032,2015
4008528,5187742,5222662,2015
4008529,5202270,5217050,2015
4008530,4003800,5216079,2015
4008531,4009153,5217018,2015
4008532,4006484,5223694,2015
4008533,5143420,5143437,2015
4008534,5132087,5147785,2015
4008535,4001582,5187925,2015
4008536,4003801,5146456,2015
4008537,4007636,5121348,2015
4008538,5156147,5183691,2015
4008539,5147791,5222420,2015
4008540,5184748,5217023,2015
4008541,4006485,5223628,2015
4008542,5077580,5108862,2015
4008543,4006753,5146226,2015
4008544,5202150,5216015,2015
4008545,4002330,5217042,2015
4008546,4003101,5121343,2015
4008547,5183717,5223621,2015
4008548,5187807,5202154,2015
4008549,4000339,5187812,2015
4008550,5156148,5184665,2015
4008551,4001930,4002279,2015
4008552,5187517,5216003,2015
4008553,5217846,5223586,2015
4008554,4002433,5155714,2015
4008555,4001584,5117003,2015
4008556,5148364,5184932,2015
4008557,5143774,5188000,2015
4008558,4007631,4008261,2015
4008559,4000780,5132136,2015
4008560,5098995,5109235,2015
4008561,5187785,5217848,2015
4008562,5146436,5147781,2015
4008563,5079069,5184040,2015
4008564,5072832,5110420,2015
4008565,4001954,5223675,2015
4008566,5202109,5217925,2015
4008567,5121331,5145935,2015
4008568,5143440,5145878,2015
4008569,5110385,5184727,2015
4008570,5217907,5223595,2015
4008571,5217038,5223660,2015
4008572,5217031,5217899,2015
4008573,5216017,5217838,2015
4008574,4007652,5144505,2015
4008575,5132106,5144515,2015
4008576,4009247,5132447,2015
4008577,5117014,NA,2015
4008578,5184712,5184755,2015
4008579,5132459,5132460,2015
4008581,5187803,5216033,2015
4008582,4007623,5132102,2015
4008583,5098966,5144520,2015
4008584,4001392,4008262,2015
4008585,4007061,5217857,2015
4008586,4000595,5183011,2015
4008587,5164478,5187368,2015
4008588,4000137,4000636,2015
4008589,4005111,5202041,2015
4008590,5187822,5202683,2015
4008592,5098862,5110319,2015
4008636,4000703,4008638,2016
4008641,4005899,NA,2016
4008642,5116752,5155753,2016
4008643,4002312,4006765,2016
4008644,4001039,5183644,2016
4008645,4008484,5143618,2016
4008646,4001044,5183862,2016
4008647,5147497,5148460,2016
4008648,5146325,5155800,2016
4008649,5187418,5222863,2016
4008650,4001002,5223553,2016
4008651,5116418,5144700,2016
4008652,5146329,5217339,2016
4008653,5222386,5222848,2016
4008654,4001022,4007065,2016
4008655,4001009,5222869,2016
4008656,5127226,5147487,2016
4008657,4006772,5109775,2016
4008658,5216517,5217371,2016
4008659,4003795,5216538,2016
4008660,5217348,5222016,2016
4008661,5144381,5144547,2016
4008662,4005137,5187145,2016
4008663,5109731,5183560,2016
4008664,4008612,5142666,2016
4008665,5127284,5144883,2016
4008666,4003797,5093299,2016
4008667,4000787,5183638,2016
4008668,5155761,5183492,2016
4008669,4001018,5223359,2016
4008670,4002242,4008626,2016
4008671,4000791,5146671,2016
4008672,4001603,5116708,2016
4008673,5144184,5156466,2016
4008674,5108702,5127163,2016
4008675,4002233,5222897,2016
4008676,5116411,5116716,2016
4008677,4007034,5216507,2016
4008678,4003028,5142613,2016
4008680,4002219,4002522,2016
4008681,5142585,5216938,2016
4008683,4002043,5217997,2016
4008684,5216542,5217345,2016
4008685,5142586,5145314,2016
4008686,5079388,5097229,2016
4008687,4002047,5223557,2016
4008688,4005900,5187109,2016
4008689,4013119,5187110,2016
4008690,5142572,5183464,2016
4008691,5127216,5144775,2016
4008692,5145390,5145601,2016
4008693,4008580,5216717,2016
4008694,5079355,5132268,2016
4008695,4001797,4008609,2016
4008696,4001245,5223176,2016
4008697,5145134,5145520,2016
4008698,4001884,4007659,2016
4008699,4001722,4002850,2016
4008700,4001529,4003112,2016
4008701,5216485,5222846,2016
4008702,5222040,5222822,2016
4008703,5164325,5216395,2016
4008704,5142541,5156372,2016
4008705,5097108,5098628,2016
4008706,5187759,5217076,2016
4008707,4008633,5223669,2016
4008708,4000315,5223590,2016
4008709,5145386,5202259,2016
4008710,4011887,5187259,2016
4008711,4002929,5217046,2016
4008712,5097718,5216926,2016
4008713,5184735,5187755,2016
4008714,4002393,4002923,2016
4008715,5098854,5098872,2016
4008716,4002389,5217011,2016
4008717,4005125,5156121,2016
4008718,5127697,5142702,2016
4008719,4012391,5216363,2016
4008720,4003776,5072495,2016
4008721,4000016,5217139,2016
4008722,5183419,5216358,2016
4008723,5122331,5216907,2016
4008724,5147788,5147844,2016
4008725,4001933,4001939,2016
4008726,4006766,5217395,2016
4008727,5156086,5216359,2016
4008728,4002429,5148261,2016
4008729,5146478,5187777,2016
4008730,5121310,5127668,2016
4008731,4002110,4008613,2016
4008732,5132192,5184781,2016
4008733,5142686,5144135,2016
4008734,4004545,5144309,2016
4008735,5217142,5222461,2016
4008736,5132551,5132555,2016
4008737,5144605,5217775,2016
4008738,4000824,5202973,2016
4008739,5116260,5145060,2016
4008740,5146023,5202282,2016
4008741,4001266,5217022,2016
4008742,4001542,5148403,2016
4008744,5148060,5222767,2016
4008745,4005438,5098918,2016
4008746,4005449,5145834,2016
4008747,5187752,5217059,2016
4008748,4000327,5223700,2016
4008749,4001501,4007079,2016
4008750,5183775,5202300,2016
4008751,5132859,5132878,2016
4008752,5216596,5217484,2016
4008753,5147134,5184523,2016
4008754,5143597,5202894,2016
4008755,5121493,5156290,2016
4008756,4001093,5223699,2016
4008757,5078064,5132847,2016
4008759,4001717,5223422,2016
4008760,5184527,5187572,2016
4008761,5183487,5184182,2016
4008762,5187420,5202456,2016
4008763,5187004,5187122,2016
4008764,5184312,5187389,2016
4008765,5202332,5202547,2016
4008766,4002036,4002627,2016
4008767,4008607,5144948,2016
4008768,5117657,5156389,2016
4008769,5122454,5127585,2016
4008772,5077682,5127138,2016
4008773,4002645,4008267,2016
4008774,5117628,5127140,2016
4008775,5142567,5156443,2016
4008776,4005448,5217318,2016
4008777,4002495,4002497,2016
4008778,5108655,5127268,2016
4008779,4002472,5202396,2016
4008780,4000926,5223524,2016
4008781,4005895,5217015,2016
4008782,5079102,5097750,2016
4008783,4008632,5202132,2016
4008784,4000328,4000332,2016
4008785,5223403,5223407,2016
4008786,5146177,5146213,2016
4008787,5217036,5217908,2016
4008788,4005419,5145611,2016
4008789,5143710,5145907,2016
4008790,5079130,5216018,2016
4008791,5223616,5223682,2016
4008792,5117106,5132420,2016
4008793,4002287,4003177,2016
4008794,4001071,4002973,2016
4008795,5217020,5217898,2016
4008796,4005417,5184525,2016
4008797,5148351,5222532,2016
4008798,5110180,5132857,2016
4008799,5187295,5222499,2016
4008800,4002813,4003302,2016
4008801,4007033,5184287,2016
4008802,5147706,5216505,2016
4008803,5127227,5143883,2016
4008804,4002006,4009823,2016
4008805,5127347,5144206,2016
4008806,4001460,5223105,2016
4008807,4001822,5223707,2016
4008808,4008480,5147876,2016
4008809,5184890,5202082,2016
4008810,5148412,5183020,2016
4008811,4003108,5183930,2016
4008812,4000024,5217822,2016
4008813,5116190,5144590,2016
4008814,4007604,5223636,2016
4008815,5217110,5222726,2016
4008816,4009776,5217109,2016
4008817,5122325,5183422,2016
4008818,4003842,5184203,2016
4008819,5216332,5217616,2016
4008820,4000803,5222443,2016
4008821,4003114,5184001,2016
4008823,5116285,5132311,2016
4008824,5144260,5145043,2016
4008825,5217113,5217132,2016
4008826,5109723,5122324,2016
4008827,5183844,5202381,2016
4008828,5148379,5187238,2016
4008829,5202883,5216612,2016
4008830,5183840,5183841,2016
4008831,5147288,5148365,2016
4008832,5132370,5216208,2016
4008833,4001329,4001330,2016
4008834,5132504,5148360,2016
4008835,5147546,5216481,2016
4008836,5143409,5155692,2016
4008837,5098898,5143453,2016
4008838,4001549,4008623,2016
4008839,4003799,5187745,2016
4008840,4006483,5223103,2016
4008841,4012413,5217867,2016
4008842,5202268,5216095,2016
4008843,5143471,5183687,2016
4008844,4003160,5132440,2016
4008845,5098960,5183675,2016
4008846,4008621,5217844,2016
4008847,5187772,5217053,2016
4008848,5132148,5216050,2016
4008849,5217040,5217855,2016
4008850,4000793,5146331,2016
4008851,4000779,5147782,2016
4008852,4002285,4002931,2016
4008853,4003138,5223605,2016
4008854,4006477,5217056,2016
4008855,4000367,4002282,2016
4008856,5145958,5155932,2016
4008857,5117140,5132139,2016
4008858,5117261,5132124,2016
4008859,5184656,5187796,2016
4008860,5110366,5217744,2016
4008862,5183686,5217074,2016
4008863,5132427,5145909,2016
4008864,4001276,4001296,2016
4008865,4001892,4005873,2016
4008866,5109192,5187598,2016
4008868,5132895,5145610,2016
4008869,4001899,5223420,2016
4008870,4008618,5184547,2016
4008871,4007001,5223418,2016
4008872,4000441,5223058,2016
4008874,5127812,5132842,2016
4008875,5202875,5216585,2016
4008876,5222492,5222503,2016
4008877,4007655,5164227,2016
4008878,5164089,5184629,2016
4008879,4005445,5109155,2016
4008880,5122172,5127822,2016
4008881,5142978,5217530,2016
4008882,4003806,5184328,2016
4008883,5142980,5148309,2016
4008884,4003805,5148311,2016
4008885,4008477,4008640,2016
4008886,5183536,5216943,2016
4008887,4003817,5216423,2016
4008888,5132171,5143560,2016
4008889,5108539,5146126,2016
4008890,4006764,5217563,2016
4008891,4002431,5127970,2016
4008892,5110075,5147017,2016
4008893,4005904,5184396,2016
4008894,5127924,5216308,2016
4008895,4008595,5217501,2016
4008896,5145584,5147218,2016
4008898,5156286,5216689,2016
4008899,4006754,5222970,2016
4008901,5097088,5164217,2016
4008902,4005143,5217252,2016
4008903,4000301,4005874,2016
4008904,5116850,5146670,2016
4008905,5216862,5216865,2016
4008906,5184617,5216446,2016
4008907,5155644,5222963,2016
4008908,5121042,5145649,2016
4008909,5078255,5109432,2016
4008910,5217446,5222284,2016
4008911,5143951,5143955,2016
4008912,5098471,5217778,2016
4008913,5143961,5146730,2016
4008914,4008635,5147316,2016
4008915,5202680,5202758,2016
4008916,5146977,5216946,2016
4008917,5127894,5143103,2016
4008918,5116550,5116938,2016
4008919,4002842,4003475,2016
4008920,4014183,5110116,2016
4008921,4007067,5222805,2016
4008922,4000909,4002539,2016
4008923,4003792,5202199,2016
4008924,5155970,5187379,2016
4008925,5144998,5187477,2016
4008926,5217266,5223120,2016
4008927,4005161,5187430,2016
4008928,5116286,5117476,2016
4008929,5217713,5217808,2016
4008931,4008599,5223717,2016
4008932,4001767,4008598,2016
4008933,5143649,5222936,2016
4008934,5216730,5222319,2016
4008935,4001989,5223260,2016
4008936,5078204,5093154,2016
4008938,5202806,5222924,2016
4008939,4008596,5223456,2016
4008940,4001747,4001771,2016
4008941,5127916,5145409,2016
4008942,5122121,5184471,2016
4008943,5222273,5222323,2016
4008944,5216743,5223027,2016
4008945,5222298,5222512,2016
4008946,5183411,5187990,2016
4008947,5217481,5217519,2016
4008948,5147195,5187988,2016
4008949,4005145,5127865,2016
4008950,5080179,5132348,2016
4008951,4008478,5098706,2016
4008952,5122042,5127928,2016
4008953,5222986,5223487,2016
4008954,4001401,5216655,2016
4008955,5216380,5223570,2016
4008956,4002008,4007066,2016
4008957,5223144,5223364,2016
4008958,5145326,5147460,2016
4008959,5202481,5217332,2016
4008960,5142667,5144098,2016
4008961,4003824,5187083,2016
4008962,5109779,5116409,2016
4008963,4005878,5217319,2016
4008964,5146273,5222005,2016
4008965,5216494,5217343,2016
4008966,5217369,5223641,2016
4008967,5187090,5222797,2016
4008968,5116369,5184171,2016
4008969,5144757,5187920,2016
4008971,5156370,5164356,2016
4008972,4002003,4002482,2016
4008973,5144351,5217390,2016
4008974,4002381,4002772,2016
4008975,5116222,5117960,2016
4008976,5117955,5147507,2016
4008977,4001316,4001322,2016
4008978,4005848,5222390,2016
4008979,4005416,4005424,2016
4008980,4000626,5184834,2016
4008981,4000252,4002308,2016
4008982,4005110,5117239,2016
4008983,5108959,5110290,2016
4008984,5142760,5143674,2016
4008985,5127579,5144380,2016
4008986,4002398,5222166,2016
4008987,4000404,5222162,2016
4008988,4000863,4001346,2016
4008989,5079045,5142986,2016
4008990,4005105,5217626,2016
4008991,4003777,5144044,2016
4008992,4008606,5122292,2016
4008994,4002139,4002359,2016
4008995,5217675,5222184,2016
4008996,4000135,5222411,2016
4008997,5142991,5183709,2016
4008998,4002151,4002736,2016
4008999,4005863,5216154,2016
4009000,4001349,4005429,2016
4009001,4003034,4011898,2016
4009002,4007601,5146806,2016
4009003,4002337,5202688,2016
4009004,4000212,5222381,2016
4009005,4002130,4002883,2016
4009006,5184851,5187830,2016
4009007,4002363,4005106,2016
4009008,4000197,5216136,2016
4009009,4003026,5183015,2016
4009010,4002925,5116203,2016
4009011,4000669,4002360,2016
4009012,5184780,5216217,2016
4009013,4005856,5187903,2016
4009014,5202066,5202434,2016
4009015,4001333,5216124,2016
4009016,5187897,5202329,2016
4009017,5142786,5148401,2016
4009018,4000721,4005855,2016
4009019,4002166,4002915,2016
4009021,4000596,5187842,2016
4009022,5216190,5222215,2016
4009023,4001012,4007053,2016
4009024,4013147,5122381,2016
4009025,4000249,4005854,2016
4009027,5216164,5222205,2016
4009028,5155871,5222156,2016
4009029,5117192,5121008,2016
4009031,4004539,4004553,2016
4009032,4001838,4002747,2016
4009033,5146823,5202049,2016
4009034,5109292,5144628,2016
4009035,4005850,5117942,2016
4009036,5183033,5217396,2016
4009037,4000147,5222180,2016
4009038,5216105,5216262,2016
4009039,4001485,4002787,2016
4009040,4002789,4002893,2016
4009041,4009797,5109544,2016
4009043,5184246,5187913,2016
4009044,5144001,5144366,2016
4009045,5072798,5108798,2016
4009046,5202699,5216653,2016
4009048,5109879,5143188,2016
4009049,4002864,4008150,2016
4009050,5184416,5222939,2016
4009051,5187693,5217473,2016
4009052,4001586,5143256,2016
4009053,5155608,5222632,2016
4009054,4001427,4007634,2016
4009055,4001446,4003464,2016
4009056,4001448,4001784,2016
4009057,5222322,5223000,2016
4009058,5145579,5147337,2016
4009059,4006768,5117859,2016
4009060,5110025,5132746,2016
4009061,5122026,5187528,2016
4009063,5127965,5132598,2016
4009064,5098468,5143193,2016
4009065,5143172,5143276,2016
4009066,5132346,5223100,2016
4009067,4003851,5116610,2016
4009068,5216786,5217834,2016
4009069,4000178,4008611,2016
4009070,4002189,4002632,2016
4009071,4001689,4008475,2016
4009072,4001135,4005891,2016
4009073,4001108,5183573,2016
4009074,5132914,5144721,2016
4009075,4005411,5164046,2016
4009076,4013076,5223439,2016
4009077,5183589,5187509,2016
4009078,5202650,5217260,2016
4009079,5216318,5222121,2016
4009080,5142899,5144147,2016
4009081,5164245,5164362,2016
4009082,5144705,5145693,2016
4009083,4001139,5143952,2016
4009084,5132799,5216773,2016
4009085,4005870,5217574,2016
4009086,5122466,5187657,2016
4009087,5145687,5216843,2016
4009088,5222609,5222722,2016
4009089,4008474,4008615,2016
4009090,4008473,4008620,2016
4009091,4005408,5202580,2016
4009092,5183528,5216777,2016
4009093,4001182,4006488,2016
4009094,5222081,5223165,2016
4009095,5148242,5164360,2016
4009096,4000096,5223242,2016
4009097,5184599,5217566,2016
4009098,5092660,5109934,2016
4009099,4000769,5145186,2016
4009100,5147367,5183174,2016
4009101,4002064,4002995,2016
4009102,4008472,5223315,2016
4009103,5148431,5148450,2016
4009104,5183830,5217089,2016
4009105,5216268,5222428,2016
4009106,5216270,5217287,2016
4009107,5164260,5183774,2016
4009108,4003041,5202231,2016
4009109,5108854,5145870,2016
4009111,5148202,5187234,2016
4009112,5098719,5132374,2016
4009114,4000048,5148208,2016
4009115,4001200,4001642,2016
4009116,5156477,5223184,2016
4009117,4005876,5098688,2016
4009118,4001147,5145162,2016
4009119,4000599,5223076,2016
4009120,4002726,4002969,2016
4009121,4013052,5144692,2016
4009122,4000477,5223291,2016
4009123,5132514,5222591,2016
4009124,4000472,5223281,2016
4009125,4003007,4003012,2016
4009126,5127950,5132071,2016
4009127,4003046,5121370,2016
4009128,5143363,5217005,2016
4009129,5132202,5132510,2016
4009130,5077916,5146404,2016
4009132,5164373,5184272,2016
4009133,4001183,5222098,2016
4009134,4001199,5223048,2016
4009135,5144175,5144189,2016
4009136,5097377,5148017,2016
4009137,5148192,5156250,2016
4009138,4002404,5184948,2016
4009139,5127239,5127365,2016
4009141,5147575,5147771,2016
4009142,4001911,4001926,2016
4009143,4000576,5122408,2016
4009144,5117273,5155744,2016
4009145,4001517,4001604,2016
4009146,4001573,5147559,2016
4009148,5217540,5222070,2017
4009149,5109101,5109933,2017
4009150,5146699,5216307,2017
4009156,5144697,5222120,2017
4009169,5183101,5183656,2018
4009170,5117273,5155744,2018
4009172,4002285,4002931,2018
4009173,4003138,5223605,2018
4009174,4006477,5217056,2018
4009175,5110385,5184727,2018
4009176,5145958,5155932,2018
4009177,5184656,5187796,2018
4009178,5110366,5217744,2018
4009179,5117261,5132124,2018
4009180,5217907,5223595,2018
4009201,5117830,5187428,2016
4009202,5117847,5216607,2016
4009203,5145224,5148249,2016
4009204,5147257,5147746,2016
4009205,4005446,5148122,2016
4009206,5183280,5183569,2016
4009207,5097524,5146703,2016
4009208,5144723,5145665,2016
4009209,5117660,5127011,2016
4009210,4000078,5217603,2016
4009211,4001600,5098696,2016
4009212,5187315,5216676,2016
4009213,4001512,4001592,2016
4009214,5142512,5143584,2016
4009215,5184319,5202561,2016
4009216,4001137,4008593,2016
4009217,4001207,4001625,2016
4009218,4001212,5184251,2016
4009219,4002270,4008272,2016
4009220,4006779,5223178,2016
4009221,4001214,4002589,2016
4009222,4002618,5223233,2016
4009223,5183189,5222063,2016
4009224,5145684,5202925,2016
4009225,5132939,5132954,2016
4009226,5183155,5187377,2016
4009227,4013054,5183224,2016
4009228,4001683,5148453,2016
4009229,5223150,5223169,2016
4009230,4000032,5222073,2016
4009231,5144271,5184996,2016
4009232,5223146,5223153,2016
4009233,5098232,5222257,2016
4009234,4001628,4002666,2016
4009235,5187513,5222045,2016
4009236,5098092,5127037,2016
4009237,5132321,5144497,2016
4009238,4000027,5222068,2016
4009239,4002718,4008624,2016
4009279,5148248,5164436,2017
4009280,4002621,5223221,2017
4009290,4001691,5184573,2017
4009294,4001123,5217261,2017
4009295,4005877,5217546,2017
4009296,4003839,5127041,2017
4009299,4001518,5187332,2017
4009300,4005155,5216278,2017
4009301,5145653,5222636,2017
4009302,4012427,5216617,2017
4009304,5202681,5217528,2017
4009305,4005147,5184622,2017
4009306,4009276,5202911,2017
4009307,4001671,5223235,2017
4009308,4004124,5222981,2017
4009309,4009195,5222231,2017
4009310,4003838,5216285,2017
4009317,5110159,5217561,2017
4009318,5143575,5156228,2017
4009319,4009259,5217293,2017
4009320,4009315,5184562,2017
4009321,4003124,5222978,2017
4009322,4009260,5222648,2017
4009323,4001294,4001875,2017
4009324,4001893,4008619,2017
4009325,5202858,5222947,2017
4009326,4001303,5223419,2017
4009327,5216577,5217162,2017
4009329,4001304,5216593,2017
4009330,5080159,5146208,2017
4009331,4000440,5222505,2017
4009332,4000788,4002367,2017
4009333,5097588,5108642,2017
4009334,5116574,5116826,2017
4009335,4000409,5148335,2017
4009336,5216581,5216583,2017
4009337,5217170,5222500,2017
4009338,4005902,5217160,2017
4009339,4007077,5222490,2017
4009340,4009283,5093052,2017
4009341,5156091,5183810,2017
4009342,4005108,4007075,2017
4009343,5144354,5147509,2017
4009344,5121412,5202310,2017
4009345,5121449,5184967,2017
4009346,4000705,4009267,2017
4009347,4009268,5216227,2017
4009348,4003031,5187756,2017
4009349,4003032,4006470,2017
4009350,4009266,5147512,2017
4009352,4003468,4009165,2017
4009353,4001594,5183652,2017
4009354,5183101,5183656,2017
4009355,4013665,5217876,2017
4009356,4001267,4001945,2017
4009357,4003193,4003200,2017
4009358,5202109,5217925,2017
4009359,5143440,5145878,2017
4009360,5132459,5132460,2017
4009361,4000903,5223318,2017
4009362,4000537,4009265,2017
4009363,4009271,5146103,2017
4009364,5222438,5223314,2017
4009365,4000694,4000885,2017
4009366,4000476,5217087,2017
4009367,4005124,5217066,2017
4009368,4005882,5217923,2017
4009369,4000900,4002959,2017
4009370,4003785,5222377,2017
4009371,5108834,5202105,2017
4009372,4000466,4000874,2017
4009373,5147573,5147784,2017
4009374,4000474,4008278,2017
4009375,4000468,5217080,2017
4009376,4001092,5223293,2017
4009377,5117081,5117358,2017
4009378,4001013,4006491,2017
4009379,4009274,5184489,2017
4009380,4001356,4003788,2017
4009381,4003726,5183780,2017
4009382,5184692,5217100,2017
4009383,4002350,5127609,2017
4009384,4003047,5187837,2017
4009385,4000867,4002063,2017
4009386,5183787,5187251,2017
4009387,4000191,4009269,2017
4009388,4003230,4003590,2017
4009389,4009277,5145638,2017
4009390,5098158,5116777,2017
4009391,4002628,4003440,2017
4009392,5132909,5222054,2017
4009393,4008471,5116440,2017
4009394,5144263,5202625,2017
4009395,4003116,5216793,2017
4009396,4009293,5164378,2017
4009397,5146558,5202590,2017
4009398,5148220,5156225,2017
4009399,5122035,5132943,2017
4009400,5187339,5202591,2017
4009401,4008614,5127180,2017
4009403,5183209,5222097,2017
4009404,5144251,5216803,2017
4009405,5202538,5217597,2017
4009406,4005132,4009257,2017
4009407,4002320,5144799,2017
4009408,4006769,5216752,2017
4009409,4005113,4009311,2017
4009410,4005130,5217255,2017
4009411,4000810,4008252,2017
4009412,4009312,5098682,2017
4009413,4009313,5223156,2017
4009414,4002256,4009193,2017
4009415,5117685,5145142,2017
4009416,4009254,5223185,2017
4009417,4009314,5183151,2017
4009418,4003399,4004079,2017
4009419,4001208,5222094,2017
4009420,5145151,5145195,2017
4009421,4009194,5223437,2017
4009422,4009255,5145150,2017
4009423,4000053,4000741,2017
4009424,5187357,5202557,2017
4009425,5142506,5156335,2017
4009426,5183221,5217966,2017
4009427,4000160,4001659,2017
4009428,4002598,4008622,2017
4009429,4005135,5183183,2017
4009430,4002593,5223367,2017
4009431,4009188,5223243,2017
4009432,5127053,5144285,2017
4009433,4007052,5222112,2017
4009434,4000992,5147375,2017
4009435,5145143,5183594,2017
4009436,4002375,4003043,2017
4009437,5146342,5183229,2017
4009438,4000516,5216855,2017
4009439,5147033,5155513,2017
4009440,4003403,4003630,2017
4009441,4007658,5217211,2017
4009442,4002401,5147413,2017
4009443,5145137,5223571,2017
4009444,5217214,5223360,2017
4009445,5122423,5143620,2017
4009446,4003636,4008481,2017
4009447,4001724,4002466,2017
4009448,5142695,5144216,2017
4009449,4000805,4000828,2017
4009450,4000836,5222459,2017
4009451,5148280,5223114,2017
4009452,4001528,4003783,2017
4009453,4000823,5222478,2017
4009454,4009249,5187467,2017
4009455,5187293,5187824,2017
4009456,4009240,5148251,2017
4009457,4001578,5183903,2017
4009458,5127460,5156280,2017
4009459,4002351,5223124,2017
4009460,4003611,4003706,2017
4009461,4000275,4000763,2017
4009462,4002453,5223101,2017
4009463,4000079,4008630,2017
4009464,4003781,5216459,2017
4009465,4001835,4009256,2017
4009466,4005412,5184213,2017
4009467,5183430,5183439,2017
4009468,4006480,4009286,2017
4009469,5217138,5223127,2017
4009470,4009316,5145766,2017
4009471,5098342,5121209,2017
4009472,5184891,5202500,2017
4009473,5184756,5202902,2017
4009474,4003107,5148000,2017
4009475,4011325,5217695,2017
4009476,5127636,5217688,2017
4009477,4001459,5223650,2017
4009478,5148422,5155885,2017
4009479,5122351,5184909,2017
4009480,4002062,4008634,2017
4009481,4000635,5223459,2017
4009482,4001371,4007602,2017
4009483,4000713,4003696,2017
4009484,5144582,5217774,2017
4009485,4004548,5156030,2017
4009486,4009261,5184889,2017
4009487,4004527,4004897,2017
4009488,4000668,4009262,2017
4009489,4006474,5147602,2017
4009490,4009264,5217610,2017
4009492,5147364,5222843,2017
4009493,5155793,5222660,2017
4009494,5187159,5187329,2017
4009495,5116345,5116408,2017
4009496,4009131,5146264,2017
4009497,5144133,5187157,2017
4009498,4000938,4001617,2017
4009499,4000914,4002230,2017
4009500,4002024,4002263,2017
4009501,5127710,5183458,2017
4009502,4000911,5216987,2017
4009503,5222555,5222683,2017
4009504,4003166,4003793,2017
4009505,4013668,5144218,2017
4009506,4002226,4008264,2017
4009507,5117456,5145282,2017
4009508,4000947,5222508,2017
4009509,4000943,4007611,2017
4009510,4002517,4002546,2017
4009511,5183482,5183515,2017
4009512,5202427,5223533,2017
4009513,4000562,5147731,2017
4009514,5127045,5127210,2017
4009515,5117511,5143890,2017
4009516,4007612,5222826,2017
4009517,4002214,5222834,2017
4009518,4000941,4002035,2017
4009519,5187144,5217993,2017
4009520,4000963,4008482,2017
4009521,4003266,4008628,2017
4009522,5145298,5202598,2017
4009523,4000985,5223579,2017
4009524,4013666,5216385,2017
4009525,4002192,5187047,2017
4009526,4005893,5217331,2017
4009527,4001503,5222653,2017
4009528,4003823,5127137,2017
4009529,4001036,5223581,2017
4009530,4009167,5098530,2017
4009531,5156333,5187058,2017
4009532,5216858,5217356,2017
4009533,4000736,5148015,2017
4009534,4009246,5142670,2017
4009535,5222078,5223038,2017
4009536,4002254,5223370,2017
4009537,5117562,5127310,2017
4009538,4005901,5217220,2017
4009539,5098587,5108743,2017
4009540,5142657,5144907,2017
4009541,4002528,4009189,2017
4009542,4000975,4002484,2017
4009543,4005433,4012443,2017
4009544,4000921,5222835,2017
4009545,4005434,5217364,2017
4009547,4003110,5216456,2017
4009548,5116376,5223068,2017
4009549,5098594,5127204,2017
4009550,5202390,5202419,2017
4009551,5142563,5145001,2017
4009552,5098784,5109780,2017
4009553,5127021,5146084,2017
4009554,5117599,5222569,2017
4009557,5183867,5217733,2017
4009558,4000765,5147491,2017
4009559,5109766,5187969,2017
4009560,4002213,4003269,2017
4009561,4003826,4009163,2017
4009562,4003067,4009162,2017
4009563,5216522,5216536,2017
4009564,4000933,4001190,2017
4009565,4009171,5098570,2017
4009566,4005185,5109728,2017
4009567,5223050,5223578,2017
4009568,4006469,5217952,2017
4009569,4001046,4001507,2017
4009570,4002858,5223277,2017
4009571,4001243,5223466,2017
4009572,5216718,5222235,2017
4009573,4009147,5222531,2017
4009574,4001751,5223329,2017
4009575,4006467,5223334,2017
4009576,4003165,5146718,2017
4009577,4005896,5147200,2017
4009578,4002090,4008251,2017
4009579,4009185,5146909,2017
4009580,4001437,4009198,2017
4009581,5127975,5183396,2017
4009582,4003525,4009186,2017
4009584,5183277,5184346,2017
4009585,5097491,5147326,2017
4009586,4001763,4002830,2017
4009587,4001743,4009184,2017
4009588,4009199,5223480,2017
4009589,4001524,4009287,2017
4009590,4006755,5222922,2017
4009591,4007003,4009181,2017
4009592,4007054,5222537,2017
4009593,5216733,5222308,2017
4009594,4003816,4009183,2017
4009595,4008256,5222311,2017
4009596,4001930,4002279,2017
4009597,5097216,5146997,2017
4009598,5217846,5223586,2017
4009599,4003832,5184651,2017
4009600,4002334,5147775,2017
4009601,5187427,5187435,2017
4009602,5092866,5110171,2017
4009603,4001244,4001615,2017
4009604,5147189,5148479,2017
4009605,5147202,5222244,2017
4009606,4009285,5183287,2017
4009607,5127884,5222735,2017
4009609,5202785,5223492,2017
4009610,4005414,5072689,2017
4009611,4001735,4004429,2017
4009612,4003813,5202709,2017
4009613,4002820,5223478,2017
4009614,4000795,5132818,2017
4009615,4001406,5223503,2017
4009617,5117880,5132018,2017
4009618,4001381,5216686,2017
4009619,4002280,4002848,2017
4009620,5217437,5223449,2017
4009621,5145528,5147293,2017
4009622,4005879,5217505,2017
4009623,4006490,5155603,2017
4009624,4001760,4007633,2017
4009625,5108519,5109141,2017
4009626,4002818,4007632,2017
4009627,4003452,4009200,2017
4009628,4001521,4001585,2017
4009629,4002379,5132723,2017
4009631,5222919,5223350,2017
4009632,4003808,5145417,2017
4009633,5202831,5216744,2017
4009634,4008616,5202804,2017
4009635,4005903,5132664,2017
4009636,4005442,5222272,2017
4009637,4006468,5216670,2017
4009638,4009182,5202763,2017
4009639,5187592,5222965,2017
4009640,4013074,5183322,2017
4009641,5164121,5187640,2017
4009642,5097480,5143053,2017
4009643,5122076,5148495,2017
4009644,5132611,5145085,2017
4009645,4012426,5143235,2017
4009646,4007057,5217503,2017
4009648,4001424,5223443,2017
4009649,5184453,5217493,2017
4009650,5202780,5202820,2017
4009651,5164155,5202788,2017
4009652,4000184,5222535,2017
4009653,5116954,5187602,2017
4009654,5132784,5147689,2017
4009655,5183948,5184439,2017
4009656,4005894,5216977,2017
4009657,4007631,4008261,2017
4009658,4002986,4003181,2017
4009659,4002994,5217052,2017
4009660,5143446,5146466,2017
4009661,4001258,5223659,2017
4009662,4003010,5223670,2017
4009663,4002978,5223684,2017
4009664,4009152,5143940,2017
4009665,5187742,5222662,2017
4009666,4003800,5216079,2017
4009667,4000333,4003651,2017
4009668,4003999,4009284,2017
4009669,4006484,5223694,2017
4009670,4009153,5217018,2017
4009671,4009291,5184940,2017
4009672,5187785,5217848,2017
4009673,5098995,5109235,2017
4009674,5132087,5147785,2017
4009675,5146436,5147781,2017
4009676,4003801,5146456,2017
4009677,5156147,5183691,2017
4009678,5164277,5217878,2017
4009679,5184750,5216275,2017
4009680,5072832,5110420,2017
4009681,4002992,5223697,2017
4009682,4006485,5223628,2017
4009683,4009154,5098953,2017
4009684,5077580,5108862,2017
4009685,4003101,5121343,2017
4009686,5183717,5223621,2017
4009687,5187807,5202154,2017
4009688,4002974,4003174,2017
4009689,5144508,5183736,2017
4009690,5121256,5184663,2017
4009691,4001068,5144525,2017
4009692,4000888,5223664,2017
4009693,4002330,5217042,2017
4009694,5184712,5184755,2017
4009695,4009247,5132447,2017
4009696,5132106,5144515,2017
4009697,4007652,5144505,2017
4009698,4001921,4002947,2017
4009699,4005415,4009164,2017
4009700,5109491,5184994,2017
4009701,4000408,4001847,2017
4009702,5109515,5110466,2017
4009703,4000142,4000953,2017
4009704,4002754,4009160,2017
4009705,4000397,4000682,2017
4009706,4000010,4008625,2017
4009707,4003721,5216122,2017
4009708,4001317,4001321,2017
4009709,5147860,5184011,2017
4009710,4009289,5122307,2017
4009711,4000418,5217382,2017
4009712,5092563,5116013,2017
4009713,4001315,4001864,2017
4009714,4002394,4005119,2017
4009715,4001489,5127644,2017
4009716,4000222,4002152,2017
4009717,4002178,4002187,2017
4009718,5132375,5183563,2017
4009719,4000242,5147582,2017
4009720,4009151,5222207,2017
4009721,5184861,5187882,2017
4009722,4001493,4009190,2017
4009723,4009243,5121184,2017
4009724,4005107,4005123,2017
4009725,4005102,5164468,2017
4009726,4002306,5184215,2017
4009727,4001370,5217716,2017
4009728,4002174,4008603,2017
4009729,4002155,4002185,2017
4009730,5079181,5092829,2017
4009731,5127614,5127671,2017
4009732,4005849,5217657,2017
4009733,5217650,5222194,2017
4009734,4008479,5216455,2017
4009735,4009159,5142787,2017
4009736,4005860,4006479,2017
4009737,4000643,5222171,2017
4009738,5155824,5202087,2017
4009739,4003037,5144003,2017
4009740,4000436,5223637,2017
4009741,5202005,5217828,2017
4009742,4002784,4013657,2017
4009743,4002396,5216223,2017
4009744,4000144,4000402,2017
4009745,5216219,5217647,2017
4009746,4000683,5217619,2017
4009747,4001355,5187839,2017
4009748,4001038,4002112,2017
4009749,4002115,4009192,2017
4009750,4000843,5164488,2017
4009751,5183978,5202352,2017
4009752,4002759,4009292,2017
4009753,4002410,5216145,2017
4009754,5144324,5145849,2017
4009755,5147952,5222543,2017
4009756,5164478,5187368,2017
4009757,4003739,4003747,2017
4009758,4006762,5144660,2017
4009759,4005852,5222405,2017
4009760,5142871,5142880,2017
4009761,5156100,5183024,2017
4009762,4000020,4012401,2017
4009763,5109033,5147975,2017
4009764,4000232,5222192,2017
4009765,4002385,5216195,2017
4009766,4000595,5183011,2017
4009767,4001551,5202068,2017
4009768,5148306,5202038,2017
4009769,5187853,5202074,2017
4009770,4000136,4000627,2017
4009808,4000576,5122408,2018
4009809,4001911,4001926,2018
4009810,4001935,4002172,2018
4009813,4002726,4002969,2018
4009814,4009166,4009250,2018
4009815,5143725,5145956,2018
4009816,5132427,5145909,2018
4009817,5143710,5145907,2018
4009818,4002284,4002948,2018
4009819,5187803,5216033,2018
4009820,5223616,5223682,2018
4009831,4001071,4002973,2018
4009832,4005895,5217015,2018
4009833,5217020,5217898,2018
4009834,5217036,5217908,2018
4009835,4000347,4002953,2018
4009836,4000328,4000332,2018
4009837,5184735,5187755,2018
4009838,5147788,5217864,2018
4009839,5143431,5143437,2018
4009840,4002929,5217046,2018
4009841,4002962,4003139,2018
4009842,4000793,5146231,2018
4009843,4007636,5121348,2018
4009844,5217040,5217855,2018
4009845,4002297,4008266,2018
4009846,5187772,5217053,2018
4009847,5097718,5216926,2018
4009848,4002389,5217011,2018
4009849,5187752,5217059,2018
4009850,5202270,5217050,2018
4009851,4000315,5223590,2018
4009852,4000327,5223700,2018
4009853,5121310,5127668,2018
4009854,5132233,5144182,2018
4009855,5187770,5216091,2018
4009856,5187759,5217076,2018
4009857,4001596,5183135,2018
4009858,5183670,5223660,2018
4009859,5145386,5202259,2018
4009860,4009829,5145886,2018
4009861,4012413,5217867,2018
4009862,4003799,5187745,2018
4009863,4006483,5223103,2018
4009864,4008472,5223315,2018
4009865,5110297,5132516,2018
4009866,4001959,5143371,2018
4009867,5183830,5217089,2018
4009868,5216268,5222428,2018
4009869,5108854,5145870,2018
4009870,4003564,4003582,2018
4009871,4003041,5202231,2018
4009872,4001517,4001604,2018
4009873,5216270,5217287,2018
4009874,5132202,5132510,2018
4009875,5143363,5217005,2018
4009876,4009772,5121370,2018
4009877,4000895,4003565,2018
4009878,4000457,5217095,2018
4009879,4001960,4002052,2018
4009880,4009771,5223300,2018
4009881,4000898,4001016,2018
4009882,4001515,4003844,2018
4009883,4000472,5223281,2018
4009884,4003019,4004290,2018
4009885,4002064,4002995,2018
4009886,4002067,5223294,2018
4009887,4000477,5223291,2018
4009888,4003008,4009830,2018
4009889,4011887,5187259,2018
4009890,4002353,5187267,2018
4009891,4005125,5156121,2018
4009892,5143409,5155692,2018
4009893,4000877,5146798,2018
4009894,4006492,4008279,2018
4009895,4002167,4003672,2018
4009896,4001329,4001330,2018
4009897,5098719,5132374,2018
4009898,4005127,5146849,2018
4009899,4005440,5146835,2018
4009900,5147288,5148365,2018
4009901,4002393,4002923,2018
4009902,5156086,5216359,2018
4009903,5116871,5183683,2018
4009904,4005905,5216602,2018
4009905,5216224,5223400,2018
4009906,4003638,4004514,2018
4009907,4005449,5145834,2018
4009908,5202883,5216612,2018
4009909,4003648,5217398,2018
4009910,5148379,5187238,2018
4009911,4001861,4002439,2018
4009912,4003698,4009828,2018
4009913,4005072,4005074,2018
4009914,4003693,4003701,2018
4009916,4000024,5217822,2018
4009917,4000019,4000622,2018
4009918,4001561,5110279,2018
4009919,4000004,4000021,2018
4009920,5144002,5222589,2018
4009921,5184890,5202082,2018
4009923,4002882,4009263,2018
4009924,4009811,5147876,2018
4009925,4004549,4004561,2018
4009926,5132192,5184781,2018
4009927,4002110,4008613,2018
4009928,4001821,4002449,2018
4009929,5183775,5202300,2018
4009930,5143527,5144074,2018
4009931,4002008,4007066,2018
4009932,5223144,5223364,2018
4009933,5144184,5156466,2018
4009934,4001044,5183862,2018
4009935,5155761,5183492,2018
4009936,4001018,5223359,2018
4009937,4001035,4009245,2018
4009938,4003797,5093299,2018
4009939,5145254,5145268,2018
4009940,4008612,5142666,2018
4009941,5216739,5217228,2018
4009942,4009821,5223361,2018
4009943,5217225,5223369,2018
4009944,4001045,4001058,2018
4009945,4009780,5217253,2018
4009946,4001788,4002554,2018
4009947,4005864,4009779,2018
4009948,4003625,4004619,2018
4009949,4000791,5146671,2018
4009950,5202587,5216284,2018
4009951,5184617,5216446,2018
4009952,5216862,5216865,2018
4009953,5116850,5146670,2018
4009954,5156482,5202673,2018
4009955,4005143,5217252,2018
4009956,4003817,5216423,2018
4009957,4002103,4004135,2018
4009958,4002585,4004131,2018
4009959,4001996,5223393,2018
4009960,5145134,5145520,2018
4009961,4001104,5217967,2018
4009962,5184319,5202561,2018
4009963,4001512,4001592,2018
4009964,5187315,5216676,2018
4009965,4001667,4009781,2018
4009966,4000078,5217603,2018
4009967,4000704,5183244,2018
4009968,4001224,4005420,2018
4009969,4006481,5222911,2018
4009970,4001180,4002267,2018
4009971,4003377,4009795,2018
4009972,4001062,5223199,2018
4009973,4001147,5145162,2018
4009974,5072187,5109820,2018
4009975,4003938,5223201,2018
4009976,5183596,5223200,2018
4009977,5144175,5144189,2018
4009978,5098763,5144974,2018
4009979,5156477,5223184,2018
4009980,4009288,5164402,2018
4009981,5147479,5216839,2018
4009982,4000096,5223242,2018
4009983,4009252,5183176,2018
4009984,5148166,5148232,2018
4009985,5202614,5216853,2018
4009986,4002669,4009253,2018
4009987,5222081,5223165,2018
4009988,5184599,5217566,2018
4009989,5164373,5184272,2018
4009990,5183189,5222063,2018
4009991,5132939,5132954,2018
4009993,4001167,5127042,2018
4009994,4004063,4004081,2018
4009995,4000031,4002523,2018
4009996,5098092,5127037,2018
4009997,5144271,5184996,2018
4009998,5223146,5223153,2018
4009999,4000033,4000036,2018
4010000,4002677,4008610,2018
4011001,5098232,5222257,2018
4011002,4000027,5222068,2018
4011003,4001628,4002666,2018
4011004,4002718,4008624,2018
4011005,4005870,5217574,2018
4011006,4001139,5143952,2018
4011007,4001140,4007605,2018
4011008,5144705,5145693,2018
4011009,5142899,5144147,2018
4011010,5164245,5164362,2018
4011011,5216776,5222128,2018
4011012,5164372,5216613,2018
4011013,5202650,5217260,2018
4011015,4001145,4004075,2018
4011016,5145687,5216843,2018
4011017,4005411,5164046,2018
4011018,4013076,5223439,2018
4011019,4001108,5183573,2018
4011020,4003427,4004121,2018
4011021,4003840,4009796,2018
4011022,4000178,4008611,2018
4011023,4002189,4002632,2018
4011024,4001135,4005891,2018
4011025,5144723,5145665,2018
4011026,4009825,5183247,2018
4011027,4001804,4002210,2018
4011028,4003805,5148311,2018
4011029,5142978,5217530,2018
4011030,4005445,5109155,2018
4011031,4000170,4000386,2018
4011032,5142980,5148309,2018
4011033,4007655,5164227,2018
4011034,4009282,5142988,2018
4011035,5164089,5184629,2018
4011036,4001674,4002863,2018
4011038,4002563,4009783,2018
4011039,5098476,5223335,2018
4011040,5143231,5164017,2018
4011041,4003513,4003514,2018
4011043,5146200,5146906,2018
4011044,4004784,4004791,2018
4011045,5184416,5222939,2018
4011046,4001766,4003456,2018
4011047,5155608,5222632,2018
4011048,4001747,4001771,2018
4011049,4002464,4003464,2018
4011050,4009281,5202705,2018
4011051,4008596,5223456,2018
4011052,5127916,5145409,2018
4011054,5164001,5217438,2018
4011055,5143285,5143856,2018
4011056,4009784,5216654,2018
4011057,5222273,5222323,2018
4011058,5222322,5223000,2018
4011059,5216743,5223027,2018
4011060,5145579,5147337,2018
4011061,5187693,5217473,2018
4011062,5145584,5147218,2018
4011063,4001448,4001784,2018
4011064,5127924,5216308,2018
4011066,4009827,5184478,2018
4011067,4002431,5127970,2018
4011068,5109383,5116967,2018
4011069,5110075,5147017,2018
4011070,5187425,5202822,2018
4011071,5122228,5132013,2018
4011072,4001401,5216655,2018
4011073,5222986,5223487,2018
4011074,4001385,4002722,2018
4011075,5116550,5116938,2018
4011076,4003506,5223450,2018
4011077,4006768,5117859,2018
4011078,5222298,5222512,2018
4011079,4009785,5144851,2018
4011081,5202764,5202767,2018
4011082,4003477,4009800,2018
4011083,4009801,5202680,2018
4011084,4008635,5147316,2018
4011085,5127894,5143103,2018
4011086,5143961,5146730,2018
4011087,4009786,5217446,2018
4011088,5187434,5187610,2018
4011089,4001396,4002853,2018
4011090,4001421,5223488,2018
4011091,5145493,5146721,2018
4011092,5217481,5217519,2018
4011093,5147195,5187988,2018
4011094,4005145,5127865,2018
4011095,5117830,5187428,2018
4011096,5122331,5216907,2018
4011097,4009804,5202973,2018
4011098,5216332,5217616,2018
4011099,4000286,4002380,2018
4011100,4012391,5216363,2018
4011101,5217142,5222461,2018
4011102,4009776,5217109,2018
4011103,4000265,4001832,2018
4011104,4000833,5187184,2018
4011105,5217110,5222726,2018
4011106,4009774,5116260,2018
4011107,4003599,5202334,2018
4011108,5217113,5217132,2018
4011109,4008604,4009297,2018
4011110,5116285,5132311,2018
4011111,5142686,5144135,2018
4011112,5148060,5222767,2018
4011113,4000264,5222475,2018
4011114,5217266,5223120,2018
4011115,4001529,4003112,2018
4011116,4002445,4002452,2018
4011117,4002435,4002451,2018
4011118,5183844,5202381,2018
4011119,4002429,5148261,2018
4011120,5183440,5187451,2018
4011121,4001809,4002469,2018
4011122,4000254,5217902,2018
4011123,4006752,5222493,2018
4011124,5187295,5222499,2018
4011125,5223403,5223407,2018
4011126,5145605,5187542,2018
4011127,5145381,5202895,2018
4011128,4001892,4005873,2018
4011129,5146177,5146213,2018
4011131,4002611,4004151,2018
4011132,4002813,4003302,2018
4011133,4002701,4009805,2018
4011134,5147134,5184523,2018
4011135,5216573,5222536,2018
4011136,5184527,5187572,2018
4011137,5148351,5222532,2018
4011138,4001897,4003076,2018
4011139,5147125,5202740,2018
4011140,5202875,5216585,2018
4011141,5127812,5132842,2018
4011142,4001899,5223420,2018
4011143,4000446,5143970,2018
4011144,5121493,5156290,2018
4011145,5183280,5183569,2018
4011146,4000164,5184593,2018
4011147,5147257,5147746,2018
4011148,5156238,5223424,2018
4011149,4002404,5184948,2018
4011150,4001165,5222060,2018
4011151,5146329,5217339,2018
4011152,4003593,5217368,2018
4011153,5142603,5222036,2018
4011154,5222386,5222848,2018
4011155,5142585,5216938,2018
4011156,4001002,5223553,2018
4011157,4002043,5217997,2018
4011158,4005183,5184126,2018
4011159,4001022,4007065,2018
4011160,5144091,5202915,2018
4011161,5216546,5222889,2018
4011162,4002122,4009791,2018
4011163,4000984,4002034,2018
4011164,5183523,5187053,2018
4011165,5127239,5127365,2018
4011166,5202481,5217332,2018
4011167,4002414,5222885,2018
4011168,4005906,5156344,2018
4011169,4005161,5187430,2018
4011170,4003109,5127530,2018
4011171,4003824,5187083,2018
4011172,4001599,5216493,2018
4011173,5142586,5145314,2018
4011174,4006772,5109775,2018
4011175,5216517,5217371,2018
4011176,4003795,5216538,2018
4011177,4005900,5187109,2018
4011178,5202480,5217367,2018
4011179,4009273,5116459,2018
4011180,4013119,5187110,2018
4011181,5183487,5184182,2018
4011182,5142572,5183464,2018
4011183,5116411,5116716,2018
4011184,5108675,5116353,2018
4011185,4002233,5222897,2018
4011186,5202416,5217308,2018
4011187,4003028,4009799,2018
4011188,5146325,5155800,2018
4011189,5187418,5222863,2018
4011190,5187420,5202456,2018
4011191,5184312,5187389,2018
4011192,4009803,5202322,2018
4011193,4003828,5184102,2018
4011194,4003286,5223577,2018
4011195,4008607,5144948,2018
4011196,4002204,4009168,2018
4011197,4003234,4009789,2018
4011198,5122454,5127585,2018
4011199,4002645,4008267,2018
4011200,5142567,5156443,2018
4011201,4005448,5217318,2018
4011202,5222040,5222822,2018
4011203,4000918,5217687,2018
4011204,4009788,5217335,2018
4011205,4005137,5187145,2018
4011206,4009822,5156285,2018
4011207,5116369,5184171,2018
4011208,5109779,5116409,2018
4011209,5116404,5183147,2018
4011210,4004551,5223148,2018
4011211,5216494,5217343,2018
4011212,4009792,5217319,2018
4011213,5146273,5222005,2018
4011214,4002006,4009823,2018
4011215,4003231,4003352,2018
4011216,5142541,5156372,2018
4011217,5127471,5183462,2018
4011218,4005447,5156339,2018
4011219,5155976,5183455,2018
4011220,4004266,5223138,2018
4011221,4002003,4002482,2018
4011222,4005403,4007074,2018
4011223,5187513,5222045,2018
4011224,4007067,5222805,2018
4011225,4000926,5223524,2018
4011226,4002492,5183871,2018
4011227,5127257,5202415,2018
4011228,4000970,4002010,2018
4011229,4000931,4009278,2018
4011230,4003219,4003894,2018
4011231,4003222,4003226,2018
4011232,4002487,4002548,2018
4011233,4003493,5222851,2018
4011234,4002472,5202396,2018
4011235,5147362,5183542,2018
4011236,5156370,5164356,2018
4011237,5077916,5146404,2018
4011238,5155970,5187379,2018
4011239,5127216,5144775,2018
4011240,4002020,4003439,2018
4011241,5144341,5156095,2018
4011242,5116222,5117960,2018
4011243,5117955,5147507,2018
4011244,4001316,4001322,2018
4011245,4002381,4002772,2018
4011246,4000896,4001465,2018
4011247,4000252,4002308,2018
4011248,5202290,5217630,2018
4011249,4009794,5117239,2018
4011250,4005858,5222157,2018
4011251,4003740,4007621,2018
4011252,4003777,5144044,2018
4011253,4004505,4005857,2018
4011254,4000127,5217632,2018
4011255,5142760,5143674,2018
4011256,5217623,5222387,2018
4011257,4000404,5222162,2018
4011258,4005105,5217626,2018
4011259,4008606,5122292,2018
4011260,4007622,4008277,2018
4011261,4001838,4002747,2018
4011262,4002099,5187226,2018
4011263,4002147,4004508,2018
4011264,4004539,4004553,2018
4011265,4004344,4007608,2018
4011266,4002139,4002359,2018
4011267,4001331,4002742,2018
4011268,4005863,4009777,2018
4011269,5098256,5098257,2018
4011270,4002761,4002909,2018
4011271,4002130,4002883,2018
4011272,4013052,5144692,2018
4011273,4002180,4003413,2018
4011274,5184851,5187830,2018
4011275,4003034,4011898,2018
4011276,4001349,4005429,2018
4011277,4009241,4009244,2018
4011278,5117192,5121008,2018
4011279,5216164,5222205,2018
4011280,4000230,4005854,2018
4011281,4009242,5216594,2018
4011282,4000669,4002360,2018
4011283,4003026,5183015,2018
4011284,4009787,5184780,2018
4011285,4005856,5187903,2018
4011286,4000197,5216136,2018
4011287,5187890,5216183,2018
4011288,5202066,5202434,2018
4011289,5187897,5202329,2018
4011290,4001333,5216124,2018
4011291,5142786,5148401,2018
4011292,4000721,4005855,2018
4011293,4003762,4009824,2018
4011294,4005101,5202054,2018
4011295,4009158,4009191,2018
4011296,4003744,4008637,2018
4011297,4003558,4003687,2018
4011298,4000596,5187842,2018
4011299,5216190,5222215,2018
4011300,4013147,5122381,2018
4011301,4005104,5217664,2018
4011303,4002789,4002893,2018
4011304,4013144,5144368,2018
4011305,4003735,4005078,2018
4011306,5144001,5144366,2018
4011307,4001566,5222183,2018
4011308,4002440,4003699,2018
4011309,4003692,5222161,2018
4011310,4002398,5222166,2018
4011311,4003024,5184821,2018
4011312,4003770,4003903,2018
4011313,5216110,5222195,2018
4011314,4000413,5217829,2018
4011315,5184246,5187913,2018
4011316,4001324,4003731,2018
4011354,5216678,NA,2019
4011355,5132364,5202286,2019
4011356,4009266,5147512,2019
4011357,4003032,4006470,2019
4011358,4003031,5187756,2019
4011359,5144381,5144547,2019
4011360,4009268,5216227,2019
4011361,4002737,5147504,2019
4011363,5144354,5147509,2019
4011364,5183840,5183841,2019
4011365,5156091,5183810,2019
4011366,5127446,5147519,2019
4011367,4005108,4007075,2019
4011368,5183787,5187251,2019
4011369,4000191,4009269,2019
4011370,4003047,5187837,2019
4011371,4000867,4002063,2019
4011372,5184692,5217100,2019
4011373,4000902,4004281,2019
4011374,4009274,5184489,2019
4011375,4003561,4004618,2019
4011376,4000694,4000885,2019
4011377,4000468,5217080,2019
4011378,5127950,5132071,2019
4011379,4000474,4008278,2019
4011380,5108857,5222437,2019
4011381,4001092,5223293,2019
4011382,4005882,5217923,2019
4011383,4000247,5184776,2019
4011384,4009272,5164260,2019
4011386,5222438,5223314,2019
4011387,4000537,4009265,2019
4011388,4000903,5223318,2019
4011389,4003576,5183022,2019
4011390,4006480,4009286,2019
4011391,4000016,5217139,2019
4011392,5217138,5223127,2019
4011393,5183430,5183439,2019
4011394,4003613,5217821,2019
4011395,4001578,5183903,2019
4011396,4000823,5222478,2019
4011397,4009249,5187467,2019
4011398,5183419,5216358,2019
4011399,5187293,5187824,2019
4011400,5132571,5164326,2019
4011401,4000836,5222459,2019
4011402,4000805,4000828,2019
4011403,4002746,4003870,2019
4011404,5127460,5156280,2019
4011405,4004535,4004861,2019
4011406,4004854,4009775,2019
4011407,4003432,4005609,2019
4011408,4002436,4002448,2019
4011409,4002993,4003418,2019
4011410,4002351,5223124,2019
4011411,4002453,5223101,2019
4011412,4003781,5216459,2019
4011413,4009316,5145766,2019
4011414,4000797,4011317,2019
4011415,4005438,5098918,2019
4011416,4009264,5217610,2019
4011417,4001460,5223105,2019
4011418,4003107,5148000,2019
4011419,4011325,5217695,2019
4011420,5217713,5217808,2019
4011421,5127636,5217688,2019
4011422,5184891,5202500,2019
4011423,5148422,5155885,2019
4011424,4000668,4009262,2019
4011425,4009261,5184889,2019
4011426,4007604,5223636,2019
4011427,4004522,4004532,2019
4011428,4002062,4008634,2019
4011429,5132551,5145078,2019
4011430,4000635,5223459,2019
4011431,4004523,NA,2019
4011432,4004458,4004487,2019
4011433,5144582,5217774,2019
4011434,4001691,5184573,2019
4011435,4002621,5223221,2019
4011437,5109101,5109933,2019
4011438,5146699,5216307,2019
4011439,4001501,5202632,2019
4011440,5132799,5216773,2019
4011441,5147245,5148162,2019
4011442,5217540,5222070,2019
4011443,4011335,5223228,2019
4011444,4008474,4008615,2019
4011445,4003396,4003422,2019
4011446,4008473,5222121,2019
4011447,5148248,5164436,2019
4011448,4001123,5217261,2019
4011449,5097524,5146703,2019
4011450,5145224,5148249,2019
4011451,4005141,5216930,2019
4011452,4001112,5222722,2019
4011454,4001197,4002671,2019
4011455,4005877,5217546,2019
4011456,4003450,4009826,2019
4011457,4001208,5222094,2019
4011458,4002618,5223233,2019
4011459,4008273,5223274,2019
4011460,5145043,5216345,2019
4011461,4002569,5223269,2019
4011462,5222078,5223038,2019
4011463,4006765,4008594,2019
4011464,4002254,5223370,2019
4011465,4001032,4008484,2019
4011466,5117562,5127310,2019
4011467,4013049,5145243,2019
4011468,4009246,5142670,2019
4011469,4000106,4005899,2019
4011470,5156333,5187058,2019
4011471,5183209,5222097,2019
4011472,4001183,5183155,2019
4011473,5147430,5223048,2019
4011474,4002256,4009193,2019
4011475,4009314,5183151,2019
4011476,4009313,5223156,2019
4011477,4000158,4003363,2019
4011478,4009194,5223437,2019
4011479,4001187,4004068,2019
4011480,4009255,5145150,2019
4011481,5142506,5156335,2019
4011482,5145151,5145195,2019
4011483,5216396,5223353,2019
4011484,4001207,5148223,2019
4011485,4005135,5183183,2019
4011486,4003909,4009782,2019
4011487,4003084,4003368,2019
4011488,4002605,4003930,2019
4011489,4002593,5223367,2019
4011490,5217538,5223204,2019
4011491,4004052,5223178,2019
4011492,4000160,4001659,2019
4011493,4001137,4003915,2019
4011494,5184251,5216813,2019
4011495,4004993,4005473,2019
4011496,4003415,4003951,2019
4011497,4000085,4005876,2019
4011498,4004035,4004103,2019
4011499,5127710,5183458,2019
4011500,5155793,5222660,2019
4011501,4001286,4002262,2019
4011502,5098587,5108743,2019
4011503,4005901,5217220,2019
4011504,5142657,5144907,2019
4011505,4009167,5098530,2019
4011506,4005185,5109728,2019
4011507,4003291,4003293,2019
4011508,4002608,4004189,2019
4011509,5127166,5216762,2019
4011510,5216380,5223570,2019
4011511,4007570,5217223,2019
4011512,5145137,5223571,2019
4011513,5217214,5223360,2019
4011514,4001036,5223581,2019
4011515,5116418,5144700,2019
4011516,4003276,4003298,2019
4011517,5127226,5147487,2019
4011518,5109766,5187969,2019
4011519,4001007,5183519,2019
4011520,4000985,5223579,2019
4011521,4003067,4009162,2019
4011522,4005893,5217331,2019
4011523,4003826,4009163,2019
4011524,4001503,5222653,2019
4011525,5216522,5216536,2019
4011526,4004183,4011333,2019
4011527,4013666,5216385,2019
4011528,5127237,5155775,2019
4011529,4003274,5144092,2019
4011530,4004720,4009802,2019
4011531,4011334,5147491,2019
4011532,5183867,5217733,2019
4011533,5109902,5145118,2019
4011534,4009251,5144823,2019
4011535,5098158,5116777,2019
4011536,5132909,5222054,2019
4011537,4008471,5116440,2019
4011538,4000041,5164363,2019
4011539,4000032,5222073,2019
4011540,5223150,5223169,2019
4011541,4003116,5216793,2019
4011542,4009293,5164378,2019
4011543,4001181,4001644,2019
4011544,4005132,4009257,2019
4011545,5146558,5202590,2019
4011546,5145684,5202925,2019
4011547,4009312,5098682,2019
4011548,4005113,4009311,2019
4011549,5202538,5217597,2019
4011550,5147367,5183174,2019
4011551,5127347,5147997,2019
4011552,4003166,4003793,2019
4011553,4000944,4002002,2019
4011554,4009131,5146264,2019
4011555,4002220,4008264,2019
4011556,5117456,5145282,2019
4011557,4000914,4002230,2019
4011558,4000947,5222808,2019
4011559,4000938,4001617,2019
4011561,4000943,4007611,2019
4011562,4003924,5222828,2019
4011563,5117628,5127140,2019
4011564,4004236,4004244,2019
4011565,5127045,5127210,2019
4011566,4002236,4004239,2019
4011567,5117511,5143890,2019
4011568,4007612,5222826,2019
4011569,4002508,4003929,2019
4011570,4002036,4002627,2019
4011571,4000941,4002035,2019
4011572,4003104,4007034,2019
4011573,4004216,4007068,2019
4011574,4002652,4003227,2019
4011575,4002528,4009189,2019
4011576,4002517,4002546,2019
4011577,4003236,4003237,2019
4011578,4003214,4004265,2019
4011580,4002021,5202454,2019
4011581,4003110,5216456,2019
4011582,5202390,5202419,2019
4011583,4004252,5184136,2019
4011584,5116376,5223068,2019
4011585,5217369,5223641,2019
4011586,4005434,5217364,2019
4011587,5222247,5223526,2019
4011588,4011340,5127021,2019
4011589,4004690,4004710,2019
4011590,4004210,4004248,2019
4011591,5183482,5183515,2019
4011592,4004698,4005201,2019
4011593,4004125,4004199,2019
4011594,4003254,4005553,2019
4011595,5187144,5217993,2019
4011596,4002047,5223557,2019
4011597,4002529,4003242,2019
4011598,4003266,4008628,2019
4011599,4002248,5222879,2019
4011600,4000829,5217959,2019
4011601,4002401,5147413,2019
4011602,4003403,4003630,2019
4011603,5147033,5155513,2019
4011604,4006469,5217952,2019
4011605,4007052,5222112,2019
4011606,4000992,5147375,2019
4011607,5145143,5183594,2019
4011608,5127053,5144285,2019
4011609,4002375,4003043,2019
4011610,4001126,5202514,2019
4011611,5142512,5143584,2019
4011612,4011328,5183229,2019
4011613,4000516,5216855,2019
4011614,5092660,5109934,2019
4011615,5122035,5132943,2019
4011616,4003433,5109925,2019
4011617,5155546,5156331,2019
4011618,4001683,4011330,2019
4011619,5109491,5184994,2019
4011620,4001724,4002466,2019
4011621,4003230,4003590,2019
4011622,5147240,5183589,2019
4011623,4000900,4002959,2019
4011624,4000470,4002060,2019
4011625,4001573,5147559,2019
4011626,4004488,4004636,2019
4011627,4002350,5127609,2019
4011628,4009270,5216963,2019
4011629,5144998,5187477,2019
4011630,4004209,4004750,2019
4011631,5142563,5145001,2019
4011632,5122423,5143620,2019
4011633,4003473,4004368,2019
4011634,4001243,5223466,2019
4011635,4002861,4003512,2019
4011636,4003510,4004789,2019
4011637,4004158,4004420,2019
4011638,5187427,5187435,2019
4011639,4001751,5223329,2019
4011640,4001767,4002873,2019
4011641,4004380,5223477,2019
4011642,4001995,4004364,2019
4011643,4001701,4011329,2019
4011644,4009147,5222531,2019
4011645,4008597,5143649,2019
4011646,4011331,5108798,2019
4011647,5216653,5223100,2019
4011648,4006467,5223334,2019
4011649,5222919,5223350,2019
4011650,4006755,5222922,2019
4011651,4007003,4009181,2019
4011653,4009199,5223480,2019
4011655,5202806,5222924,2019
4011656,5183277,5184346,2019
4011657,4002090,4008251,2019
4011658,5127975,5183396,2019
4011659,5183404,5223491,2019
4011660,4001437,4009198,2019
4011661,4001760,4007633,2019
4011662,4002818,4007632,2019
4011663,4011342,5223499,2019
4011664,5097491,5147326,2019
4011665,4003816,4009183,2019
4011666,4001673,4003475,2019
4011667,4001991,4002826,2019
4011668,4002379,5132723,2019
4011669,4001521,4001585,2019
4011670,4003452,4009200,2019
4011671,4004372,5216747,2019
4011672,5132697,5202795,2019
4011673,5184453,5217493,2019
4011674,5202780,5202820,2019
4011675,5164155,5202788,2019
4011676,4001381,5216686,2019
4011677,5132720,5222708,2019
4011678,4001406,5223503,2019
4011679,4000795,5132818,2019
4011680,4003813,5202709,2019
4011681,4001408,5217484,2019
4011682,4002820,5223478,2019
4011683,5145528,5147293,2019
4011684,5217437,5223449,2019
4011685,5122076,5148495,2019
4011686,5097480,5143053,2019
4011687,5132611,5145085,2019
4011688,4007057,5217503,2019
4011689,4008256,5222311,2019
4011690,4012426,5143235,2019
4011691,4005903,5132664,2019
4011692,5127884,5222735,2019
4011693,4005443,5110025,2019
4011694,4008616,5202804,2019
4011695,5122026,5187528,2019
4011696,5147202,5222244,2019
4011697,4009285,5183287,2019
4011698,5202831,5216744,2019
4011699,5109418,5143193,2019
4011700,4003165,5146718,2019
4011701,5145249,5187928,2019
4011702,5147189,5148479,2019
4011703,5143255,5164043,2019
4011704,5116555,5127965,2019
4011705,4005417,5222382,2019
4011706,5202681,5217528,2019
4011707,4012427,5216617,2019
4011708,5145653,5222636,2019
4011709,4005155,5216278,2019
4011710,4001869,5217977,2019
4011711,4001282,4002696,2019
4011712,4001893,4008619,2019
4011713,5217170,5222500,2019
4011714,5145610,5164328,2019
4011715,5216581,5216583,2019
4011717,4007654,5222495,2019
4011718,4007077,5222490,2019
4011719,5202858,5222947,2019
4011720,4001303,5223419,2019
4011721,4003094,4005343,2019
4011722,4008618,5184547,2019
4011723,5108636,5184428,2019
4011724,5097588,5108642,2019
4011725,4000440,5222505,2019
4011726,4001304,5216593,2019
4011727,4003090,4003093,2019
4011728,5164207,5217174,2019
4011729,4005419,5164344,2019
4011730,5132857,5217169,2019
4011731,4002695,5184557,2019
4011732,5144697,5222120,2019
4011733,4001518,5187332,2019
4011734,4001884,4007659,2019
4011735,4001245,5223176,2019
4011736,4001671,5223235,2019
4011737,4002678,4011326,2019
4011738,4002560,4002850,2019
4011739,4000301,5132822,2019
4011740,5202678,5222079,2019
4011741,4006764,5217563,2019
4011742,5098706,5183536,2019
4011743,5143575,5156228,2019
4011744,4003124,5222978,2019
4011745,4001930,4002279,2019
4011746,5097216,5146997,2019
4011747,5217846,5223586,2019
4011748,4003134,4003959,2019
4011749,5202268,5216095,2019
4011750,4002334,5147775,2019
4011751,4002977,4004598,2019
4011752,4001933,4001939,2019
4011753,4002994,5217052,2019
4011754,4002298,4003194,2019
4011755,5143446,5146466,2019
4011756,4001584,4009778,2019
4011757,5148364,5187943,2019
4011758,4005894,5216977,2019
4011759,4004027,4004573,2019
4011760,4007631,4008261,2019
4011761,4001943,4003015,2019
4011762,5217078,5223671,2019
4011763,4002978,5223684,2019
4011764,4003010,5223670,2019
4011765,4009153,5217018,2019
4011766,4006484,5223694,2019
4011767,4003999,4009284,2019
4011768,4003800,5216079,2019
4011769,5187742,5222662,2019
4011770,4009291,5184940,2019
4011771,4004586,4004610,2019
4011772,5187785,5217848,2019
4011773,4001554,5183675,2019
4011774,4003193,4003200,2019
4011775,4003178,4004565,2019
4011776,5132148,5216054,2019
4011777,5184750,5216275,2019
4011778,5164277,5217878,2019
4011779,5132136,5184734,2019
4011780,5146436,5147781,2019
4011781,4000779,5147782,2019
4011782,5132087,5147785,2019
4011783,4006485,5223628,2019
4011784,5184748,5217023,2019
4011785,4000888,5223664,2019
4011786,5077580,5108862,2019
4011787,4002330,5217042,2019
4011788,5187807,5202154,2019
4011789,5183717,5223621,2019
4011790,4002936,4005662,2019
4011791,4001392,4008632,2019
4011792,5132106,5144515,2019
4011793,4007652,5144505,2019
4011794,4005415,4009164,2019
4011795,4001921,4002947,2019
4011796,4002941,4009155,2019
4011797,4002952,4004019,2019
4011798,5202109,5217925,2019
4011799,4001917,4003064,2019
4011800,4004596,5217077,2019
4011801,5132459,5132460,2019
4011802,5098471,5217778,2019
4011803,5146977,5216946,2019
4011804,5202785,5223492,2019
4011805,5187592,5222965,2019
4011806,5116954,5187602,2019
4011807,5132784,5147689,2019
4011808,5183948,5184439,2019
4011809,4005904,5184396,2019
4011810,4003468,4009165,2019
4011811,4001594,5183652,2019
4011812,4003000,5216003,2019
4011813,5147575,5147771,2019
4011814,4013665,5217876,2019
4011815,4001267,4001945,2019
4011816,4001315,4001864,2019
4011817,4003663,4004326,2019
4011818,4001489,5127644,2019
4011819,4004455,4005085,2019
4011820,5183976,5217831,2019
4011821,5187853,5202074,2019
4011822,4005860,4006479,2019
4011823,4000136,4000627,2019
4011824,4008479,5216455,2019
4011825,4002750,4004500,2019
4011826,5144351,5217390,2019
4011827,5147860,5184011,2019
4011828,4009289,5122307,2019
4011829,4000397,4000682,2019
4011830,4002754,4009160,2019
4011831,4000142,4000953,2019
4011832,5092563,5116013,2019
4011833,4000135,4011324,2019
4011834,4002410,5216145,2019
4011835,4003674,4004520,2019
4011836,5202005,5217828,2019
4011837,4000436,5223637,2019
4011838,4002784,4013657,2019
4011839,4002396,5216223,2019
4011840,5155824,5202087,2019
4011841,4002306,5184215,2019
4011842,4002166,4002915,2019
4011843,4005107,4005123,2019
4011844,5156100,5183024,2019
4011845,4007051,5187879,2019
4011846,4002363,5148360,2019
4011847,4006762,5144660,2019
4011848,4002151,4002736,2019
4011849,4000232,5222192,2019
4011850,4011332,5217675,2019
4011851,4002155,4002185,2019
4011852,4001370,5217716,2019
4011853,4000242,5147582,2019
4011854,5155871,5187831,2019
4011855,5127614,5127671,2019
4011856,4000595,5183011,2019
4011857,5217650,5222194,2019
4011858,4005849,5217657,2019
4011859,4001355,5156003,2019
4011860,4001485,4002787,2019
4011861,4003866,4004898,2019
4011862,4000843,5164488,2019
4011863,4003712,4004530,2019
4011864,4013074,5183322,2019
4011865,5164121,5187640,2019
4011866,5202049,5216105,2019
4011867,4000418,5217382,2019
4011868,4001317,4001321,2019
4011869,4001981,4003655,2019
4011870,5117942,5184827,2019
4011871,5144324,5145849,2019
4011872,5164478,5187368,2019
4011873,4000020,4012401,2019
4011874,4001038,4002112,2019
4011875,4002115,4009192,2019
4011876,4000834,4001856,2019
4011899,4002726,4002969,2020
4011900,4001911,4001926,2020
4011901,5117273,5155744,2020
4011902,5183101,5183656,2020
4011903,5143440,5145878,2020
4011904,5145958,5155932,2020
4011905,4003136,4003998,2020
4011906,4002944,4003149,2020
4011907,5110366,5217744,2020
4011908,4003961,4005653,2020
4011909,4002285,4002931,2020
4011910,4006477,5127056,2020
4011911,5217036,5217908,2020
4011912,4002974,4003174,2020
4011913,5143725,5145956,2020
4011914,5144508,5183736,2020
4011915,4002287,4003177,2020
4011916,4001071,4002973,2020
4011917,5223616,5223682,2020
4011919,4005895,5217015,2020
4011920,5217020,5217898,2020
4011921,4002297,4008266,2020
4011922,4000347,4002953,2020
4011923,4001937,5223672,2020
4011924,4003140,4003170,2020
4011925,5156147,5183691,2020
4011926,4002962,4003139,2020
4011927,5143420,5143437,2020
4011928,4002961,5132440,2020
4011929,4002929,5217046,2020
4011930,5187803,5216033,2020
4011931,5223103,NA,2020
4011932,4004614,4009807,2020
4011933,4009152,5143940,2020
4011934,4000315,5223590,2020
4011935,5202270,5217050,2020
4011936,4002389,5217011,2020
4011937,5147788,5217864,2020
4011938,5187752,5217059,2020
4011939,4002981,4011881,2020
4011940,5132486,5148032,2020
4011941,5187759,5217076,2020
4011942,5132233,5144182,2020
4011943,4003189,4004887,2020
4011944,4002968,4003016,2020
4011945,5145386,5202259,2020
4011946,5121310,5127668,2020
4011947,4003799,5187745,2020
4011948,4009829,5145886,2020
4011949,4001258,4003832,2020
4011950,4005754,5223102,2020
4011951,4002110,4008613,2020
4011952,4004545,5144309,2020
4011953,4003886,4009292,2020
4011954,4001561,5110279,2020
4011955,5184890,5202082,2020
4011956,4000924,4007602,2020
4011957,5144605,5217775,2020
4011959,5132192,5184781,2020
4011960,4001821,4002449,2020
4011961,4005072,4005074,2020
4011962,4001861,4002439,2020
4011963,4000713,4003696,2020
4011964,4003718,5222401,2020
4011966,4004316,4004881,2020
4011967,4004547,4005437,2020
4011968,4009811,5147876,2020
4011969,5187234,5217643,2020
4011970,5183775,5202300,2020
4011971,4006766,5132370,2020
4011972,4005440,5146835,2020
4011973,4005905,5216602,2020
4011974,4004348,4004626,2020
4011975,4005625,4005626,2020
4011976,5202955,5217393,2020
4011977,5216224,5223400,2020
4011978,5156086,5216359,2020
4011979,4000705,4009267,2020
4011980,5147288,5148365,2020
4011981,4011889,5145834,2020
4011982,4002393,4002923,2020
4011983,5148379,5187238,2020
4011984,5110297,5132516,2020
4011985,4008472,5223315,2020
4011986,5143363,5217005,2020
4011987,5216268,5222428,2020
4011988,4001960,4002052,2020
4011989,4003785,5222377,2020
4011990,5147573,5147784,2020
4011991,4001013,4003847,2020
4011992,4000476,5217087,2020
4011993,4000898,4001016,2020
4011994,5117081,5117358,2020
4011995,4000895,4003565,2020
4011996,4002067,5223294,2020
4011997,4000893,4004279,2020
4011998,4000472,5223281,2020
4011999,4000466,4000874,2020
4012000,4003007,4003012,2020
4012001,4011887,5187259,2020
4012002,4011319,4011888,2020
4012003,4004181,5146502,2020
4012004,4001922,4004503,2020
4012005,4003554,4005393,2020
4012006,4000477,5223291,2020
4012007,5098898,5143453,2020
4012008,4003726,5183780,2020
4012009,4005065,4009806,2020
4012010,4001012,4007053,2020
4012011,5143409,5155692,2020
4012012,4000687,4004507,2020
4012013,4000877,5146798,2020
4012014,4001329,4001330,2020
4012015,4002167,4003672,2020
4012016,5217110,5222726,2020
4012017,5217142,5222461,2020
4012018,4000833,5187184,2020
4012019,4000265,4001832,2020
4012020,4008630,5127686,2020
4012021,5217113,5217132,2020
4012022,4009804,5202973,2020
4012023,4009776,5217109,2020
4012024,4003874,4004863,2020
4012025,5116285,5132311,2020
4012026,4009240,5148251,2020
4012027,4003880,4004867,2020
4012028,4008604,4009297,2020
4012030,4000275,4003594,2020
4012031,4002445,4002452,2020
4012032,4000264,5222475,2020
4012033,5216739,5217228,2020
4012034,4002473,4004685,2020
4012035,5217225,5223369,2020
4012036,4002435,4002451,2020
4012037,4001809,4002469,2020
4012038,4001529,4003112,2020
4012039,4001045,4001058,2020
4012040,5148060,5222767,2020
4012041,4009780,5217253,2020
4012042,4002559,5156303,2020
4012043,4001788,4002554,2020
4012044,4005715,4011884,2020
4012045,4003625,4004619,2020
4012046,4007658,5217211,2020
4012047,4001056,5148129,2020
4012048,4005864,4009779,2020
4012049,4004794,4011883,2020
4012050,4001044,5183862,2020
4012051,4005161,5187430,2020
4012052,5144184,5156466,2020
4012053,4003299,4004850,2020
4012054,5155761,5183492,2020
4012055,4001035,4009245,2020
4012056,5143527,5144074,2020
4012057,5223144,5223364,2020
4012058,5145381,5202895,2020
4012059,5146177,5146213,2020
4012060,4001892,4005873,2020
4012063,5216573,5222536,2020
4012064,5147125,5202740,2020
4012065,5127812,5132842,2020
4012066,4002699,5223415,2020
4012067,5116574,5216984,2020
4012068,4004976,4004977,2020
4012069,4002701,4009805,2020
4012070,4002813,4003302,2020
4012071,4006752,5222493,2020
4012073,5145605,5187542,2020
4012075,4009283,5093052,2020
4012076,4000170,4000386,2020
4012077,4005147,5184622,2020
4012078,4007655,5164227,2020
4012079,4005445,5109155,2020
4012080,4009282,5142988,2020
4012081,4003806,5222900,2020
4012082,4001804,4002210,2020
4012083,5142980,5148309,2020
4012084,5156482,5202673,2020
4012085,4003817,5216423,2020
4012086,4002103,4004135,2020
4012087,4002585,4004131,2020
4012088,4009195,5222231,2020
4012090,5110159,5116760,2020
4012091,5216862,5216865,2020
4012092,5116850,5146670,2020
4012093,4004136,5216285,2020
4012094,4001104,5217967,2020
4012095,4001165,5222060,2020
4012096,4005098,4006437,2020
4012097,4002404,5184948,2020
4012098,5142603,5222036,2020
4012099,5146329,5217339,2020
4012100,5222386,5222848,2020
4012101,4005900,5187109,2020
4012103,5116411,5116716,2020
4012104,5183487,5184182,2020
4012105,4003895,4005170,2020
4012106,5187004,5187407,2020
4012107,4002233,5222897,2020
4012108,4013119,5187110,2020
4012109,5187420,5202456,2020
4012110,5142572,5183464,2020
4012111,5077682,5127138,2020
4012112,4003234,4009789,2020
4012113,4003272,4004273,2020
4012114,5216517,5217371,2020
4012115,4003892,4006439,2020
4012116,4003795,5216538,2020
4012117,4004212,4005573,2020
4012118,4009248,5202598,2020
4012119,4004732,4008482,2020
4012120,4004174,4004703,2020
4012121,4000965,4002213,2020
4012122,4011891,5098594,2020
4012123,4009273,5116459,2020
4012124,4008607,5144948,2020
4012125,4002214,5222834,2020
4012126,4002204,4009168,2020
4012127,4002645,4008267,2020
4012128,4002518,4002685,2020
4012129,4003828,5184102,2020
4012130,4003286,5223577,2020
4012131,4000565,5117536,2020
4012132,4005183,5184126,2020
4012133,5109779,5116409,2020
4012134,4001002,5223553,2020
4012135,4004734,5217348,2020
4012136,5116369,5184171,2020
4012137,4011885,5216377,2020
4012138,4003263,4003275,2020
4012139,5117599,5127214,2020
4012140,5142585,5216938,2020
4012141,4001009,5217345,2020
4012142,4002522,4011880,2020
4012143,5202427,5223533,2020
4012144,5202481,5217332,2020
4012145,4001599,5216493,2020
4012146,4002192,5187047,2020
4012147,5142586,5145314,2020
4012148,4003109,5127530,2020
4012149,5127239,5127365,2020
4012150,4003824,5187083,2020
4012151,4000918,5217687,2020
4012152,4005564,4011327,2020
4012153,4004677,4004714,2020
4012154,4003592,5164325,2020
4012155,4009788,5217338,2020
4012156,4002477,4004255,2020
4012157,4003219,4003894,2020
4012158,4003231,4003352,2020
4012159,4002020,4003439,2020
4012160,4002495,4005556,2020
4012161,5216494,5217343,2020
4012162,4004177,4004214,2020
4012163,4000922,5217318,2020
4012164,5142567,5156443,2020
4012165,5222040,5222822,2020
4012166,4004211,4004723,2020
4012167,4000931,4009278,2020
4012168,4003823,5187090,2020
4012169,5217284,5222788,2020
4012170,4009822,5156285,2020
4012171,4003228,4004676,2020
4012172,4002005,4009798,2020
4012173,4002487,4002548,2020
4012174,5108655,5127268,2020
4012176,4002654,4005563,2020
4012177,5147362,5183542,2020
4012178,4007067,5222805,2020
4012179,5142541,5156372,2020
4012180,5155976,5183455,2020
4012181,5222555,5222683,2020
4012182,5187513,5222045,2020
4012183,4004938,4006123,2020
4012184,4003585,4011323,2020
4012185,5132165,5147987,2020
4012186,4000909,5222843,2020
4012187,4002480,4005616,2020
4012188,4002003,4002482,2020
4012189,5144133,5187157,2020
4012190,4001139,5143952,2020
4012191,4003434,4005029,2020
4012192,5145687,5216843,2020
4012193,4005870,5217574,2020
4012194,5202650,5217260,2020
4012195,4013076,5223439,2020
4012196,5164245,5164362,2020
4012197,4003427,4004121,2020
4012198,5164372,5216613,2020
4012199,5144705,5145693,2020
4012200,5142899,5144147,2020
4012201,4002189,4002632,2020
4012202,4000178,4008611,2020
4012203,4005009,4005044,2020
4012204,4002675,4004383,2020
4012205,4003429,4005489,2020
4012206,4000164,5184593,2020
4012207,5156238,5223424,2020
4012208,5183280,5183569,2020
4012209,5184319,5202561,2020
4012210,5187315,5216676,2020
4012211,5144271,5184996,2020
4012212,4002624,4003394,2020
4012213,4002589,4004149,2020
4012214,4009188,5223243,2020
4012215,4005488,4008622,2020
4012216,5183596,5223200,2020
4012217,4009277,5145638,2020
4012218,5098763,5144974,2020
4012219,4003897,4005515,2020
4012220,4001167,5127042,2020
4012221,4001224,4005420,2020
4012222,5144175,5144189,2020
4012223,4001062,5223199,2020
4012224,4003938,5223201,2020
4012225,4000078,5217603,2020
4012226,4004128,4005499,2020
4012227,4000033,4000036,2020
4012228,4006481,5222911,2020
4012229,4001628,4002666,2020
4012230,4002718,4008624,2020
4012231,4003414,4005471,2020
4012232,4005475,4011893,2020
4012233,4013054,5183224,2020
4012234,4003907,4011877,2020
4012235,4000031,4002523,2020
4012236,4002320,5144799,2020
4012237,5144263,5202625,2020
4012238,4002628,4003440,2020
4012239,5164373,5184272,2020
4012240,4001182,4005504,2020
4012241,5147479,5216839,2020
4012242,4005130,5217255,2020
4012243,5184298,5187327,2020
4012244,4002669,4009253,2020
4012245,4009288,5164402,2020
4012246,5184599,5217566,2020
4012247,4000096,5223242,2020
4012248,5222081,5223165,2020
4012249,4004764,4007072,2020
4012250,4002563,4009783,2020
4012251,5147195,5187988,2020
4012252,5098476,5223335,2020
4012253,4007656,5223277,2020
4012254,5117830,5187428,2020
4012255,5222253,5222995,2020
4012256,4005145,5127865,2020
4012257,4001249,5122172,2020
4012258,4003448,4003495,2020
4012259,4003513,4003514,2020
4012260,5143231,5164017,2020
4012261,4001448,4001784,2020
4012263,5127924,5216308,2020
4012264,5187693,5217473,2020
4012265,5145579,5147337,2020
4012266,4001446,4011878,2020
4012267,4001424,5223443,2020
4012268,4002831,4004767,2020
4012269,4004784,4004791,2020
4012270,4001764,4005267,2020
4012271,4009281,5202705,2020
4012272,5146200,5146906,2020
4012273,4003459,4004017,2020
4012275,4001524,4002079,2020
4012276,5184457,5222970,2020
4012277,4009827,5184478,2020
4012278,4001989,5223260,2020
4012279,5216729,5222535,2020
4012280,4008596,5223456,2020
4012281,4009786,5217446,2020
4012282,5145493,5146721,2020
4012283,5217516,5222233,2020
4012284,4001385,4002722,2020
4012285,5127894,5143103,2020
4012286,4011894,5202680,2020
4012287,4001763,4002830,2020
4012288,4009784,5216654,2020
4012289,5222986,5223487,2020
4012290,4003503,4005313,2020
4012291,4001401,5216655,2020
4012292,5127916,5145409,2020
4012293,5217481,5217519,2020
4012294,4006468,5216670,2020
4012295,4005879,5155603,2020
4012296,4001396,4002853,2020
4012297,5164001,5217438,2020
4012298,4002811,4003525,2020
4012299,5143285,5143856,2020
4012300,5116550,5116938,2020
4012301,4001676,4005872,2020
4012302,4002431,5127970,2020
4012303,4003506,5223450,2020
4012304,5122228,5132013,2020
4012305,5187425,5202822,2020
4012307,5183341,5184562,2020
4012308,5202764,5202767,2020
4012309,5098719,5132374,2020
4012310,4004505,4005857,2020
4012311,5132356,5132359,2020
4012312,4005105,5217626,2020
4012313,4000252,4002308,2020
4012314,4009794,5117239,2020
4012315,4005858,5222157,2020
4012316,4002398,5222166,2020
4012317,4000144,4000402,2020
4012318,4000896,4001465,2020
4012319,5117955,5147507,2020
4012320,4003742,5217619,2020
4012321,4002139,4002359,2020
4012322,4002381,4002772,2020
4012323,5144341,5156095,2020
4012324,4005424,5222176,2020
4012325,4008625,5216099,2020
4012326,5142760,5143674,2020
4012327,4000127,5217632,2020
4012328,4003721,5216122,2020
4012329,4004313,4004928,2020
4012330,4002394,4005119,2020
4012331,4001349,4005429,2020
4012332,4002143,4002732,2020
4012333,4002760,4002907,2020
4012334,4004943,5202038,2020
4012335,4009159,4011337,2020
4012336,4004509,4005840,2020
4012337,4013052,5144692,2020
4012338,4003034,4011898,2020
4012339,4002180,4003413,2020
4012340,4000137,4000636,2020
4012341,4003740,4007621,2020
4012342,4002761,4002909,2020
4012343,4003777,5144044,2020
4012344,4001566,5222183,2020
4012345,5184851,5187830,2020
4012346,4005852,5222405,2020
4012347,4002147,4004508,2020
4012348,4002181,4005053,2020
4012349,4001551,5202068,2020
4012350,4002178,4002187,2020
4012351,4004539,4004553,2020
4012352,5202066,5202434,2020
4012353,4003739,4005048,2020
4012354,4000596,5187842,2020
4012355,4002174,4008603,2020
4012356,4009242,5216594,2020
4012357,4008605,5217507,2020
4012358,4003757,5142871,2020
4012359,4000197,5216136,2020
4012360,5216164,5222205,2020
4012361,4000651,4003760,2020
4012362,4000212,5147975,2020
4012363,4005101,5202054,2020
4012364,4001333,5216124,2020
4012365,4009158,4009191,2020
4012366,4013147,5122381,2020
4012367,4000230,4011886,2020
4012369,4002897,4009151,2020
4012370,4005104,5217664,2020
4012371,4013144,5144368,2020
4012372,4003619,4004908,2020
4012373,4004516,4006237,2020
4012374,5144001,5144366,2020
4012375,4003728,4011321,2020
4012376,4001324,4003731,2020
4012377,5216195,5222543,2020
4012378,4000147,5183709,2020
4012379,4003024,5184821,2020
4012380,4005779,4005824,2020
4012381,4008606,5122292,2020
4012382,4009787,5184780,2020
4012383,5187890,5216183,2020
4012384,4004314,4005059,2020
4012385,5216110,5222195,2020
4012387,4002743,5146752,2020
4012388,4000413,5217829,2020
4012389,5184246,5187913,2020
4012511,4002099,4002130,2021
4012512,5143352,5216888,2021
4012513,4001489,5127644,2021
4012514,4003674,4004520,2021
4012515,4003762,4009824,2021
4012516,4006404,4006834,2021
4012517,4006869,4008600,2021
4012518,4003744,4008637,2021
4012519,4002893,5217102,2021
4012520,4001315,4001864,2021
4012521,4004455,4005085,2021
4012522,5098256,5098257,2021
4012523,4002785,4005863,2021
4012524,4005109,5148360,2021
4012525,4005811,4006368,2021
4012526,4001355,5156003,2021
4012527,4000862,4005631,2021
4012528,4002410,5216145,2021
4012529,4002742,4006385,2021
4012530,5183976,5217831,2021
4012531,4000232,5222192,2021
4012532,4001493,4005759,2021
4012533,4000634,4005817,2021
4012534,5217650,5222194,2021
4012535,4000242,5147582,2021
4012536,4003875,5202688,2021
4012537,5187897,5202329,2021
4012538,4005107,4005123,2021
4012539,5216190,5222215,2021
4012540,5127614,5127671,2021
4012541,4000397,4000682,2021
4012542,4009289,5122307,2021
4012543,4005849,5217657,2021
4012544,4004897,5187903,2021
4012545,4002166,4002915,2021
4012546,4002155,4002185,2021
4012547,4003770,4003903,2021
4012548,4003712,4004530,2021
4012549,4003692,5222161,2021
4012550,4000403,5222387,2021
4012551,4000142,4000953,2021
4012552,4002784,4013657,2021
4012553,5202049,5216105,2021
4012554,4002396,5216223,2021
4012555,4000136,4000627,2021
4012556,5187853,5202074,2021
4012557,5121008,5187822,2021
4012558,4011332,5217675,2021
4012559,4002151,4002736,2021
4012560,4003864,4006267,2021
4012561,4003735,4005078,2021
4012562,5109515,5110466,2021
4012563,4000135,4012390,2021
4012564,4005860,4006479,2021
4012565,5142786,5148401,2021
4012566,4004726,4005795,2021
4012567,4000722,5109519,2021
4012568,4000863,4001346,2021
4012569,5155824,5202087,2021
4012570,4006762,5144660,2021
4012571,5144324,5145849,2021
4012572,4001317,4001321,2021
4012573,4001485,4002787,2021
4012574,4002754,4009160,2021
4012575,4000436,5223637,2021
4012576,4008479,5216455,2021
4012577,4007051,5187879,2021
4012578,5092563,5116013,2021
4012579,4003037,4003732,2021
4012580,4002162,4006350,2021
4012581,4001038,4002112,2021
4012582,4000843,5164488,2021
4012583,4005056,4012416,2021
4012584,5117942,5184827,2021
4012585,4006363,4006391,2021
4012586,4000643,5222171,2021
4012587,5164478,5187368,2021
4012588,4000020,4012401,2021
4012589,4002306,5184215,2021
4012590,4000834,4001856,2021
4012592,4001981,4003655,2021
4012593,4002569,5223269,2021
4012594,5117562,5127310,2021
4012595,4013049,5145243,2021
4012596,5127166,5216762,2021
4012597,4003797,5223359,2021
4012598,4006765,4008594,2021
4012599,4008612,5142666,2021
4012600,4009167,5098530,2021
4012601,5098587,5108743,2021
4012602,4002608,4004189,2021
4012603,4006469,5217952,2021
4012605,4003291,4003293,2021
4012606,4009246,5142670,2021
4012607,4009821,5223361,2021
4012608,5222078,5223038,2021
4012609,5145137,5223571,2021
4012610,4001032,4008484,2021
4012611,4001286,4002262,2021
4012612,4000106,4005899,2021
4012613,4000903,5223318,2021
4012615,4000537,4009265,2021
4012616,4003577,4005646,2021
4012617,4000900,4002959,2021
4012618,4000247,5184776,2021
4012619,4005882,5217923,2021
4012620,5222438,5223314,2021
4012621,5108857,5222437,2021
4012622,4003573,5216270,2021
4012623,4006492,4008279,2021
4012624,4003564,5202105,2021
4012625,4003561,4004618,2021
4012626,4000470,4002060,2021
4012627,4004497,4006021,2021
4012628,4001573,5147559,2021
4012629,4000474,4008278,2021
4012630,5108854,5147040,2021
4012631,4000694,4000885,2021
4012632,5127950,5132071,2021
4012633,4003019,4004290,2021
4012634,4004657,4005384,2021
4012635,5184692,5217100,2021
4012636,4003556,4004303,2021
4012637,4001092,5223293,2021
4012638,4003047,5187837,2021
4012640,4004622,4005373,2021
4012641,5183787,5187251,2021
4012642,4000191,4009269,2021
4012643,4003000,5216003,2021
4012644,4001594,5183652,2021
4012645,4003468,4009165,2021
4012646,5122423,5143620,2021
4012647,4005906,5156344,2021
4012648,4011343,5222968,2021
4012649,5116555,5127965,2021
4012650,5222919,5223350,2021
4012651,4003165,5146718,2021
4012652,5222273,5222323,2021
4012653,4003473,4004368,2021
4012654,5202780,5202820,2021
4012655,4001995,4004364,2021
4012656,5187427,5187435,2021
4012657,4009147,5222531,2021
4012658,4004158,4004420,2021
4012659,5127884,5222735,2021
4012660,5183277,5184346,2021
4012661,4006755,5222922,2021
4012663,4004380,5223477,2021
4012664,4001767,4002873,2021
4012665,4001243,5223466,2021
4012667,4004356,4005305,2021
4012668,4001701,4011329,2021
4012669,5127919,5143188,2021
4012670,4007003,4009181,2021
4012671,4001240,4003463,2021
4012672,4001735,4004429,2021
4012673,4005296,4005625,2021
4012674,4001747,5217293,2021
4012675,4001751,5223329,2021
4012676,4003452,4009200,2021
4012677,4009199,5223480,2021
4012678,4002379,5132723,2021
4012680,4005261,4006115,2021
4012681,4005903,5132664,2021
4012682,4002713,4003498,2021
4012683,4003816,4009183,2021
4012684,4012426,5143235,2021
4012686,4006467,5223334,2021
4012687,4005254,5216745,2021
4012688,4014183,5110116,2021
4012689,4002820,5223478,2021
4012690,4005314,4008150,2021
4012691,4001408,5217484,2021
4012692,4003472,4004357,2021
4012693,5145224,5148249,2021
4012694,5116969,5147316,2021
4012695,5146977,5216946,2021
4012696,4001387,4001766,2021
4012697,5222322,5223000,2021
4012698,4003520,4006104,2021
4012699,5132611,5145085,2021
4012700,5147202,5222244,2021
4012701,5202785,5223492,2021
4012702,4004846,4005910,2021
4012703,5187434,5187610,2021
4012704,5132697,5202795,2021
4012705,4004372,5216747,2021
4012706,4001760,4007633,2021
4012707,4002848,4012461,2021
4012708,5217437,5223449,2021
4012709,5143961,5187673,2021
4012710,4002818,4007632,2021
4012711,4001437,4009198,2021
4012712,5216743,5223027,2021
4012713,4001381,5216686,2021
4012714,4003460,4004377,2021
4012715,5184453,5217493,2021
4012716,4002878,4004382,2021
4012717,4000829,5217959,2021
4012718,4003834,4005720,2021
4012719,4003403,4003630,2021
4012720,4001135,4001684,2021
4012721,4005468,5216777,2021
4012722,4004052,5223178,2021
4012723,4003399,4004079,2021
4012724,4003411,4005013,2021
4012725,5145151,5145195,2021
4012726,4009255,5145150,2021
4012727,5145143,5183594,2021
4012728,4004090,4004259,2021
4012729,5155546,5156331,2021
4012730,4005463,4005513,2021
4012731,4002375,4003043,2021
4012732,5127053,5144285,2021
4012733,4005705,4005740,2021
4012735,4000704,5183244,2021
4012736,5187357,5202557,2021
4012737,4005132,4009257,2021
4012738,4007052,5222112,2021
4012739,4004098,4006200,2021
4012740,4003945,5148192,2021
4012741,4000741,5217966,2021
4012742,5223150,5223169,2021
4012743,4003390,4004053,2021
4012744,5184251,5216813,2021
4012745,5145684,5202925,2021
4012746,5156477,5223184,2021
4012747,4001683,4011330,2021
4012748,4000085,4005876,2021
4012749,5132909,5222054,2021
4012750,4008471,5116440,2021
4012751,5183209,5222097,2021
4012752,4009194,5223437,2021
4012753,5148166,5148232,2021
4012754,4003377,4009795,2021
4012755,4009313,5223156,2021
4012756,4002256,4009193,2021
4012757,4004083,4005522,2021
4012758,4003936,5148242,2021
4012759,4000160,4001659,2021
4012760,4004063,4004081,2021
4012761,5109902,5145118,2021
4012762,4001208,5222094,2021
4012763,4002618,5223233,2021
4012764,4000032,5222073,2021
4012765,5098158,5116777,2021
4012766,4003415,4003951,2021
4012767,4008273,5223274,2021
4012768,4005113,4009311,2021
4012769,5183189,5222063,2021
4012770,4000090,4001858,2021
4012771,5122035,5132943,2021
4012772,4005498,4006195,2021
4012773,4004097,4005453,2021
4012774,4009251,5144823,2021
4012775,4001183,5183155,2021
4012776,4000516,5216855,2021
4012777,4003952,5202580,2021
4012778,4003840,5183573,2021
4012779,4003116,5216793,2021
4012780,4004993,4005473,2021
4012781,4003450,4009826,2021
4012782,4000576,5122408,2021
4012783,4013665,5217876,2021
4012784,4001112,5222722,2021
4012785,4011342,5223499,2021
4012786,4005141,5216930,2021
4012787,4005703,5222489,2021
4012788,5148111,5148311,2021
4012789,5145659,5217530,2021
4012790,4004778,4005252,2021
4012791,4005155,5216278,2021
4012792,4004367,4006120,2021
4012793,4001869,5217977,2021
4012794,5145653,5222636,2021
4012795,5202681,5217528,2021
4012796,5183948,5184439,2021
4012797,4005904,5184396,2021
4012798,4004990,4006210,2021
4012799,4006764,5217563,2021
4012800,4000301,5132822,2021
4012801,4007002,4009258,2021
4012802,5223252,5223474,2021
4012803,4003923,4005367,2021
4012804,4003124,5222978,2021
4012805,5098706,5183536,2021
4012806,4006321,4011882,2021
4012807,4000152,4004995,2021
4012808,5187742,5222662,2021
4012809,5132148,5216054,2021
4012810,4001392,4008632,2021
4012811,5187807,5202154,2021
4012812,4005682,4005968,2021
4012813,4004611,4005659,2021
4012814,5132106,5144515,2021
4012816,4006484,5223694,2021
4012817,5143446,5146466,2021
4012818,4002994,5217052,2021
4012819,4002334,5147775,2021
4012820,5132447,5202150,2021
4012821,4005643,4006707,2021
4012822,4003800,5216079,2021
4012823,4003010,5223670,2021
4012824,4001093,5145909,2021
4012825,4002941,4009155,2021
4012826,5132087,5144525,2021
4012827,4000333,4004590,2021
4012828,5184656,5187796,2021
4012829,4001267,4001945,2021
4012830,4006279,4006283,2021
4012831,4004002,4004573,2021
4012832,5164277,5217878,2021
4012833,4001943,4003015,2021
4012834,4004609,4005681,2021
4012835,4004591,4004601,2021
4012836,4000888,5223664,2021
4012837,5187772,5217053,2021
4012838,4003801,5146456,2021
4012839,4001914,5223605,2021
4012840,5109235,5187737,2021
4012841,4009291,5184940,2021
4012842,4012413,5217867,2021
4012843,4009153,5217018,2021
4012844,4002952,4004019,2021
4012845,4002330,5217042,2021
4012846,5217846,5223586,2021
4012847,5202268,5216095,2021
4012848,5187785,5217848,2021
4012849,4003999,4009284,2021
4012850,4003986,4004584,2021
4012851,4004016,4005647,2021
4012852,4002298,4003194,2021
4012853,5187812,5216015,2021
4012854,5132459,5132460,2021
4012855,4001930,4002279,2021
4012856,4003611,4003706,2021
4012857,5098061,5156280,2021
4012858,4012391,5216363,2021
4012859,4000836,5222459,2021
4012860,4002453,5223101,2021
4012861,5122331,5216907,2021
4012862,4001835,4009256,2021
4012864,4003432,4005609,2021
4012865,4003606,4004859,2021
4012866,4000016,5217139,2021
4012867,4009264,5217610,2021
4012868,5187293,5187824,2021
4012869,5132571,5164326,2021
4012871,4000805,4000828,2021
4012872,4006480,4009286,2021
4012873,4001818,4003855,2021
4012874,4005235,4005599,2021
4012875,5183430,5183439,2021
4012876,4005184,5183844,2021
4012877,4003613,5217821,2021
4012878,4003599,5202334,2021
4012879,4004852,4005614,2021
4012880,5147240,5183589,2021
4012881,5145043,5216345,2021
4012882,4003305,4004148,2021
4012883,4004140,4004983,2021
4012884,4000440,5222505,2021
4012885,5148351,5222532,2021
4012886,4001303,5223419,2021
4012887,4001882,5143597,2021
4012888,4001296,4004156,2021
4012889,4008618,5184547,2021
4012890,5080159,5146208,2021
4012891,4006103,4012485,2021
4012892,4001899,5216577,2021
4012893,5108636,5184428,2021
4012894,5132857,5217169,2021
4012895,4001304,5216593,2021
4012896,5097588,5108642,2021
4012897,5216581,5216583,2021
4012898,4007654,5222495,2021
4012899,5164207,5217174,2021
4012900,4003094,4005343,2021
4012901,4003073,4005347,2021
4012902,4007077,5222490,2021
4012903,4007001,5223418,2021
4012904,4005419,5164344,2021
4012905,4001717,5223422,2021
4012906,4002611,4004151,2021
4012907,4004957,4005259,2021
4012908,4001893,4008619,2021
4012909,4002695,5184557,2021
4012910,4004216,4007068,2021
4012911,4003341,4004188,2021
4012912,4000941,4002035,2021
4012913,4001503,5222653,2021
4012914,4005893,5217331,2021
4012915,4003067,4009162,2021
4012916,5109766,5187969,2021
4012918,4004236,4004244,2021
4012919,4001022,4007065,2021
4012920,4013666,5216385,2021
4012921,4001190,4003249,2021
4012922,4004204,4005213,2021
4012923,5116376,5223068,2021
4012924,4003166,4003793,2021
4012925,4004736,4005368,2021
4012926,4001460,5223105,2021
4012927,5187159,5187329,2021
4012928,4003276,4003298,2021
4012929,4003232,5217367,2021
4012930,5144775,5216470,2021
4012931,4004252,5184136,2021
4012932,4002021,5202454,2021
4012933,4003826,4009163,2021
4012934,4004042,4013668,2021
4012935,4003110,5216456,2021
4012936,4002508,4003929,2021
4012937,5142563,5145001,2021
4012939,5117456,5145282,2021
4012940,4004698,4005201,2021
4012941,4004035,4004103,2021
4012942,5144998,5187477,2021
4012943,5155970,5187379,2021
4012944,5127045,5127210,2021
4012945,4000938,4001617,2021
4012946,5127257,5202415,2021
4012947,4005403,4007074,2021
4012948,4000926,5223524,2021
4012949,5202424,5217294,2021
4012950,5122454,5127585,2021
4012951,4005225,4012456,2021
4012952,5183482,5183515,2021
4012953,4000914,4002230,2021
4012955,4005097,4006897,2021
4012956,4001007,5183519,2021
4012957,4004720,4009802,2021
4012958,4004125,4004199,2021
4012959,4004733,4005206,2021
4012960,4001036,5223581,2021
4012961,4003274,5144092,2021
4012962,4004688,4005226,2021
4012963,4005244,4006861,2021
4012964,4000921,5217319,2021
4012965,4005433,4012443,2021
4012966,4004697,5217281,2021
4012967,5222247,5223526,2021
4012968,5217369,5223641,2021
4012969,5183867,5217733,2021
4012970,5216522,5216536,2021
4012971,4004690,4004710,2021
4012972,4003254,4005553,2021
4012973,5187144,5217993,2021
4012974,4002517,4002546,2021
4012975,4002006,4009823,2021
4012976,4003988,4006930,2021
4012977,4002652,4003227,2021
4012978,4011340,5127021,2021
4012979,4002528,4009189,2021
4012980,4002047,5223557,2021
4012981,4004183,4011333,2021
4012982,4004210,4004248,2021
4012983,5116418,5144700,2021
4012984,4006420,4006421,2021
4012985,5187418,5222863,2021
4012986,4000984,4002034,2021
4012988,4004661,4005575,2021
4012989,5144697,5222120,2021
4012990,5156487,5164236,2021
4012991,4002658,4005324,2021
4012992,5146699,5216307,2021
4012993,4004080,4005037,2021
4012994,5217540,5222070,2021
4012995,5144723,5145665,2021
4012996,5148248,5164436,2021
4012997,4002621,5223221,2021
4012998,4001691,5184573,2021
4012999,4008473,5222121,2021
4013000,4001501,5202632,2021
4013001,4003436,4005735,2021
4013002,5147245,5148162,2021
4013003,4002510,4002647,2021
4013004,4012463,5146404,2021
4013005,5216487,5216773,2021
4013006,5144354,5147509,2021
4013007,4003031,5187756,2021
4013008,5202883,5216612,2021
4013009,4005108,4007075,2021
4013010,5121449,5184967,2021
4013011,4009268,5216227,2021
4013012,5144381,5144547,2021
4013013,4003032,4006470,2021
4013014,5183840,5183841,2021
4013015,4003648,4006028,2021
4013016,4003641,4005621,2021
4013017,4009266,5147512,2021
4013018,4002737,5147504,2021
4013019,5127446,5147519,2021
4013020,4004909,4006595,2021
4013021,4006474,5147602,2021
4013022,4004525,4004864,2021
4013023,4004645,4004913,2021
4013024,4003697,4004523,2021
4013025,4005438,5098918,2021
4013026,4012392,4012436,2021
4013027,5144002,5222589,2021
4013028,4000004,4000021,2021
4013029,4000797,4011317,2021
4013030,5132551,5145078,2021
4013031,4004522,4004532,2021
4013032,4000668,4009262,2021
4013033,4004871,4004891,2021
4013034,5127636,5217688,2021
4013035,4007603,5116190,2021
4013036,4011325,5217695,2021
4013037,4005543,4006261,2021
4013038,5148422,5155885,2021
4013039,5217713,5217808,2021
4013040,4003664,4009263,2021
4013041,4004889,4005822,2021
4013042,5144582,5217774,2021
4013043,4004458,4004487,2021
4013044,4004910,4005075,2021
4013045,4002062,4008634,2021
4013047,5217214,5223360,2021
4013050,4000902,4004281,2021
4013065,4004852,4005614,2023
4013066,4002493,4004658,2023
4013067,4003230,4006553,2023
4013068,4003606,4004859,2023
4013069,4006608,4007591,2023
4013070,4007323,4007342,2023
4013152,4000635,5223459,2022
4013153,4005581,4007335,2022
4013154,4005754,5223102,2022
4013155,4001561,5110279,2022
4013156,4011889,5145834,2022
4013158,5132192,5184781,2022
4013159,4000924,4007602,2022
4013160,4006593,4007361,2022
4013161,4002898,4005797,2022
4013162,4003734,4006268,2022
4013163,4002393,4002923,2022
4013164,4009811,5147876,2022
4013165,4005072,4005074,2022
4013166,4000713,4003696,2022
4013167,4003693,4003701,2022
4013168,4002110,4008613,2022
4013169,4005550,4012442,2022
4013170,5184890,5202082,2022
4013171,5148379,5187238,2022
4013172,4002421,5183810,2022
4013173,4005440,5146835,2022
4013174,4001861,4002439,2022
4013175,4005845,4006274,2022
4013176,4004545,5144309,2022
4013177,4008276,5216678,2022
4013178,4009261,5184889,2022
4013179,4004348,4004626,2022
4013180,4004398,4007181,2022
4013181,4003107,5148000,2022
4013182,4000024,5217822,2022
4013183,4008630,5127686,2022
4013184,4007159,5217138,2022
4013185,4001578,5183903,2022
4013186,4009804,5202973,2022
4013187,4000275,4003594,2022
4013188,4000286,4002380,2022
4013189,5148274,5187467,2022
4013190,4000833,5187184,2022
4013191,4002993,4003418,2022
4013192,4002436,4002448,2022
4013193,4003718,5222401,2022
4013194,4009240,5148251,2022
4013195,4002746,4005589,2022
4013196,4003874,4004863,2022
4013197,4000265,4001832,2022
4013198,4003737,4006598,2022
4013199,4004547,4005437,2022
4013200,4009776,5217109,2022
4013201,4003585,4011323,2022
4013202,4005954,4008517,2022
4013203,5202650,5217260,2022
4013204,4003881,4004567,2022
4013205,4002435,4002451,2022
4013206,4003427,4004121,2022
4013207,4006405,4006619,2022
4013208,5142899,5144147,2022
4013209,4005411,5164046,2022
4013210,4001911,4001926,2022
4013211,5117273,5155744,2022
4013212,4009793,4012482,2022
4013213,4001724,4002466,2022
4013214,5116285,5132311,2022
4013215,5183101,5183656,2022
4013216,4000264,5222475,2022
4013217,5183419,5216358,2022
4013218,4004026,4006767,2022
4013219,4008474,4008615,2022
4013220,4006784,4006938,2022
4013221,4000823,5222478,2022
4013222,5148060,5222767,2022
4013223,4004854,4009775,2022
4013224,4001529,4003112,2022
4013225,4003134,4003959,2022
4013226,5217113,5217132,2022
4013227,4008604,4009297,2022
4013228,4003880,4004867,2022
4013229,4006249,5217902,2022
4013230,4002726,4002969,2022
4013231,4002103,4004135,2022
4013232,4001140,4007605,2022
4013233,5156238,5223424,2022
4013234,4013076,5223439,2022
4013235,4005745,4006906,2022
4013236,4003817,5216423,2022
4013237,5144705,5145693,2022
4013238,4001139,5143952,2022
4013239,4000178,4008611,2022
4013240,4006142,4006330,2022
4013241,5156482,5202673,2022
4013242,4009195,5222231,2022
4013243,5216776,5222128,2022
4013244,4007511,4013086,2022
4013245,4005870,5217574,2022
4013246,4004136,5216285,2022
4013247,4002585,4004131,2022
4013248,5156228,5216446,2022
4013249,5216862,5216865,2022
4013250,4000164,5184593,2022
4013251,4002813,4003302,2022
4013252,4001804,4002210,2022
4013253,4002701,4009805,2022
4013254,4004359,4006062,2022
4013255,4003097,5216585,2022
4013256,4003301,5187602,2022
4013257,4005332,4006065,2022
4013258,5217170,5222500,2022
4013259,4006752,5222493,2022
4013260,4004793,4012428,2022
4013261,5116574,5216984,2022
4013262,4009282,5142988,2022
4013263,4000170,4000386,2022
4013264,4002956,4004560,2022
4013265,4007655,5164227,2022
4013266,5202858,5222947,2022
4013267,5142980,5148309,2022
4013268,4009283,5093052,2022
4013269,4004815,4004975,2022
4013270,5147125,5202740,2022
4013271,4004976,4004977,2022
4013272,4001282,4002696,2022
4013273,5187295,5222499,2022
4013274,5127812,5132842,2022
4013275,4012427,5216617,2022
4013276,4001892,4005873,2022
4013277,4005718,5187572,2022
4013278,4003090,4003093,2022
4013279,4005353,4007012,2022
4013280,4005336,4006335,2022
4013281,4001071,4002973,2022
4013282,4003136,4003998,2022
4013283,5183717,5223621,2022
4013284,4004579,4005685,2022
4013285,5202109,5217925,2022
4013286,5217036,5217908,2022
4013287,4003193,4003200,2022
4013288,5217020,5217898,2022
4013289,4001921,4006017,2022
4013290,5223616,5223682,2022
4013291,5217907,5223595,2022
4013292,5110366,5217744,2022
4013293,5145958,5155932,2022
4013294,5187803,5216033,2022
4013296,4002297,4008266,2022
4013297,4002285,4002931,2022
4013298,4005675,4005679,2022
4013299,5143725,5145956,2022
4013300,5143440,5145878,2022
4013301,4002961,5132440,2022
4013302,5132233,5144182,2022
4013303,5187759,5217076,2022
4013304,4012412,5187770,2022
4013305,5156147,5183691,2022
4013306,4000347,4002953,2022
4013307,4003991,4005697,2022
4013308,4002389,5217011,2022
4013309,4000898,4001016,2022
4013310,5187752,5217059,2022
4013311,4002981,4011881,2022
4013312,4001554,5145946,2022
4013313,4003051,4003989,2022
4013314,4002929,5217046,2022
4013315,4005984,4006696,2022
4013316,4002962,4003139,2022
4013317,5202270,5217050,2022
4013318,4004610,5184750,2022
4013319,4006483,5223103,2022
4013320,4005960,4006658,2022
4013321,4004614,4009807,2022
4013322,4000315,5223590,2022
4013323,4007631,4008261,2022
4013324,4005894,5216086,2022
4013325,5145386,5202259,2022
4013326,5121310,5127668,2022
4013327,5097216,5146997,2022
4013328,4003175,4004028,2022
4013329,4000327,4006680,2022
4013330,4001258,4003832,2022
4013331,4003799,5187745,2022
4013332,5143363,5217005,2022
4013333,4004389,4005124,2022
4013334,4003007,4003012,2022
4013335,5147573,5147784,2022
4013336,4000033,4000036,2022
4013337,4005467,4006180,2022
4013338,4004084,4006178,2022
4013339,5144271,5184996,2022
4013340,4000472,5223281,2022
4013341,4000895,4003565,2022
4013342,4001960,4002052,2022
4013343,4002650,4006941,2022
4013344,4000477,5223291,2022
4013345,4002624,4003394,2022
4013346,4001628,4002666,2022
4013347,4002718,4008624,2022
4013348,4004073,4006940,2022
4013349,4002067,5223294,2022
4013350,4000476,5217087,2022
4013351,5164373,5184272,2022
4013352,4001181,4001644,2022
4013353,4005528,4006317,2022
4013354,4002628,4003440,2022
4013356,5144263,5202625,2022
4013357,4009288,5164402,2022
4013358,4009293,5164378,2022
4013359,4002669,4009253,2022
4013360,4002677,4005011,2022
4013361,5222081,5223165,2022
4013362,5147479,5216839,2022
4013363,4012465,5142506,2022
4013364,4003433,4009314,2022
4013365,4005475,4011893,2022
4013366,4003414,4005471,2022
4013367,5184319,5202561,2022
4013368,4000031,4002523,2022
4013369,4000096,5223242,2022
4013370,5202614,5216853,2022
4013371,5184599,5217566,2022
4013372,5187315,5216676,2022
4013373,4007452,5223181,2022
4013374,4000992,4001512,2022
4013375,4003938,5223201,2022
4013376,4013054,5183224,2022
4013377,4003897,4005515,2022
4013378,4001642,5147430,2022
4013379,5145186,5183176,2022
4013381,4002605,4005135,2022
4013382,4005500,4007106,2022
4013383,4005455,4005727,2022
4013384,4006481,5222911,2022
4013385,4003401,4003939,2022
4013386,4002381,4002772,2022
4013387,4002189,4002632,2022
4013388,5217538,5223204,2022
4013389,4003084,4003368,2022
4013390,4005488,4008622,2022
4013391,4001224,4005420,2022
4013392,4002270,4008272,2022
4013393,4005877,5217546,2022
4013394,4002589,4004149,2022
4013395,4003915,4005458,2022
4013396,4009188,5223243,2022
4013397,4001126,5202514,2022
4013398,5144341,5156095,2022
4013399,4000078,5217603,2022
4013400,4005746,5202553,2022
4013401,4000197,5216136,2022
4013402,4000418,4001838,2022
4013403,4002139,4002359,2022
4013404,4013052,5144692,2022
4013405,4003740,4007621,2022
4013406,5183015,5217716,2022
4013407,4000127,5217632,2022
4013408,4006858,4006865,2022
4013409,4002181,4005053,2022
4013410,4004539,4004553,2022
4013411,4004509,4005840,2022
4013412,4002147,4004508,2022
4013413,4001566,5222183,2022
4013414,4004505,4005857,2022
4013415,4005826,5156064,2022
4013416,4005779,4005824,2022
4013417,5117955,5147507,2022
4013418,4005806,5202290,2022
4013419,4004313,4004928,2022
4013420,4006270,4006369,2022
4013421,4001316,4001322,2022
4013422,4003742,5217619,2022
4013423,5132356,5132359,2022
4013424,4001352,4006393,2022
4013425,4006247,4006290,2022
4013426,4008605,5217507,2022
4013427,4000252,4002308,2022
4013428,4005789,4012386,2022
4013429,4005858,5222157,2022
4013430,4003721,5216122,2022
4013431,4000595,5183011,2022
4013432,4009787,5184780,2022
4013433,5216164,5222205,2022
4013434,4000596,5187842,2022
4013435,4009158,4009191,2022
4013436,4002758,4005073,2022
4013437,4003554,4005393,2022
4013438,4003619,4004908,2022
4013439,4004516,4006237,2022
4013440,4003866,4004898,2022
4013441,5144001,5144366,2022
4013442,4005065,4009806,2022
4013443,4013147,5122381,2022
4013444,4001012,4007053,2022
4013445,4000651,4003760,2022
4013446,4006807,4006855,2022
4013447,4005973,4007368,2022
4013448,4001333,5216124,2022
4013449,4001349,4005429,2022
4013450,4005104,5217664,2022
4013452,4002563,4009783,2022
4013453,4001429,4002863,2022
4013454,4004422,4004833,2022
4013455,4003726,5183780,2022
4013456,5143409,5155692,2022
4013457,4001329,4001330,2022
4013458,5098719,5132374,2022
4013459,4004763,4006522,2022
4013460,4007656,5223277,2022
4013461,4009270,5216963,2022
4013462,5222253,5222995,2022
4013463,5143231,5164017,2022
4013464,5147189,5148479,2022
4013465,4003552,5187267,2022
4013466,4006041,4006328,2022
4013467,4002755,4005537,2022
4013469,4004181,5146502,2022
4013470,4004918,4005050,2022
4013471,4005275,4006666,2022
4013472,4004483,4005190,2022
4013473,5098898,5143453,2022
4013474,5147151,5187928,2022
4013475,4004640,4012424,2022
4013476,4006042,5146798,2022
4013477,4004596,5217077,2022
4013478,4011887,5187259,2022
4013479,4001922,4004503,2022
4013480,4003858,4012425,2022
4013481,5122076,5148495,2022
4013483,5202806,5222924,2022
4013484,4001448,4001784,2022
4013485,5184457,5222970,2022
4013486,4002811,4003525,2022
4013487,5145528,5147293,2022
4013489,4005879,5155603,2022
4013490,4009784,5216654,2022
4013491,5147195,5187988,2022
4013492,4011894,5202680,2022
4013493,5183404,5223491,2022
4013494,5216744,5222938,2022
4013495,4009786,5217446,2022
4013496,4003503,4005313,2022
4013497,5217516,5222233,2022
4013498,5202804,5223488,2022
4013499,5127916,5145409,2022
4013500,4009285,5183287,2022
4013501,4005587,4006128,2022
4013502,4000909,5222843,2022
4013503,4001991,4002826,2022
4013504,5127924,5216308,2022
4013505,4012397,5146906,2022
4013506,5222555,5222683,2022
4013507,5145579,5147337,2022
4013508,4001524,4002079,2022
4013509,4005238,4005242,2022
4013510,5132165,5147987,2022
4013511,5117830,5187428,2022
4013513,4001427,5184416,2022
4013514,4001424,5223443,2022
4013515,4001763,4002830,2022
4013516,5164155,5202788,2022
4013517,5132022,5187523,2022
4013518,4002831,4004767,2022
4013519,4001385,4002722,2022
4013520,4002003,4002482,2022
4013521,4001676,4005872,2022
4013522,5122228,5132013,2022
4013523,4001673,4003475,2022
4013524,4001989,5223260,2022
4013525,4003506,5223450,2022
4013526,4009827,5184478,2022
4013527,4003852,5117880,2022
4013528,4001406,5223503,2022
4013529,4003513,4003514,2022
4013530,5187652,5202709,2022
4013531,4003109,5127530,2022
4013532,5142585,5216938,2022
4013533,4000944,4006883,2022
4013534,4002192,5187047,2022
4013535,5223144,5223364,2022
4013536,4011885,5216377,2022
4013537,4005183,5184126,2022
4013538,5142603,5222036,2022
4013539,5127239,5127365,2022
4013540,4002008,4012502,2022
4013541,4005098,4006437,2022
4013542,5127347,5147997,2022
4013543,5146329,5217339,2022
4013544,4007067,5222805,2022
4013545,5187513,5222045,2022
4013546,4002522,4011880,2022
4013547,4001002,5223553,2022
4013548,4001165,5222060,2022
4013549,4002404,5184948,2022
4013550,4006433,4008257,2022
4013552,5216517,5217371,2022
4013553,5109779,5116409,2022
4013554,4006462,4012446,2022
4013555,4006183,4006444,2022
4013556,5116411,5116716,2022
4013557,4000965,4002213,2022
4013558,4005249,4006917,2022
4013559,4004730,4006425,2022
4013560,4006422,4013046,2022
4013561,4009791,5187053,2022
4013562,5202481,5217332,2022
4013563,4003892,4006439,2022
4013564,4005900,5187109,2022
4013565,4003272,4004273,2022
4013566,4007034,5223579,2022
4013567,5142572,5183464,2022
4013568,4004173,4006416,2022
4013569,4004670,4005231,2022
4013570,4013119,5187110,2022
4013571,5142586,5145314,2022
4013572,4003285,4006406,2022
4013573,4006189,4011334,2022
4013574,5217284,5222788,2022
4013575,4004212,4005573,2022
4013576,4003266,4008628,2022
4013577,4003823,5187090,2022
4013578,4004226,4006534,2022
4013579,4003824,5187083,2022
4013580,5216494,5217343,2022
4013581,4002477,4004255,2022
4013582,4003236,4003237,2022
4013583,4002236,4004239,2022
4013584,4002020,4003439,2022
4013585,4009788,5217338,2022
4013586,4004177,4004214,2022
4013587,4005719,4006184,2022
4013589,4002233,5222897,2022
4013590,5142567,5156443,2022
4013591,4004677,4004714,2022
4013592,5146325,5155800,2022
4013593,4004254,4005087,2022
4013594,4009803,5187389,2022
4013595,4000918,5217687,2022
4013596,4002196,4013057,2022
4013597,4008607,5144948,2022
4013598,4007612,5222826,2022
4013599,4002036,4002627,2022
4013600,4004735,4012445,2022
4013601,4002487,4002548,2022
4013602,4001044,5183862,2022
4013603,5142541,5156372,2022
4013604,5147362,5183542,2022
4013605,4005564,4011327,2022
4013606,4003592,5164325,2022
4013607,5155976,5183455,2022
4013608,4009780,5217253,2022
4013609,4006454,4006644,2022
4013610,4000931,4009278,2022
4013611,4004794,4011883,2022
4013612,4001045,4001058,2022
4013614,5156333,5187058,2022
4013615,4001056,5148129,2022
4013616,5155761,5183492,2022
4013617,4002559,5156303,2022
4013618,5217225,5223369,2022
4013619,4005864,4009779,2022
4013620,4002401,4013072,2022
4013621,4003625,4004619,2022
4013622,4013063,5144907,2022
4013623,5144133,5187157,2022
4013624,4001788,4002554,2022
4013626,4006581,4007479,2022
4013627,4007658,5217211,2022
4013629,4003228,4004676,2022
4013630,4002495,4005556,2022
4013631,4003728,4011321,2022
4013632,5202005,5217828,2022
4013633,4003757,5142871,2022
4013634,4001551,5202068,2022
4013635,5184246,5187913,2022
4013636,5216110,5222195,2022
4013637,4002143,4002732,2022
4013638,4005062,4005834,2022
4013639,4000212,5147975,2022
4013640,4003024,5184821,2022
4013641,4002760,4002907,2022
4013642,4004926,4008619,2022
4013643,4002174,4008603,2022
4013644,4005424,5222176,2022
4013645,4005852,5222405,2022
4013646,4003299,4004850,2022
4013647,4013144,5144368,2022
4013648,4008625,5216099,2022
4013649,4006620,4006722,2022
4013650,4000721,4005855,2022
4013651,4002743,5146752,2022
4013653,4006348,4006380,2022
4013654,4002750,4004500,2022
4013655,4002398,5222166,2022
4013656,4004943,5202038,2022
4013681,5132571,5164326,2023
4013682,4000805,4000828,2023
4013683,5183440,5187451,2023
4013684,4002445,4002452,2023
4013685,5187293,5187824,2023
4013697,4005608,4006605,2023
4013698,4000016,5217139,2023
4013701,4012391,5216363,2023
4013702,5183430,5183439,2023
4013703,4001835,4009256,2023
4013704,4003781,5216459,2023
4013705,4002453,5223101,2023
4013706,4003599,5202334,2023
4013707,4001818,4003855,2023
4013708,5127460,5156280,2023
4013709,4003114,5116260,2023
4013710,4004893,4004896,2023
4013711,4006279,4006283,2023
4013712,5217713,5217808,2023
4013714,4003886,4007489,2023
4013715,4001821,4002449,2023
4013716,4004549,4004561,2023
4013717,4001460,5223105,2023
4013718,5144582,5217774,2023
4013719,4006474,5147602,2023
4013720,4000797,4011317,2023
4013721,5202500,5216871,2023
4013722,5148422,5155885,2023
4013723,5144002,5222589,2023
4013724,4000004,4000021,2023
4013725,4012392,4012436,2023
4013726,4007603,5116190,2023
4013727,5132551,5145078,2023
4013728,4004910,4005075,2023
4013729,4007375,4007530,2023
4013730,4004316,4004881,2023
4013731,4004645,4004913,2023
4013732,4009266,5147512,2023
4013733,5132364,5202286,2023
4013734,4003032,4006470,2023
4013735,4003641,4005621,2023
4013736,4005625,4005626,2023
4013737,5147288,5148365,2023
4013738,5144381,5144547,2023
4013739,4009268,5216227,2023
4013740,4003638,4009267,2023
4013741,5144354,5147509,2023
4013742,5202883,5216612,2023
4013743,4005108,4007075,2023
4013744,4001691,5184573,2023
4013745,5145687,5216843,2023
4013747,4008473,5222121,2023
4013748,5164372,5216613,2023
4013749,4002658,4005324,2023
4013750,5156487,5164236,2023
4013751,5217540,5222070,2023
4013752,4004080,4005037,2023
4013753,4012463,5146404,2023
4013754,4003976,4006652,2023
4013755,4003840,5183573,2023
4013756,4006783,4007280,2023
4013757,4006318,4006760,2023
4013758,4001135,4001684,2023
4013759,4011328,5223212,2023
4013760,5144723,5145665,2023
4013761,5145224,5148249,2023
4013762,4005141,5216930,2023
4013763,4005495,5187332,2023
4013764,4005703,5222489,2023
4013765,4005155,5216278,2023
4013766,4006172,5217561,2023
4013767,4001869,5217977,2023
4013768,5145653,5222636,2023
4013769,5148111,5148311,2023
4013770,5145659,5217530,2023
4013771,4006654,4006973,2023
4013772,4003806,5222900,2023
4013773,4001303,5223419,2023
4013774,4006103,4012485,2023
4013775,4003071,4005914,2023
4013776,4001899,5216577,2023
4013777,4008618,5184547,2023
4013778,4001304,5216593,2023
4013779,4002699,5223415,2023
4013780,5132857,5217169,2023
4013781,4003305,4004148,2023
4013782,4001296,4004156,2023
4013783,4006077,4006087,2023
4013784,5216573,5222536,2023
4013785,4002611,4004151,2023
4013786,4007654,5222495,2023
4013787,5097588,5108642,2023
4013788,4000440,5222505,2023
4013789,4007077,5222490,2023
4013790,4001893,4008619,2023
4013791,5216581,5216583,2023
4013792,4009274,5184489,2023
4013793,4004657,4005384,2023
4013794,4012394,4012395,2023
4013795,4011319,4011888,2023
4013796,5184692,5217100,2023
4013797,4006705,4006726,2023
4013798,4003019,4004290,2023
4013799,4000694,4000885,2023
4013800,4000903,5223318,2023
4013802,4009272,5217080,2023
4013803,4005972,4006022,2023
4013804,4000893,4004279,2023
4013805,4000900,4002959,2023
4013806,4003573,5216270,2023
4013807,4005882,5217923,2023
4013808,4003785,5222377,2023
4013809,5202231,5216359,2023
4013810,4000466,4000874,2023
4013811,5108857,5222437,2023
4013812,4000474,4008278,2023
4013813,4003581,4009830,2023
4013815,4001092,5223293,2023
4013816,4001013,4002064,2023
4013817,4003556,4004303,2023
4013818,4002350,4009773,2023
4013819,4003047,5187837,2023
4013820,4002167,4003672,2023
4013821,4006492,4008279,2023
4013822,4004889,4005822,2023
4013823,4004900,4007604,2023
4013824,4009264,5217610,2023
4013825,4001683,4011330,2023
4013826,4004090,4004259,2023
4013827,4006495,4006948,2023
4013828,4009251,5144823,2023
4013829,5098158,5116777,2023
4013830,4005477,5222068,2023
4013831,4004063,4004081,2023
4013832,4000032,5222073,2023
4013833,4008471,4013664,2023
4013834,5132909,5222054,2023
4013835,4003907,4011877,2023
4013836,4003388,4006198,2023
4013837,4013055,5127751,2023
4013838,4006192,4006933,2023
4013839,4005130,5217255,2023
4013840,4001182,4005504,2023
4013841,5148166,5148232,2023
4013842,5122035,5132943,2023
4013843,4006207,4006537,2023
4013844,5144189,5223189,2023
4013845,5156477,5223184,2023
4013846,4000741,5217966,2023
4013847,4005527,4005733,2023
4013848,5183596,5223200,2023
4013849,4009194,5223437,2023
4013850,4001062,5223199,2023
4013851,4001207,5148223,2023
4013852,5145143,5183594,2023
4013853,4002375,4003043,2023
4013854,4006071,4013667,2023
4013855,4000516,5216855,2023
4013856,5145151,5145195,2023
4013857,4003415,4003951,2023
4013858,4004128,4005499,2023
4013859,5184251,5216813,2023
4013860,4003377,4009795,2023
4013861,5145605,5187542,2023
4013862,5148351,5222532,2023
4013863,4005904,5184396,2023
4013864,5202780,5202820,2023
4013865,5184453,5217493,2023
4013866,4009281,5202705,2023
4013868,5217437,5223449,2023
4013869,4001408,5217484,2023
4013870,5202822,5222986,2023
4013871,4001735,4004429,2023
4013872,4002820,4013120,2023
4013873,4012426,5143235,2023
4013874,4005933,4008364,2023
4013875,5187434,5187610,2023
4013876,4000795,5222276,2023
4013877,5202785,5223492,2023
4013878,4001437,4009198,2023
4013880,4003460,4004377,2023
4013882,4002818,4007632,2023
4013884,4004372,5216747,2023
4013885,4003452,4009200,2023
4013886,4007057,5223010,2023
4013887,4001240,4003463,2023
4013888,5127919,5143188,2023
4013889,4004777,4005896,2023
4013890,4005254,5216745,2023
4013891,4005943,4006060,2023
4013892,5147202,5222244,2023
4013893,4006964,4007312,2023
4013894,4003165,5146718,2023
4013895,5116555,5127965,2023
4013896,4004158,4004420,2023
4013897,5222919,5223350,2023
4013898,4006755,5222922,2023
4013899,5098476,5223335,2023
4013900,5187427,5187435,2023
4013901,4004380,5223477,2023
4013904,4001243,5223466,2023
4013905,4001995,4004364,2023
4013906,4003512,4013075,2023
4013907,4004778,4005252,2023
4013908,4002854,4002870,2023
4013909,4003465,4005366,2023
4013910,4012413,5217867,2023
4013911,5143446,5146466,2023
4013912,4003010,5223670,2023
4013913,4004611,4005659,2023
4013914,4002298,4003194,2023
4013915,4005967,4006006,2023
4013916,4005389,4005980,2023
4013917,4005682,NA,2023
4013918,4004016,4005647,2023
4013919,4004027,4004573,2023
4013920,4002334,5147775,2023
4013921,4002965,4013071,2023
4013922,5187785,5217848,2023
4013923,4005986,4006688,2023
4013924,4001093,5145909,2023
4013925,4005895,5217015,2023
4013926,5187807,5202154,2023
4013927,4000332,4002939,2023
4013928,5187812,5216015,2023
4013929,4002974,4003174,2023
4013930,4006002,4006663,2023
4013931,5202268,5216095,2023
4013932,4009291,5184940,2023
4013933,4003999,4009284,2023
4013934,4007217,4013132,2023
4013935,4009153,5217018,2023
4013936,4000333,4004590,2023
4013937,4005981,4005987,2023
4013938,4005988,4013115,2023
4013939,5146436,5147781,2023
4013940,5164277,5217878,2023
4013941,4001076,4011341,2023
4013942,4006009,4006014,2023
4013944,4013672,5184656,2023
4013945,4001915,4006669,2023
4013946,4002952,4004019,2023
4013947,4001917,4003064,2023
4013948,4003961,4005653,2023
4013949,4004591,4004601,2023
4013950,4001267,4001945,2023
4013951,4007136,4008554,2023
4013952,4001930,4002279,2023
4013953,4006660,4007008,2023
4013954,4004557,4013080,2023
4013955,4003000,5216003,2023
4013956,4001594,5183652,2023
4013957,4003468,4009165,2023
4013958,4013665,5217876,2023
4013959,4006734,4006750,2023
4013960,5132447,5202150,2023
4013961,4003031,5187756,2023
4013962,4001190,4003249,2023
4013963,4007427,4007595,2023
4013964,4009167,5098530,2023
4013966,4003291,4003293,2023
4013967,4002608,4004189,2023
4013968,4005191,4008211,2023
4013969,5144074,5223050,2023
4013970,4006469,5217952,2023
4013971,5098587,5108743,2023
4013972,4001286,4002262,2023
4013973,4013048,4013049,2023
4013974,4000106,4005899,2023
4013975,4009821,5223361,2023
4013976,4006203,4007454,2023
4013977,4002569,5223269,2023
4013978,5222078,5223038,2023
4013979,4002878,4004382,2023
4013980,4004756,4007470,2023
4013981,4001215,4007124,2023
4013982,4003692,5222161,2023
4013983,4006578,4012488,2023
4013984,5202049,5216105,2023
4013985,5121008,5187822,2023
4013986,4007533,4012433,2023
4013987,4002360,5155871,2023
4013988,4006298,4006397,2023
4013989,4007051,5187879,2023
4013990,5202066,5202434,2023
4013991,4003762,4009824,2023
4013992,4005901,5217220,2023
4013993,5145137,5223571,2023
4013994,5222386,5222848,2023
4013995,4003895,5217345,2023
4013996,5116418,5144700,2023
4013997,4001036,5223581,2023
4013998,4001022,4007065,2023
4013999,4003276,4003298,2023
4014000,4003341,4004188,2023
4014001,4003067,4009162,2023
4014002,4005893,5217331,2023
4014003,4003826,4009163,2023
4014004,4013666,5216385,2023
4014006,4002573,5217997,2023
4014008,4003286,4004201,2023
4014009,4004183,4011333,2023
4014010,4005244,4006861,2023
4014011,5183867,5217733,2023
4014012,4002248,5222879,2023
4014013,4004174,4004703,2023
4014014,4009248,5202598,2023
4014015,4002047,5223557,2023
4014016,4002529,4003242,2023
4014017,4007730,5202456,2023
4014018,4004661,4005575,2023
4014019,4006134,4011879,2023
4014020,4004938,4006123,2023
4014021,5144998,5187477,2023
4014022,4004035,4004103,2023
4014023,5155970,5187379,2023
4014024,4002480,5127710,2023
4014025,4002472,5202396,2023
4014026,4006546,4007559,2023
4014027,4005403,4007074,2023
4014028,4006798,4007487,2023
4014029,5202424,5217294,2023
4014030,4000090,4001858,2023
4014031,4004987,4005482,2023
4014032,4002618,5223233,2023
4014033,4006197,4006316,2023
4014034,4004098,4006200,2023
4014035,4004204,4005213,2023
4014036,5187418,5222863,2023
4014037,4001500,4006772,2023
4014038,4000941,4002035,2023
4014039,4004125,4004199,2023
4014040,4003239,5222822,2023
4014041,4004690,4004710,2023
4014042,4006449,4007566,2023
4014043,4004698,4005201,2023
4014044,4005225,4012456,2023
4014045,5117599,5127214,2023
4014046,4005169,5147706,2023
4014047,5183482,5183515,2023
4014048,4000922,5217318,2023
4014049,4000943,4007586,2023
4014051,5127257,5202415,2023
4014052,4006545,4006915,2023
4014053,4000938,4001617,2023
4014054,4000914,4002230,2023
4014055,4008264,5222851,2023
4014056,4003636,4006457,2023
4014057,4004042,4013668,2023
4014058,4003210,4006554,2023
4014059,4002652,4003227,2023
4014060,4003231,4003352,2023
4014061,4005003,4006913,2023
4014062,4004686,4006612,2023
4014063,4002517,4002546,2023
4014064,4002528,4009189,2023
4014065,4002006,4009823,2023
4014066,4004210,4004248,2023
4014067,29908,5187145,2023
4014068,5216493,5222005,2023
4014069,5222247,5223526,2023
4014070,4000921,5217319,2023
4014071,5217369,5223641,2023
4014072,4006410,4006466,2023
4014073,4007727,4008218,2023
4014074,4004252,5184136,2023
4014075,4004697,5217281,2023
4014076,5216522,5216536,2023
4014077,4009199,5223480,2023
4014078,4005927,4008340,2023
4014079,5145520,5216717,2023
4014080,4000152,4004995,2023
4014081,4002678,5122172,2023
4014082,4009258,4009825,2023
4014083,4006322,5223176,2023
4014085,4002560,4002850,2023
4014087,4006764,5217563,2023
4014088,5223252,5223474,2023
4014089,4003124,5222978,2023
4014090,5098706,5183536,2023
4014091,4000867,4002063,2023
4014092,4004734,5217348,2023
4014093,4005227,4007598,2023
4014094,4003234,4009789,2023
4014095,4002508,4003929,2023
4014096,4005064,4005762,2023
4014097,4004897,5187903,2023
4014098,4006389,4006851,2023
4014099,4005101,5202054,2023
4014100,4001493,4005759,2023
4014101,5187897,5202329,2023
4014102,4002742,4006385,2023
4014103,4002166,4002915,2023
4014104,4002306,5184215,2023
4014105,4003770,4003903,2023
4014106,5216190,5222215,2023
4014107,5127614,5127671,2023
4014108,4006363,4006391,2023
4014109,4005811,4006368,2023
4014110,4002893,5217102,2023
4014111,4000436,5223637,2023
4014112,4002784,4013657,2023
4014113,4007738,4008425,2023
4014114,4002396,5216223,2023
4014115,4000413,5217829,2023
4014116,4000843,5164488,2023
4014117,4003864,4006267,2023
4014118,4003712,4004530,2023
4014119,4000834,4001856,2023
4014120,4001355,5156003,2023
4014121,4000397,4000682,2023
4014122,4001317,4001321,2023
4014123,4001353,5222390,2023
4014124,4000403,5222387,2023
4014125,4009289,5122307,2023
4014126,4005758,4006361,2023
4014127,4000862,4005631,2023
4014128,5092563,5116013,2023
4014129,4000144,4000402,2023
4014130,4001315,4001864,2023
4014131,4002440,4006867,2023
4014132,5117942,5184827,2023
4014133,4002162,4006350,2023
4014134,4002769,4009794,2023
4014135,4002904,4008419,2023
4014136,4006404,4006834,2023
4014137,4004455,4005085,2023
4014138,4000863,4001346,2023
4014139,4002410,5216145,2023
4014140,4005105,5217626,2023
4014142,4006352,4006803,2023
4014143,4000142,4000953,2023
4014144,4000634,4005817,2023
4014145,4000147,5183709,2023
4014146,4002394,4005119,2023
4014147,4008479,5216455,2023
4014148,4003777,5144044,2023
4014149,4002099,4002130,2023
4014150,4005860,4006479,2023
4014151,4000643,5222171,2023
4014152,4000136,4000627,2023
4014153,5109292,5144628,2023
4014154,5216195,5222543,2023
4014155,5164478,5187368,2023
4014156,4000232,5222192,2023
4014157,4002785,4005863,2023
4014158,4007576,4007731,2023
4014159,4002151,4002736,2023
4014160,4006762,5144660,2023
4014161,4006823,5187890,2023
4014162,4005784,4006356,2023
4014163,4011337,5187830,2023
4014164,4009244,5127633,2023
4014165,4002180,4003413,2023
4014167,4007545,4007717,2023
4014168,4006869,4008600,2023
4014169,4006398,4006842,2023
4014170,5217650,5222194,2023
5079042,5054147,NA,1977
5079179,5078407,NA,1977
5079181,5078408,NA,1977
5079201,5054684,NA,1977
5079202,5078397,NA,1977
5079212,5054168,NA,1977
5079236,5054626,NA,1977
5079264,5078410,NA,1977
5079266,5054653,NA,1977
5079294,5054662,NA,1977
5079296,5054582,NA,1977
5079297,5054634,NA,1977
5079298,5054573,NA,1977
5079334,5054724,NA,1977
5079343,5072977,NA,1977
5079345,5078429,NA,1977
5079357,5072865,NA,1977
5079366,5078394,NA,1977
5079375,5054649,5078430,1977
5079379,5054674,5078460,1977
5079383,5054087,NA,1977
5079390,5078428,NA,1977
5079403,5072908,NA,1977
5079410,5072912,NA,1977
5079426,5078456,NA,1977
5079428,5054630,NA,1977
5079437,5054584,NA,1977
5079440,5072864,NA,1977
5079450,5072934,NA,1977
5079451,5054222,NA,1977
5079455,5054425,NA,1977
5079457,5054408,NA,1977
5079458,5078454,NA,1977
5079462,5054602,5054660,1977
5079465,5054125,NA,1977
5079467,5054648,NA,1977
5079469,5054647,NA,1977
5079470,5054586,5054641,1977
5079472,5054659,NA,1977
5079477,5054428,NA,1977
5079478,5078465,NA,1977
5079481,5054755,NA,1977
5079487,5054566,NA,1977
5079492,5078421,NA,1977
5079493,5072960,NA,1977
5079495,5054416,NA,1977
5080006,5078491,NA,1977
5080007,5078363,NA,1977
5080011,5072980,NA,1977
5080031,5054534,NA,1977
5080033,5078364,NA,1977
5080040,5054753,5072961,1977
5080056,5054698,5078461,1977
5080062,5054708,5078369,1977
5080065,5054538,NA,1977
5080074,5078366,NA,1977
5080079,5078365,NA,1977
5080085,5054608,NA,1977
5080091,5121233,NA,1977
5080096,5078417,NA,1977
5080111,5078486,NA,1977
5080129,5078418,NA,1977
5080133,5078419,NA,1977
5080140,5072967,NA,1977
5080153,5078372,NA,1977
5080168,5054413,NA,1977
5080175,5078439,NA,1977
5080191,5054399,NA,1977
5080204,5078437,NA,1977
5080221,5078412,NA,1977
5080236,5054552,NA,1977
5080249,5072946,NA,1977
5080268,5078414,NA,1977
5080292,5054767,NA,1977
5080315,5078416,NA,1977
5080323,5078488,NA,1977
5080332,5072874,NA,1977
5080335,5078481,5078482,1977
5080341,5072987,NA,1977
5080351,5078484,NA,1977
5080353,5072877,NA,1977
5087834,5054436,NA,1972
5090280,5072941,NA,1977
5092251,5078480,NA,1978
5092252,5072926,NA,1978
5092255,5078473,NA,1978
5092263,5054167,NA,1978
5092273,5054727,NA,1978
5092510,5054671,5078474,1978
5092514,5054650,NA,1978
5092519,5073000,NA,1978
5092520,5078444,NA,1978
5092521,5054597,NA,1978
5092528,5078411,NA,1978
5092541,5072907,NA,1978
5092549,5054686,NA,1978
5092551,5079033,NA,1978
5092554,5054122,5148007,1978
5092559,5072925,NA,1978
5092561,5054658,NA,1978
5092564,5072871,NA,1978
5092566,5054439,NA,1978
5092578,5080386,NA,1978
5092582,5054400,NA,1978
5092594,5054730,NA,1978
5092604,5072854,NA,1978
5092607,5072852,6841220,1978
5092608,5072930,NA,1978
5092612,5054444,NA,1978
5092621,5054223,NA,1978
5092627,5054623,NA,1978
5092645,5078453,NA,1978
5092646,5087841,NA,1978
5092652,5072340,NA,1978
5092657,5087821,NA,1978
5092661,5072962,NA,1978
5092680,5072957,NA,1978
5092683,5054667,NA,1978
5092688,5072174,NA,1978
5092695,5054670,NA,1978
5092697,5072992,NA,1978
5092701,5078469,NA,1978
5092706,5078379,NA,1978
5092712,5072974,NA,1978
5092718,5054448,NA,1978
5092721,5078468,NA,1978
5092725,5072867,NA,1978
5092726,5054414,5054440,1978
5092735,5078433,NA,1978
5092746,5054124,NA,1978
5092747,5054574,NA,1978
5092758,5054581,NA,1978
5092759,5087803,NA,1978
5092800,5078431,NA,1978
5092803,5054221,NA,1978
5092805,5078451,NA,1978
5092810,5054718,NA,1978
5092811,5054622,5078448,1978
5092814,5054723,NA,1978
5092816,5054536,NA,1978
5092823,5054220,NA,1978
5092824,5080371,5092308,1978
5092829,5080382,NA,1978
5092835,5054710,NA,1978
5092846,5072998,NA,1978
5092852,5078376,NA,1978
5092854,5054683,NA,1978
5092855,5054432,NA,1978
5092859,5080367,5080368,1978
5092873,5054682,5078500,1978
5092890,5054769,NA,1978
5092893,5054558,NA,1978
5092903,5078436,NA,1978
5092908,5054717,NA,1978
5092926,5087833,NA,1978
5092935,5072939,NA,1978
5092940,5087816,NA,1978
5092952,5054405,NA,1978
5092989,5054680,NA,1978
5092996,5080366,NA,1978
5093018,5072965,NA,1978
5093026,5087814,NA,1978
5093047,5078378,NA,1978
5093052,5078373,NA,1978
5093066,5080393,NA,1978
5093067,5072938,NA,1978
5093074,5072947,5072984,1978
5093079,5054701,NA,1978
5093082,5078476,NA,1978
5093085,5054704,NA,1978
5093093,5072863,NA,1978
5093099,5072876,NA,1978
5093102,5054605,NA,1978
5093109,5054668,NA,1978
5093114,5054533,NA,1978
5093115,5054567,NA,1978
5093123,5054214,NA,1978
5093126,5072981,NA,1978
5093135,5080375,NA,1978
5093136,5072983,NA,1978
5093152,5078498,NA,1978
5093156,5072990,NA,1978
5093164,5072942,NA,1978
5093172,5054436,NA,1978
5093179,5087832,NA,1978
5093180,5080391,NA,1978
5093181,5054707,NA,1978
5093196,5054537,NA,1978
5093202,5080361,NA,1978
5093208,5054691,NA,1978
5093209,5054731,5072913,1978
5093217,5054443,5054550,1978
5093218,5054224,NA,1978
5093221,5080376,NA,1978
5093226,5078426,NA,1978
5093229,5054415,NA,1978
5093231,5054601,NA,1978
5093232,5054225,NA,1978
5093239,5054603,NA,1978
5093242,5054423,NA,1978
5093244,5078443,5078471,1978
5093245,5072927,NA,1978
5093256,5054621,NA,1978
5093300,5054391,5054569,1978
5093314,5054590,NA,1978
5093315,5054232,5054696,1978
5093319,5054675,NA,1978
5093323,5072929,NA,1978
5093333,5054651,NA,1978
5093339,5054679,NA,1978
5093344,5054577,NA,1978
5093434,5054572,5078427,1972
5097053,5054597,6845696,1980
5097054,5054700,5093413,1980
5097065,5092299,5092347,1980
5097066,5054656,5092349,1980
5097068,5072907,5093368,1980
5097074,4004538,5093383,1980
5097079,5054686,5093392,1980
5097081,5078579,5093388,1980
5097085,5054122,5093475,1980
5097094,5054652,5097027,1980
5097101,5072968,5093445,1980
5097102,5078469,5093461,1980
5097122,5072974,5097015,1980
5097133,5054650,6841246,1980
5097136,5078444,6841208,1980
5097137,5073000,5092305,1980
5097141,5078468,5092306,1980
5097142,5054649,5078430,1980
5097149,5054691,5093462,1980
5097156,5072905,5109028,1980
5097170,5072871,5097007,1980
5097177,5054645,5093498,1980
5097188,5054648,5097029,1980
5097203,5078456,5092319,1980
5097209,5054221,6841212,1980
5097218,5054535,6834557,1980
5097224,5080371,5092308,1980
5097231,5054723,5109046,1980
5097242,5072929,5093447,1980
5097243,5092303,5093463,1980
5097247,5072926,NA,1980
5097273,5054592,6846107,1980
5097280,5054638,5093495,1980
5097288,5054603,5093464,1980
5097293,5054755,5093465,1980
5097305,5054675,5097038,1980
5097312,5054423,5097044,1980
5097317,5078479,5092309,1980
5097327,5054216,5054537,1980
5097334,5054533,5093467,1980
5097336,5054606,5072958,1980
5097338,5054417,5054765,1980
5097340,5078423,5092325,1980
5097343,5078363,5093466,1980
5097344,5054670,5092320,1980
5097345,5054720,5097014,1980
5097357,5087841,5092328,1980
5097376,5054668,5092326,1980
5097380,5054567,5097013,1980
5097381,5054214,5092321,1980
5097382,5092066,5092322,1980
5097384,5054428,5092323,1980
5097388,5072957,5097035,1980
5097389,5072979,5097030,1980
5097401,5072981,NA,1980
5097407,5080375,NA,1980
5097412,2871758,5078369,1980
5097413,5054439,5092330,1980
5097424,5080373,6840365,1980
5097435,5054682,5078500,1980
5097440,4000746,5054769,1980
5097455,5072863,5092310,1980
5097456,5072987,5093450,1980
5097459,5080361,5097012,1980
5097461,5080381,5093426,1980
5097494,5072942,NA,1980
5097506,5080364,NA,1980
5097523,5080366,5092337,1980
5097525,5080367,5080368,1980
5097542,5072990,5092336,1980
5097574,5080391,NA,1980
5097575,5078377,NA,1980
5097578,5072965,NA,1980
5097611,5054436,5054738,1980
5097612,5092101,NA,1980
5097644,5092267,NA,1980
5097645,5054149,NA,1980
5097662,5072941,NA,1980
5097671,5054146,5092339,1980
5097686,5054620,5080395,1980
5097693,5072972,NA,1980
5097698,5087844,NA,1980
5097708,5054619,NA,1980
5097718,5078401,NA,1980
5097744,5078385,NA,1980
5097747,5072973,NA,1980
5097762,5072947,5072984,1980
5097768,5072930,5097031,1980
5097775,5078422,5092324,1980
5097781,5054584,NA,1980
5097789,5072977,5097011,1980
5098036,5054566,5097963,1981
5098037,5054685,5097898,1981
5098038,5054572,5078427,1981
5098055,5054224,6841298,1981
5098056,5054602,5054660,1981
5098071,2873764,5054600,1981
5098073,5054623,5097903,1981
5098082,5072864,5097904,1981
5098090,5078371,NA,1981
5098098,5092116,NA,1981
5098099,5097791,5109632,1981
5098105,5121233,NA,1981
5098110,5078366,NA,1981
5098116,5080390,5097905,1981
5098120,5054432,5098029,1981
5098123,5080078,NA,1981
5098128,5078417,5098019,1981
5098137,5087835,5092331,1981
5098142,5054129,5097978,1981
5098143,5072884,5078470,1981
5098145,4025791,5072923,1981
5098152,2872395,5054441,1981
5098154,5054416,5143061,1981
5098158,5054427,5098008,1981
5098160,5072960,6840906,1981
5098173,5072995,NA,1981
5098203,5054534,NA,1981
5098211,5054419,5097973,1981
5098216,5078449,5097974,1981
5098221,5087821,5097975,1981
5098228,5072340,5078424,1981
5098229,5054420,5098034,1981
5098230,5078450,5097976,1981
5098237,5097977,6840588,1981
5098245,5087812,5097979,1981
5098253,5054147,5072898,1981
5098264,5078571,5097780,1981
5098268,5054563,5097802,1981
5098272,5054684,5097863,1981
5098291,5078431,5109553,1981
5098292,5054229,6840472,1981
5098296,5109564,5187991,1981
5098298,5054168,5054759,1981
5098308,5078375,5097932,1981
5098310,5054544,5054545,1981
5098312,5054556,5097844,1981
5098314,5054763,5097846,1981
5098321,5054636,5097851,1981
5098344,5054598,5097888,1981
5098347,5054124,5097889,1981
5098351,5054574,5098022,1981
5098352,5054573,5098023,1981
5098362,5054654,NA,1981
5098367,5054555,5097896,1981
5098368,5078410,5098035,1981
5098373,5054393,5054741,1981
5098380,5054406,5054562,1981
5098389,5054577,5098024,1981
5098390,5078432,5222548,1981
5098405,5054399,5098002,1981
5098409,5054401,5097907,1981
5098418,5054609,NA,1981
5098453,5054433,5097971,1981
5098458,5078437,5097955,1981
5098471,5072963,5092332,1981
5098475,5054611,5097908,1981
5098478,5078413,5098030,1981
5098492,5054665,5097913,1981
5098508,5072904,5109062,1982
5098523,5078481,5080370,1982
5098526,5078442,5109081,1982
5098528,5078484,5109061,1982
5098531,5072903,5109069,1982
5098532,5087862,5109083,1982
5098535,5092303,5093463,1982
5098556,5072929,5093447,1982
5098562,5054675,5097038,1982
5098565,5072918,5109065,1982
5098566,5054691,5093462,1982
5098567,5072910,5109070,1982
5098575,5054444,5097039,1982
5098576,5072930,5097031,1982
5098577,5080363,5097999,1982
5098583,5080371,5092308,1982
5098592,5072908,5109051,1982
5098598,5054536,5109047,1982
5098599,5087864,5109048,1982
5098611,5054667,5109042,1982
5098626,5092106,5109043,1982
5098630,5054223,5097028,1982
5098635,5054125,5092317,1982
5098647,5054586,5054641,1982
5098657,5054670,5092320,1982
5098658,5054720,5097014,1982
5098666,5054214,5092321,1982
5098678,5072957,5097035,1982
5098692,5078422,5092324,1982
5098695,5054533,5093467,1982
5098696,5078491,5097919,1982
5098708,5054605,5092327,1982
5098712,5054634,5108983,1982
5098713,5093451,6834680,1982
5098714,5093353,5097045,1982
5098715,5054656,5092349,1982
5098716,5108970,5108971,1982
5098717,5108967,5108968,1982
5098718,5072889,5097988,1982
5098719,5109000,5109005,1982
5098720,5097021,5217757,1982
5098721,5080369,NA,1982
5098742,2871747,5072989,1982
5098743,5054216,5054537,1982
5098766,5072977,5097011,1982
5098768,5078468,5092306,1982
5098771,5054721,5109080,1982
5098789,5078428,5097970,1982
5098797,5072974,5097015,1982
5098799,5078390,NA,1982
5098800,5078469,5093461,1982
5098801,5078454,5097043,1982
5098803,5078452,5098025,1982
5098809,5072968,5093445,1982
5098813,5072906,5092341,1982
5098814,5078395,5098016,1982
5098815,5054225,5097901,1982
5098822,5054447,5109049,1982
5098833,5072934,5093500,1982
5098848,5054227,5054632,1982
5098849,5078399,5109072,1982
5098852,5054543,5097897,1982
5098853,5054652,5097027,1982
5098872,5092294,5109073,1982
5098876,5092295,5109085,1982
5098881,5054651,5109053,1982
5098882,5079012,5097008,1982
5098885,5054584,NA,1982
5098891,5072921,5116070,1982
5098906,5078578,5092340,1982
5098959,5078440,5184990,1982
5098990,5072871,5097007,1982
5104242,5122396,5132165,1997
5108504,5054540,5097912,1981
5108511,5072939,5098031,1981
5108534,2873925,5078568,1981
5108535,5078490,5097910,1981
5108544,5078569,NA,1981
5108556,5054437,5054737,1981
5108570,5079032,5097957,1981
5108572,5054434,5054735,1981
5108575,5054730,5092334,1981
5108584,5078414,NA,1981
5108594,5078372,5097914,1981
5108608,5087814,5097915,1981
5108624,5072991,5098001,1981
5108628,5054413,5098018,1981
5108639,5078418,5097917,1981
5108642,5080393,5098017,1981
5108648,5072914,5097967,1981
5108649,5054630,5098015,1981
5108657,5072919,5097968,1981
5108662,2875434,5054448,1981
5108671,5054126,5098026,1981
5108680,5054414,5098027,1981
5108686,5072912,5097982,1981
5108688,5054718,5097981,1981
5108696,5054629,5097960,1981
5108711,5072928,5098005,1981
5108717,5078458,5097983,1981
5108745,5054232,5054696,1981
5108755,5054724,5097985,1981
5108756,5054570,5098028,1981
5108760,5054756,5087818,1981
5108765,5078475,5078477,1981
5108766,5054218,5097986,1981
5108768,5072999,5097987,1981
5108779,5072874,NA,1981
5108780,5092146,5097998,1981
5108782,5072909,5097997,1981
5108785,5054688,5098012,1981
5108798,5072877,5097996,1981
5108800,5072986,5093449,1981
5108803,5072878,NA,1981
5108810,5072876,5097980,1981
5108816,5092131,NA,1981
5108828,5072969,NA,1981
5108829,5080396,NA,1981
5108833,5078380,NA,1981
5108855,5054580,NA,1981
5108867,5078382,NA,1981
5108869,5078383,NA,1981
5108870,5072954,NA,1981
5108873,5072953,NA,1981
5108891,5078492,NA,1981
5108917,5072955,NA,1981
5108937,5078387,NA,1981
5108947,5078379,NA,1981
5109110,5072983,NA,1982
5109112,5080377,NA,1982
5109129,5054439,5092330,1982
5109138,5078365,5109077,1982
5109148,5080373,6840365,1982
5109194,5054146,5092339,1982
5109221,5109010,5109024,1982
5109222,5093365,6834672,1982
5109223,5108974,5108975,1982
5109224,5108993,5109007,1982
5109238,5072973,NA,1982
5109242,5092195,5093489,1982
5109243,5097816,5097949,1982
5109244,5093401,5108994,1982
5109245,4038076,5109002,1982
5109246,5097819,5097926,1982
5109247,5093490,6834666,1982
5109248,5097821,6846140,1982
5109250,6841485,6845265,1982
5109269,5054606,5072958,1982
5109272,5072965,NA,1982
5109275,5078373,5109056,1982
5109284,4003849,5108977,1982
5109285,5093359,5097019,1982
5109286,5072895,5097778,1982
5109287,5108992,5109033,1982
5109288,5093360,5093441,1982
5109289,5093361,5093454,1982
5109290,2873350,5093479,1982
5109291,5108959,5108969,1982
5109292,5093377,5093460,1982
5109293,5109021,5116050,1982
5109294,5109022,6840530,1982
5109295,5093381,5093481,1982
5109296,5087870,5109023,1982
5109297,4004538,5093383,1982
5109298,5093374,5093442,1982
5109299,5109006,5109019,1982
5109300,5127325,6834670,1982
5109301,5093402,5116054,1982
5109302,5054579,5097854,1982
5109303,5054640,5108990,1982
5109304,5078411,6841251,1982
5109305,6845700,6845721,1982
5109306,5080382,5097952,1982
5109307,5093399,5093488,1982
5109309,5093400,5097025,1982
5109310,5054626,5097940,1982
5109330,4000746,5054769,1982
5109377,5072941,NA,1982
5109401,5078495,5109058,1982
5109417,5054436,5054738,1982
5109449,5054716,5098032,1982
5109483,5092129,5109075,1982
5109501,4002432,5109013,1982
5109502,2873951,5109014,1982
5109503,5097828,5097872,1982
5109504,5108979,5108995,1982
5109505,5093386,5097022,1982
5109506,5097830,5097951,1982
5109507,5109025,5222546,1982
5109508,5093390,5093485,1982
5109509,5093486,6845740,1982
5109510,5093389,5097829,1982
5109511,5108996,5109008,1982
5109512,5054686,5093392,1982
5109513,5092111,5108997,1982
5109514,5079033,5097942,1982
5109515,5097837,5097877,1982
5109516,5054122,5093475,1982
5109517,5097838,5097929,1982
5109518,5109026,5184946,1982
5109519,5108980,5108998,1982
5109520,5078579,5093388,1982
5109521,5108985,5109009,1982
5109522,5109011,5109015,1982
5109523,2859912,6834651,1982
5109524,5054592,6846107,1982
5109525,5097847,6845732,1982
5109526,5093476,6840190,1982
5109527,5148002,6845711,1982
5109528,5108960,5108988,1982
5109529,5109004,6840470,1982
5109530,5093409,5148005,1982
5109531,5097881,5148007,1982
5109532,5108981,5108982,1982
5109536,5093440,5109067,1982
5109543,5143060,6845658,1982
5109544,5054700,5093413,1982
5109545,5054597,6845696,1982
5109546,5097934,6845697,1982
5109547,5097885,5097961,1982
5109548,6845266,6845288,1982
5109549,5097995,6846135,1982
5109552,5054688,5098012,1983
5109648,5080381,5093426,1983
5109651,5072877,5097996,1983
5109663,5078379,5109611,1983
5109671,5054409,5109613,1983
5109673,5072914,5097967,1983
5109675,5054630,5098015,1983
5109684,5078456,5092319,1983
5109694,5054718,5097981,1983
5109700,5092147,5097918,1983
5109703,5054218,5097986,1983
5109704,5078475,5078477,1983
5109707,5054423,5097044,1983
5109709,5079013,5109621,1983
5109711,5054724,5097985,1983
5109712,5054391,5054569,1983
5109720,5079034,5109584,1983
5109743,5054232,5054696,1983
5109752,5078458,5097983,1983
5109753,5078429,6841247,1983
5109755,5092302,5109586,1983
5109762,5054535,6834557,1983
5109765,5054126,5098026,1983
5109767,5073000,5092305,1983
5109769,5078460,5109629,1983
5109790,5054753,5072961,1983
5109800,5087812,5097979,1983
5109801,5092299,5092347,1983
5109802,5072892,5097890,1983
5109803,5087803,5109016,1983
5109804,5109554,5109555,1983
5109805,5054714,5155950,1983
5109806,5109580,5109596,1983
5109807,5092350,5093352,1983
5109808,5072899,5097947,1983
5109809,5092141,5217755,1983
5109810,5072905,5109028,1983
5109818,5078453,5109620,1983
5109821,5054420,5098034,1983
5109823,5078450,5097976,1983
5109824,5072340,5078424,1983
5109828,5080387,5109060,1983
5109836,5097959,5121233,1983
5109845,5078366,NA,1983
5109850,5080368,5097036,1983
5109853,5054432,5098029,1983
5109858,5072691,NA,1983
5109862,5054399,5098002,1983
5109868,5087866,NA,1983
5109876,5078437,5097955,1983
5109882,5054609,5109624,1983
5109895,5072963,5092332,1983
5109912,5078423,5092325,1983
5109915,5092144,5109615,1983
5109921,5087807,5092249,1983
5109922,2872395,5054441,1983
5109924,5072960,6840906,1983
5109929,5078464,5109622,1983
5109930,5054604,NA,1983
5109940,5054567,5097013,1983
5109946,5054669,5109610,1983
5109976,5078372,5097914,1983
5109987,5078487,5109633,1983
5109989,5080398,NA,1983
5109993,5097791,5109632,1983
5109994,5092116,5109631,1983
5110001,5109057,5109074,1983
5110020,5072580,5092149,1983
5110028,5092112,5109626,1983
5110029,2873925,5078568,1983
5110050,5054727,5109634,1983
5110058,5054437,5054737,1983
5110072,5087831,5109625,1983
5110088,5054540,5097912,1983
5110120,5054665,5097913,1983
5110122,5072939,NA,1983
5110140,5092314,5109055,1983
5110148,5072935,5098000,1983
5110151,5087814,5097915,1983
5110175,5078419,NA,1983
5110176,5078418,5097917,1983
5110180,5072938,5092338,1983
5110181,5080393,5098017,1983
5110190,5072947,5072984,1983
5110191,5072874,NA,1983
5110216,5054685,5097898,1983
5110235,2873764,5054600,1983
5110238,5054547,5097966,1983
5110243,5054648,5097029,1983
5110245,5092300,5109084,1983
5110247,5054755,5093465,1983
5110259,5054574,5098022,1983
5110263,5072285,5109607,1983
5110264,5072437,5109600,1983
5110275,5054598,5097888,1983
5110283,5092108,NA,1983
5110288,5054580,NA,1983
5110295,5072969,NA,1983
5110296,5080396,NA,1983
5110308,5054654,5109609,1983
5110313,5054679,5093496,1983
5110314,5054393,5054741,1983
5110318,5054406,5054562,1983
5110320,5054577,5098024,1983
5110326,5078432,5222548,1983
5110349,5093421,NA,1983
5110354,5078387,NA,1983
5110362,5078403,NA,1983
5110364,5078492,NA,1983
5110371,5054149,NA,1983
5110385,5072972,NA,1983
5110391,5072900,5097891,1983
5110392,5078400,5108984,1983
5110393,5109088,5109096,1983
5110394,5109100,5109565,1983
5110395,5092126,5092133,1983
5110396,5109227,5109589,1983
5110397,5093456,5217758,1983
5110398,5054147,5072898,1983
5110399,5108972,5108973,1983
5110400,5108991,5109001,1983
5110425,5054164,NA,1983
5110426,5109031,5109038,1983
5110436,5072953,NA,1983
5110447,5087804,5109094,1983
5110448,4003113,5078576,1983
5110449,5072891,5093364,1983
5110450,5072416,5109571,1983
5110451,5109566,5109575,1983
5110452,5072896,5097892,1983
5110453,5097794,5097990,1983
5110454,5097795,5098003,1983
5110455,5097797,5098013,1983
5110456,2814133,5109562,1983
5110457,5078571,5097780,1983
5110458,5092280,5109567,1983
5110459,5097793,5097861,1983
5110460,5072888,5097860,1983
5110461,5078397,5093380,1983
5110462,5097806,5097894,1983
5110463,5054684,5097863,1983
5110464,5097805,5097921,1983
5110465,5109091,5109572,1983
5110466,2814115,5097803,1983
5110467,5093459,5109576,1983
5110468,5093362,5093455,1983
5110469,5097809,5097864,1983
5110470,5097808,5097922,1983
5110471,5097923,6834655,1983
5110472,5054563,5097802,1983
5110473,5097801,5097938,1983
5110474,5087842,5092287,1983
5110475,5097812,5097991,1983
5110477,2871252,5092197,1983
5110478,5097815,5097867,1983
5110479,5109089,5109569,1983
5110480,5097818,5097868,1983
5110481,5097826,5097870,1983
5110482,5097827,5097871,1983
5110484,5054168,5054759,1983
5110485,5093396,5216904,1983
5110486,2872617,5187972,1983
5110487,5093439,5109581,1983
5110488,5109558,5109559,1983
5110489,5093429,5097004,1983
5110490,5054229,6840472,1983
5110491,5097841,5097931,1983
5110492,5092296,5109593,1983
5110493,2872711,5108986,1983
5110494,5078375,5097932,1983
5110495,5097842,5097878,1983
5110496,5097843,5097933,1983
5110497,5054556,5097844,1983
5110498,5093406,5093493,1983
5110499,5097845,5097943,1983
5110500,5097879,6845702,1983
5116001,5054763,5097846,1983
5116002,5097849,5097880,1983
5116003,5109027,5109036,1983
5116004,5109590,5109594,1983
5116005,5109092,6840199,1983
5116006,5097852,5097953,1983
5116007,5078433,5127326,1983
5116008,5093417,6845664,1983
5116009,5092346,5093416,1983
5116010,5127336,6840923,1983
5116011,5093414,5121077,1983
5116012,5093438,5187918,1983
5116013,5127334,6846126,1983
5116014,5092343,6845720,1983
5116015,2871015,6845704,1983
5116016,2874133,6841269,1983
5116017,2874122,5097887,1983
5116018,5072928,5098005,1983
5116098,5079012,5097008,1984
5116099,5072906,5092341,1984
5116151,5072392,5116053,1984
5116152,5109556,5109597,1984
5116153,5072796,5087857,1984
5116154,5093451,6834680,1984
5116155,5093353,5097045,1984
5116156,4039237,5109573,1984
5116157,5108967,5108968,1984
5116158,5109090,5109095,1984
5116159,5080379,5116024,1984
5116160,5072897,5108976,1984
5116161,5116039,5116049,1984
5116162,5093355,6834674,1984
5116163,5072887,6840922,1984
5116164,5109574,5109604,1984
5116165,5093435,5116121,1984
5116166,5108992,5109033,1984
5116167,5093358,5093453,1984
5116168,5072895,5097778,1984
5116169,4003849,5108977,1984
5116170,5093359,5097019,1984
5116171,5093361,5093454,1984
5116172,5078572,5116027,1984
5116173,5093375,5121054,1984
5116174,5093377,5093460,1984
5116175,5109021,5116050,1984
5116176,5109587,6845677,1984
5116177,5097798,5097893,1984
5116178,5109022,6840530,1984
5116179,5093381,5093481,1984
5116180,4003779,5116046,1984
5116181,5087870,5109023,1984
5116182,5093384,5116055,1984
5116183,5072381,5093482,1984
5116184,4004538,5093383,1984
5116185,5092290,5116029,1984
5116186,5097948,5116041,1984
5116187,5093370,5093458,1984
5116188,5097895,5116030,1984
5116189,5093365,6834672,1984
5116190,5116031,5116114,1984
5116191,5097024,5116042,1984
5116192,5108993,5109007,1984
5116193,5097811,5097924,1984
5116194,5109012,5148004,1984
5116195,5109557,5109563,1984
5116196,5116038,5116043,1984
5116197,2873987,5108978,1984
5116198,5097005,5202949,1984
5116199,5097992,5121107,1984
5116200,5097819,5097926,1984
5116201,5078431,5109553,1984
5116202,5092194,5097824,1984
5116203,5093399,5093488,1984
5116204,5078579,5093388,1984
5116205,5108985,5109009,1984
5116206,5097930,5109578,1984
5116207,5108980,5108998,1984
5116208,5097836,5097928,1984
5116209,5097838,5097929,1984
5116210,5054122,5093475,1984
5116211,5109564,5187991,1984
5116212,5097833,5116035,1984
5116213,4002432,5109013,1984
5116214,2873951,5109014,1984
5116215,5093484,5109097,1984
5116216,5079036,5093432,1984
5116217,5108979,5108995,1984
5116218,5093385,5093428,1984
5116219,5093389,5097829,1984
5116220,5054732,5097832,1984
5116221,4007607,5097023,1984
5116222,5054640,5108990,1984
5116223,4004540,5097822,1984
5116224,5097847,6845732,1984
5116225,5093420,5099599,1984
5116226,5148002,6845711,1984
5116227,5093409,5148005,1984
5116228,4001494,5097946,1984
5116229,5093402,5116054,1984
5116230,5097821,6846140,1984
5116231,5054700,5093413,1984
5116232,6845679,6846145,1984
5116233,5097995,6846135,1984
5116234,5097855,6845727,1984
5116235,5097886,5097962,1984
5116236,5054742,5097884,1984
5116237,5109579,6845705,1984
5116238,5116044,5116052,1984
5116239,5093490,6834666,1984
5116244,5072758,5092117,1984
5116246,NA,NA,1984
5116252,5077886,5116126,1984
5116255,5093440,5109067,1984
5116267,5072464,NA,1984
5116272,5078578,5092340,1984
5116276,5078411,6841251,1984
5116279,5054566,5097963,1984
5116283,5078452,5098025,1984
5116285,5072052,5116064,1984
5116289,5077919,5116111,1984
5116290,5078469,5093461,1984
5116291,5087851,5109603,1984
5116292,5072859,5078426,1984
5116294,5054223,5097028,1984
5116301,5054125,5092317,1984
5116307,5092193,5109601,1984
5116309,5054224,6841298,1984
5116310,5054586,5054641,1984
5116323,5078395,5098016,1984
5116325,5072934,5093500,1984
5116326,5054603,5093464,1984
5116334,5092106,5109043,1984
5116342,5072063,5116105,1984
5116378,5054221,6841212,1984
5116380,5054629,5097960,1984
5116382,5087864,5109048,1984
5116385,5054536,5109047,1984
5116388,5072908,5109051,1984
5116396,5080371,5092308,1984
5116404,5054671,5098014,1984
5116405,5054087,NA,1984
5116411,5054721,5109080,1984
5116414,5078468,5092306,1984
5116415,5054649,5092312,1984
5116424,5072977,5097011,1984
5116432,5054720,5097014,1984
5116440,5054214,5092321,1984
5116442,5054428,5116081,1984
5116454,5078363,5093466,1984
5116462,5054606,5072958,1984
5116472,5072211,5116138,1984
5116475,5078491,NA,1984
5116476,5087847,5092103,1984
5116482,5072332,5116141,1984
5116485,2871747,5072989,1984
5116486,5087841,5092328,1984
5116500,5092066,5116115,1984
5116509,5078373,5109056,1984
5116511,5072627,5116134,1984
5116514,2871821,5087835,1984
5116515,5080373,6840365,1984
5116536,5078128,5116103,1984
5116540,5080366,5092337,1984
5116556,5078570,5116102,1984
5116562,5072966,5116087,1984
5116565,5080365,5092339,1984
5116570,5078067,5116140,1984
5116589,5072738,5116101,1984
5116591,5054412,5116132,1984
5116598,5072991,5098001,1984
5116600,5054413,5098018,1984
5116602,5077880,5109638,1984
5116605,5054682,5078500,1984
5116607,5054433,5097971,1984
5116633,4000746,5054769,1984
5116639,5072588,5072773,1984
5116652,5054434,5116136,1984
5116653,4001522,5116122,1984
5116692,5072944,5097958,1984
5116696,5072578,5092118,1984
5116700,5097041,5116086,1984
5116710,5072304,NA,1984
5116716,5072863,5092310,1984
5116721,5080346,5109630,1984
5116729,5078484,NA,1984
5116739,5078118,5116090,1984
5116740,5072282,5116091,1984
5116743,5072926,5093448,1984
5116747,5078443,5078471,1984
5116754,5072201,5116089,1984
5116755,5077714,5121152,1984
5116756,5080362,5109082,1984
5116758,5092303,5093463,1984
5116762,5092121,NA,1984
5116777,5054675,5097038,1984
5116792,5078394,5109050,1984
5116796,5080363,5097999,1984
5116797,5054444,5097039,1984
5116798,5072930,5097031,1984
5116804,5072992,NA,1984
5116807,5072202,NA,1984
5116809,5072237,5087805,1984
5116814,5202951,NA,1984
5116819,5072983,NA,1984
5116822,5080364,5116117,1984
5116835,5054439,5092330,1984
5116837,5078494,5116106,1984
5116847,5078365,5109077,1984
5116851,5072998,5109059,1984
5116857,5054543,5097897,1984
5116863,5077873,5109617,1984
5116868,5054588,5121189,1984
5116871,5054227,5054632,1984
5116876,5054652,5097027,1984
5116879,5092294,5109073,1984
5116884,5092295,5109085,1984
5116889,5092107,NA,1984
5116892,5054554,5098033,1984
5116894,5054653,5109071,1984
5116909,5072657,5121174,1984
5116917,5109635,5116123,1984
5116923,5054436,5054738,1984
5116958,5054767,5109076,1984
5116967,5080385,5109628,1984
5116972,5078413,5098030,1984
5116978,5092298,5109226,1984
5116980,5054611,5097908,1984
5117006,5078440,5184990,1984
5117017,5077518,5116144,1984
5117024,5072827,5116077,1984
5117025,5080398,NA,1985
5117027,5078402,5116078,1984
5117032,5080112,5155998,1985
5117059,5072921,5116070,1984
5117060,4001548,5092311,1984
5117064,5054544,5116071,1984
5117073,5092140,5116072,1984
5117076,5116073,5216911,1984
5117079,5054621,5116130,1984
5117117,5072973,5116131,1984
5117119,5078384,5116079,1984
5117147,5092291,NA,1984
5117270,5072972,NA,1985
5117272,5077562,5117217,1985
5117278,5079109,5117220,1985
5117286,5077578,5117218,1985
5117295,5078387,5117247,1985
5117303,5072846,5117216,1985
5117316,5072420,5116076,1985
5117322,5072954,5117214,1985
5117335,5072802,5117215,1985
5117340,5072803,5077510,1985
5117351,5077597,NA,1985
5117356,5054580,5117212,1985
5117358,5072785,NA,1985
5117361,5072789,NA,1985
5117362,5072818,5117222,1985
5117364,5080396,5117241,1985
5117366,5072807,5116074,1985
5117370,5077542,5117223,1985
5117372,5077607,5117244,1985
5117373,5078380,5116109,1985
5117377,5077606,5117245,1985
5117381,5072482,5072780,1985
5117399,5077694,5202954,1985
5117406,5054393,5054741,1985
5117410,5054593,5054638,1985
5117411,5054406,5054562,1985
5117418,5078432,5222548,1985
5117425,5054574,5098022,1985
5117428,4003113,5078576,1985
5117432,5072285,5109607,1985
5117442,5054573,5156271,1985
5117447,5078577,5109606,1985
5117462,5054755,5093465,1985
5117465,5072006,5072041,1985
5117470,5093433,5184910,1985
5117471,5054648,5097029,1985
5117490,5072071,5079427,1985
5117500,5078379,5109611,1985
5117502,5072666,5079303,1985
5117510,5072914,5097967,1985
5117521,5072118,5117197,1985
5117522,5078429,6841247,1985
5117527,5072947,5072984,1985
5117528,5077684,5117234,1985
5117534,5072110,NA,1985
5117535,5054449,5097969,1985
5117536,5077755,5117237,1985
5117540,5054126,5098026,1985
5117545,5072109,5077841,1985
5117549,5078496,5092307,1985
5117550,5072151,5117207,1985
5117557,5078481,5080370,1985
5117562,5072877,5097996,1985
5117565,5092146,5097998,1985
5117568,5077690,NA,1985
5117569,5072306,NA,1985
5117571,5077707,5117235,1985
5117572,5078480,5117206,1985
5117579,5054692,5132293,1985
5117581,5072999,5097987,1985
5117585,5054391,5054569,1985
5117586,5054724,5097985,1985
5117594,5054232,5054696,1985
5117602,5078458,5097983,1985
5117608,5072960,6840906,1985
5117611,5097032,5117202,1985
5117612,5072995,5109616,1985
5117613,5072957,5097035,1985
5117614,5054667,5109042,1985
5117620,5078246,5080053,1985
5117621,5054669,5109610,1985
5117622,5078422,5092324,1985
5117626,5054533,5093467,1985
5117627,5077726,NA,1985
5117631,2873442,5092145,1985
5117633,5072169,NA,1985
5117635,5072219,NA,1985
5117639,5093499,5117204,1985
5117646,5078423,5092325,1985
5117647,5092144,5109615,1985
5117648,5092109,5109619,1985
5117649,5072180,5072188,1985
5117656,5054605,5092327,1985
5117663,5080369,5117205,1985
5117665,5054420,5098034,1985
5117675,5078453,5109620,1985
5117682,5072197,5117210,1985
5117686,5087812,5097979,1985
5117693,5072937,5078419,1985
5117706,5072938,5092338,1985
5117707,5072967,5117173,1985
5117712,5072741,5072745,1985
5117716,5078418,5097917,1985
5117720,5072493,5078131,1985
5117722,5072764,5072772,1985
5117723,5078372,5097914,1985
5117724,5072714,5117188,1985
5117730,5078575,5098019,1985
5117734,5072935,5098000,1985
5117740,5087814,5097915,1985
5117741,5087813,5116139,1985
5117754,5054432,5098029,1985
5117759,5072600,5117175,1985
5117765,5054609,5109624,1985
5117767,5109057,5109074,1985
5117772,5072963,5092332,1985
5117773,5072625,5092881,1985
5117782,5087866,5109636,1985
5117793,5054083,5117227,1985
5117797,5054559,5116085,1985
5117800,5054399,5098002,1985
5117811,5072596,5117180,1985
5117814,5078438,NA,1985
5117816,5078437,5097955,1985
5117823,5072942,5117229,1985
5117829,5087846,5116104,1985
5117831,5078274,5078279,1985
5117835,5092112,5109626,1985
5117838,5054716,5098032,1985
5117853,5087831,5109625,1985
5117873,5072573,5072623,1985
5117888,5072342,5072582,1985
5117903,5078187,5078235,1985
5117910,5054540,5097912,1985
5117923,5078414,5117182,1985
5117927,5078377,5117190,1985
5117928,5072652,5080266,1985
5117929,5092136,NA,1985
5117931,5087803,5109016,1985
5117932,5092348,5093351,1985
5117933,5072892,5097890,1985
5117934,5054656,5092349,1985
5117935,5054714,5155950,1985
5117936,5109580,5109596,1985
5117937,5072932,5127331,1985
5117938,5109000,5109005,1985
5117939,5093452,5116025,1985
5117940,5072889,5097988,1985
5117942,5092141,5217755,1985
5117943,5108972,5108973,1985
5117944,5054147,5072898,1985
5117945,5109006,5217751,1985
5117946,5109227,5109589,1985
5117947,5092126,5092133,1985
5117948,5072896,5097892,1985
5117949,5093360,5093441,1985
5117950,5080093,5116143,1985
5117951,5054634,5127327,1985
5117952,5072891,5093364,1985
5117953,5097809,5097864,1985
5117954,5072418,5117151,1985
5117955,5109010,5109024,1985
5117956,5093369,5097010,1985
5117957,5127325,6834670,1985
5117958,2814115,5097803,1985
5117959,5097805,5097921,1985
5117960,5054684,5097863,1985
5117961,5097806,5097894,1985
5117962,5072888,5097860,1985
5117963,5078397,5093380,1985
5117964,5108959,5108969,1985
5117965,5097795,5098003,1985
5117966,5097799,5097936,1985
5117967,5078571,5097780,1985
5117968,5109091,5109572,1985
5117969,5054563,5097802,1985
5117970,5097001,5117157,1985
5117971,5087842,5092287,1985
5117972,5116063,5116146,1985
5117973,5093373,5216905,1985
5117974,5097812,5097991,1985
5117975,5097831,5097873,1985
5117976,5054168,5054759,1985
5117977,5054686,5093392,1985
5117978,5092111,5093401,1985
5117979,5097857,5116059,1985
5117980,5184946,6840191,1985
5117981,2872617,5187972,1985
5117982,5093439,5109581,1985
5117983,5109558,5109559,1985
5117984,5097834,5097937,1985
5117985,5097826,5097870,1985
5117986,5097830,5097951,1985
5117987,5097813,5127337,1985
5117988,5109031,5109038,1985
5117989,5092195,5093489,1985
5117990,5097815,5097867,1985
5117991,5092196,5097026,1985
5117992,5109089,5109569,1985
5117993,5097818,5097868,1985
5117994,5054626,5097940,1985
5117995,5054229,6840472,1985
5117996,5109570,5109598,1985
5117998,5116048,5143050,1985
5117999,5097841,5097931,1985
5118000,5092296,5109593,1985
5121001,2872711,5108986,1985
5121002,5097842,5097878,1985
5121003,5097843,5097933,1985
5121004,5054556,5097844,1985
5121005,5097848,5097945,1985
5121006,5093406,5093493,1985
5121007,5080382,5097952,1985
5121008,5097879,6845702,1985
5121009,5054592,6846107,1985
5121010,5072247,5117160,1985
5121011,5054646,5116036,1985
5121012,5097018,5117158,1985
5121013,5109027,5109036,1985
5121014,5109092,6840199,1985
5121015,5054662,5109591,1985
5121016,5078433,5127326,1985
5121018,6845700,6845721,1985
5121019,5127336,6840923,1985
5121020,5054597,5093412,1985
5121021,5092343,6845720,1985
5121026,5092342,6845273,1985
5121037,5087806,5117233,1985
5121039,5097959,5121233,1985
5121043,5078389,5116107,1985
5121264,5079076,NA,1986
5121265,5072827,5116077,1986
5121276,5078440,5184990,1986
5121280,5079071,NA,1986
5121295,5077534,NA,1986
5121299,5072819,NA,1986
5121302,5078384,5116079,1986
5121317,5072849,NA,1986
5121319,5077541,NA,1986
5121330,5077553,NA,1986
5121337,5072994,NA,1986
5121345,5092267,NA,1986
5121353,5077614,5117246,1986
5121355,5072844,5116075,1986
5121356,5079092,NA,1986
5121358,5072497,NA,1986
5121365,5072499,NA,1986
5121366,5072487,NA,1986
5121367,5092140,5116072,1986
5121368,5077583,5079259,1986
5121369,5109618,NA,1986
5121370,5077608,5077611,1986
5121379,5079166,NA,1986
5121380,9999903,NA,1986
5121385,5072766,NA,1986
5121386,5072786,5117240,1986
5121396,5054544,5116071,1986
5121397,5072921,5116070,1986
5121401,5078352,5079222,1986
5121406,5072130,5121155,1986
5121414,5054652,5097027,1986
5121416,5092294,5109073,1986
5121418,5078399,5109072,1986
5121428,5054654,5109609,1986
5121430,5054588,5121189,1986
5121440,5077866,5121154,1986
5121444,5054577,5098024,1986
5121447,5072380,5121153,1986
5121456,5054411,5116133,1986
5121463,5078082,5078115,1986
5121469,5078570,5116102,1986
5121478,5072761,5117225,1986
5121487,5072736,5121176,1986
5121489,5072744,5117172,1986
5121494,5054412,5116132,1986
5121495,5078067,5116140,1986
5121497,5092314,5109055,1986
5121500,5072966,5116087,1986
5122001,5080178,5121170,1986
5122002,5078132,5121141,1986
5122003,5072991,5098001,1986
5122006,5097040,5117226,1986
5122011,5078373,5109056,1986
5122013,5078128,5116103,1986
5122014,4006751,5072749,1986
5122016,5080366,5092337,1986
5122018,5080386,6840400,1986
5122029,5072522,5078057,1986
5122037,5054401,5097907,1986
5122038,5092298,5109226,1986
5122039,5072591,5072798,1986
5122048,5072696,5077701,1986
5122049,5054682,5078500,1986
5122054,5092129,5108951,1986
5122055,5092127,5109638,1986
5122058,5109635,5116123,1986
5122061,5072584,5072723,1986
5122076,5054730,5092334,1986
5122081,5072546,5121146,1986
5122084,5078165,5121172,1986
5122090,5072539,5077962,1986
5122094,5072563,5080228,1986
5122096,5078436,5093469,1986
5122100,5078413,5098030,1986
5122104,5183075,NA,1986
5122115,5072338,5121158,1986
5122122,5077963,5121171,1986
5122135,5072570,5121101,1986
5122140,5080323,5121181,1986
5122143,5087820,5121103,1986
5122147,5072577,5092970,1986
5122151,5072657,5121174,1986
5122158,5080385,5109628,1986
5122159,5054611,5097908,1986
5122160,5054436,5054738,1986
5122166,5072627,5116134,1986
5122167,5078182,5121105,1986
5122186,5072594,5117177,1986
5122190,5097041,5116086,1986
5122191,5072603,5132282,1986
5122193,5054767,5109076,1986
5122194,5078568,5121148,1986
5122197,5072588,5072773,1986
5122201,5072669,5093180,1986
5122202,5072698,5117231,1986
5122217,5078415,5121159,1986
5122220,5072700,NA,1986
5122230,5097849,5097880,1986
5122231,5087850,5117164,1986
5122232,5108970,5108971,1986
5122233,5109554,5109555,1986
5122234,5116056,5117156,1986
5122235,5072413,5092299,1986
5122236,5072899,5097947,1986
5122237,5072392,5116053,1986
5122238,5109556,5109597,1986
5122239,5093451,6834680,1986
5122240,5072900,5097891,1986
5122241,5093353,5097045,1986
5122242,5108967,5108968,1986
5122243,5116031,5116114,1986
5122244,5093355,6834674,1986
5122245,5093435,5116121,1986
5122246,5108992,5109033,1986
5122247,5093358,5093453,1986
5122248,4003849,5108977,1986
5122249,5093361,5093454,1986
5122250,5116127,6845735,1986
5122252,5072887,6840922,1986
5122253,5109574,5109604,1986
5122254,5093362,5093455,1986
5122255,5108974,5108975,1986
5122256,5077512,5077673,1986
5122257,5097895,5116030,1986
5122258,5097948,5116041,1986
5122259,5072430,5116148,1986
5122260,5072442,5116149,1986
5122261,5072423,5117200,1986
5122262,5093375,5121054,1986
5122263,2814133,5109562,1986
5122264,5109587,6845677,1986
5122265,5097798,5097893,1986
5122266,5093381,5093481,1986
5122267,4003779,5116046,1986
5122268,5087870,5109023,1986
5122269,5108993,5109007,1986
5122270,5093384,5116055,1986
5122271,5121059,5121060,1986
5122272,5097814,5097925,1986
5122273,5097005,5202949,1986
5122274,5097992,5121107,1986
5122275,5097819,5097926,1986
5122276,5078431,5109553,1986
5122277,4004540,5097822,1986
5122278,5097004,5097020,1986
5122279,5077648,5079244,1986
5122280,5072397,5116047,1986
5122281,5117152,5121056,1986
5122282,5093385,5093428,1986
5122283,4007607,5097023,1986
5122284,5109564,5187991,1986
5122285,5093389,5097829,1986
5122286,5093484,5109097,1986
5122287,5097828,5097872,1986
5122288,5108979,5108995,1986
5122289,5109012,5148004,1986
5122290,5072407,5116060,1986
5122291,4004538,5093383,1986
5122292,5092280,5109567,1986
5122293,5109011,5109015,1986
5122294,5054545,5109099,1986
5122295,5121073,5121075,1986
5122296,5072492,5079193,1986
5122297,5121058,5121074,1986
5122298,5097847,6845732,1986
5122299,5097845,5097943,1986
5122300,5054579,5093491,1986
5122301,5054640,5108990,1986
5122302,5222549,6846130,1986
5122303,5092198,5117153,1986
5122304,5093409,5148005,1986
5122305,5097825,5097953,1986
5122306,5148002,6845711,1986
5122307,5079237,5093425,1986
5122308,5109004,6840470,1986
5122309,6841485,6845265,1986
5122310,4001494,5097946,1986
5122311,5093490,6834666,1986
5122312,5097821,6846140,1986
5122313,5121079,6845697,1986
5122314,5143060,6845658,1986
5122315,5093414,5121077,1986
5122318,5072758,5092117,1986
5122319,5087801,5109577,1986
5122324,5079456,5093298,1986
5122329,5093229,5121137,1986
5122337,5054643,5121136,1986
5122342,5054603,5093464,1986
5122343,5072934,5093500,1986
5122351,5072435,5121151,1986
5122354,5072437,5109600,1986
5122357,5079307,5121097,1986
5122358,5054697,5109066,1986
5122362,5079310,5092533,1986
5122369,5077886,5116126,1986
5122371,5078411,6841251,1986
5122372,5072412,5184941,1986
5122373,5072474,5121081,1986
5122375,5072465,5121098,1986
5122377,5072010,5121099,1986
5122383,5093434,5116057,1986
5122385,5097995,6846135,1986
5122386,5093438,5187918,1986
5122387,5109087,5155946,1986
5122388,5054125,5092317,1986
5122389,5072019,5117187,1986
5122393,5079471,5121186,1986
5122394,5092596,5121149,1986
5122395,5072055,5116125,1986
5122399,5072859,5078426,1986
5122401,5072052,5116064,1986
5122402,5054223,5097028,1986
5122403,5078469,5093461,1986
5122404,5092655,5109612,1986
5122407,5072022,5121069,1986
5122412,5072037,5121140,1986
5122414,5054566,5097963,1986
5122431,5072305,5121084,1986
5122437,5072248,5077698,1986
5122438,5080081,5121125,1986
5122440,5092142,NA,1986
5122450,5078004,NA,1986
5122460,5072202,NA,1986
5122467,5092116,5109631,1986
5122470,5092138,5202951,1986
5122475,5072983,NA,1986
5122476,5080364,5116117,1986
5122478,5078487,5109633,1986
5122484,5054439,5092330,1986
5122485,5080348,5092566,1986
5122487,5078494,5116106,1986
5122493,5087823,5132290,1986
5122494,5072998,5109059,1986
5122497,5078365,5109077,1986
5127004,5054444,5097039,1986
5127008,5072930,5097031,1986
5127010,5080363,5097999,1986
5127020,5072288,5121139,1986
5127031,2871747,5072989,1986
5127035,5072184,5117203,1986
5127045,5087809,5121116,1986
5127048,5078449,5117209,1986
5127056,5054537,5121126,1986
5127058,5054419,5078305,1986
5127061,5079210,5080033,1986
5127062,5072222,5080015,1986
5127065,5054753,5072961,1986
5127069,5077717,5078322,1986
5127071,5054416,5143061,1986
5127073,2872395,5054441,1986
5127074,5072074,5121145,1986
5127078,5054720,5097014,1986
5127082,5078248,5121093,1986
5127085,5078006,5121117,1986
5127089,5079437,5121091,1986
5127090,5072160,5072181,1986
5127095,5072979,5121112,1986
5127097,5054428,5116081,1986
5127098,5078464,5109622,1986
5127105,5054606,5072958,1986
5127107,5054534,5109225,1986
5127108,5072138,5121087,1986
5127119,5092293,5116082,1986
5127121,5072140,5078318,1986
5127122,5072168,5080116,1986
5127130,5072335,5121095,1986
5127133,5078314,5216958,1986
5127135,5078299,5121094,1986
5127138,5054723,5109046,1986
5127139,2875968,5054220,1986
5127144,5077917,5121065,1986
5127145,5077763,5121167,1986
5127148,5072977,5097011,1986
5127152,5073000,5092305,1986
5127155,5078468,5092306,1986
5127156,5079366,5080102,1986
5127157,5072145,5116088,1986
5127159,5072123,5080035,1986
5127162,5072067,5072120,1986
5127164,5072107,5127918,1986
5127165,5072259,5072521,1986
5127166,5077783,5092675,1986
5127169,5092286,5121124,1986
5127173,5077791,NA,1986
5127179,5054721,5109080,1986
5127188,5054414,5183089,1986
5127192,5087864,5109048,1986
5127203,5072080,5121122,1986
5127204,5078444,5121123,1986
5127209,5079382,5079411,1986
5127213,5072068,NA,1986
5127215,5054630,5098015,1986
5127219,5078456,5092319,1986
5127227,5077776,5146083,1986
5127232,5079288,5121067,1986
5127233,5072879,5109044,1986
5127234,5077713,5077842,1986
5127250,5077774,5121121,1986
5127252,5077815,5077845,1986
5127253,5072012,5072062,1986
5127256,5092106,5109043,1986
5127259,5092150,5116112,1986
5127261,5072063,5116105,1986
5127271,5072066,5072092,1986
5127273,5072282,5116091,1986
5127274,5078118,5116090,1986
5127275,5078473,5121138,1986
5127276,5087862,5109083,1986
5127277,5072256,5121061,1986
5127281,5072926,5093448,1986
5127282,5080362,5109082,1986
5127284,5078443,5078471,1986
5127289,5077573,5077731,1986
5127290,5054218,5097986,1986
5127295,5072865,5117236,1986
5127296,5054423,5097044,1986
5127303,5077730,5121062,1986
5127308,5092303,5093463,1986
5127312,5127347,5092711,1987
5127315,5078394,5109050,1986
5127318,5072323,5121134,1986
5127323,5077752,5121132,1986
5127351,5054671,5072111,1987
5127353,5077765,5121227,1987
5127354,5079400,5121228,1987
5127361,5072116,5121066,1987
5127362,5054718,5097981,1987
5127363,5079415,5092717,1987
5127368,5072118,5117197,1987
5127369,5092607,5127525,1987
5127370,5072852,5121226,1987
5127371,5072308,5080371,1987
5127373,5079413,5093322,1987
5127374,5079398,5216940,1987
5127381,5054649,5092312,1987
5127386,5078325,5121135,1987
5127388,5072141,5127506,1987
5127389,5121225,5202958,1987
5127390,5077799,5121224,1987
5127395,5054680,5097985,1987
5127399,5079013,5109621,1987
5127401,5054232,5054696,1987
5127402,5072260,5093317,1987
5127403,5079300,5127524,1987
5127405,5079407,5093299,1987
5127410,5077714,5121152,1987
5127412,5078479,5092309,1987
5127416,5077721,5121131,1987
5127417,5077709,5127505,1987
5127418,5072279,5072303,1987
5127422,5072290,5132316,1987
5127423,5077707,5117235,1987
5127425,5072986,5109081,1987
5127428,5072309,5077695,1987
5127432,5078481,5080370,1987
5127435,5072877,5097996,1987
5127439,5072869,5121222,1987
5127441,5080334,5146142,1987
5127453,5093222,5127339,1987
5127454,5054648,5097029,1987
5127455,5054224,5054586,1987
5127456,5079466,5079484,1987
5127460,5092704,NA,1987
5127462,5077890,5093228,1987
5127466,5054225,5117238,1987
5127471,5054685,5097898,1987
5127479,5077972,5080190,1987
5127480,5109057,5109074,1987
5127483,5078148,5127545,1987
5127484,5078280,5080338,1987
5127493,5087866,5109636,1987
5127512,5092711,5127347,1987
5127513,5072166,5077940,1987
5127518,4003166,5127348,1987
5127519,5079041,5092801,1987
5127526,5072082,5121229,1987
5127533,5072079,5077750,1987
5127534,5072124,5079409,1987
5127535,5072103,5092723,1987
5127551,5078432,5222548,1987
5127557,5079118,5127345,1987
5127558,5092550,5121110,1987
5127561,5093331,5093338,1987
5127563,5077879,5121188,1987
5127569,5054227,5054632,1987
5127571,5054653,5109071,1987
5127574,5054593,5054638,1987
5127575,5078351,5127340,1987
5127579,5072871,5127508,1987
5127580,5072906,5092341,1987
5127581,5054584,5127507,1987
5127584,5072173,5121092,1987
5127588,5078316,5093114,1987
5127589,5087807,5092249,1987
5127590,5080074,5127349,1987
5127592,5092609,5092697,1987
5127598,5093006,5132324,1987
5127600,5079490,5093122,1987
5127601,5092348,5093351,1987
5127602,5072892,5097890,1987
5127603,5109000,5109005,1987
5127604,5072897,5108976,1987
5127605,4025791,5097935,1987
5127606,5108972,5108973,1987
5127607,5093452,5116025,1987
5127608,5109100,5109565,1987
5127609,5093360,5093441,1987
5127610,5092126,5092133,1987
5127611,5109006,5217751,1987
5127612,5097021,5217757,1987
5127613,5093459,5109576,1987
5127614,5116029,5117161,1987
5127615,5092766,5117195,1987
5127616,5054634,5127327,1987
5127617,5072416,5109571,1987
5127618,5079181,5092829,1987
5127619,5072891,5093364,1987
5127621,5093473,6846157,1987
5127622,5109010,5109024,1987
5127623,5077858,5109575,1987
5127624,5097810,5121057,1987
5127625,2814115,5097803,1987
5127626,5078397,5093380,1987
5127627,5072449,5222542,1987
5127628,5072381,5093482,1987
5127629,5097795,5098003,1987
5127630,5121157,5121160,1987
5127631,5093377,5093460,1987
5127632,5109021,5116050,1987
5127633,5078571,5097780,1987
5127634,5093373,5216905,1987
5127635,5087842,5092287,1987
5127636,5054168,5054759,1987
5127637,5097813,5127337,1987
5127638,5072399,5079233,1987
5127639,5109592,5121080,1987
5127640,5092111,5093401,1987
5127641,5093475,5097929,1987
5127642,5079227,5092800,1987
5127643,5097950,5116040,1987
5127644,5097833,5116035,1987
5127645,4002432,5109013,1987
5127646,5097826,5097870,1987
5127648,5121190,5222546,1987
5127649,5109031,5109038,1987
5127650,2871252,5092197,1987
5127651,5092196,5097026,1987
5127652,5097818,5097868,1987
5127653,4038076,5109002,1987
5127654,5109089,5109569,1987
5127655,5079036,5093432,1987
5127656,5054229,6840472,1987
5127657,5054626,5097940,1987
5127658,5092194,5097824,1987
5127659,5109009,5121118,1987
5127660,5116048,5143050,1987
5127661,5116032,5116033,1987
5127662,5072374,5093397,1987
5127663,5092296,5109593,1987
5127664,5072372,5078355,1987
5127665,5097848,5097945,1987
5127666,5093406,5093493,1987
5127667,5072349,5077667,1987
5127668,5072247,5117160,1987
5127669,5097018,5117158,1987
5127670,5054710,5072997,1987
5127671,5097881,5148007,1987
5127672,2871144,5116045,1987
5127673,5077931,5121053,1987
5127674,4000508,5079291,1987
5127675,5116044,5116052,1987
5127676,5092346,5093416,1987
5127677,5054700,5093413,1987
5127678,5097855,6845727,1987
5127679,5054742,5097884,1987
5127680,5077867,5109605,1987
5127681,5127336,6840923,1987
5127682,5079440,5127346,1987
5127683,5077916,5079460,1987
5127690,5072046,5072968,1987
5127694,5054623,5121150,1987
5127698,5054602,5054660,1987
5127706,5072960,6840906,1987
5127711,5077742,5093092,1987
5127717,5097032,5117202,1987
5127719,5054667,5109042,1987
5127726,5092144,5109615,1987
5127731,5077726,NA,1987
5127733,5054669,5109610,1987
5127741,5072196,5144493,1987
5127743,5072332,5078291,1987
5127744,5072206,5121085,1987
5127745,5078422,5092324,1987
5127746,5072165,5132323,1987
5127747,5072264,5092665,1987
5127754,5078327,5078340,1987
5127760,5092667,5127504,1987
5127771,5093066,5093067,1987
5127776,5078121,5080158,1987
5127777,5072680,5072748,1987
5127778,5072722,5121232,1987
5127779,5072677,5184912,1987
5127782,5078087,5121236,1987
5127785,5109054,5109614,1987
5127788,5072738,5116101,1987
5127791,5093039,5127538,1987
5127794,5054413,5098018,1987
5127798,5078064,5127536,1987
5127801,5080128,5121237,1987
5127807,5087813,5116139,1987
5127810,5093050,5127537,1987
5127816,5072246,5121239,1987
5127820,5093015,5121238,1987
5127824,5080368,5097036,1987
5127825,5080373,5156252,1987
5127828,5054432,5098029,1987
5127830,5087836,5116084,1987
5127834,5079355,5092999,1987
5127836,5072224,5072328,1987
5127838,5087812,5097979,1987
5127842,5078332,5079499,1987
5127843,5080324,5092640,1987
5127846,5078453,5109620,1987
5127848,5072197,5117210,1987
5127849,5080369,5117205,1987
5127851,5078437,5097955,1987
5127858,5054559,5116085,1987
5127860,5077971,5093166,1987
5127861,5072690,5127539,1987
5127873,5072963,5092332,1987
5127876,5087848,5121249,1987
5127881,5087846,5116104,1987
5127900,5080219,5121243,1987
5127901,5072501,5080025,1987
5127905,5092878,5132347,1987
5127907,5079331,5092889,1987
5127914,5078204,5093154,1987
5127923,5092112,5109626,1987
5127924,5054716,5098032,1987
5127927,5072944,5097958,1987
5127930,5072578,5092118,1987
5127932,5072580,5092149,1987
5127933,5092882,5121104,1987
5127935,5080296,5143055,1987
5127936,5072990,5127543,1987
5127937,5054434,5116136,1987
5127942,5077969,5078206,1987
5127943,5072555,5121235,1987
5127944,5072942,5117229,1987
5127952,5054727,5109634,1987
5127959,5072575,5121173,1987
5127960,5080291,5127541,1987
5127961,5072573,5072623,1987
5127963,5080211,5092899,1987
5127964,5072624,5117181,1987
5127966,5072628,5127542,1987
5127973,5078187,5078235,1987
5127976,5080288,NA,1987
5127979,5078205,5121246,1987
5127980,5077998,5121245,1987
5127981,5072551,5121244,1987
5127987,5072342,5072582,1987
5127988,5078181,5116135,1987
5127990,5072652,5080266,1987
5127991,5072637,5078093,1987
5127992,5078043,5187929,1987
5127998,5092101,NA,1987
5127999,5072762,NA,1987
5128000,5072691,NA,1987
5132010,4014183,5127540,1987
5132014,5078174,5078220,1987
5132020,5054540,5097912,1987
5132021,5078414,5117182,1987
5132022,4005443,5080212,1987
5132023,5080388,5109052,1987
5132027,5097899,5127342,1987
5132028,5087845,5109230,1987
5132030,5077622,5077893,1987
5132035,5079453,5143003,1987
5132037,5072470,5093307,1987
5132038,5093440,5109067,1987
5132039,5072453,5121096,1987
5132040,5117186,5202971,1987
5132041,5077884,5079290,1987
5132042,5054574,5098022,1987
5132045,5072928,5098005,1987
5132046,5054447,NA,1987
5132052,5078382,5117221,1987
5132053,5072352,NA,1987
5132059,5072803,5077510,1987
5132063,5072953,NA,1987
5132080,5079095,NA,1987
5132082,5072420,5116076,1987
5132085,5132333,NA,1987
5132094,5078387,5117247,1987
5132096,5072569,NA,1987
5132101,5080356,NA,1987
5132102,5078385,NA,1987
5132104,5079083,NA,1987
5132105,5077578,5117218,1987
5132109,5080394,NA,1987
5132113,5079086,NA,1987
5132114,5077562,5117217,1987
5132115,5077555,5079109,1987
5132120,5079132,5079144,1987
5132154,5080398,NA,1987
5132156,5080112,5155998,1987
5132158,5092274,5092625,1987
5132162,5072229,5078295,1987
5132164,5087806,5117233,1987
5132167,5078017,NA,1987
5132168,5080076,5092852,1987
5132169,5072870,5078366,1987
5132173,5097959,5121233,1987
5132181,5109094,NA,1987
5132204,5093256,NA,1987
5132206,5077927,5093281,1987
5132211,5072838,NA,1987
5132213,5072785,NA,1987
5132214,5077597,5117224,1987
5132218,5092131,5117211,1987
5132219,5072992,NA,1987
5132222,5078025,5093136,1987
5132228,5078011,NA,1987
5132231,4001548,5092311,1987
5132237,5072491,5116080,1987
5132241,5054621,5116130,1987
5132245,5077603,5093270,1987
5132246,5054580,5117212,1987
5132352,5078352,5079222,1989
5132355,5072871,5127508,1989
5132358,5097095,5098311,1989
5132359,5077876,5132336,1989
5132360,5097171,5143059,1989
5132362,5097178,5143035,1989
5132363,5079195,5079285,1989
5132365,5098860,5132314,1989
5132367,5054588,5121189,1989
5132368,5054227,5054632,1989
5132370,5078116,5121090,1989
5132376,5092295,5109085,1989
5132379,5079124,5079271,1989
5132380,5079118,5127345,1989
5132381,5077877,5143058,1989
5132386,5078432,5222548,1989
5132391,5098077,5132305,1989
5132395,5093229,5132303,1989
5132396,4013058,5132310,1989
5132397,5054685,5097898,1989
5132399,5078395,5098016,1989
5132414,5079060,0,1989
5132415,5077578,5117218,1989
5132422,5079079,0,1989
5132423,5079128,0,1989
5132424,5072569,0,1989
5132425,5078387,5117247,1989
5132430,5072850,0,1989
5132431,5079096,0,1989
5132437,5108936,0,1989
5132440,5079102,5079113,1989
5132441,5079086,0,1989
5132442,5079132,5079144,1989
5132443,5079123,5079134,1989
5132446,5080394,5121203,1989
5132456,5077536,5187979,1989
5132457,5132333,0,1989
5132458,5072971,0,1989
5132462,5072953,0,1989
5132466,5079076,0,1989
5132468,5087828,0,1989
5132469,5097216,0,1989
5132470,5216929,0,1989
5132471,5079095,0,1989
5132472,5077528,0,1989
5132483,5072803,5077510,1989
5132484,5072811,5087827,1989
5132487,5087826,5097751,1989
5132493,5072352,0,1989
5132497,5121217,5144484,1989
5132499,5143030,5216910,1989
5132502,5072785,5143063,1989
5132503,5097702,5108834,1989
5132505,5072789,5143032,1989
5132506,5097565,5144485,1989
5132507,5072807,5116074,1989
5132508,5072818,5117222,1989
5132510,5072783,5116080,1989
5132511,5072496,5143071,1989
5132514,5098335,5108847,1989
5132516,5079156,0,1989
5132517,5077542,5079148,1989
5132518,5093273,5093282,1989
5132519,5079165,5144489,1989
5132521,5077927,5093281,1989
5132522,5097688,0,1989
5132531,5077607,5117244,1989
5132533,5072838,0,1989
5132536,5054544,5116071,1989
5132539,4001548,5092311,1989
5132542,5109305,5143081,1989
5132543,5097053,5098922,1989
5132545,5077884,5079290,1989
5132548,5072453,5121096,1989
5132550,5077622,5077893,1989
5132551,4004546,5216920,1989
5132552,5079453,5143003,1989
5132557,5072412,5184941,1989
5132560,5092528,5092533,1989
5132562,5078578,5092340,1989
5132564,5079325,5132335,1989
5132565,5072249,5079297,1989
5132566,5097254,5098330,1989
5132572,5072437,5109600,1989
5132574,5080388,5109052,1989
5132575,5072285,5109607,1989
5132579,5072465,5097046,1989
5132584,5072627,5116134,1989
5132585,5097539,5143014,1989
5132586,5092866,5143016,1989
5132587,5078103,5143017,1989
5132589,5072625,5092881,1989
5132590,5092869,5202907,1989
5132593,5078280,5080338,1989
5132594,5092885,5092988,1989
5132595,5072546,5121146,1989
5132598,5077972,5080190,1989
5132600,5072798,5108798,1989
5132603,5109057,5109074,1989
5132606,5098455,5143026,1989
5132608,5072570,5121101,1989
5132609,5078061,5187917,1989
5132615,5072300,5092892,1989
5132616,5092802,5132346,1989
5132620,5079331,5092889,1989
5132622,5072588,5072773,1989
5132624,5080225,5143019,1989
5132640,5092925,5144471,1989
5132642,5092894,5109361,1989
5132644,5078437,5097955,1989
5132645,5092955,5132349,1989
5132650,5097540,5132348,1989
5132665,5080219,5121243,1989
5132670,5098475,5144472,1989
5132672,5078174,5078220,1989
5132681,5092947,5097417,1989
5132683,5078205,5121246,1989
5132684,5098439,5098447,1989
5132686,5093155,5143027,1989
5132689,5072755,5080230,1989
5132690,5092926,5143020,1989
5132692,5072551,5121244,1989
5132697,4002411,5143040,1989
5132698,5080271,5132284,1989
5132701,5092933,5143056,1989
5132703,5072624,5117181,1989
5132704,5072657,5121174,1989
5132705,5092897,5092919,1989
5132706,5092906,5092973,1989
5132707,5072642,5078298,1989
5132708,5098488,5108621,1989
5132709,5092941,5092977,1989
5132713,5072577,5092970,1989
5132715,5080242,5144473,1989
5132716,5078233,5080254,1989
5132721,5054437,5121234,1989
5132722,5143053,5183124,1989
5132730,5072575,5121173,1989
5132732,5072338,5121158,1989
5132733,4001522,5143041,1989
5132734,5072573,5072623,1989
5132735,5080291,5127541,1989
5132740,5097498,5108576,1989
5132742,5054727,5109634,1989
5132746,5072555,5121235,1989
5132747,5078436,5093469,1989
5132748,5080195,5132332,1989
5132755,5092112,5109626,1989
5132759,5077969,5078206,1989
5132761,5072580,5092149,1989
5132762,5054716,5098032,1989
5132771,5072578,5092118,1989
5132772,5080296,5143055,1989
5132773,5092599,5144474,1989
5132775,5054434,5144475,1989
5132778,5078207,5092565,1989
5132780,4014183,5127540,1989
5132781,5080245,5097577,1989
5132783,5080391,5116118,1989
5132784,5072691,0,1989
5132788,5080262,5132285,1989
5132789,5092976,5097661,1989
5132790,5098415,0,1989
5132793,5078414,5117182,1989
5132796,4005443,5080212,1989
5132802,5078051,5092855,1989
5132803,5072522,5078057,1989
5132806,5097424,5216899,1989
5132807,5092575,5144477,1989
5132808,5080373,5156252,1989
5132810,5132345,5216994,1989
5132814,5072870,5078366,1989
5132815,5078477,5132288,1989
5132819,5092989,0,1989
5132827,5097524,5098126,1989
5132828,5080092,5132268,1989
5132829,5080073,5143043,1989
5132831,5087806,5117233,1989
5132837,5072656,5117174,1989
5132839,5093050,5127537,1989
5132849,5072772,5092314,1989
5132854,5078064,5127536,1989
5132858,5093039,5127538,1989
5132859,5108630,5143024,1989
5132860,5080180,5132341,1989
5132861,5072738,5116101,1989
5132863,5080178,5143023,1989
5132865,5093025,5093051,1989
5132866,5078104,5093032,1989
5132867,5078087,5121236,1989
5132869,5097588,5108642,1989
5132871,5097624,5143052,1989
5132873,5109054,5109614,1989
5132874,5072966,5116087,1989
5132879,5072677,5184912,1989
5132880,5078419,5143022,1989
5132882,5097595,5216921,1989
5132883,5072722,5121232,1989
5132885,5072680,5072748,1989
5132886,5072744,5117172,1989
5132891,5093066,5093067,1989
5132893,5078570,5116102,1989
5132897,5143051,5202980,1989
5132898,5097591,5143046,1989
5132899,4009283,5093052,1989
5132900,5072774,5079270,1989
5132901,5093006,5132324,1989
5132902,5078574,5121111,1989
5132903,5072175,5092647,1989
5132910,5079490,5093122,1989
5132913,5054416,5143061,1989
5132914,5092690,5132267,1989
5132915,5072173,5121092,1989
5132916,5097347,5132325,1989
5132917,5127350,5216957,1989
5132919,5092609,5092697,1989
5132920,5097341,5144494,1989
5132921,5097337,5143067,1989
5132922,5092569,5144495,1989
5132923,5078316,5093114,1989
5132924,5078362,5132326,1989
5132926,5078286,5079475,1989
5132927,5097374,5098680,1989
5132928,5077843,5132327,1989
5132929,5078237,5080114,1989
5132931,5072979,5121112,1989
5132939,5078422,5092324,1989
5132944,5080006,5127501,1989
5132947,5092109,5109619,1989
5132949,5080011,5097373,1989
5132951,5092144,5109615,1989
5132959,5097332,5098705,1989
5132961,5072138,5121087,1989
5132966,5054605,5144499,1989
5132967,5054669,5109610,1989
5132969,5054533,5093467,1989
5132970,5077740,5144492,1989
5132972,5077753,5092662,1989
5132973,5072165,5132323,1989
5132974,5072206,5121085,1989
5132975,5072193,5072272,1989
5132976,5072170,5093198,1989
5132977,5092675,5121095,1989
5132978,5072264,5092665,1989
5132979,5072332,5078291,1989
5132980,5079210,5080033,1989
5132981,4003125,5098098,1989
5132982,5072196,5144493,1989
5132984,5078332,5079499,1989
5132985,5080335,5121115,1989
5132986,5097323,5098243,1989
5132990,5093194,5132328,1989
5132991,5092667,5127504,1989
5132992,5092646,5098224,1989
5132993,5097320,5143062,1989
5132994,5080387,5109060,1989
5142367,5054598,NA,1986
5142501,5072227,5132261,1989
5142506,5080369,5117205,1989
5142509,5087841,5092328,1989
5142511,5078453,5109620,1989
5142513,5097324,5144498,1989
5142514,5072197,5117210,1989
5142515,5079355,5092999,1989
5142516,5087812,5097979,1989
5142517,5072224,5072328,1989
5142518,5080324,5092640,1989
5142519,5072501,5080025,1989
5142525,5077813,5092669,1989
5142532,5092503,5132340,1989
5142540,4003166,5127348,1989
5142541,5072071,5155988,1989
5142542,5092506,5132339,1989
5142543,5079041,5092801,1989
5142544,5072082,5121229,1989
5142547,5092715,5132337,1989
5142549,5097121,5143005,1989
5142551,5097203,5143009,1989
5142553,5097125,5143006,1989
5142558,5078456,5092319,1989
5142559,5077821,5143045,1989
5142560,5077812,5078428,1989
5142561,5079400,5121228,1989
5142563,5080325,5144480,1989
5142564,5092817,5143082,1989
5142565,5098608,5108688,1989
5142566,5079288,5121067,1989
5142567,5077765,5121227,1989
5142575,5078324,5121143,1989
5142576,5078460,5143001,1989
5142578,5092723,5143010,1989
5142580,5097141,5108674,1989
5142581,5054721,5109080,1989
5142582,5077794,5143083,1989
5142583,5054087,5054536,1989
5142584,5072079,5077750,1989
5142589,5054650,5144478,1989
5142590,5077917,5121065,1989
5142591,5077755,5117237,1989
5142592,5072126,5078340,1989
5142593,5054126,5098026,1989
5142595,5072080,5156260,1989
5142596,5078290,5108726,1989
5142598,5079415,5092717,1989
5142603,5108698,5132330,1989
5142608,5092724,5144482,1989
5142609,5079413,5093322,1989
5142610,5072143,5077801,1989
5142612,5072076,5072109,1989
5142617,5092685,5121166,1989
5142619,5072118,5117197,1989
5142620,5092607,5127525,1989
5142622,5080371,5092308,1989
5142623,5078458,5097983,1989
5142628,5121063,5216914,1989
5142631,5092721,5121133,1989
5142633,5072141,5127506,1989
5142635,5121225,5202958,1989
5142636,5077799,5121224,1989
5142637,5092515,5132318,1989
5142638,5079362,5080286,1989
5142642,5079407,5093299,1989
5142644,5097306,5097307,1989
5142650,5093246,5132317,1989
5142651,5077731,5143007,1989
5142656,5079013,5109621,1989
5142657,5092253,5132295,1989
5142663,5077714,5121152,1989
5142665,5078479,5092309,1989
5142666,5072290,5132316,1989
5142667,5072282,5116091,1989
5142668,5077707,5117235,1989
5142669,5072279,5072303,1989
5142670,5077709,5127505,1989
5142673,5054225,5117238,1989
5142674,5087817,5109602,1989
5142677,5077935,5144490,1989
5142680,5092618,5216935,1989
5142681,5092632,5093227,1989
5142683,5077890,5093228,1989
5142686,5097292,5143036,1989
5142687,5077930,5093002,1989
5142688,5097291,5132311,1989
5142691,5079466,5079484,1989
5142692,5077923,5127341,1989
5142698,5093222,5127339,1989
5142699,5092596,5184993,1989
5142700,5054224,5054586,1989
5142701,5072051,5093219,1989
5142702,5077846,5092617,1989
5142709,5072046,5072968,1989
5142710,5072048,5143038,1989
5142716,5077919,5116111,1989
5142717,5079440,5127346,1989
5142719,5072930,5097031,1989
5142720,5072928,5098005,1989
5142723,5097771,0,1989
5142724,5072878,5143066,1989
5142725,5077828,5109061,1989
5142726,5072309,5077695,1989
5142732,5072877,5097996,1989
5142736,5072869,5121222,1989
5142738,5108774,5108775,1989
5142739,5098481,0,1989
5142741,5080334,5146142,1989
5142742,5121077,5143044,1989
5142743,5054742,5097884,1989
5142744,5077867,5109605,1989
5142745,5097855,6845727,1989
5142746,5093438,5187918,1989
5142747,5054700,5093413,1989
5142748,5077931,5121053,1989
5142749,5092198,5117153,1989
5142750,5097953,5143060,1989
5142751,5109036,5148003,1989
5142752,5072247,5117160,1989
5142753,5072349,5077667,1989
5142754,5097881,5148007,1989
5142755,5054710,5072997,1989
5142756,5092563,5097079,1989
5142757,5097848,5097945,1989
5142758,5097933,5109004,1989
5142759,5054556,5097844,1989
5142760,5097878,5132319,1989
5142761,5072397,5132320,1989
5142762,5108980,5108998,1989
5142763,5097004,5097020,1989
5142764,5097941,5117165,1989
5142765,5080382,5093488,1989
5142766,5092834,5097815,1989
5142767,5054626,5097940,1989
5142768,5072358,5117239,1989
5142770,4004540,5097822,1989
5142771,5079036,5093432,1989
5142772,5097826,5097870,1989
5142773,5097992,5121107,1989
5142774,4038076,5109002,1989
5142775,5097005,5202949,1989
5142776,5092196,5097026,1989
5142777,2871252,5092197,1989
5142778,5097925,5109030,1989
5142779,5108979,5108995,1989
5142780,5093484,5109097,1989
5142781,5097833,5116035,1989
5142782,4002432,5109013,1989
5142783,5079227,5092800,1989
5142784,5097950,5116040,1989
5142785,5097931,5184946,1989
5142786,5097286,5117196,1989
5142787,5079234,5121071,1989
5142788,5077621,5116142,1989
5142789,5077675,5117198,1989
5142790,5072399,5079233,1989
5142791,5054732,5097832,1989
5142792,5092549,5098301,1989
5142793,5093384,5108993,1989
5142794,5054168,5054759,1989
5142795,5097024,5116042,1989
5142796,5072385,5116063,1989
5142797,5097001,5117157,1989
5142798,5093301,5097078,1989
5142799,5097857,5109022,1989
5142800,5093278,5117199,1989
5142851,5093292,5097488,1989
5142852,5093377,5093460,1989
5142853,5097795,5098003,1989
5142854,5093150,5117249,1989
5142855,5097798,5097893,1989
5142856,5092280,5109567,1989
5142857,5072423,5117200,1989
5142858,5072442,5116149,1989
5142859,5078397,5093380,1989
5142860,5072430,5116148,1989
5142861,5072381,5093482,1989
5142862,2814115,5097803,1989
5142863,5079050,5092526,1989
5142864,5097810,5121057,1989
5142865,4009241,5093283,1989
5142866,5077858,5109575,1989
5142867,5097809,5097864,1989
5142868,5092739,5121195,1989
5142869,5079181,5092829,1989
5142870,5072756,5079047,1989
5142871,5072891,5093364,1989
5142872,5092547,5121201,1989
5142873,5097021,5217757,1989
5142874,5092766,5117195,1989
5142875,5116029,5117161,1989
5142876,5093459,5109576,1989
5142877,5079251,5116049,1989
5142878,5121197,5121199,1989
5142879,5093361,5093454,1989
5142880,5093359,5097019,1989
5142881,5093358,5093453,1989
5142882,5108992,5109033,1989
5142883,5108972,5108973,1989
5142884,5072897,5108976,1989
5142885,5092764,5097045,1989
5142886,5109000,5109005,1989
5142887,5093452,5116025,1989
5142888,5078400,5108984,1989
5142889,5054714,5155950,1989
5142890,5054656,5092349,1989
5142891,5072892,5097890,1989
5142892,5109554,5109555,1989
5142893,5072372,5078355,1989
5142894,5072758,5092117,1989
5142895,5054229,6840472,1989
5142896,5087801,5109577,1989
5142898,5078371,0,1989
5142899,5080398,0,1989
5142900,5097343,5098097,1989
5142901,5079498,0,1989
5142905,5078014,5132271,1989
5142907,5078025,5093136,1989
5142910,5132273,5144467,1989
5142911,5092142,0,1989
5142915,5078020,5078288,1989
5142918,5078001,5093132,1989
5142919,5097503,5098099,1989
5142921,5080112,5155998,1989
5142924,5072983,5144469,1989
5142925,5072200,5097506,1989
5142926,5092274,5092625,1989
5142927,5078480,5117206,1989
5142928,5072246,5121239,1989
5142952,5092566,0,1990
5142953,4000609,NA,1990
5142955,5097476,NA,1990
5142956,5097413,NA,1990
5142962,5072998,5109059,1990
5142963,5078365,5146065,1990
5142964,5078040,5132289,1990
5142966,5072507,5072520,1990
5142969,5087823,5132290,1990
5142973,5097522,5143085,1990
5142976,5080095,5121240,1990
5142978,5080368,5097036,1990
5142979,5080386,NA,1990
5142980,5078056,5078060,1990
5142981,5098402,5109163,1990
5142982,5109155,5143084,1990
5142983,5077882,5143013,1990
5142984,5097521,5142825,1990
5142987,5087836,5143042,1990
5142999,5108521,5108550,1990
5143101,5078231,5092961,1990
5143102,5072762,NA,1990
5143104,5077562,NA,1990
5143105,5080160,5146093,1990
5143106,5108593,NA,1990
5143107,5078128,NA,1990
5143108,5097630,0,1990
5143111,5087813,5116139,1990
5143112,5078067,5143094,1990
5143114,5080118,5093047,1990
5143115,5078132,5121141,1990
5143116,5079273,5132278,1990
5143121,5072736,5143047,1990
5143122,5080174,5132343,1990
5143123,5097622,5108598,1990
5143124,5072750,5132344,1990
5143127,5093027,5132342,1990
5143128,5098375,5109260,1990
5143129,5097676,5108635,1990
5143131,5078096,5080159,1990
5143133,5072741,5072745,1990
5143134,5097915,NA,1990
5143135,5108623,5108634,1990
5143136,5080138,5132331,1990
5143138,5080329,5143092,1990
5143139,5108645,NA,1990
5143144,5093061,5143093,1990
5143147,5097040,5117226,1990
5143148,5054413,5098018,1990
5143150,5080168,5093045,1990
5143152,5109192,5143100,1990
5143153,5054411,5116133,1990
5143155,5078121,5080158,1990
5143160,5072938,5143021,1990
5143161,5093036,5098017,1990
5143163,5072714,5117188,1990
5143164,5093060,0,1990
5143165,4006751,5072749,1990
5143167,5080131,5117168,1990
5143168,5078165,5121172,1990
5143174,5080163,5097432,1990
5143177,5092867,5184901,1990
5143178,5097439,5108529,1990
5143179,5072594,5117177,1990
5143181,5109150,5109478,1990
5143187,5080312,5092815,1990
5143188,5077957,5092871,1990
5143189,5092939,5098454,1990
5143192,5097436,NA,1990
5143193,5098401,5098443,1990
5143194,5093201,5143095,1990
5143195,5143096,5183075,1990
5143196,5072561,NA,1990
5143197,5072539,5127545,1990
5143198,5080175,NA,1990
5143199,5078141,5121102,1990
5143200,5072540,5080141,1990
5143206,5072563,5080228,1990
5143208,5097552,NA,1990
5143217,5077971,5093166,1990
5143220,5092901,NA,1990
5143221,5087848,5121249,1990
5143222,5080179,5121248,1990
5143223,5092982,5143090,1990
5143224,5087866,5109636,1990
5143228,5072548,5143097,1990
5143230,5097440,5097447,1990
5143232,5098416,5098470,1990
5143233,5054611,5097908,1990
5143236,5097541,5132281,1990
5143237,5072690,5146110,1990
5143242,5092129,5108951,1990
5143247,5098433,5143089,1990
5143249,5054682,5078500,1990
5143252,5097611,5143039,1990
5143253,5078193,5143088,1990
5143254,5078266,5222708,1990
5143258,5080248,5093172,1990
5143259,5080349,5109635,1990
5143263,5097450,0,1990
5143267,5072872,5121175,1990
5143273,5098487,5109390,1990
5143275,5077998,5143086,1990
5143277,5092930,5143087,1990
5143279,5109429,NA,1990
5143282,5108514,0,1990
5143289,5072665,NA,1990
5143294,5080385,NA,1990
5143296,5072669,5093180,1990
5143297,5072644,5078186,1990
5143299,5087820,5121103,1990
5143301,5054767,5109076,1990
5143302,5080310,5132287,1990
5143305,5054730,5092334,1990
5143306,5078204,5093154,1990
5143307,5078274,5078279,1990
5143311,5072944,NA,1990
5143312,5080316,5142823,1990
5143314,5117179,5146064,1990
5143317,5080323,5121181,1990
5143319,5072696,5146134,1990
5143324,5097491,5144476,1990
5143326,5078210,5093176,1990
5143328,5093163,5108517,1990
5143329,5092882,5121104,1990
5143330,5072597,5080315,1990
5143336,5092915,5108543,1990
5143339,5078170,5109369,1990
5143342,5097537,5108531,1990
5143343,5097603,5098425,1990
5143344,5098427,5143099,1990
5143346,5092655,5109612,1990
5143347,5072037,5121140,1990
5143348,5132297,5148062,1990
5143351,5116072,5217759,1990
5143353,5072493,0,1990
5143354,5108851,5143031,1990
5143355,5097600,5098259,1990
5143356,4000773,5097681,1990
5143357,5077608,NA,1990
5143360,5072495,5079180,1990
5143361,5184986,0,1990
5143363,5097634,0,1990
5143370,5109444,NA,1990
5143372,5079287,5093256,1990
5143373,5079179,5093272,1990
5143374,5077594,5079259,1990
5143375,5072780,5077603,1990
5143376,5093266,5144486,1990
5143377,5108858,5144487,1990
5143378,5093267,NA,1990
5143381,5097715,5142814,1990
5143384,5079155,5143064,1990
5143387,5072844,NA,1990
5143388,5077600,5142813,1990
5143389,9999903,NA,1990
5143393,5072766,5142810,1990
5143395,5072786,5117240,1990
5143396,5077589,5079045,1990
5143397,5098298,5108821,1990
5143400,5092108,5132270,1990
5143403,5098381,5098884,1990
5143405,5109590,5127507,1990
5143408,5054406,NA,1990
5143414,5077533,0,1990
5143418,5108927,NA,1990
5143421,5097728,NA,1990
5143422,5092633,5098973,1990
5143423,5072819,5132307,1990
5143425,5079147,0,1990
5143426,5079069,5079071,1990
5143428,5079104,NA,1990
5143429,5072823,5077550,1990
5143430,5072837,5132306,1990
5143431,5078402,5116078,1990
5143435,5079151,NA,1990
5143439,5108917,NA,1990
5143442,5108916,0,1990
5143444,5097199,0,1990
5143445,5097718,5108912,1990
5143447,5098972,5108924,1990
5143456,5098960,5108876,1990
5143459,5097727,NA,1990
5143460,5097726,0,1990
5143461,5108871,0,1990
5143464,5098981,0,1990
5143465,5072390,NA,1990
5143469,5078440,5184990,1990
5143470,5097732,NA,1990
5143476,5098974,NA,1990
5143480,5079067,0,1990
5143483,5097691,NA,1990
5143485,5097648,5097750,1990
5143486,5110372,0,1990
5143488,5097339,5117217,1990
5143491,5077555,5097755,1990
5143495,5079127,NA,1990
5143497,5078384,5116079,1990
5143500,5108878,0,1990
5143501,5072984,5077684,1988
5143511,5078476,5121083,1988
5143513,5072909,5109630,1988
5143517,5080327,5093088,1988
5143519,5080081,5121125,1988
5143520,5072293,5216988,1988
5143526,5077752,5121132,1988
5143527,5078394,5109050,1988
5143533,5079340,5132258,1988
5143534,5092145,5132292,1988
5143535,5077730,5109584,1988
5143538,5080322,5132298,1988
5143545,5072323,5121134,1988
5143551,5078117,5080154,1988
5143555,5080366,5092337,1988
5143558,5078056,5078060,1988
5143562,5054608,5121241,1988
5143573,5097522,5143085,1988
5143576,4001546,5078219,1988
5143578,5080160,5146093,1988
5143580,5092972,5097660,1988
5143585,5078231,5092961,1988
5143590,5080131,5117168,1988
5143596,5078418,5097917,1988
5143598,5080124,0,1988
5143604,5093247,5132280,1988
5143609,5080351,5127523,1988
5143611,5080362,5109082,1988
5143613,5072256,5121061,1988
5143615,5054692,5132293,1988
5143616,5072926,5093448,1988
5143619,5072999,5097987,1988
5143620,5078443,5078471,1988
5143621,5054218,NA,1988
5143622,5078118,5116090,1988
5143624,5087862,5109083,1988
5143625,5092304,NA,1988
5143629,5072600,5117175,1988
5143631,5072584,5072723,1988
5143634,5183075,NA,1988
5143642,5072540,5080141,1988
5143644,5078141,5121102,1988
5143647,5054682,5078500,1988
5143648,5078137,5092877,1988
5143649,5080312,5092868,1988
5143653,5092108,5132270,1988
5143654,5072894,NA,1988
5143657,5077589,5079045,1988
5143659,5072786,5117240,1988
5143660,5072493,NA,1988
5143666,5072488,NA,1988
5143677,5079166,5132269,1988
5143678,9999903,NA,1988
5143680,5072499,NA,1988
5143688,5077608,5077611,1988
5143691,5079179,5093272,1988
5143693,5072844,5116075,1988
5143695,5077614,5117246,1988
5143715,5079122,5097642,1988
5143717,5078384,5116079,1988
5143739,5077869,5132308,1988
5143743,5072846,5117216,1988
5143744,5092270,NA,1988
5143759,5072837,5132306,1988
5143760,5079104,NA,1988
5143761,5072823,5077550,1988
5143762,5079069,NA,1988
5143766,5072819,5132307,1988
5143773,5078440,5184990,1988
5143788,5108927,NA,1988
5143791,5072954,5117214,1988
5143798,5092751,5127344,1988
5143799,5054573,5156271,1988
5143804,5072596,5117180,1988
5143809,5072590,5108963,1988
5143811,5078210,5093176,1988
5143818,5078568,5121148,1988
5143820,5092272,NA,1988
5143825,5078266,5222708,1988
5143826,5080323,5121181,1988
5143830,5092934,5092967,1988
5143833,5079294,NA,1988
5143836,5080310,5132287,1988
5143838,5054767,5109076,1988
5143840,5054730,5092334,1988
5143841,5092927,NA,1988
5143850,5072644,5078186,1988
5143851,5080248,5093172,1988
5143852,5077995,5078193,1988
5143854,5109635,5116123,1988
5143855,5072872,5121175,1988
5143859,5080277,5080300,1988
5143864,5072603,5132282,1988
5143865,5072553,5132283,1988
5143882,5078444,5121123,1988
5143884,4005402,5121165,1988
5143891,5054409,NA,1988
5143895,5092150,5116112,1988
5143896,5072063,5116105,1988
5143901,5078182,5121105,1988
5143902,5092867,5184901,1988
5143903,5078165,5121172,1988
5143904,5072539,5077962,1988
5143906,5080284,5092902,1988
5143911,5054401,5097907,1988
5143914,5072594,5117177,1988
5143921,5080179,5121248,1988
5143925,5054611,5097908,1988
5143928,5092298,5109226,1988
5143934,5072563,5080228,1988
5143938,5092127,NA,1988
5143939,5078272,5121147,1988
5143940,5072548,5143097,1988
5143949,5087820,5121103,1988
5143952,5080385,5109628,1988
5143960,5072689,5117189,1988
5143961,5078413,5098030,1988
5143963,5078082,5078115,1988
5143964,5072935,NA,1988
5143965,5078096,5080159,1988
5143966,5072741,5072745,1988
5143974,5054412,5116132,1988
5143976,5054411,5116133,1988
5143981,5072718,5132277,1988
5143982,5097040,5117226,1988
5143989,5078132,5121141,1988
5143994,4006751,5072749,1988
5143996,5072714,5117188,1988
5144001,5093419,5117185,1988
5144002,5092743,5143068,1988
5144003,4003113,5078576,1988
5144004,5079307,5121097,1988
5144007,5079038,5092703,1988
5144009,5092749,NA,1988
5144011,5072435,5121151,1988
5144012,5117242,5216906,1988
5144016,5079308,5079324,1988
5144017,5054598,5097888,1988
5144020,5054697,5109066,1988
5144021,5072450,5117232,1988
5144023,5072800,5121082,1988
5144024,5072010,5121099,1988
5144026,5072464,5121100,1988
5144027,5054566,5097963,1988
5144029,5078454,5097043,1988
5144034,5092316,5109229,1988
5144036,5072316,5078315,1988
5144037,5079273,5132278,1988
5144040,5079194,5079256,1988
5144042,5092570,5109608,1988
5144048,5093337,NA,1988
5144051,5092106,5109043,1988
5144055,5077815,5077845,1988
5144056,5079429,5092684,1988
5144057,5077825,5078343,1988
5144062,5072107,5097918,1988
5144069,5072123,5080035,1988
5144070,5092286,5121124,1988
5144072,5079361,5079380,1988
5144073,5079423,5097143,1988
5144076,5072067,5072120,1988
5144077,5078468,5092306,1988
5144078,5072145,5116088,1988
5144080,5072259,5072521,1988
5144085,5092148,5092727,1988
5144088,5054414,5183089,1988
5144090,5079345,5092668,1988
5144093,5072977,5097011,1988
5144094,5092302,5109586,1988
5144102,5077763,5121167,1988
5144106,5092254,5097982,1988
5144108,5092820,NA,1988
5144112,5077776,5146083,1988
5144113,5077682,5079425,1988
5144114,5072879,5109044,1988
5144118,5097219,5132255,1988
5144119,5054630,5098015,1988
5144121,5078429,6841247,1988
5144122,2875968,5054220,1988
5144124,5087864,5109048,1988
5144127,5078496,5092307,1988
5144129,5077713,5077842,1988
5144130,5092824,5132294,1988
5144132,5078390,NA,1988
5144134,5072995,5109616,1988
5144135,5080046,0,1988
5144136,5092673,5217722,1988
5144137,5092642,NA,1988
5144138,5092681,5092682,1988
5144141,5054428,5116081,1988
5144142,5078248,5121093,1988
5144148,5054720,5097014,1988
5144149,5092320,5092699,1988
5144150,5054214,5092321,1988
5144157,5072190,5132265,1988
5144158,5054606,5072958,1988
5144161,5078294,5093196,1988
5144162,5080013,5132264,1988
5144163,5093109,5132263,1988
5144164,5072222,5080015,1988
5144165,5077742,5093092,1988
5144166,5054534,5109225,1988
5144171,5054753,5072961,1988
5144173,5093499,5117204,1988
5144175,5078314,5216958,1988
5144177,5078299,5121094,1988
5144178,5054537,5121126,1988
5144179,5079073,5080031,1988
5144183,5078483,5092103,1988
5144187,5072187,5092125,1988
5144189,5072194,5132262,1988
5144195,5054420,5098034,1988
5144197,5072989,NA,1988
5144199,5093077,5132260,1988
5144200,5072271,5080005,1988
5144201,5079461,5092615,1988
5144204,5072052,5116064,1988
5144206,5072037,5121140,1988
5144207,5132297,5148062,1988
5144209,5078469,5093461,1988
5144211,5079471,5121186,1988
5144212,5092655,5109612,1988
5144217,5054223,5097028,1988
5144222,5072019,5117187,1988
5144223,5054125,5092317,1988
5144226,5072027,5079472,1988
5144229,5072006,5072041,1988
5144230,5092193,5109601,1988
5144232,5072055,5116125,1988
5144234,5079454,5079462,1988
5144241,5077929,5079247,1988
5144246,5072934,5093500,1988
5144249,5054603,5093464,1988
5144250,5054643,5121136,1988
5144253,5072160,5072181,1988
5144254,5080181,5146079,1988
5144256,5079437,5121091,1988
5144259,5072074,5121145,1988
5144262,5078464,5109622,1988
5144271,5072184,5117203,1988
5144273,5072199,5121086,1988
5144276,5087809,5121116,1988
5144277,5072211,5116138,1988
5144280,5072180,5072188,1988
5144288,5078449,5121088,1988
5144297,5092257,5132259,1988
5144299,5072531,5142821,1988
5144301,5087850,5117164,1988
5144302,5097892,5121200,1988
5144303,5072413,5092299,1988
5144304,5072392,5116053,1988
5144305,5109556,5109597,1988
5144306,5072900,5097891,1988
5144307,5093451,6834680,1988
5144308,5116031,5116114,1988
5144309,5108967,5108968,1988
5144310,5072887,6840922,1988
5144311,5093362,5093455,1988
5144312,5108974,5108975,1988
5144313,5072467,5079482,1988
5144314,5077633,5079241,1988
5144315,5077654,5092737,1988
5144316,5072418,5117151,1988
5144317,5097080,5097922,1988
5144318,5097799,5127325,1988
5144319,5097895,5116030,1988
5144320,5097948,5116041,1988
5144321,5097802,5109017,1988
5144322,4004538,5093383,1988
5144323,5072888,5097860,1988
5144324,5079183,5079217,1988
5144325,5108959,5108969,1988
5144326,4003779,5116046,1988
5144327,5077656,5077660,1988
5144328,5087870,5109023,1988
5144329,5079255,5132252,1988
5144330,5093486,5097831,1988
5144331,5097838,5121055,1988
5144332,5093381,5093481,1988
5144333,5093439,5109581,1988
5144334,5109558,5109559,1988
5144335,5097942,5121052,1988
5144336,5109564,5187991,1988
5144337,5109012,5148004,1988
5144338,5092195,5093489,1988
5144339,5121059,5121060,1988
5144340,5072407,5116060,1988
5144341,5078579,5093388,1988
5144342,5121194,5132254,1988
5144343,5121073,5121075,1988
5144344,5054545,5109099,1988
5144345,5072492,5079193,1988
5144346,5079237,5093425,1988
5144347,5054686,6846107,1988
5144348,5097845,5097943,1988
5144349,5078375,5116061,1988
5144350,5093420,5097846,1988
5144351,5097847,6845732,1988
5144352,5121058,5121074,1988
5144353,5097944,5127333,1988
5144354,5054646,5116036,1988
5144355,5109011,5109015,1988
5144356,5148002,6845711,1988
5144357,5093409,5148005,1988
5144358,5222549,6846130,1988
5144359,5054640,5108990,1988
5144360,4001494,5097946,1988
5144361,5097821,6846140,1988
5144362,5093490,6834666,1988
5144363,5078433,5127326,1988
5144364,5077896,5132253,1988
5144365,5127328,5127332,1988
5144366,5109560,6845664,1988
5144367,5054597,5093412,1988
5144368,5109087,5155946,1988
5144369,5092343,6845720,1988
5144370,5097995,6846135,1988
5144371,5097962,6845704,1988
5144372,5109579,6845705,1988
5144376,5079265,5143078,1988
5144382,5054555,5098033,1988
5144385,5078399,5109072,1988
5144386,5054652,5097027,1988
5144388,5078356,5146059,1988
5144390,5092294,5109073,1988
5144392,5079177,5092264,1988
5144394,5092107,5109053,1988
5144403,5092138,5202951,1988
5144407,5072237,5087805,1988
5144409,5080364,5116117,1988
5144410,5092116,5109631,1988
5144415,5072202,5132272,1988
5144422,5092679,NA,1988
5144424,5080064,5132276,1988
5144427,5072234,0,1988
5144433,5078494,5116106,1988
5144443,5078040,5132289,1988
5144445,5072507,5072520,1988
5144448,5072998,5109059,1988
5144449,5087823,5132290,1988
5144458,5054654,NA,1988
5144461,5079187,5080188,1988
5144462,5109590,NA,1988
5144464,5093188,5093294,1988
5144466,5097805,5097921,1988
5144501,5109236,NA,1990
5144502,5079083,NA,1990
5144503,5072994,0,1990
5144504,5078385,5117220,1990
5144505,5093552,0,1990
5144507,5077549,5079146,1990
5144510,5080355,NA,1990
5144511,5097745,5109209,1990
5144512,5098966,NA,1990
5144514,5079122,5097642,1990
5144515,5079110,5079130,1990
5144516,5077514,0,1990
5144518,5077552,0,1990
5144520,5072716,5146145,1990
5144521,5092275,NA,1990
5144522,5097757,5108850,1990
5144537,5092550,5121153,1990
5144541,5077879,5121188,1990
5144545,5092107,5109053,1990
5144548,5092294,5109073,1990
5144549,5078356,5146059,1990
5144551,5093335,5143034,1990
5144555,5054555,5098033,1990
5144557,5077866,5202954,1990
5144558,5054654,0,1990
5144559,5079265,5143078,1990
5144561,5078351,5127340,1990
5144563,5098848,5098875,1990
5144569,5098366,5098378,1990
5144573,5079194,5079256,1990
5144575,4009797,5109544,1990
5144576,5054573,5156271,1990
5144579,5092751,5127344,1990
5144581,5077900,5092796,1990
5144582,5093419,5117185,1990
5144583,5093440,5109067,1990
5144585,5079307,5121097,1990
5144586,5097256,5097261,1990
5144588,4003113,5078576,1990
5144589,5077886,5116126,1990
5144592,5079038,5092703,1990
5144593,5121120,5127343,1990
5144597,5072435,5121151,1990
5144599,5054598,5097888,1990
5144600,5092747,5121209,1990
5144601,5098340,0,1990
5144602,5097200,5142803,1990
5144605,5072474,5121081,1990
5144607,5072010,5121099,1990
5144608,5054697,5109066,1990
5144611,5072464,5121100,1990
5144612,5109579,6845705,1990
5144613,5097995,6846135,1990
5144614,5092343,6845720,1990
5144615,5109560,6845664,1990
5144616,5127328,5127332,1990
5144617,5078433,5127326,1990
5144618,5097058,5097062,1990
5144619,5077896,5132253,1990
5144620,5109230,5142850,1990
5144621,5093490,6834666,1990
5144622,4001494,5097946,1990
5144623,5222549,6846130,1990
5144624,5093409,5148005,1990
5144625,5054646,5116036,1990
5144626,5097847,6845732,1990
5144627,5093420,5097846,1990
5144628,5121058,5121074,1990
5144629,5093406,5093493,1990
5144630,5054686,6846107,1990
5144631,5097944,5127333,1990
5144632,5079237,NA,1990
5144633,5072492,5079193,1990
5144634,5109011,5109015,1990
5144635,5121073,5121075,1990
5144636,5092553,5097083,1990
5144638,5078579,5093388,1990
5144641,5121108,5132304,1990
5144642,5072407,5116060,1990
5144643,5092195,5093489,1990
5144644,5109012,5148004,1990
5144645,5121080,5127337,1990
5144646,5093385,5093428,1990
5144647,4007607,5097951,1990
5144648,5097942,5121052,1990
5144649,5097085,5109510,1990
5144650,5109558,5109559,1990
5144651,5093439,5109581,1990
5144652,5097836,5187972,1990
5144653,5077656,5077660,1990
5144654,5092135,5109008,1990
5144655,5098303,5121207,1990
5144656,5093373,5216905,1990
5144657,5087870,5109023,1990
5144658,4003779,5116046,1990
5144659,5110477,5121215,1990
5144660,5116027,5117155,1990
5144661,5072449,5222542,1990
5144662,5098364,5109287,1990
5144663,5097065,5109289,1990
5144664,5097780,5109513,1990
5144665,5097157,5110493,1990
5144666,5097937,5109587,1990
5144667,5098139,5142807,1990
5144668,5079183,5079217,1990
5144669,5108959,5108969,1990
5144670,5079049,5117154,1990
5144671,5079204,5121072,1990
5144672,5117167,5121156,1990
5144673,5077863,5093236,1990
5144674,5097805,5097921,1990
5144675,5072395,5109572,1990
5144676,5097895,5116030,1990
5144677,5072418,5117151,1990
5144678,5108974,NA,1990
5144679,5072467,5079482,1990
5144680,5092773,5121184,1990
5144681,5093362,5093455,1990
5144682,5117192,5217755,1990
5144683,5116127,6845735,1990
5144684,5092126,5092133,1990
5144685,5054634,5093435,1990
5144686,5109227,5109589,1990
5144687,5054147,5072898,1990
5144688,5093451,6834680,1990
5144689,5072900,5097891,1990
5144690,5109096,5143002,1990
5144691,5097892,5121200,1990
5144692,5072392,5116053,1990
5144693,5072413,5092299,1990
5144694,5097947,5109016,1990
5144695,5109242,NA,1990
5144698,5072992,NA,1990
5144701,5093146,NA,1990
5144704,5092679,0,1990
5144705,5092138,5202951,1990
5144706,5092116,NA,1990
5144709,5078011,NA,1990
5144711,5092656,NA,1990
5144730,5098707,5109913,1990
5144735,5087821,5132329,1990
5144749,5072989,NA,1990
5144750,5092288,5121113,1990
5144751,5092257,5132259,1990
5144754,5072316,5078315,1990
5144756,5097240,5097377,1990
5144758,5072187,5092125,1990
5144759,5072194,5132262,1990
5144762,5097224,5098743,1990
5144764,5054537,5121126,1990
5144770,5098695,5143074,1990
5144773,5079073,5080031,1990
5144775,5108740,5142949,1990
5144777,5093116,5098694,1990
5144778,5078299,5121094,1990
5144780,5078314,5216958,1990
5144781,5078294,5093196,1990
5144782,5093109,5132263,1990
5144783,5080027,5098094,1990
5144784,5080049,5143065,1990
5144786,5072211,5116138,1990
5144791,5087809,5121116,1990
5144793,5078250,5097034,1990
5144794,5072184,5117203,1990
5144795,5078423,5092325,1990
5144796,5072199,5121086,1990
5144804,5072190,5132265,1990
5144806,5054606,5072958,1990
5144808,5098765,5142943,1990
5144819,5092714,5098168,1990
5144821,5098670,5108707,1990
5144822,5097452,5098155,1990
5144824,5097130,5098667,1990
5144825,5092673,5217722,1990
5144826,5097383,5098189,1990
5144827,5078246,5097774,1990
5144828,5080181,5146079,1990
5144829,5093120,5097387,1990
5144830,5108780,5132322,1990
5144832,5132321,5144497,1990
5144833,5072074,5121145,1990
5144834,4003115,0,1990
5144838,5054720,5097014,1990
5144839,5092320,5092699,1990
5144840,5144496,5144500,1990
5144841,5080074,5127349,1990
5144843,5080046,5142948,1990
5144844,5078248,5121093,1990
5144847,5092642,0,1990
5144848,5079461,5092615,1990
5144849,5077950,5079436,1990
5144852,5097763,5108777,1990
5144853,5080333,5143069,1990
5144854,5080146,0,1990
5144857,5097762,5142827,1990
5144862,5078481,5080370,1990
5144863,5072986,5143070,1990
5144864,5093105,5144483,1990
5144865,5080081,5121125,1990
5144868,5072305,5121084,1990
5144869,5072293,5216988,1990
5144872,5054444,5097039,1990
5144874,5098070,5098567,1990
5144877,5078118,5116090,1990
5144878,5093323,5097246,1990
5144879,5109649,5142828,1990
5144880,5098540,5142818,1990
5144881,5098539,0,1990
5144882,5054692,5132293,1990
5144883,5072256,5121061,1990
5144886,5080362,5109082,1990
5144887,5072201,5116089,1990
5144889,5072926,5093448,1990
5144893,5078443,5078471,1990
5144897,5097145,5143076,1990
5144899,5093247,5132280,1990
5144909,5092145,5132292,1990
5144910,5097242,5097768,1990
5144911,5098536,5108743,1990
5144912,5080322,5132298,1990
5144913,5079340,5132258,1990
5144919,5093317,5097134,1990
5144920,5079333,5127524,1990
5144923,5054232,5108742,1990
5144929,5078394,5109050,1990
5144930,5077752,5121132,1990
5144931,5054414,5183089,1990
5144938,5092148,5092727,1990
5144941,5092668,NA,1990
5144942,5079423,5097143,1990
5144943,5072123,5080035,1990
5144944,5072259,5072521,1990
5144945,5072067,5072120,1990
5144948,5092286,5121124,1990
5144949,5092716,5098659,1990
5144952,5108702,0,1990
5144953,5079389,5143080,1990
5144954,5092252,5097982,1990
5144955,5108700,5202974,1990
5144956,5097232,5108704,1990
5144957,5098771,5108684,1990
5144959,5098612,5142802,1990
5144961,5092819,5132334,1990
5144962,5092508,5142801,1990
5144963,5098221,5108722,1990
5144964,5054723,5109046,1990
5144966,5143079,5184907,1990
5144967,5077763,5121167,1990
5144969,5072852,5121226,1990
5144970,5092302,5109586,1990
5144972,5078496,5092307,1990
5144975,5097221,5143008,1990
5144976,5098790,5142804,1990
5144980,5087864,5109048,1990
5144982,5072116,5121066,1990
5144983,5080234,5092510,1990
5144985,5079341,5092805,1990
5144986,5077713,5077842,1990
5144987,5072879,5109044,1990
5144988,5079492,5108692,1990
5144990,5054221,5132296,1990
5144991,5077776,5146083,1990
5144992,5077682,5079425,1990
5144995,5108666,5109760,1990
5144996,5078444,5121123,1990
5144999,5097222,5108668,1990
5145004,5108651,5142946,1990
5145005,5108686,5143091,1990
5145006,5092651,5143004,1990
5145010,5072928,5098005,1991
5145011,5098107,NA,1991
5145013,5092150,5116112,1990
5145014,5092631,5097412,1990
5145015,5108658,5108659,1990
5145016,5079447,5098102,1990
5145024,5092106,5109043,1990
5145026,5072065,5097378,1990
5145027,5079429,5092684,1990
5145028,5072166,5143073,1990
5145031,5072052,5116064,1990
5145034,5054547,5097966,1990
5145035,5097193,5098058,1990
5145036,5054223,5097028,1990
5145040,5072859,5078426,1990
5145043,5092300,5142945,1990
5145045,5054602,5054660,1990
5145047,5072055,5116125,1990
5145048,5097182,5143011,1990
5145049,5072027,5079472,1990
5145051,5077948,5117184,1990
5145057,5079339,5092704,1990
5145058,5097185,5098063,1990
5145059,5079456,5093298,1990
5145062,5098038,5142820,1990
5145063,5092316,5109229,1990
5145097,5108774,5108775,1991
5145103,5072877,NA,1991
5145104,5072248,5145075,1991
5145107,5097399,5109953,1991
5145122,5079490,5093122,1991
5145125,5092682,5109759,1991
5145126,5097347,5132325,1991
5145127,5127350,5216957,1991
5145132,5078286,5079475,1991
5145134,5072979,5121112,1991
5145136,5078237,5080114,1991
5145139,5092109,5109619,1991
5145147,5054669,NA,1991
5145150,5078422,5092324,1991
5145156,5092144,5109615,1991
5145165,5054533,5093467,1991
5145167,5132323,NA,1991
5145168,5072206,5121085,1991
5145169,5054753,5072961,1991
5145174,5078327,5097978,1991
5145175,5092644,5093077,1991
5145176,5097320,5143062,1991
5145178,5092667,5127504,1991
5145180,5078332,5079499,1991
5145184,5092675,5121095,1991
5145185,5072196,NA,1991
5145186,5079210,5080033,1991
5145187,4003125,5098098,1991
5145188,5080013,5132264,1991
5145189,5072332,5078291,1991
5145191,5072264,5092665,1991
5145194,5098190,5098229,1991
5145196,5080387,5109060,1991
5145201,5078483,5092103,1991
5145202,5098233,NA,1991
5145212,5072197,5117210,1991
5145213,5080324,5092640,1991
5145214,5072288,5121114,1991
5145215,5072501,5080025,1991
5145216,5077825,5078343,1991
5145217,5072062,5116432,1991
5145220,5092711,5127347,1991
5145221,5098819,5108719,1991
5145222,5077813,5092669,1991
5145226,5109491,5109781,1991
5145228,5092503,5132340,1991
5145230,5098615,5142939,1991
5145231,5092121,5092606,1991
5145235,5077710,5079332,1991
5145236,5093246,5132317,1991
5145241,5092255,5093243,1991
5145243,5092253,5132295,1991
5145244,5079013,5109621,1991
5145249,5072282,5116091,1991
5145253,5108751,5108754,1991
5145254,5072279,5072303,1991
5145255,5092598,5108943,1991
5145256,5090340,5098577,1991
5145257,5077709,5127505,1991
5145258,5097306,5097307,1991
5145260,5098587,5108746,1991
5145263,5079362,5080286,1991
5145264,5092515,5132318,1991
5145269,5072141,5145079,1991
5145270,5092820,5098533,1991
5145271,5093499,5121135,1991
5145272,5097129,5098618,1991
5145275,5079399,5108654,1991
5145276,5098231,5098632,1991
5145277,5108655,5109121,1991
5145279,5108731,NA,1991
5145282,5072063,5116105,1991
5145286,5072082,NA,1991
5145288,5078456,5092319,1991
5145289,5098787,5108672,1991
5145290,5108691,5144479,1991
5145291,5072066,NA,1991
5145295,5079388,5079404,1991
5145297,5054650,NA,1991
5145298,5077917,5121065,1991
5145299,5054126,5098026,1991
5145302,5054718,5145074,1991
5145303,5072067,5072120,1991
5145306,5098575,NA,1991
5145307,5108680,5116430,1991
5145310,5092723,5143010,1991
5145311,5121063,5216914,1991
5145315,5078458,5097983,1991
5145317,5080371,5092308,1991
5145318,5092607,5127525,1991
5145319,5072118,5117197,1991
5145327,5092814,5097144,1991
5145328,5072143,5077801,1991
5145331,5092724,5144482,1991
5145339,5072080,5156260,1991
5145341,5097219,5109779,1991
5145342,5072071,5072109,1991
5145349,NA,NA,1991
5145353,5079390,5079393,1991
5145354,5079400,5121228,1991
5145355,5077812,5078428,1991
5145357,5097194,5097213,1991
5145358,5054630,5098015,1991
5145361,5097933,5109004,1991
5145362,5097845,5097943,1991
5145363,5072247,5117160,1991
5145364,5054579,5092797,1991
5145366,5148002,6845711,1991
5145367,5109036,5148003,1991
5145368,5097878,5132319,1991
5145369,5054545,5142831,1991
5145370,5072374,5109593,1991
5145373,5072744,5117172,1991
5145375,5072680,5072748,1991
5145376,5072722,5121232,1991
5145384,5078120,5121206,1991
5145387,5072772,5092314,1991
5145392,5093050,5127537,1991
5145398,5078064,5127536,1991
5145400,5072738,5116101,1991
5145403,5072539,5077962,1991
5145405,5097467,5143018,1991
5145406,5092881,NA,1991
5145409,5077972,5080190,1991
5145410,5072570,5121101,1991
5145411,5109057,NA,1991
5145412,5078061,5187917,1991
5145413,5092938,5132346,1991
5145421,5092878,5132347,1991
5145422,5080125,5093152,1991
5145423,5072300,5092892,1991
5145428,5098409,5109475,1991
5145429,5109763,5109863,1991
5145434,5098468,5109461,1991
5145439,5108566,5109418,1991
5145441,5078437,5097955,1991
5145444,5080225,5143019,1991
5145448,5098419,5109325,1991
5145450,5092127,NA,1991
5145454,5109263,5109462,1991
5145460,5092926,5143020,1991
5145461,5078251,5097568,1991
5145462,5093155,5143027,1991
5145466,5072553,5132283,1991
5145467,4002411,5143040,1991
5145468,5092947,5097417,1991
5145472,5098439,5098447,1991
5145475,5080271,5132284,1991
5145479,5078205,5121246,1991
5145481,5080242,5144473,1991
5145482,5080349,5092929,1991
5145485,5072577,5092970,1991
5145489,5078233,5080254,1991
5145493,4014183,5127540,1991
5145494,5054540,5145088,1991
5145495,5098446,5147029,1991
5145499,5110178,5145090,1991
5145501,5109354,5145085,1991
5145502,5092589,NA,1991
5145503,5097657,5098456,1991
5145504,5054437,NA,1991
5145505,5097480,NA,1991
5145506,5183124,NA,1991
5145508,5108565,5110033,1991
5145509,5097602,NA,1991
5145510,4001522,5143041,1991
5145511,5109431,NA,1991
5145512,5097546,5108564,1991
5145514,5110055,5145086,1991
5145522,5072623,NA,1991
5145523,5072624,5117181,1991
5145526,5092941,5092977,1991
5145530,5098430,5098492,1991
5145534,5078174,5078220,1991
5145537,5072689,5117189,1991
5145540,5080391,NA,1991
5145541,5072685,5078255,1991
5145542,5109439,5109963,1991
5145544,4001546,5078219,1991
5145545,5109275,5109434,1991
5145546,5108549,5109432,1991
5145548,5080262,5132285,1991
5145549,5072691,NA,1991
5145550,5092976,5097661,1991
5145555,5078436,NA,1991
5145557,5080195,5132332,1991
5145559,5097498,5108576,1991
5145562,5072555,5121235,1991
5145566,5072990,NA,1991
5145568,5054434,5144475,1991
5145569,5080296,5143055,1991
5145573,5092599,5144474,1991
5145574,5054433,5145087,1991
5145576,5072578,5092118,1991
5145589,5054716,5098032,1991
5145596,5098475,NA,1991
5145601,5072774,5079270,1991
5145602,4009283,NA,1991
5145603,5097591,5143046,1991
5145604,5078372,5116591,1991
5145606,5072966,5116087,1991
5145607,5108636,NA,1991
5145608,5097588,5108642,1991
5145609,5078087,5121236,1991
5145611,5093025,5093051,1991
5145612,5093038,NA,1991
5145613,5109259,NA,1991
5145615,5078104,5093032,1991
5145617,5080180,5132341,1991
5145621,5072246,NA,1991
5145626,5108630,NA,1991
5145627,5093039,5127538,1991
5145629,5097626,5143025,1991
5145631,5108601,5145084,1991
5145633,5108588,5108614,1991
5145634,5109126,NA,1991
5145635,5097524,5098126,1991
5145639,5098528,5108539,1991
5145640,5108787,5108789,1991
5145641,5109136,NA,1991
5145643,5072870,5078366,1991
5145644,5080076,5092852,1991
5145650,5080092,5132268,1991
5145651,5097424,5216899,1991
5145652,5092575,5144477,1991
5145655,5072522,5078057,1991
5145657,5097464,5109153,1991
5145663,5080373,5156252,1991
5145664,5216994,NA,1991
5145667,5098093,5098103,1991
5145668,5087806,5117233,1991
5145669,5092274,5092625,1991
5145670,5072200,5097506,1991
5145672,5072983,5144469,1991
5145675,5080112,5155998,1991
5145678,5078020,5078288,1991
5145681,5098095,5098836,1991
5145682,5078001,5093132,1991
5145683,5132273,5144467,1991
5145684,5078014,5132271,1991
5145690,5097403,5109108,1991
5145693,5109162,5109996,1991
5145695,5078025,5093136,1991
5145697,5098945,5142830,1991
5145698,5097161,5110450,1991
5145699,5097068,5097088,1991
5145700,5109554,5109555,1991
5145701,5054656,5092349,1991
5145702,5054714,5155950,1991
5145703,5072891,5093364,1991
5145704,5072905,6846157,1991
5145705,5072889,5097988,1991
5145706,5108826,5109556,1991
5145707,5092764,5097045,1991
5145708,5072897,5108976,1991
5145709,5108992,5109033,1991
5145710,5108972,5108973,1991
5145711,5093358,5093453,1991
5145712,5072895,5097949,1991
5145713,5093359,5097019,1991
5145714,5093452,5116025,1991
5145715,5093355,6834674,1991
5145716,5097021,5217757,1991
5145717,5117191,5184945,1991
5145718,5097799,5127325,1991
5145719,5077858,5109575,1991
5145720,5097810,5121057,1991
5145721,5079050,5092526,1991
5145722,5072442,5116149,1991
5145723,5078397,5093380,1991
5145724,5072381,5093482,1991
5145725,5097989,5127331,1991
5145726,5097001,5117157,1991
5145727,5093375,5121054,1991
5145728,5093278,5117199,1991
5145729,5093301,5097078,1991
5145730,5092111,5109288,1991
5145731,5079231,5098256,1991
5145732,5072394,5121208,1991
5145733,5097286,5117196,1991
5145734,5072399,5079233,1991
5145735,5054732,5097832,1991
5145736,5093384,5108993,1991
5145737,5093486,5097831,1991
5145738,5097811,5142806,1991
5145739,5072003,5097827,1991
5145740,5108979,5108995,1991
5145741,5097826,5097870,1991
5145742,5078431,5121056,1991
5145743,5079036,5093432,1991
5145744,5054626,5097940,1991
5145745,5072358,5117239,1991
5145746,5054229,6840472,1991
5145747,5097004,5097020,1991
5145748,5097821,5116032,1991
5145749,5077648,5079244,1991
5145750,5072397,5132320,1991
5145751,5080247,NA,1991
5145756,5078414,5117182,1991
5145760,5109409,NA,1991
5145763,5109037,5143072,1991
5145764,5054574,5145077,1991
5145766,5077884,5079290,1991
5145767,5079216,5092535,1991
5145768,5072453,5121096,1991
5145769,5098309,5098910,1991
5145776,5087801,5109577,1991
5145777,5072465,5097046,1991
5145780,5098346,5143054,1991
5145782,5079453,5143003,1991
5145784,5079308,5079324,1991
5145786,5054593,5054638,1991
5145787,5097254,5098330,1991
5145788,5072450,5145076,1991
5145790,5079195,5079285,1991
5145792,5077883,5092538,1991
5145794,5097095,5098311,1991
5145795,5109552,NA,1991
5145798,4011348,5098385,1991
5145799,5080388,NA,1991
5145800,5072130,5121155,1991
5145803,5077877,NA,1991
5145804,5092295,5109085,1991
5145805,5054653,5109071,1991
5145806,5054393,5054679,1991
5145808,5072871,NA,1991
5145809,5078432,5222548,1991
5145811,5093331,5093338,1991
5145814,5093188,5093294,1991
5145815,5098861,5110325,1991
5145816,5121194,NA,1991
5145818,5098864,5145091,1991
5145819,5078116,5121090,1991
5145824,5097488,NA,1991
5145826,5054621,5116130,1991
5145829,5143030,5216910,1991
5145831,5079118,5127345,1991
5145832,5079177,5092264,1991
5145835,5097178,5143035,1991
5145836,5078352,NA,1991
5145838,5098847,NA,1991
5145840,5098719,NA,1991
5145845,5092570,5109608,1991
5145846,5072372,5078355,1991
5145849,5098925,5108817,1991
5145850,5092564,NA,1991
5145851,5098895,NA,1991
5145852,5098335,5108847,1991
5145857,5077927,5093281,1991
5145858,5097565,5144485,1991
5145862,5108854,5109336,1991
5145863,5077607,5117244,1991
5145864,5072838,NA,1991
5145865,5087824,NA,1991
5145866,5072807,5116074,1991
5145867,5072789,5143032,1991
5145868,5079166,NA,1991
5145873,5072352,NA,1991
5145875,5097688,NA,1991
5145879,5079092,5097741,1991
5145881,5117042,NA,1991
5145883,5087826,5097751,1991
5145884,5079076,NA,1991
5145888,5072811,5087827,1991
5145891,5097216,NA,1991
5145896,5072803,5077510,1991
5145898,5072953,NA,1991
5145904,5097730,5108846,1991
5145906,5077580,5098071,1991
5145912,5132333,NA,1991
5145913,5077528,NA,1991
5145914,5097713,NA,1991
5145917,5077536,5187979,1991
5145918,5108839,5116076,1991
5145923,5098995,NA,1991
5145925,5072832,NA,1991
5145935,5078387,NA,1991
5145937,5079079,NA,1991
5145939,5110368,5110369,1991
5145941,5079128,NA,1991
5145942,5080394,5121203,1991
5145951,5097710,NA,1991
5145959,5098971,5110365,1991
5145961,5078382,NA,1991
5145963,5079102,5079113,1991
5145969,5079096,NA,1991
5145976,5098982,NA,1991
5145978,5079440,5127346,1991
5145979,5078469,5093461,1991
5145981,5054597,5093412,1991
5145982,5121077,5143044,1991
5145983,5054700,5093413,1991
5145985,5109087,5155946,1991
5145988,2871252,5092197,1991
5145989,5097868,5109563,1991
5145990,5109031,5109038,1991
5145991,5097925,5109030,1991
5145992,5092196,5097026,1991
5145993,5097992,5121107,1991
5145994,5097926,5098821,1991
5145995,5054710,5072997,1991
5145996,5116001,5116221,1991
5145998,4004540,5097822,1991
5145999,5097848,5097945,1991
5146000,5092563,5142845,1991
5146002,5098083,NA,1991
5146007,5072022,NA,1991
5146009,5092193,5142809,1991
5146010,5092596,5184993,1991
5146014,5054224,5054586,1991
5146017,5093433,5184910,1991
5146018,5077923,5127341,1991
5146020,5079454,5079462,1991
5146021,5098057,5098832,1991
5146022,5098812,5148033,1991
5146024,5092612,5098820,1991
5146025,5092632,5093227,1991
5146027,5097146,5098341,1991
5146029,5077890,5093228,1991
5146036,5110217,5110246,1991
5146038,5054225,NA,1991
5146040,5078395,5098016,1991
5146041,5054685,NA,1991
5146042,5072934,NA,1991
5146043,5098068,5098343,1991
5146044,5054643,5121136,1991
5146046,5054572,NA,1991
5146049,5097465,5098078,1991
5146051,4005103,5098272,1991
5146172,5109192,5143100,1992
5146173,5078121,5080158,1992
5146174,5078418,5097917,1992
5146175,5080329,5143092,1992
5146178,5093066,5093067,1992
5146179,5097664,5109175,1992
5146181,4008618,5110140,1992
5146185,5078096,5080159,1992
5146186,5108608,5109276,1992
5146187,5072741,5072745,1992
5146188,5080154,5146133,1992
5146190,5093027,5132342,1992
5146194,5078067,5143094,1992
5146196,5080118,5093047,1992
5146197,5108628,5146096,1992
5146198,5080174,5132343,1992
5146200,5093033,5109490,1992
5146201,5087813,5116139,1992
5146205,5110167,5116552,1992
5146208,5093061,5143093,1992
5146211,5097630,5146097,1992
5146212,5080138,5132331,1992
5146215,5143051,5202980,1992
5146217,5109614,5146107,1992
5146218,5080131,5117168,1992
5146219,5109181,5117720,1992
5146220,4006751,5072749,1992
5146221,5072569,NA,1992
5146222,5077534,NA,1992
5146223,5108890,5108892,1992
5146224,5098966,NA,1992
5146225,5079122,5097642,1992
5146226,5079110,5079130,1992
5146227,5072973,NA,1992
5146228,5072716,5146145,1992
5146233,5077555,5097755,1992
5146234,5080355,5146137,1992
5146236,5097745,5109209,1992
5146239,5077552,NA,1992
5146241,5108889,5146138,1992
5146244,5079147,NA,1992
5146245,5108878,NA,1992
5146246,5072827,5077519,1992
5146247,5078385,5117220,1992
5146248,5079067,NA,1992
5146249,5097691,NA,1992
5146259,5109664,5109700,1992
5146260,5098047,5202933,1992
5146264,5092150,5116112,1992
5146265,5092506,5132339,1992
5146266,5080085,5092801,1992
5146269,4005402,5121165,1992
5146276,5097125,5143006,1992
5146281,5108665,5146063,1992
5146282,5078444,5121123,1992
5146285,5077776,5146083,1992
5146287,5077682,5079425,1992
5146288,5077713,5077842,1992
5146289,5079492,5108692,1992
5146290,5054221,5132296,1992
5146293,5080234,5092510,1992
5146295,5079415,5092717,1992
5146299,5097221,5143008,1992
5146301,5078496,5092307,1992
5146302,5092685,5121166,1992
5146304,5072852,5121226,1992
5146306,5108697,5146151,1992
5146307,5054723,5109046,1992
5146311,5098771,5108684,1992
5146312,5092254,5097982,1992
5146315,5098594,5145073,1992
5146316,5093322,5117237,1992
5146317,5072110,5146086,1992
5146319,5078324,5121143,1992
5146320,5079361,5079380,1992
5146321,5098684,5109938,1992
5146322,5072079,5116088,1992
5146323,5108698,5132330,1992
5146324,5079389,5143080,1992
5146327,5098597,5109750,1992
5146339,5054232,5108742,1992
5146342,5093317,5097134,1992
5146343,5079333,5127524,1992
5146351,5108748,5146056,1992
5146352,5098536,5108743,1992
5146354,5080322,5132298,1992
5146355,5079407,5093299,1992
5146356,5072293,5216988,1992
5146357,5072309,5077695,1992
5146358,5080081,5121125,1992
5146359,5077828,5109061,1992
5146361,5093105,5144483,1992
5146362,5072986,5143070,1992
5146365,5080146,5146136,1992
5146366,5098738,5108776,1992
5146367,5080333,5143069,1992
5146370,5080327,5146141,1992
5146371,5098531,5116743,1992
5146372,5077721,5108766,1992
5146374,5078118,5116090,1992
5146375,5109649,5142828,1992
5146376,5072290,5132316,1992
5146377,5098533,5109346,1992
5146378,5072256,5121061,1992
5146379,5078479,5092309,1992
5146380,5072926,5093448,1992
5146384,5080362,5109082,1992
5146385,5072201,5116089,1992
5146386,5097303,5146115,1992
5146387,5080351,5127523,1992
5146388,5078443,5078471,1992
5146392,5097145,5143076,1992
5146393,5077731,5143007,1992
5146396,5079461,5092615,1992
5146398,5098800,5109946,1992
5146399,5072046,5072968,1992
5146401,5072022,5143037,1992
5146402,5116281,5146132,1992
5146404,5054125,5092317,1992
5146406,5092300,5142945,1992
5146407,5072027,5079472,1992
5146409,5054602,5054660,1992
5146413,4003783,5098633,1992
5146415,5098061,5098067,1992
5146416,5077930,5093002,1992
5146418,5079456,5093298,1992
5146420,5110168,5110227,1992
5146422,5108947,5110230,1992
5146424,5098036,5146082,1992
5146429,5110223,5116313,1992
5146430,5098810,5121198,1992
5146432,5093230,5142944,1992
5146433,5092316,5109229,1992
5146434,5097189,5110263,1992
5146435,5098040,5098073,1992
5146436,5079104,5146130,1992
5146437,5079069,NA,1992
5146438,5077576,NA,1992
5146439,5097648,5097750,1992
5146440,5097757,5108850,1992
5146442,5077533,5146139,1992
5146445,5079083,5146147,1992
5146446,5072823,5077550,1992
5146448,5079134,NA,1992
5146449,5110372,5146158,1992
5146452,5072819,5132307,1992
5146453,5108927,NA,1992
5146454,5072971,5146153,1992
5146458,5097718,5108912,1992
5146461,5109232,5146154,1992
5146464,5072954,5117214,1992
5146466,5098972,5108924,1992
5146467,5097199,NA,1992
5146468,5097738,NA,1992
5146471,5098960,5108876,1992
5146473,5097726,NA,1992
5146476,5098984,5146160,1992
5146478,5108871,5146149,1992
5146480,5099000,5146159,1992
5146484,5110339,5146103,1992
5146485,5077608,5077611,1992
5146486,5097715,5142814,1992
5146487,5108858,5144487,1992
5146488,5077606,5117245,1992
5146489,5072495,5079180,1992
5146490,5097758,5109444,1992
5146492,5077594,5079259,1992
5146494,5097702,5108834,1992
5146495,5098964,5217763,1992
5146498,5098923,5110346,1992
5146499,5097066,5110343,1992
5146500,5108857,5142812,1992
5146502,5098898,5110151,1992
5146503,5097600,5098259,1992
5146504,5072488,5146102,1992
5146507,5108851,5143031,1992
5146508,5072496,5143071,1992
5146510,5072493,5146099,1992
5146511,5098298,5108821,1992
5146512,5077589,5079045,1992
5146514,5092553,5097083,1992
5146515,5072758,5092117,1992
5146516,5097785,5146143,1992
5146518,5093460,NA,1992
5146522,5054406,5072242,1992
5146527,5110318,5110329,1992
5146528,5054652,5143033,1992
5146529,5077879,5121188,1992
5146533,5116862,5116885,1992
5146534,5098867,5098892,1992
5146538,5092550,5121153,1992
5146545,5098339,5108646,1992
5146547,5098798,5098914,1992
5146550,5098077,5132305,1992
5146551,5098154,5109922,1992
5146560,5097383,5098189,1992
5146561,5077843,5132327,1992
5146565,5054428,5116081,1992
5146572,5093110,5109102,1992
5146573,5093120,5097387,1992
5146577,5054214,5092321,1992
5146579,5098183,5121117,1992
5146582,5097452,5098155,1992
5146583,5054416,5143061,1992
5146588,5078250,5097034,1992
5146589,5097337,5121111,1992
5146596,5087809,5121116,1992
5146597,5072173,5121092,1992
5146598,5144496,5144500,1992
5146599,5078248,5121093,1992
5146600,5072957,5097035,1992
5146602,5098244,5146080,1992
5146607,5072193,5109950,1992
5146608,5098238,5108790,1992
5146611,5072271,5080005,1992
5146612,5072170,5109800,1992
5146613,5092257,5132259,1992
5146614,5098765,5142943,1992
5146619,5072138,5121087,1992
5146620,5078318,5080015,1992
5146624,5093109,5132263,1992
5146630,5097321,5098507,1992
5146632,5097240,5097377,1992
5146633,5072224,5072328,1992
5146637,5098679,5146120,1992
5146638,5072190,5132265,1992
5146640,5109934,5146118,1992
5146643,5093116,5098694,1992
5146644,5072187,5092125,1992
5146645,5054606,5072958,1992
5146647,5087841,5098224,1992
5146648,5098235,5098699,1992
5146651,5072980,5146066,1992
5146657,5098367,5109856,1992
5146664,5109155,5143084,1992
5146667,5080368,5097036,1992
5146669,5078040,5132289,1992
5146671,5087823,5132290,1992
5146679,4000609,5146090,1992
5146680,5097476,5146135,1992
5146681,5097516,5109851,1992
5146684,5092566,5142826,1992
5146685,5080073,5143043,1992
5146686,5097959,5121233,1992
5146689,5078017,NA,1992
5146690,5098101,5098840,1992
5146691,5078026,5132275,1992
5146692,5080364,5116117,1992
5146695,5092138,5202951,1992
5146696,5092679,5146157,1992
5146700,5092116,5109631,1992
5146703,5093146,5146088,1992
5146704,5080107,5098248,1992
5146705,5072202,5132272,1992
5146709,5109579,6845705,1992
5146710,5097962,6845704,1992
5146715,5109400,5109859,1992
5146716,5072563,5080228,1992
5146717,5080179,5121248,1992
5146718,5092925,5098122,1992
5146719,5077971,5093166,1992
5146723,5054611,5097908,1992
5146725,5109355,5109889,1992
5146726,5097481,5143029,1992
5146727,5110142,5116929,1992
5146730,5092298,5109226,1992
5146731,5097561,5110092,1992
5146735,5087846,5116104,1992
5146738,5078170,5109369,1992
5146742,5078210,5093176,1992
5146743,5077969,5078206,1992
5146744,5097491,5144476,1992
5146747,5072580,5146055,1992
5146749,5080323,5121181,1992
5146750,5092882,5121104,1992
5146751,5054742,6840923,1992
5146752,5109560,6845664,1992
5146753,4009797,5109544,1992
5146755,5097058,5097062,1992
5146756,5077896,5132253,1992
5146757,4000508,5079291,1992
5146758,5116038,5121060,1992
5146759,5072407,5116060,1992
5146760,5092195,5093489,1992
5146761,5054625,5109089,1992
5146762,5098785,5116199,1992
5146764,5222549,6846130,1992
5146765,5097881,5148007,1992
5146766,5110479,5146057,1992
5146767,5080382,5093488,1992
5146768,5121058,5121074,1992
5146769,5093420,5097846,1992
5146770,5093406,5093493,1992
5146772,5054646,5116036,1992
5146773,5110290,5110459,1992
5146774,5109534,5110492,1992
5146776,5078579,5093388,1992
5146780,5092549,5098301,1992
5146781,5121190,5222546,1992
5146782,4003779,5116046,1992
5146783,5092135,5109008,1992
5146784,5077621,5116142,1992
5146785,5097942,5121052,1992
5146786,5097085,5109510,1992
5146787,5079227,5092800,1992
5146788,5097836,5187972,1992
5146789,4001548,5097093,1992
5146790,5109558,5109559,1992
5146791,5093439,5109581,1992
5146792,5116027,5117155,1992
5146793,5072449,5222542,1992
5146794,5098364,5109287,1992
5146795,5097780,5109513,1992
5146796,5097157,5110493,1992
5146797,5121160,5121213,1992
5146798,5098139,5142807,1992
5146800,5097798,5097893,1992
5146801,5108959,5108969,1992
5146802,5098003,5117249,1992
5146803,5079049,5117154,1992
5146804,5117167,5121156,1992
5146805,5072430,5116148,1992
5146806,5072422,5079202,1992
5146807,5097805,5097921,1992
5146808,2814115,5098239,1992
5146809,5072395,5109572,1992
5146810,4009241,5093283,1992
5146811,5097080,5097922,1992
5146812,5092766,5117195,1992
5146813,5109222,5109300,1992
5146814,5109574,5109604,1992
5146815,5072887,6840922,1992
5146816,5108968,5109565,1992
5146817,5079181,5092829,1992
5146818,5072467,5079482,1992
5146819,5092739,5121195,1992
5146820,5098716,5121201,1992
5146821,4039237,5217758,1992
5146822,5072392,5116053,1992
5146823,5097892,5121200,1992
5146824,5087850,5117164,1992
5146826,5072892,5097890,1992
5146827,4009243,5110288,1992
5146828,4007051,5109250,1992
5146829,5097947,5109016,1992
5146830,5098869,5110258,1992
5146831,5097172,5109617,1992
5146832,5079194,5079256,1992
5146834,5077876,5146128,1992
5146835,5097171,5143059,1992
5146836,5097173,5098386,1992
5146839,5054632,5146058,1992
5146840,5077866,5202954,1992
5146842,5054555,5098033,1992
5146845,5093335,5143034,1992
5146846,5098854,5098872,1992
5146847,5078399,5109072,1992
5146848,5079124,5079271,1992
5146849,5078356,5146059,1992
5146851,5092340,5092533,1992
5146852,5098338,5098906,1992
5146854,5054598,5097888,1992
5146855,5117186,5202971,1992
5146856,5116276,5116301,1992
5146857,5110253,5116008,1992
5146858,5072435,5121151,1992
5146859,5109803,5146114,1992
5146861,5077886,5116126,1992
5146863,5093440,5109067,1992
5146865,5079307,5121097,1992
5146866,4003113,5078576,1992
5146867,5097256,5097261,1992
5146869,5077900,5092796,1992
5146871,5077976,5146109,1992
5146872,5072546,5121146,1992
5146873,5098455,5143026,1992
5146874,5079331,5092889,1992
5146875,5097469,5146074,1992
5146876,5098401,5098443,1992
5146878,5093201,5143095,1992
5146880,5072584,5117175,1992
5146881,5097608,5142822,1992
5146882,5080141,5146060,1992
5146883,5098476,5109200,1992
5146886,5092588,5146091,1992
5146890,5097479,5183075,1992
5146891,5080163,5097432,1992
5146892,5109428,5109874,1992
5146894,5098466,5110009,1992
5146896,5109865,5110013,1992
5146902,5080310,5132287,1992
5146905,5072597,5080315,1992
5146909,5109427,5146092,1992
5146910,5110060,5110122,1992
5146913,5110039,5116691,1992
5146914,5109365,5109367,1992
5146915,5108561,5109408,1992
5146917,5097603,5098425,1992
5146918,5098427,5143099,1992
5146919,5109430,5116942,1992
5146921,5098500,5146123,1992
5146924,5097543,5097549,1992
5146925,5097450,5146125,1992
5146929,5072696,5146134,1992
5146930,5117179,5146064,1992
5146931,5110070,5116677,1992
5146935,5080248,5093172,1992
5146936,5078193,5143088,1992
5146938,5072632,5146131,1992
5146940,5072872,5121175,1992
5146941,5109635,5116123,1992
5146949,5098498,5108621,1992
5146951,5110111,5110120,1992
5146953,5080277,5146124,1992
5146954,5093026,5108585,1992
5146958,5072342,5132282,1992
5146960,5072603,5146076,1992
5146961,5097611,5143039,1992
5146962,5072755,5080230,1992
5146963,5098433,5143089,1992
5146964,5092982,5143090,1992
5146971,5087820,5121103,1992
5146973,5080385,5109628,1992
5146976,5078413,5098030,1992
5146981,5097576,5098438,1992
5146982,5098457,5109401,1992
5146984,5108579,5108583,1992
5146986,5109149,5146094,1992
5146989,4005443,5080212,1992
5146990,5116029,5117161,1992
5146991,5077622,5098831,1992
5147074,5097591,5143046,1993
5147075,5078372,5116591,1993
5147076,5072774,5079270,1993
5147077,4009283,NA,1993
5147078,5072714,5117188,1993
5147079,5109409,5147021,1993
5147080,5108644,5146108,1993
5147084,5072744,5117172,1993
5147086,5072680,5072748,1993
5147087,5093036,5216921,1993
5147088,5072722,5121232,1993
5147092,5072677,5184912,1993
5147096,5108636,5109178,1993
5147097,5072966,5116087,1993
5147098,5097588,5108642,1993
5147103,5078087,5121236,1993
5147104,5078104,5093032,1993
5147105,5080180,5132341,1993
5147108,5093039,5127538,1993
5147109,5108630,5147022,1993
5147114,5097040,5117226,1993
5147115,5072738,5116101,1993
5147116,5078064,5127536,1993
5147118,5110131,5116506,1993
5147119,5109253,5109259,1993
5147121,5110146,5116503,1993
5147122,5072772,5092314,1993
5147123,5108623,5147049,1993
5147124,5108600,5109473,1993
5147126,5117714,5147023,1993
5147127,5097676,5108635,1993
5147129,5097622,5110135,1993
5147130,5093050,5127537,1993
5147132,5072656,5117174,1993
5147133,5072246,5121239,1993
5147134,5079273,5132278,1993
5147138,5108601,5145084,1993
5147139,5108588,NA,1993
5147140,5109278,5145083,1993
5147141,5077882,5143013,1993
5147142,5078501,5109163,1993
5147143,5097464,5109153,1993
5147146,5132345,5216994,1993
5147147,5080373,5156252,1993
5147148,5054432,5121240,1993
5147150,5109655,NA,1993
5147153,5092867,5184901,1993
5147154,5092866,5143016,1993
5147156,5072539,5077962,1993
5147157,5097467,5143018,1993
5147159,5092869,5202907,1993
5147160,5077957,5092871,1993
5147162,5080284,5092902,1993
5147163,5077972,5080190,1993
5147167,5078061,5187917,1993
5147168,5072773,5110002,1993
5147172,5080338,5146994,1993
5147174,5078128,5092815,1993
5147175,5117787,5117801,1993
5147178,5109393,5109460,1993
5147179,5109763,5109863,1993
5147182,5097540,5132348,1993
5147193,5098419,5109325,1993
5147194,5072690,NA,1993
5147195,5080225,5143019,1993
5147198,5078437,5097955,1993
5147199,5097654,5143096,1993
5147201,5109262,5109321,1993
5147204,5109882,5147013,1993
5147205,5097441,5098435,1993
5147207,5087848,5121249,1993
5147209,5109462,NA,1993
5147210,5098462,5116965,1993
5147211,5108575,5110032,1993
5147212,5097480,5147014,1993
5147214,5110124,5116926,1993
5147216,5109396,5121158,1993
5147217,5097537,5108531,1993
5147220,5078436,NA,1993
5147225,5092656,NA,1993
5147226,5078025,5093136,1993
5147227,5078011,5146156,1993
5147230,5080398,5146104,1993
5147231,5109832,NA,1993
5147232,5078371,5147101,1993
5147235,5078020,5078288,1993
5147237,5093132,NA,1993
5147239,5109982,5121029,1993
5147240,5109988,5116499,1993
5147241,5078004,NA,1993
5147242,5132273,5144467,1993
5147244,5080112,5155998,1993
5147246,5098700,5109113,1993
5147250,5092625,NA,1993
5147251,5072200,5097506,1993
5147252,5109829,NA,1993
5147253,5109114,NA,1993
5147254,5087806,5117233,1993
5147255,5098737,5146089,1993
5147256,5098119,5121042,1993
5147259,5080092,5132268,1993
5147260,5117751,NA,1993
5147262,5097524,5098126,1993
5147263,5098706,5110159,1993
5147264,5098528,5108539,1993
5147265,5097514,NA,1993
5147266,5078315,5116632,1993
5147267,5080076,5092852,1993
5147272,5109835,NA,1993
5147273,5080195,5132332,1993
5147275,5116683,5116905,1993
5147283,5116638,5147024,1993
5147285,5072578,5092118,1993
5147288,5054730,5092334,1993
5147292,5092112,NA,1993
5147294,5078274,5078279,1993
5147295,5117867,5147111,1993
5147298,5108562,5117829,1993
5147299,5097546,NA,1993
5147300,5116673,5116931,1993
5147301,5072689,5117189,1993
5147302,5116966,5147016,1993
5147305,5098471,5109256,1993
5147306,5092991,5147064,1993
5147308,5092926,5143020,1993
5147309,5078251,5097568,1993
5147310,5093155,5143027,1993
5147313,4002411,5143040,1993
5147315,5098439,5098447,1993
5147318,5098846,5147029,1993
5147320,5072634,NA,1993
5147322,5110116,5216990,1993
5147323,5097606,5110067,1993
5147325,4014183,5127540,1993
5147328,5078205,5121246,1993
5147334,5092897,5092919,1993
5147335,5092903,5098495,1993
5147336,5080211,5098497,1993
5147337,5092934,5092967,1993
5147340,5092941,5092977,1993
5147341,5072642,5078187,1993
5147342,5072577,5092970,1993
5147344,5092906,5092973,1993
5147345,5078233,5080254,1993
5147349,5110028,5116967,1993
5147351,5079447,5098620,1993
5147352,5079399,5108654,1993
5147353,5108648,5109669,1993
5147355,5116345,5116408,1993
5147356,5116480,5147004,1993
5147357,5109713,5116346,1993
5147360,5092711,NA,1993
5147361,5098819,5108719,1993
5147363,5072166,5097382,1993
5147364,5077813,5092669,1993
5147365,5077825,5078343,1993
5147366,5078390,5146111,1993
5147367,5072288,5147033,1993
5147368,5080324,5092640,1993
5147369,5109796,5117672,1993
5147372,5054420,NA,1993
5147375,5098203,5098214,1993
5147376,5098190,5098229,1993
5147377,5080387,5109060,1993
5147378,5087841,5098224,1993
5147379,5078483,5092103,1993
5147381,5092644,5093077,1993
5147386,5078332,5079499,1993
5147387,5098695,5143074,1993
5147388,5077742,5079340,1993
5147390,5072206,5121085,1993
5147391,5072165,5132323,1993
5147392,5078299,5121094,1993
5147393,5078314,5216958,1993
5147394,5072740,5080372,1993
5147395,5072332,5078291,1993
5147396,5079210,5080033,1993
5147397,5080013,5132264,1993
5147398,5098550,5117637,1993
5147401,5097762,5097763,1993
5147402,5097547,5108774,1993
5147404,5097764,5108806,1993
5147405,4009275,5117909,1993
5147406,5116708,NA,1993
5147409,5072869,5121222,1993
5147410,5116707,5116723,1993
5147411,5078476,5147011,1993
5147413,5092146,NA,1993
5147416,5072248,5145075,1993
5147417,5109639,5109647,1993
5147418,5072877,NA,1993
5147421,5097399,5109953,1993
5147422,5108802,NA,1993
5147424,5090340,5098577,1993
5147425,5077709,5127505,1993
5147426,5077707,5117235,1993
5147428,5072282,5116091,1993
5147429,5146061,5146062,1993
5147431,5092255,5093243,1993
5147433,5093246,5132317,1993
5147434,5093247,5132280,1993
5147437,5109718,5116786,1993
5147438,5098587,5108746,1993
5147440,5097242,5097768,1993
5147442,5054692,NA,1993
5147443,5077714,NA,1993
5147447,5108736,5116752,1993
5147449,5079013,5109621,1993
5147451,5098568,NA,1993
5147452,5098107,5147007,1993
5147454,5116019,5147008,1993
5147455,5097771,NA,1993
5147457,5109731,5147067,1993
5147458,5108752,5121134,1993
5147459,5077710,5079332,1993
5147462,5109707,5116763,1993
5147463,5109721,5116782,1993
5147464,5092515,5132318,1993
5147465,5121225,5202958,1993
5147466,5077799,5121224,1993
5147467,5109723,5143075,1993
5147468,5092820,5147010,1993
5147471,5092723,5143010,1993
5147472,5079423,5097143,1993
5147474,5097227,5147042,1993
5147476,5142942,5216940,1993
5147477,5072143,5077801,1993
5147479,5116394,5145072,1993
5147482,5092607,5127525,1993
5147483,5080371,5092308,1993
5147486,5127194,5147036,1993
5147487,5087864,5109048,1993
5147488,5072076,5072109,1993
5147491,5109765,5109775,1993
5147492,5077917,5121065,1993
5147493,5072126,5077773,1993
5147495,5098599,5116411,1993
5147497,5072107,5142817,1993
5147498,5092286,5121124,1993
5147499,5072067,5072120,1993
5147500,5098592,5147041,1993
5147501,5098862,5110319,1993
5147502,5092107,5109053,1993
5147503,5092295,5109085,1993
5147504,5093331,5093338,1993
5147505,5116093,5117053,1993
5147506,5116878,5146167,1993
5147508,5077877,5143058,1993
5147509,5054393,5054679,1993
5147510,5116871,5117051,1993
5147511,5097176,5098860,1993
5147512,5079118,5127345,1993
5147513,5098857,5110322,1993
5147515,5110323,5147039,1993
5147516,4011348,5098385,1993
5147517,5098861,5110325,1993
5147520,5116858,5117414,1993
5147521,5054653,5109071,1993
5147523,5079195,5079285,1993
5147524,5116887,5116898,1993
5147526,5098843,5110324,1993
5147527,5079265,5143078,1993
5147534,5116098,5117408,1993
5147535,5098847,5146166,1993
5147537,5108935,5117055,1993
5147538,5072871,5147059,1993
5147540,5093188,5093294,1993
5147541,5098381,5098884,1993
5147542,5078352,5079222,1993
5147544,5098925,5108817,1993
5147547,5093292,5097488,1993
5147550,5098262,5098896,1993
5147552,4003776,5121352,1993
5147553,5098895,5147053,1993
5147556,5072766,5146996,1993
5147558,5072838,5145081,1993
5147560,5072789,5143032,1993
5147561,5097565,5144485,1993
5147562,5117083,5117366,1993
5147563,5072818,5117222,1993
5147564,5097634,5146995,1993
5147565,5097636,5110341,1993
5147566,5079155,5184986,1993
5147571,5072780,9999903,1993
5147572,5077600,5142813,1993
5147574,5117070,5147040,1993
5147575,5098929,5110295,1993
5147577,5079156,5147054,1993
5147578,5097632,5216911,1993
5147580,5098942,5110297,1993
5147581,5077927,5093281,1993
5147582,5097688,5145082,1993
5147583,5108854,5109336,1993
5147590,5098994,5117069,1993
5147592,4004546,5216920,1993
5147593,5110484,5145078,1993
5147594,5117976,5147061,1993
5147595,5092608,5110279,1993
5147596,5098908,5110348,1993
5147599,5079453,5143003,1993
5147601,5098902,5098904,1993
5147602,5098344,5147062,1993
5147604,5072453,5121096,1993
5147605,5098286,5109526,1993
5147606,5077884,5079290,1993
5147608,5079216,5092535,1993
5147609,5054573,5156271,1993
5147610,5079308,5079324,1993
5147611,5098346,5143054,1993
5147612,5117436,5122387,1993
5147613,5097200,5142803,1993
5147618,5072450,5145076,1993
5147619,5072010,5143077,1993
5147620,5098909,5110282,1993
5147621,5098360,5098919,1993
5147622,5098918,5216906,1993
5147623,5110255,5116232,1993
5147626,5098309,5098910,1993
5147627,5098342,5109541,1993
5147628,5109588,5116231,1993
5147629,5072249,5079297,1993
5147632,5098068,5098343,1993
5147635,5093229,5116320,1993
5147637,5054572,5132309,1993
5147638,5098805,5147031,1993
5147639,5098648,5110221,1993
5147640,5077890,NA,1993
5147642,5110236,5147032,1993
5147644,4003114,5116881,1993
5147645,5077929,5146077,1993
5147647,5116308,5117465,1993
5147648,5087817,5109602,1993
5147649,5093430,5146170,1993
5147650,5054225,5117238,1993
5147653,5054685,5097898,1993
5147657,5097182,5143011,1993
5147658,5072055,5116125,1993
5147660,5093433,5184910,1993
5147661,5116260,5116292,1993
5147662,5079466,5079484,1993
5147663,5079454,5079462,1993
5147664,5098057,5098832,1993
5147665,5143036,5147000,1993
5147667,5072051,5093219,1993
5147675,5054547,5097966,1993
5147677,5078454,5145096,1993
5147680,5072037,5121140,1993
5147681,5079440,5127346,1993
5147682,5078469,5093461,1993
5147683,5077919,5097108,1993
5147685,5098083,5147027,1993
5147687,5109434,5147066,1993
5147688,5109439,5109963,1993
5147689,5080160,NA,1993
5147691,5078415,5127541,1993
5147692,5092976,5097661,1993
5147694,5097660,5109390,1993
5147695,5077867,5109605,1993
5147696,5097855,6845727,1993
5147697,5093438,5187918,1993
5147698,5109087,5155946,1993
5147700,5054597,5093412,1993
5147702,5078460,5143001,1993
5147703,5079388,5079404,1993
5147704,5079413,5147006,1993
5147705,5077822,5108677,1993
5147707,5108691,5144479,1993
5147708,5098591,5110400,1993
5147709,5097121,5143005,1993
5147711,5109680,5116400,1993
5147713,5097116,5116409,1993
5147714,5097222,5108705,1993
5147715,5116365,5116386,1993
5147716,5077765,NA,1993
5147718,5079288,NA,1993
5147719,5109550,5109683,1993
5147720,5108666,5109760,1993
5147721,5072080,5156260,1993
5147722,5078290,5108726,1993
5147723,5108700,5202974,1993
5147724,5097219,5109779,1993
5147725,5077774,5098623,1993
5147727,5079390,5079393,1993
5147729,5077821,5143045,1993
5147730,5098788,5127247,1993
5147732,5116888,5143004,1993
5147734,5072082,5121229,1993
5147735,5077806,5110218,1993
5147736,5072071,5155988,1993
5147737,5098822,5116350,1993
5147738,5098231,5098632,1993
5147739,4003166,5127348,1993
5147742,5108731,5147005,1993
5147743,5117502,5147068,1993
5147744,5098615,5142939,1993
5147747,5092503,5132340,1993
5147748,5108658,5108659,1993
5147749,5098166,5098651,1993
5147752,5072352,NA,1993
5147755,5087828,5146998,1993
5147756,5110442,5117030,1993
5147757,5072390,5147046,1993
5147758,5117011,5146144,1993
5147760,5098998,5117042,1993
5147761,5147019,5216929,1993
5147763,5072811,5087827,1993
5147765,5097727,5147055,1993
5147766,5072803,5077510,1993
5147768,5117076,5147056,1993
5147774,5079076,5147020,1993
5147775,5098995,5109235,1993
5147777,5147044,NA,1993
5147778,5077528,5147045,1993
5147780,5092633,5117344,1993
5147788,5132333,5145095,1993
5147789,5117273,NA,1993
5147790,5108839,5116076,1993
5147791,5079095,NA,1993
5147792,5077869,5117133,1993
5147793,5098982,NA,1993
5147794,5108922,NA,1993
5147795,5110407,5146999,1993
5147799,5108909,5117341,1993
5147800,5108862,5147057,1993
5147801,5092270,NA,1993
5147803,5079079,5147051,1993
5147805,5117050,5117097,1993
5147809,5079146,NA,1993
5147810,5109915,5117014,1993
5147815,5116968,5117112,1993
5147818,5117140,5117285,1993
5147821,5097649,5147058,1993
5147822,5110368,5110369,1993
5147824,5080394,5121203,1993
5147827,5098971,5110365,1993
5147831,5072844,5108882,1993
5147835,5098969,5108885,1993
5147836,5117115,5117123,1993
5147837,5079102,5079113,1993
5147840,5078382,NA,1993
5147846,5079096,5147052,1993
5147847,5110402,5117330,1993
5147850,5121077,5143044,1993
5147851,5097868,5109563,1993
5147852,5109031,5109038,1993
5147853,5097925,5109030,1993
5147854,5098291,5121053,1993
5147855,5092198,5117153,1993
5147856,5054710,5072997,1993
5147857,5116015,5116896,1993
5147858,5054579,5092797,1993
5147859,5097845,5097943,1993
5147860,5116243,5121012,1993
5147866,5072442,5116149,1993
5147867,5117942,5117969,1993
5147868,5117967,5122254,1993
5147869,4005103,5098272,1993
5147870,5097895,5116030,1993
5147871,5077863,5117170,1993
5147872,5093369,5097010,1993
5147873,5077858,5109575,1993
5147874,5092775,5132279,1993
5147875,5121196,5145067,1993
5147876,5097021,5217757,1993
5147877,5116031,5116114,1993
5147878,5093374,5116147,1993
5147879,5092737,5098277,1993
5147880,5117191,5184945,1993
5147881,5116207,5121005,1993
5147882,5072492,5079193,1993
5147883,5097844,5121073,1993
5147884,5117159,5142850,1993
5147885,5108819,5110491,1993
5147886,5097878,5132319,1993
5147887,5098288,5142832,1993
5147889,5072372,5078355,1993
5147890,5087801,5109577,1993
5147891,5079220,5092564,1993
5147892,5072374,5109593,1993
5147893,5077648,5079244,1993
5147894,5072397,5132320,1993
5147895,5097004,5097020,1993
5147896,5054229,5146164,1993
5147897,4004540,5097822,1993
5147898,5072387,5121182,1993
5147899,5109531,5127644,1993
5147900,5079036,5093432,1993
5147902,5109925,5116477,1993
5147905,5117594,5117675,1993
5147906,5072180,5072188,1993
5147910,5092144,5109615,1993
5147913,5109717,5109818,1993
5147921,5078422,5092324,1993
5147927,4003798,5098672,1993
5147928,5092714,5098168,1993
5147930,5109926,5109941,1993
5147931,5098232,5098551,1993
5147932,5109903,NA,1993
5147933,5092673,5217722,1993
5147934,5092609,5092697,1993
5147935,5080181,5146079,1993
5147936,5098245,5098626,1993
5147937,5078286,5079475,1993
5147939,5097032,5117202,1993
5147940,5098664,5109931,1993
5147941,5109753,5116779,1993
5147943,5080074,5127349,1993
5147944,5079490,5093122,1993
5147946,4000767,5109912,1993
5147947,5127350,5216957,1993
5147948,5144497,5127350,1993
5147949,5097347,5132325,1993
5147951,5078431,5121056,1993
5147952,5116247,5122268,1993
5147953,5092834,5117248,1993
5147954,5109564,5187991,1993
5147955,5097025,5116040,1993
5147956,5072399,5079233,1993
5147957,5098303,5121207,1993
5147958,5054732,5097832,1993
5147959,5108979,5108995,1993
5147960,5072003,5097827,1993
5147961,5079234,5121071,1993
5147962,5072394,5121208,1993
5147963,5097286,5117196,1993
5147964,5093278,5117199,1993
5147965,5098257,5098258,1993
5147966,5097937,5109587,1993
5147967,5097162,5121178,1993
5147968,5117078,5117966,1993
5147969,5072423,5117200,1993
5147970,5109567,5110477,1993
5147971,5116158,5146993,1993
5147972,5093355,6834674,1993
5147973,5054634,5072886,1993
5147974,5109227,5109589,1993
5147975,5121197,5121199,1993
5147976,5079251,5116049,1993
5147977,5093361,5093454,1993
5147978,5093358,5093453,1993
5147979,5108972,5108973,1993
5147980,5092764,5097045,1993
5147981,5109000,5109005,1993
5147982,5093452,5116025,1993
5147983,5109096,5143002,1993
5147984,5054714,5155950,1993
5147985,5072756,5132302,1993
5147986,5092348,5093451,1993
5147987,5098713,5110464,1993
5147988,5098718,5108830,1993
5147989,5098945,5142830,1993
5147990,5097161,5110450,1993
5147991,5097068,5097088,1993
5147992,5109554,5109555,1993
5147993,4000729,5116253,1993
5147994,5116044,5147018,1993
5147995,5072879,5109044,1993
5147996,4003125,5098098,1993
5147997,5117456,NA,1993
5147998,5116351,5117496,1993
5148000,5093373,5216905,1993
5148087,5072691,5147017,1994
5148088,5109383,5116922,1994
5148089,5117395,5117920,1994
5148090,5077690,5148092,1994
5148095,5078231,5092961,1994
5148096,5080262,5132285,1994
5148097,5108579,5108583,1994
5148100,5078414,5117182,1994
5148103,5117708,5148049,1994
5148106,5087836,5143042,1994
5148107,5116517,5116525,1994
5148110,5097521,5142825,1994
5148112,5080368,5097036,1994
5148113,5092575,5144477,1994
5148115,5080073,5143043,1994
5148117,5097959,5121233,1994
5148119,5117808,5122108,1994
5148121,5116760,5117926,1994
5148122,5116837,5116845,1994
5148123,5097516,5109851,1994
5148124,5097476,5146135,1994
5148125,5117870,5222648,1994
5148126,5108787,5108789,1994
5148127,5109137,5146126,1994
5148129,5087823,5132290,1994
5148130,5078040,5132289,1994
5148137,5092566,5142826,1994
5148139,5116336,5148064,1994
5148140,5122463,5127040,1994
5148142,5116095,5122467,1994
5148144,5092138,5202951,1994
5148145,5092679,5146157,1994
5148146,5092116,5109631,1994
5148147,5121032,5122472,1994
5148148,5072237,5087805,1994
5148150,5097403,5109108,1994
5148151,5110201,5110206,1994
5148156,5093146,5146088,1994
5148157,5122196,5122466,1994
5148158,5116823,5122450,1994
5148159,5097503,5098095,1994
5148160,5122445,5122465,1994
5148163,5092109,5097373,1994
5148171,5077753,5092145,1994
5148173,5098682,5146119,1994
5148174,5078318,5080015,1994
5148175,5093116,5098694,1994
5148177,5072170,5109800,1994
5148180,5098752,5144470,1994
5148181,5078294,5093196,1994
5148182,5116755,5147038,1994
5148183,5093109,5132263,1994
5148184,5072196,5144493,1994
5148185,5080006,5121095,1994
5148186,5098709,5098744,1994
5148187,5109820,5148011,1994
5148189,5093194,5132328,1994
5148190,5072187,5092125,1994
5148194,5072224,5072328,1994
5148195,5079355,5092999,1994
5148197,5072531,5142821,1994
5148198,5098235,5148047,1994
5148199,5098696,5132260,1994
5148200,5092257,5132259,1994
5148206,5054669,5148016,1994
5148207,5098233,5148017,1994
5148210,5097367,5109794,1994
5148212,5109824,5117666,1994
5148218,5087809,5121116,1994
5148228,5098757,5109828,1994
5148229,5098707,5109913,1994
5148231,5117622,5148018,1994
5148233,5054606,5072958,1994
5148236,5072190,5132265,1994
5148237,5098765,5142943,1994
5148238,5054533,5093467,1994
5148240,5072979,5121112,1994
5148242,5116453,5117681,1994
5148245,5054428,5116081,1994
5148246,5116415,5117652,1994
5148248,5098183,5121117,1994
5148249,5078246,5097774,1994
5148251,5116286,5116331,1994
5148252,4013058,5132310,1994
5148254,5098810,5121198,1994
5148256,5097189,5110263,1994
5148261,5108947,5110230,1994
5148263,5110242,5142820,1994
5148264,5079456,5093298,1994
5148265,5110168,5110227,1994
5148266,5092632,5093227,1994
5148267,5097146,5148074,1994
5148268,5092612,5092634,1994
5148269,5098061,5098067,1994
5148271,5077923,5127341,1994
5148272,5110210,5122401,1994
5148273,5093222,5127339,1994
5148274,5092193,5142809,1994
5148275,5122390,5148040,1994
5148276,5054224,5148093,1994
5148277,5072006,5148059,1994
5148281,5117479,5122388,1994
5148282,5092300,5142945,1994
5148283,5072022,5143037,1994
5148285,5110198,5110211,1994
5148286,5072046,5072968,1994
5148289,5116284,5116296,1994
5148291,5092655,5109612,1994
5148292,5116338,5122412,1994
5148294,5092142,5148062,1994
5148295,5098800,5109946,1994
5148296,5122411,5127688,1994
5148299,5110231,5110299,1994
5148301,5117716,5127782,1994
5148304,5080131,5117168,1994
5148307,5109181,5117720,1994
5148310,5117695,5148055,1994
5148311,5108588,5148080,1994
5148312,5097630,5146097,1994
5148313,5117722,5117733,1994
5148314,5087813,5116139,1994
5148317,5108608,5109276,1994
5148318,5080118,5148091,1994
5148319,5108507,5117746,1994
5148320,5080174,5132343,1994
5148322,5110166,5116597,1994
5148323,5098375,5109260,1994
5148328,5078120,5121206,1994
5148329,4008618,5110140,1994
5148330,5093061,5143093,1994
5148331,5093025,5093051,1994
5148332,5121483,5121494,1994
5148333,5078096,5080159,1994
5148336,5117705,5122001,1994
5148338,5080168,5093045,1994
5148339,5110186,5121456,1994
5148341,5110180,5116564,1994
5148342,5109490,5148054,1994
5148345,5093033,5121155,1994
5148347,5109192,5143100,1994
5148348,5078418,5097917,1994
5148352,5117404,5117417,1994
5148355,5092550,5121153,1994
5148360,5077879,5121188,1994
5148362,5098864,5145091,1994
5148364,5117409,5121425,1994
5148365,5079177,5092264,1994
5148369,5116877,5121431,1994
5148370,5098854,5098872,1994
5148371,5116899,5117415,1994
5148372,5117407,5121462,1994
5148376,5054555,5098033,1994
5148378,5098863,5121421,1994
5148380,5078351,5127340,1994
5148381,5077876,5146128,1994
5148382,5097173,5098386,1994
5148384,5097095,5148069,1994
5148389,5079194,5079256,1994
5148390,NA,NA,1994
5148391,5098868,5110258,1994
5148395,5097785,5146143,1994
5148397,5077900,5092796,1994
5148398,5093440,5109067,1994
5148399,5079307,5121097,1994
5148400,5097256,5097261,1994
5148401,4003113,5078576,1994
5148402,5077886,5116126,1994
5148405,5122359,5127255,1994
5148406,5117186,5202971,1994
5148407,5122355,5122357,1994
5148408,5078069,5127342,1994
5148409,5054598,5097888,1994
5148410,5092747,5121209,1994
5148411,5116215,5122384,1994
5148412,5072437,5146112,1994
5148413,5072285,5109607,1994
5148415,5098338,5098906,1994
5148418,5148039,5187978,1994
5148420,5054697,5109066,1994
5148421,5110252,5116322,1994
5148428,5098077,5132305,1994
5148429,5072464,5121100,1994
5148430,5072807,5116074,1994
5148431,5072495,5079180,1994
5148435,5077542,5146152,1994
5148436,5109450,5146129,1994
5148437,5080169,5148065,1994
5148438,5093290,5110281,1994
5148439,5108857,5142812,1994
5148440,5079092,5079099,1994
5148441,5093266,5144486,1994
5148442,5098923,5110346,1994
5148444,5097758,5109444,1994
5148445,5110339,5146103,1994
5148446,5097066,5110343,1994
5148447,5098335,5108847,1994
5148450,5072497,5142815,1994
5148451,5117609,5127180,1994
5148452,5109901,5109923,1994
5148453,5109902,5117606,1994
5148455,5097452,5098155,1994
5148456,5078248,5121093,1994
5148457,5097389,5098541,1994
5148458,5092569,5098670,1994
5148459,5093120,5097387,1994
5148460,5092682,5109759,1994
5148462,5054214,5092321,1994
5148464,5098175,5116451,1994
5148465,5072160,5146072,1994
5148466,5117630,5148012,1994
5148467,5116434,5146101,1994
5148468,5098085,5148043,1994
5148471,5093110,5109102,1994
5148475,5144496,5144500,1994
5148481,5080391,5116118,1994
5148482,5109417,5116135,1994
5148483,5080266,5148052,1994
5148484,4001546,5078219,1994
5148485,5098457,5109401,1994
5148486,5097617,5116969,1994
5148491,5109877,5116964,1994
5148492,5092982,5143090,1994
5148493,5097450,5146125,1994
5148494,5109351,5148081,1994
5148495,5092298,5109226,1994
5148496,5097552,5108529,1994
5148497,5109355,5109889,1994
5148498,5110142,5116929,1994
5155501,5098481,5148057,1994
5155503,5098505,5116701,1994
5155504,5080333,5143069,1994
5155508,5116732,5117561,1994
5155509,5072305,5121084,1994
5155510,5072986,5143070,1994
5155511,5109733,5148072,1994
5155515,5109709,5146116,1994
5155516,5077721,5108766,1994
5155518,5108751,5108754,1994
5155519,5072290,5132316,1994
5155521,5109705,5116750,1994
5155522,5072256,5121061,1994
5155523,5127298,5127398,1994
5155524,5080362,5109082,1994
5155525,5072201,5116089,1994
5155526,5097303,5146115,1994
5155527,5080351,5127523,1994
5155528,5078443,5078471,1994
5155529,5098745,5146071,1994
5155532,5077731,5143007,1994
5155535,5098536,5108743,1994
5155536,5079407,5093299,1994
5155540,5079333,5127524,1994
5155541,5079362,5080286,1994
5155545,5097150,5109738,1994
5155546,5109701,5148015,1994
5155547,5116392,5127309,1994
5155548,5054232,5108742,1994
5155550,5078394,5148019,1994
5155553,5072755,5080230,1994
5155554,5077998,5143086,1994
5155555,5072603,5146076,1994
5155556,5072342,5132282,1994
5155557,5116550,5116938,1994
5155559,5072641,5077984,1994
5155562,5078174,5097618,1994
5155563,5110111,5110120,1994
5155565,5080277,5146124,1994
5155566,5116585,5116943,1994
5155568,5093026,5108585,1994
5155569,5072551,5145089,1994
5155570,5054540,5148024,1994
5155571,5098498,5108621,1994
5155573,5108514,5146122,1994
5155576,5072872,5121175,1994
5155582,5072665,5146121,1994
5155583,5078193,5143088,1994
5155586,5117908,5122119,1994
5155587,5080248,5093172,1994
5155589,5117880,5132018,1994
5155590,5072657,5148025,1994
5155591,5072671,5092898,1994
5155592,5110070,5116677,1994
5155596,5117918,5127928,1994
5155597,5110044,5148051,1994
5155599,4001522,5148071,1994
5155603,5110018,5116694,1994
5155604,5072575,5108516,1994
5155605,5109470,5110065,1994
5155609,5080296,5148028,1994
5155611,5116658,5116937,1994
5155612,5108543,5117849,1994
5155613,5116849,5147050,1994
5155614,5110026,5144472,1994
5155615,5116851,5117832,1994
5155616,5054716,5148053,1994
5155620,5080310,5132287,1994
5155621,5054434,5144475,1994
5155624,5072597,5080315,1994
5155626,5097491,5144476,1994
5155629,5110039,5116691,1994
5155633,5078170,5109369,1994
5155634,5116656,5122096,1994
5155635,5117827,5148027,1994
5155636,5108561,5109408,1994
5155637,5108565,5145085,1994
5155639,5092589,5148050,1994
5155640,5109430,5116942,1994
5155641,5108532,5222708,1994
5155642,5087846,5116104,1994
5155647,5097440,5097447,1994
5155648,5077971,5093166,1994
5155650,5080179,5121248,1994
5155652,5109880,5116598,1994
5155653,5078500,5092127,1994
5155654,5072563,5080228,1994
5155656,5109331,5109886,1994
5155661,5109400,5109859,1994
5155663,5098468,5109461,1994
5155664,5098416,5098470,1994
5155666,5098466,5110009,1994
5155669,5098409,5109475,1994
5155670,5072561,5148021,1994
5155676,5072584,5117175,1994
5155677,5098476,5109200,1994
5155679,5097608,5142822,1994
5155680,5092881,5116511,1994
5155681,5109150,5116549,1994
5155682,5097469,5146074,1994
5155683,5098455,5143026,1994
5155684,5072798,5108798,1994
5155685,5110024,5110356,1994
5155686,5072540,5109135,1994
5155687,5078165,5121172,1994
5155689,5098143,5098882,1994
5155691,5077589,5079045,1994
5155692,5098298,5108821,1994
5155693,5098898,5110151,1994
5155695,5097600,5098259,1994
5155697,4000773,5097681,1994
5155698,5072493,5146099,1994
5155699,5072496,5143071,1994
5155700,5072488,5146102,1994
5155702,5098964,5217763,1994
5155704,5117102,5117343,1994
5155705,5097726,5148066,1994
5155706,5108871,5146149,1994
5155710,5117003,5117013,1994
5155711,5098984,5146160,1994
5155716,5072953,5145092,1994
5155717,5072954,5117214,1994
5155721,5108927,5148032,1994
5155722,5108869,5148067,1994
5155723,5097738,5148031,1994
5155725,5117019,5121294,1994
5155728,5109232,5146154,1994
5155731,5098962,5110419,1994
5155733,5117026,5132083,1994
5155737,5072832,5110420,1994
5155738,5079147,5148083,1994
5155739,5079069,5079071,1994
5155740,5097713,5147047,1994
5155741,5097728,5098999,1994
5155742,5117309,5117311,1994
5155743,5072823,5077550,1994
5155747,5121254,5121323,1994
5155748,5110432,5121268,1994
5155751,5098823,5109660,1994
5155752,5116385,5148013,1994
5155753,4012503,5098766,1994
5155756,5092148,5092727,1994
5155757,5116418,5117540,1994
5155758,5092721,5121133,1994
5155759,5121063,5216914,1994
5155762,5054414,5183089,1994
5155766,5079343,5121064,1994
5155767,5072123,5080035,1994
5155768,5098546,5148014,1994
5155769,5098684,5109938,1994
5155771,5127068,5127237,1994
5155780,4005402,5121165,1994
5155781,5072928,5098005,1994
5155782,5054444,5097039,1994
5155783,5098514,5116020,1994
5155784,5108709,5108770,1994
5155785,5080363,5148075,1994
5155787,5072118,5097983,1994
5155788,5092685,5121166,1994
5155796,5097221,5143008,1994
5155797,5117541,5117543,1994
5155799,5143079,5184907,1994
5155801,5109579,6845705,1994
5155803,5097058,5097062,1994
5155804,5109545,5121211,1994
5155805,5116193,5121108,1994
5155806,2871252,5092197,1994
5155807,5098785,5116199,1994
5155808,5116230,5117955,1994
5155809,4001494,5097946,1994
5155810,5109515,5142833,1994
5155811,5097881,5148007,1994
5155812,5080382,5093488,1994
5155813,4001487,5116001,1994
5155814,5110499,5117985,1994
5155815,5121058,5121074,1994
5155816,5072247,5117160,1994
5155817,5121004,5122383,1994
5155818,4003794,5117058,1994
5155819,5072758,5092117,1994
5155820,5117998,5148076,1994
5155821,4009289,5116244,1994
5155822,5092553,5097083,1994
5155823,5109011,5109015,1994
5155824,5110290,5110459,1994
5155825,5116032,5142831,1994
5155826,5116048,5184946,1994
5155827,5098282,5148009,1994
5155828,5109292,5110481,1994
5155829,5121009,5122246,1994
5155830,5121072,5146127,1994
5155831,5093439,5109581,1994
5155832,5109558,5109559,1994
5155833,5079231,5098256,1994
5155834,5092552,5117194,1994
5155835,5092111,5109288,1994
5155836,5092135,5109008,1994
5155837,4007607,5097951,1994
5155838,5097205,5122286,1994
5155839,4002432,5109013,1994
5155840,5109246,5109502,1994
5155841,5092549,5098301,1994
5155842,5078375,5117250,1994
5155843,5108980,5109023,1994
5155844,5098364,5109287,1994
5155846,5097780,5109513,1994
5155847,5098139,5142807,1994
5155848,5079183,5079217,1994
5155849,5093375,5121054,1994
5155851,5116174,5117938,1994
5155852,5098003,5117249,1994
5155853,5109576,5121210,1994
5155854,5097798,5097893,1994
5155855,5072449,5222542,1994
5155856,5072381,5093482,1994
5155857,5117351,5117948,1994
5155858,5078397,5093364,1994
5155859,4004538,5116011,1994
5155860,2814115,5098239,1994
5155861,5079050,5092526,1994
5155863,5072395,5109572,1994
5155864,4009241,5093283,1994
5155865,5116029,5117161,1994
5155866,5092126,5092133,1994
5155867,5108968,5109565,1994
5155868,5122253,5122290,1994
5155869,5072392,5116053,1994
5155870,4039237,5217758,1994
5155871,5097892,5121200,1994
5155872,4007051,5109250,1994
5155873,5092739,5121195,1994
5155874,5079181,5092829,1994
5155877,5098221,5108722,1994
5155878,5092814,5127186,1994
5155883,5109766,5116422,1994
5155887,5054650,5144478,1994
5155888,5117638,5127205,1994
5155889,5116352,5127124,1994
5155893,5080325,5144480,1994
5155894,5077776,5146083,1994
5155895,5109780,5127193,1994
5155896,5108693,5116375,1994
5155898,5098585,5146084,1994
5155899,5097229,5109727,1994
5155903,5117031,5121273,1994
5155904,5077580,5098071,1994
5155905,5097757,5108850,1994
5155906,5148036,5216909,1994
5155907,5072973,5148068,1994
5155909,5108890,5108892,1994
5155910,5072569,5148070,1994
5155911,5117050,5117097,1994
5155916,5079110,5079130,1994
5155917,5079122,5097642,1994
5155918,5097745,5109209,1994
5155919,5098966,5148037,1994
5155920,5117114,5117289,1994
5155923,5080355,5146137,1994
5155924,5079083,5146147,1994
5155925,5079074,5109236,1994
5155926,5117291,5121317,1994
5155927,5108878,5148082,1994
5155928,5110361,5110366,1994
5155929,5077576,5148084,1994
5155930,5117266,5121329,1994
5155931,5077555,5097755,1994
5155934,5117106,5117126,1994
5155935,5097691,5148038,1994
5155940,5077533,5146139,1994
5155941,5116096,5117095,1994
5155953,5116404,5148056,1994
5155957,5077812,5078428,1994
5155967,5109699,5109927,1994
5155976,5072065,5097378,1994
5155978,5098654,5098676,1994
5156002,5054573,5156271,1995
5156003,4000508,5079291,1995
5156005,5077884,5079290,1995
5156007,4000729,5116253,1995
5156009,5079453,5143003,1995
5156017,5098619,5098900,1995
5156018,5116276,5116301,1995
5156020,5098908,5110348,1995
5156021,5110253,5116008,1995
5156022,5097186,5110279,1995
5156023,5117976,5155994,1995
5156024,5110484,5145078,1995
5156025,4004546,5216920,1995
5156026,5117444,5121388,1995
5156027,5072435,5121151,1995
5156028,5155949,5184941,1995
5156029,5098902,5098904,1995
5156030,5098344,5147062,1995
5156031,5121351,5122273,1995
5156032,5097259,5110276,1995
5156033,5097200,5142803,1995
5156034,5079325,5116258,1995
5156035,5079308,5079324,1995
5156037,5072249,5079297,1995
5156039,5092343,6845720,1995
5156041,5098918,5216906,1995
5156042,5098360,5098919,1995
5156043,5098909,5110282,1995
5156046,5098342,5109541,1995
5156047,5122367,5146161,1995
5156049,5108988,5116231,1995
5156050,5132026,5144025,1995
5156051,5098719,5109310,1995
5156053,5093188,5093294,1995
5156054,5109590,5127507,1995
5156055,5078352,5079222,1995
5156056,5098394,5109530,1995
5156057,5092295,5109085,1995
5156059,5110318,5110329,1995
5156061,5108935,5117055,1995
5156062,5092570,5109608,1995
5156063,5121428,5121438,1995
5156064,5098366,5098378,1995
5156065,5098847,5146166,1995
5156068,5098871,5142836,1995
5156071,5116887,5116898,1995
5156072,5110324,5155992,1995
5156073,5054632,5146058,1995
5156074,5143035,NA,1995
5156075,5079265,5143078,1995
5156076,5121436,5127575,1995
5156078,5121405,5144382,1995
5156080,5054393,5054679,1995
5156081,5078399,5109072,1995
5156082,5077877,5143058,1995
5156083,5098856,5121090,1995
5156084,5078356,5146059,1995
5156085,5116093,5117053,1995
5156086,5116878,5146167,1995
5156087,5079118,5127345,1995
5156088,5116858,5117414,1995
5156089,4011348,5098385,1995
5156090,5116861,5121406,1995
5156094,5110323,5147039,1995
5156095,5098857,5110322,1995
5156097,5098925,5108817,1995
5156098,5121398,5132240,1995
5156099,5093292,5097488,1995
5156101,5116154,5121372,1995
5156102,4003776,5121352,1995
5156103,5079179,5109808,1995
5156104,5098262,5098896,1995
5156106,5143030,5216910,1995
5156107,5072786,5117240,1995
5156108,5098895,5147053,1995
5156112,5072766,5146996,1995
5156113,5072789,5143032,1995
5156114,5097565,5144485,1995
5156115,5127957,5156015,1995
5156116,5117083,5117366,1995
5156117,5072818,5117222,1995
5156118,5097634,5146995,1995
5156119,5097636,5110341,1995
5156121,5184986,NA,1995
5156122,5072838,5145081,1995
5156123,5098929,5110295,1995
5156124,5117070,5147040,1995
5156127,5097688,5145082,1995
5156128,5077606,5117245,1995
5156129,5108854,5109336,1995
5156130,5077927,5093281,1995
5156132,5098942,5110297,1995
5156133,5097632,5216911,1995
5156139,5098994,5117069,1995
5156140,5110402,5117330,1995
5156143,5117253,5156279,1995
5156145,5117084,5117267,1995
5156147,5098975,5098982,1995
5156150,5110385,5121331,1995
5156151,5098974,5121321,1995
5156152,5097648,5097750,1995
5156153,5109210,5156275,1995
5156154,5110372,5146158,1995
5156155,5079102,5079113,1995
5156156,5072844,5108882,1995
5156158,5079086,5146146,1995
5156160,5117115,5117123,1995
5156161,5110374,5110437,1995
5156164,5079097,5117283,1995
5156166,5110367,5117009,1995
5156167,5080394,5121203,1995
5156168,5121312,5143714,1995
5156170,5121322,5121327,1995
5156171,5078384,5116079,1995
5156172,5098971,5110365,1995
5156173,5117141,5156273,1995
5156176,5077514,5156274,1995
5156177,5079079,5147051,1995
5156178,5077549,5079146,1995
5156179,5109915,5117014,1995
5156182,5117140,5117285,1995
5156184,5110368,5110369,1995
5156185,5097649,5147058,1995
5156187,5121306,5121333,1995
5156188,5072352,5145080,1995
5156191,5110442,5117030,1995
5156195,5098960,5108876,1995
5156196,5072803,5077510,1995
5156197,5117011,5146144,1995
5156198,5097727,5147055,1995
5156199,5072811,5087827,1995
5156200,5108842,5146150,1995
5156201,5080146,5146136,1995
5156203,5108774,5108775,1995
5156204,5097762,5097763,1995
5156205,5110145,5156282,1995
5156206,5098519,5156016,1995
5156207,5116660,5116712,1995
5156208,5072869,5121222,1995
5156209,5116707,5116723,1995
5156211,5108800,5116705,1995
5156213,5109639,5109647,1995
5156214,5097399,5109953,1995
5156215,5127483,5127979,1995
5156216,5072309,5077695,1995
5156217,5072293,5216988,1995
5156218,5110075,5148042,1995
5156219,5072507,5148041,1995
5156221,5080076,5092852,1995
5156224,5098528,5108539,1995
5156225,5078315,5116632,1995
5156227,5132171,5143560,1995
5156228,5072546,5156269,1995
5156229,5098127,5116846,1995
5156230,5127020,5132010,1995
5156231,5097524,5098126,1995
5156232,5109835,5117751,1995
5156233,5080092,5132268,1995
5156234,5098119,5121042,1995
5156236,5078017,5156253,1995
5156237,5109114,5109829,1995
5156238,5087806,5117233,1995
5156239,5098093,5098103,1995
5156240,5098568,5156286,1995
5156242,5098107,5147007,1995
5156244,5116019,5147008,1995
5156245,5097771,5116021,1995
5156246,5122423,5127010,1995
5156247,5108697,5146151,1995
5156248,5098530,5108727,1995
5156249,5117598,5127166,1995
5156301,5109723,5143075,1995
5156302,5077799,5121224,1995
5156303,5092515,5132318,1995
5156308,5108752,5121134,1995
5156309,5117593,5122438,1995
5156310,5109707,5116763,1995
5156312,5116769,5156291,1995
5156313,5127292,5127321,1995
5156314,5127288,5127303,1995
5156316,5109718,5116786,1995
5156318,5097242,5097768,1995
5156320,5097306,5127380,1995
5156325,5092255,5093243,1995
5156326,5092253,5132295,1995
5156329,5079013,5109621,1995
5156330,5108736,5116752,1995
5156333,5077714,5121152,1995
5156335,5117562,5127310,1995
5156336,5127416,5127417,1995
5156337,5116018,5122097,1995
5156338,5077709,5127505,1995
5156339,5090340,5098577,1995
5156340,5077707,5117235,1995
5156341,5116749,5116771,1995
5156342,5072282,5116091,1995
5156345,5079315,NA,1995
5156346,5127284,5127304,1995
5156347,5097424,5216899,1995
5156351,5097464,5109153,1995
5156353,5078051,5109163,1995
5156354,5117753,5122018,1995
5156355,5109655,5156294,1995
5156356,5109854,5122057,1995
5156357,5098403,5116618,1995
5156359,5098367,5109856,1995
5156360,5117775,5122034,1995
5156361,5054432,5121240,1995
5156364,5080373,5156252,1995
5156365,5132345,5216994,1995
5156366,5077813,5092669,1995
5156367,5072166,5097382,1995
5156368,5092711,5127347,1995
5156372,5116480,5147004,1995
5156373,5109713,5116346,1995
5156374,5109662,5117456,1995
5156376,5079399,5108654,1995
5156378,5079447,5098620,1995
5156379,5098166,5098651,1995
5156380,5097129,5098618,1995
5156381,5092503,5132340,1995
5156383,5072071,5155988,1995
5156384,5108731,5147005,1995
5156386,5116345,5116408,1995
5156387,5116351,5117496,1995
5156388,5127266,5127841,1995
5156389,5117491,5117515,1995
5156390,5117510,5127224,1995
5156391,5127158,5127252,1995
5156392,5116368,5117505,1995
5156393,5116377,5127232,1995
5156394,5054630,5098015,1995
5156396,5077806,5110218,1995
5156397,5072082,5121229,1995
5156398,5108651,5142946,1995
5156399,5097121,5143005,1995
5156400,5117539,5127216,1995
5156401,5098788,5127247,1995
5156404,5072879,5109044,1995
5156405,5097222,5108705,1995
5156406,5097211,5109693,1995
5156407,5116376,5148048,1995
5156408,5079492,5108692,1995
5156409,5116365,5116386,1995
5156410,5079288,5121067,1995
5156412,5108666,5109760,1995
5156413,5110470,5127204,1995
5156414,5079390,5079393,1995
5156415,5117536,5144211,1995
5156416,5108691,5144479,1995
5156418,5077822,5108677,1995
5156419,5108686,5116369,1995
5156420,5109697,5116449,1995
5156421,5117534,5132334,1995
5156422,5116401,5117599,1995
5156423,5097219,5109779,1995
5156424,5116403,5144118,1995
5156425,5087864,5109048,1995
5156426,5127168,5127191,1995
5156427,5127194,5147036,1995
5156428,5127184,5127196,1995
5156429,5078496,5092307,1995
5156430,5092607,5127525,1995
5156431,5054723,5156300,1995
5156432,5080371,5092308,1995
5156434,5127239,5127365,1995
5156435,5116394,5145072,1995
5156436,5072143,5077801,1995
5156437,5142942,5216940,1995
5156439,5072076,5072109,1995
5156440,5127150,5127295,1995
5156441,5108700,5202974,1995
5156442,5078290,5108726,1995
5156443,5072080,5156260,1995
5156444,5098771,5108684,1995
5156446,5077917,5121065,1995
5156447,5098594,5145073,1995
5156448,5109765,5109775,1995
5156450,5054087,5054536,1995
5156452,5079388,5079404,1995
5156453,5121066,9999927,1995
5156454,5078460,5143001,1995
5156455,5072067,5072120,1995
5156456,5117651,5127214,1995
5156457,5117628,5127140,1995
5156459,5127045,5127210,1995
5156461,5116366,5116788,1995
5156462,5098592,5147041,1995
5156464,5117657,5156011,1995
5156465,5122454,5127585,1995
5156466,5108675,5116353,1995
5156469,5098597,5109750,1995
5156470,5092723,5143010,1995
5156471,5079345,5156299,1995
5156472,5079380,5156256,1995
5156473,5079423,5097143,1995
5156475,5097227,5147042,1995
5156476,5127163,5127164,1995
5156477,5092274,5092625,1995
5156478,5072229,5156264,1995
5156480,5072200,5097506,1995
5156481,5109110,5109796,1995
5156482,5098700,5109113,1995
5156483,5122443,5122476,1995
5156487,5080112,5155998,1995
5156488,5093132,NA,1995
5156489,5109982,5121029,1995
5156490,5109101,5109933,1995
5156491,5109987,5156263,1995
5156492,5117251,5148045,1995
5156493,5109706,5156012,1995
5156494,5109988,5116499,1995
5156495,5078004,5156270,1995
5156496,5132273,5144467,1995
5156497,5108780,5217736,1995
5156499,5109832,5109990,1995
5156500,5078371,5147101,1995
5164001,5077976,5146109,1995
5164002,5078061,5187917,1995
5164004,5098401,5109272,1995
5164005,5092878,5109868,1995
5164006,5078137,5122172,1995
5164009,5079331,5092889,1995
5164010,5110163,5116623,1995
5164011,5072300,5148020,1995
5164012,5080125,5080141,1995
5164015,5072539,5077962,1995
5164016,5092866,5143016,1995
5164018,5093201,5143095,1995
5164021,5080284,5092902,1995
5164022,5092869,5202907,1995
5164023,5116608,5127909,1995
5164024,5092939,5098454,1995
5164025,5117759,5127907,1995
5164026,5122109,5122189,1995
5164027,5078141,5147012,1995
5164028,5116928,5216936,1995
5164029,5117787,5117801,1995
5164030,5116610,5117869,1995
5164032,5117830,5122086,1995
5164033,5109393,5109460,1995
5164034,5098484,5110100,1995
5164035,5080163,5097432,1995
5164036,5108517,5109418,1995
5164038,5097540,5132348,1995
5164040,5110013,5116643,1995
5164045,5127481,5143948,1995
5164049,5098419,5109325,1995
5164052,5097486,5132350,1995
5164054,5072690,5146110,1995
5164058,5122089,5122203,1995
5164059,5109896,5116633,1995
5164060,5092925,5156287,1995
5164061,5080179,5121248,1995
5164062,5122067,5127899,1995
5164064,5097481,5143029,1995
5164065,5087848,5121249,1995
5164067,5097441,5098435,1995
5164069,5117765,5122092,1995
5164071,5098462,5116965,1995
5164072,5092991,5147064,1995
5164073,5122074,5127893,1995
5164074,5098433,5143089,1995
5164075,5117929,5117930,1995
5164078,5098482,5109348,1995
5164079,5080219,5147065,1995
5164082,5072669,5148029,1995
5164085,5087820,5121103,1995
5164086,5098471,5109256,1995
5164089,5078251,5097568,1995
5164090,5110083,5122185,1995
5164092,5093155,5143027,1995
5164093,5072553,5109635,1995
5164094,5098439,5098447,1995
5164099,5132013,5132019,1995
5164100,5116906,5122042,1995
5164102,5109439,5109963,1995
5164103,5072685,5078255,1995
5164104,5092989,5187929,1995
5164105,5072637,5109432,1995
5164107,5110028,5116967,1995
5164108,5098446,5147029,1995
5164109,5116911,5116921,1995
5164112,5072634,NA,1995
5164116,5080242,5156288,1995
5164118,5092906,5092973,1995
5164119,5072577,5092970,1995
5164122,5127970,5144393,1995
5164123,5080160,5146093,1995
5164126,5127993,5127998,1995
5164127,4005443,NA,1995
5164128,5092976,5097661,1995
5164130,5109858,5110191,1995
5164131,5109387,5122215,1995
5164132,5128000,5156268,1995
5164133,5116983,5122228,1995
5164134,5097660,5109390,1995
5164135,5072642,5078187,1995
5164136,5078233,5080254,1995
5164137,4014183,5127540,1995
5164138,5110116,5216990,1995
5164139,5110073,5122063,1995
5164140,5143053,5183124,1995
5164141,5098500,5146123,1995
5164142,5097480,5147014,1995
5164143,5098427,5143099,1995
5164144,5097606,5110067,1995
5164146,5092897,5092919,1995
5164147,5092903,5098495,1995
5164149,5127924,5143819,1995
5164150,5080211,5098497,1995
5164151,5117837,5156000,1995
5164152,5092934,5092967,1995
5164155,5097537,5108531,1995
5164156,5110060,5110122,1995
5164157,5109365,5109367,1995
5164158,5117823,5122111,1995
5164159,5078436,5093469,1995
5164160,5109955,5122121,1995
5164161,5117828,5127916,1995
5164167,5108519,5109141,1995
5164168,5109427,5146092,1995
5164170,5110102,5117859,1995
5164171,5116688,5117875,1995
5164172,5078186,5108569,1995
5164174,5116673,5116931,1995
5164175,5097546,5108564,1995
5164176,5078210,5093176,1995
5164178,5092882,5156251,1995
5164180,5078274,5078279,1995
5164183,5072944,5092112,1995
5164185,5054730,5092334,1995
5164188,5116638,5147024,1995
5164190,5078204,5093154,1995
5164192,5109879,5116536,1995
5164196,5097626,5143025,1995
5164197,5108601,5145084,1995
5164199,5108644,5146108,1995
5164200,5097591,5143046,1995
5164201,5110174,5146095,1995
5164202,5092339,5156266,1995
5164203,5110146,5116503,1995
5164204,5072772,5092314,1995
5164207,5109264,5109719,1995
5164208,5121490,5132344,1995
5164209,5109191,5117129,1995
5164210,5117725,5156289,1995
5164214,5072656,5117174,1995
5164215,5079273,5132278,1995
5164216,5110167,5116552,1995
5164217,5072246,5121239,1995
5164218,5121468,5148079,1995
5164220,5097676,5108635,1995
5164222,5117714,5147023,1995
5164224,5078064,5127536,1995
5164225,5122015,NA,1995
5164226,5110131,5116506,1995
5164227,5097040,5117226,1995
5164228,5072738,5116101,1995
5164230,5080180,5132341,1995
5164231,5116600,5117732,1995
5164232,5093039,5127538,1995
5164233,5108630,5147022,1995
5164236,5080398,5146104,1995
5164238,5078011,5146156,1995
5164239,5092656,5156295,1995
5164240,5078025,5093136,1995
5164241,5078014,5132271,1995
5164242,5121053,5127123,1995
5164243,5097403,5109108,1995
5164246,5109087,5155946,1995
5164247,5077867,5109605,1995
5164248,5116252,5184947,1995
5164249,5121077,5143044,1995
5164250,5098054,5116326,1995
5164251,5098998,5117042,1995
5164252,5099000,5146159,1995
5164253,5145093,5155995,1995
5164255,5117076,5147056,1995
5164256,5087826,5097751,1995
5164259,5098981,5146148,1995
5164260,5098953,5110429,1995
5164261,5097730,5108846,1995
5164262,5108917,5147044,1995
5164264,5077528,5147045,1995
5164266,5092633,5117344,1995
5164267,5079104,5146130,1995
5164268,5072837,5108868,1995
5164269,5108891,5148035,1995
5164271,5077534,5156001,1995
5164272,5072827,5132307,1995
5164275,5108904,5156277,1995
5164277,5092270,5156278,1995
5164278,5054685,5097898,1995
5164280,5072934,5093500,1995
5164282,5122326,5127686,1995
5164284,5093229,5116320,1995
5164285,5098040,5098073,1995
5164287,5116308,5156280,1995
5164288,5142694,5144213,1995
5164290,5098648,5110221,1995
5164293,5092618,5216935,1995
5164294,5122349,5127548,1995
5164295,5122334,5144247,1995
5164296,5110336,5147032,1995
5164297,5110262,NA,1995
5164298,5098057,5098832,1995
5164299,5077930,5093002,1995
5164300,5098812,5148033,1995
5164301,5116285,5132311,1995
5164303,5122378,5148060,1995
5164304,5079466,5079484,1995
5164305,5093433,5184910,1995
5164308,5116311,5117474,1995
5164309,5097182,5143011,1995
5164311,5072055,5116125,1995
5164318,5110238,5110315,1995
5164319,5110129,5116282,1995
5164320,5097381,5121186,1995
5164322,5078469,5093461,1995
5164323,5122393,5122396,1995
5164324,5077919,5097108,1995
5164327,5202980,NA,1995
5164328,5110181,5116578,1995
5164329,5093066,5093067,1995
5164330,5072938,5143021,1995
5164331,5072744,5117172,1995
5164332,5072680,5072748,1995
5164333,5078121,5080158,1995
5164334,5093036,5216921,1995
5164335,5072722,5121232,1995
5164340,5121463,5127802,1995
5164341,5143597,5143978,1995
5164342,5108636,5109178,1995
5164343,5072966,5116087,1995
5164347,5078104,5093032,1995
5164348,5121493,5156290,1995
5164349,5109253,5109259,1995
5164350,5097588,5108642,1995
5164351,5092320,5092699,1995
5164354,5079437,5121091,1995
5164356,5054416,5143061,1995
5164357,4003115,5155996,1995
5164358,5093123,5098092,1995
5164359,5098158,5098655,1995
5164360,5087807,5155997,1995
5164361,5079490,5093122,1995
5164362,5080074,5127349,1995
5164363,5097347,5132321,1995
5164365,5127350,5216957,1995
5164367,5109753,5116779,1995
5164368,5109819,5116438,1995
5164369,5097032,5117202,1995
5164371,5127037,5156296,1995
5164372,5092609,5092697,1995
5164373,5117636,5127079,1995
5164374,5109903,5109929,1995
5164375,5098232,5098551,1995
5164376,5097383,5098189,1995
5164377,5109926,5109941,1995
5164378,5098245,5098626,1995
5164379,5080181,NA,1995
5164380,5127043,5127093,1995
5164382,5097130,5098667,1995
5164387,5116469,5121040,1995
5164388,5078237,5080114,1995
5164390,5072199,5078423,1995
5164393,5078422,5092324,1995
5164394,5127061,5127066,1995
5164397,5078314,5216958,1995
5164398,5109934,5146118,1995
5164399,5078299,5121094,1995
5164400,5072206,5121085,1995
5164401,5072165,5132323,1995
5164405,5092665,5156297,1995
5164406,5077740,5144492,1995
5164407,5117954,5156281,1995
5164408,5072180,5072188,1995
5164413,5109925,5116477,1995
5164414,5098550,5117637,1995
5164415,5117871,5156013,1995
5164416,5072332,5078291,1995
5164418,5079210,5080033,1995
5164419,5127065,5127070,1995
5164420,5127554,5127725,1995
5164421,5098695,5156014,1995
5164422,5054753,5072961,1995
5164423,5098580,5098749,1995
5164424,5117688,5127024,1995
5164426,5097240,5097377,1995
5164427,5092644,5093077,1995
5164429,5097320,5143062,1995
5164430,5087841,5098224,1995
5164432,5072271,5098740,1995
5164433,5098203,5098214,1995
5164435,5054420,5146081,1995
5164436,5127053,5144285,1995
5164438,5117663,5127031,1995
5164439,5116733,5122035,1995
5164442,5109795,5117672,1995
5164443,5087812,5097979,1995
5164444,5127902,5144300,1995
5164446,5080324,5092640,1995
5164447,5072288,5147033,1995
5164448,5080338,5146994,1995
5164449,5109057,5109074,1995
5164450,5072773,5110002,1995
5164451,5116038,5117185,1995
5164452,5117990,5122381,1995
5164453,5097868,5109563,1995
5164454,5097925,5109030,1995
5164455,5097992,5121107,1995
5164456,5092198,5117153,1995
5164457,5116227,5116228,1995
5164458,5116222,5117960,1995
5164459,5121008,5121014,1995
5164460,5054710,5072997,1995
5164461,5116229,5116303,1995
5164462,5116243,5121012,1995
5164463,5054593,5097880,1995
5164464,5121007,5122304,1995
5164465,5116015,5116896,1995
5164466,5097844,5121073,1995
5164467,5098288,5142832,1995
5164471,5072374,5109593,1995
5164472,5097004,5097020,1995
5164473,5122292,5142834,1995
5164474,5109097,5109531,1995
5164475,5054229,5146164,1995
5164476,5079036,5093432,1995
5164477,5078431,5121056,1995
5164478,4004540,5097822,1995
5164479,5116247,5122268,1995
5164480,5121013,5144310,1995
5164481,5117984,5122284,1995
5164482,5122275,5148085,1995
5164483,5098303,5121207,1995
5164484,5072399,5079233,1995
5164485,5093485,5097828,1995
5164486,5108979,5108995,1995
5164487,5093385,5093428,1995
5164488,5121080,5127337,1995
5164489,5054168,5054759,1995
5164490,5077621,5116142,1995
5164491,5097025,5116040,1995
5164492,5079234,5121071,1995
5164493,5121011,5145070,1995
5164494,5079227,5108959,1995
5164495,5072394,5121208,1995
5164496,5097286,5117196,1995
5164497,5097836,5187972,1995
5164498,5093301,5097078,1995
5164499,5098257,5098258,1995
5164500,5117078,5117966,1995
5183001,5072423,5117200,1995
5183002,5072442,5116149,1995
5183003,5109567,5110477,1995
5183005,5116191,5117350,1995
5183006,4005103,5098272,1995
5183007,5117967,5122254,1995
5183008,5117942,5117969,1995
5183009,5077858,5109575,1995
5183010,5093369,5097010,1995
5183011,5097895,5116030,1995
5183012,5092775,5132279,1995
5183013,5117192,5217755,1995
5183014,5121197,5121199,1995
5183015,5097838,5116127,1995
5183016,5097894,5116143,1995
5183017,5072900,5121179,1995
5183018,5121196,5145067,1995
5183019,5097021,5217757,1995
5183020,5079251,5116049,1995
5183021,5109574,5109604,1995
5183022,5109227,5109589,1995
5183023,5216904,5217751,1995
5183024,5072898,5148073,1995
5183025,5079482,5093359,1995
5183026,5122237,5127637,1995
5183027,5108972,5108973,1995
5183028,5108992,5109033,1995
5183029,5109000,5109005,1995
5183030,5122307,5122369,1995
5183031,5127621,NA,1995
5183032,5109803,5122232,1995
5183033,5109096,5143002,1995
5183034,5155947,5155950,1995
5183035,5072413,5110286,1995
5183036,5098713,5110464,1995
5183037,5098718,5108830,1995
5183038,5097563,5109223,1995
5183039,5097068,5097088,1995
5183040,5092348,5093451,1995
5183041,5087850,5117164,1995
5183042,5072756,5132302,1995
5183043,5117191,5184945,1995
5183151,5144496,5144500,1996
5183155,5092690,5132267,1996
5183157,5072160,5146072,1996
5183159,5098175,5116451,1996
5183160,5109910,5116824,1996
5183161,5054214,5092321,1996
5183163,5097389,5098541,1996
5183164,5072074,5121145,1996
5183165,5078286,5079475,1996
5183167,5097452,5098155,1996
5183168,5117620,5183094,1996
5183169,5117609,5127180,1996
5183170,5144143,5183092,1996
5183172,5116415,5117652,1996
5183173,5054428,5116081,1996
5183177,5097337,5127103,1996
5183178,5144150,5183091,1996
5183180,4003798,5098672,1996
5183181,5092714,5098168,1996
5183182,5127023,5127751,1996
5183183,5098154,5109922,1996
5183188,5109717,5127060,1996
5183190,5117622,5148018,1996
5183191,5127028,5127091,1996
5183194,5116380,5117629,1996
5183195,4009312,5127101,1996
5183201,5097335,NA,1996
5183202,5098765,5142943,1996
5183203,5072190,5132265,1996
5183204,4003125,5098098,1996
5183205,5116755,5147038,1996
5183206,5092660,5093196,1996
5183207,5093109,5132263,1996
5183208,5117656,5127297,1996
5183209,5072168,5122444,1996
5183210,5098709,5098744,1996
5183211,5080006,5121095,1996
5183212,5072196,5144493,1996
5183213,5093116,5098694,1996
5183216,5077753,5092145,1996
5183217,5098682,5146119,1996
5183218,5079073,5080031,1996
5183222,5093194,5132328,1996
5183223,5072187,5092125,1996
5183224,5127747,5144175,1996
5183225,5098688,5117642,1996
5183229,5087821,5156298,1996
5183230,5127011,5127033,1996
5183232,5098757,5109828,1996
5183233,5098707,5109913,1996
5183236,5117660,5127029,1996
5183237,5097367,5109794,1996
5183242,5092257,5132259,1996
5183243,5117663,5127031,1996
5183244,5080025,5144498,1996
5183245,5098696,5132260,1996
5183246,5144169,5144284,1996
5183248,5072531,5142821,1996
5183249,5144136,5144168,1996
5183250,5092575,5144477,1996
5183251,5080368,5097036,1996
5183254,5122028,5143569,1996
5183255,5087836,5183141,1996
5183256,5132620,5143646,1996
5183257,5122113,5127821,1996
5183261,5127927,5184901,1996
5183262,5127482,5127908,1996
5183263,5110024,5110356,1996
5183265,5072798,5108798,1996
5183267,5077972,5080190,1996
5183269,5098443,5183095,1996
5183270,5092881,5116511,1996
5183271,5077957,5092871,1996
5183272,5097608,5142822,1996
5183273,5072584,5117175,1996
5183274,5092588,5122032,1996
5183275,5122095,5127940,1996
5183277,5122046,5156267,1996
5183278,5116627,5117817,1996
5183279,5098409,5109475,1996
5183280,5117839,5122175,1996
5183281,5127851,5223100,1996
5183282,5097479,5183075,1996
5183283,5110118,5122125,1996
5183284,5098468,5109461,1996
5183286,5098466,5110009,1996
5183287,5143836,5143912,1996
5183291,5078437,5097955,1996
5183292,5109872,NA,1996
5183293,5109428,5109874,1996
5183294,5072555,5122101,1996
5183295,5127495,5127965,1996
5183296,5116555,5117856,1996
5183297,5117866,5132585,1996
5183298,5078500,5092127,1996
5183299,5098416,5098470,1996
5183300,5116685,5122059,1996
5183301,5109886,NA,1996
5183303,5109366,5121147,1996
5183306,5077971,5093166,1996
5183308,5110025,5183096,1996
5183310,5054611,5097908,1996
5183311,5109462,5127867,1996
5183312,5097552,5108529,1996
5183313,5110142,5116929,1996
5183316,5097450,5146125,1996
5183318,5109339,5147015,1996
5183324,5122143,5127894,1996
5183328,5092982,5143090,1996
5183329,5143951,5143955,1996
5183330,5109351,5183097,1996
5183331,5072342,5132282,1996
5183333,4002411,5143040,1996
5183334,5077998,5143086,1996
5183335,5116959,5117895,1996
5183337,5108621,NA,1996
5183338,5108514,5146122,1996
5183342,5127985,5143877,1996
5183347,5072872,5121175,1996
5183348,5116970,5117888,1996
5183349,5078193,5143088,1996
5183350,5072665,5146121,1996
5183351,5080391,5116118,1996
5183352,5109417,5116135,1996
5183353,5080266,5183098,1996
5183356,5078415,5127541,1996
5183357,5108579,5108583,1996
5183358,5078231,5092961,1996
5183359,5072691,5147017,1996
5183360,5116954,5122045,1996
5183361,5109383,5116922,1996
5183366,5117908,5122119,1996
5183367,5080248,5093172,1996
5183369,5110111,5110120,1996
5183373,5116943,NA,1996
5183375,5117880,5132018,1996
5183376,5072657,5148025,1996
5183377,5092977,NA,1996
5183378,5072671,5092898,1996
5183380,5072623,5109335,1996
5183381,5110044,5148051,1996
5183383,5093026,5108585,1996
5183384,5108532,5222708,1996
5183386,5109430,5116942,1996
5183387,5108575,5110032,1996
5183388,5108565,5145085,1996
5183392,5087846,5116104,1996
5183393,5127884,5127951,1996
5183394,5108576,5132332,1996
5183395,5117807,5127936,1996
5183396,5116656,5122096,1996
5183397,5078170,5109369,1996
5183401,5110039,5116691,1996
5183403,5110018,5116694,1996
5183407,5072580,5080323,1996
5183408,5072578,5092118,1996
5183414,5110026,5144472,1996
5183415,5054434,5144475,1996
5183417,5108543,5117849,1996
5183418,5122137,5127919,1996
5183419,5116286,5116331,1996
5183420,4013058,5132310,1996
5183421,5098640,5146117,1996
5183422,5116321,5122331,1996
5183423,5093230,5142944,1996
5183424,5054572,5132309,1996
5183425,5109228,5183057,1996
5183426,5097465,5098637,1996
5183427,5097189,5110263,1996
5183428,5072464,5121100,1996
5183429,5122345,5127089,1996
5183431,5077929,5146077,1996
5183432,5183056,5184993,1996
5183433,5127460,5127687,1996
5183434,5079456,5093298,1996
5183436,5077923,5127341,1996
5183437,5098061,5098067,1996
5183440,5098036,5146082,1996
5183441,5122339,5127690,1996
5183443,5054602,5054660,1996
5183444,5110210,5122401,1996
5183445,5093222,5127339,1996
5183446,5116329,5122037,1996
5183447,5092193,5142809,1996
5183448,5072006,5148059,1996
5183450,5092300,5142945,1996
5183451,5077825,5078343,1996
5183453,5072065,5097378,1996
5183455,5098654,5098676,1996
5183456,5092106,5109043,1996
5183458,5108660,5109550,1996
5183459,5109664,5183081,1996
5183461,5092631,5097412,1996
5183462,5109491,5109781,1996
5183465,5092506,5132339,1996
5183466,5092150,5116112,1996
5183467,5098231,5108659,1996
5183468,5127547,5144197,1996
5183470,4003166,5127348,1996
5183476,5127378,5156283,1996
5183477,5127513,5143891,1996
5183479,5142613,5144207,1996
5183481,5097125,5143006,1996
5183482,5078444,5121123,1996
5183485,5109680,5183073,1996
5183486,5072110,5146086,1996
5183487,5092715,5145074,1996
5183488,4009273,5116459,1996
5183490,5072107,5142817,1996
5183491,5127068,5127237,1996
5183492,5098768,5116716,1996
5183493,5098684,5109938,1996
5183495,5127710,5127836,1996
5183496,5098786,5127369,1996
5183497,5127584,5144185,1996
5183499,5117638,5127205,1996
5183500,5127375,5144144,1996
5183501,5117511,5143890,1996
5183502,5116418,5117540,1996
5183503,5092721,5121133,1996
5183506,5054414,5183089,1996
5183507,5142941,5223071,1996
5183508,5054649,5108663,1996
5183509,5127178,5144065,1996
5183511,5108702,5147009,1996
5183513,5127186,5183082,1996
5183518,5077794,5143083,1996
5183519,5117535,5156284,1996
5183520,5097232,5108703,1996
5183522,5092509,5183090,1996
5183523,5098221,5108722,1996
5183525,5127137,5127376,1996
5183528,5117541,5117543,1996
5183529,5144092,5144963,1996
5183533,5144064,5144094,1996
5183534,5127356,5183084,1996
5183535,5072118,5097983,1996
5183537,5117521,5127141,1996
5183539,5127021,5127160,1996
5183541,5109122,5148094,1996
5183542,5080325,5144480,1996
5183543,5077776,5146083,1996
5183544,5116370,5183085,1996
5183545,5109780,5127193,1996
5183547,5098585,5146084,1996
5183548,5117661,5127257,1996
5183549,5108693,5116375,1996
5183551,5077765,5121227,1996
5183552,5077682,5079425,1996
5183553,5127227,5143883,1996
5183554,5127245,5156285,1996
5183555,5077812,5078428,1996
5183556,5098787,5108672,1996
5183557,5142574,5143882,1996
5183559,5077713,5077842,1996
5183560,5143620,5183071,1996
5183561,5054444,5097039,1996
5183562,5098514,5116020,1996
5183563,5072928,5098005,1996
5183564,5080363,5148075,1996
5183565,5121027,5132222,1996
5183566,5116812,5117604,1996
5183567,5122445,5122465,1996
5183568,5121035,5132154,1996
5183570,5122452,5127088,1996
5183571,5116823,5122450,1996
5183574,5072237,5087805,1996
5183575,5132160,5144405,1996
5183576,5078020,5183087,1996
5183577,5078288,5183083,1996
5183578,5093146,5146088,1996
5183579,5097503,5098095,1996
5183583,5092679,5146157,1996
5183584,5092116,5109631,1996
5183585,5121032,5122472,1996
5183587,5092138,5202951,1996
5183589,5116095,5122467,1996
5183590,5122463,5127040,1996
5183592,5143557,5155999,1996
5183593,5098101,5098840,1996
5183594,5116336,5148064,1996
5183596,5097959,5121233,1996
5183599,5092566,5142826,1996
5183600,5142725,5144435,1996
5183602,5117808,5122108,1996
5183603,5116760,5117926,1996
5183604,5097476,5146135,1996
5183605,5117870,5222648,1996
5183606,5108787,5108789,1996
5183607,5097514,5156293,1996
5183608,5109137,5146126,1996
5183609,5098123,5098438,1996
5183611,5122489,5122497,1996
5183615,5078040,5132289,1996
5183616,5116850,5183088,1996
5183617,5132173,5144445,1996
5183618,5108811,5143520,1996
5183619,5127370,5143517,1996
5183620,4000609,5077828,1996
5183621,5109144,5127440,1996
5183622,5109733,5148072,1996
5183623,5080327,5121125,1996
5183624,5072986,5143070,1996
5183627,5116732,5117561,1996
5183631,5098505,5116701,1996
5183632,5097764,5108806,1996
5183633,5080333,5143069,1996
5183634,5098548,5108943,1996
5183635,5078118,5116090,1996
5183637,5108751,5108754,1996
5183638,5077721,5108766,1996
5183639,5098531,5116743,1996
5183640,5109709,5146116,1996
5183641,5116758,5117571,1996
5183642,5109704,5127444,1996
5183643,5109649,5127273,1996
5183644,5116441,5127006,1996
5183645,5127308,5127409,1996
5183646,5127275,5143608,1996
5183649,5097246,5117206,1996
5183651,5122408,5183058,1996
5183652,5117146,5183059,1996
5183654,4003844,5132133,1996
5183655,5143752,5183101,1996
5183657,5121270,5122266,1996
5183658,5098984,5146160,1996
5183659,5117003,5117013,1996
5183661,5147019,5216929,1996
5183662,5097726,5148066,1996
5183663,5121285,5143782,1996
5183664,5132144,5143778,1996
5183666,5110401,5132065,1996
5183667,5079076,5147020,1996
5183670,5097738,5148031,1996
5183675,5127601,5132113,1996
5183676,5072954,5117214,1996
5183678,5097718,5108912,1996
5183680,5117019,5121294,1996
5183682,5132078,5132121,1996
5183683,5109232,5146154,1996
5183684,5098962,5110419,1996
5183686,5184989,NA,1996
5183688,5121290,5132087,1996
5183690,5097728,5098999,1996
5183691,5098993,5156272,1996
5183694,5117327,5148034,1996
5183696,5183112,5187979,1996
5183697,5079095,5145094,1996
5183698,5132333,5145095,1996
5183700,5117273,5117293,1996
5183702,5110432,5121268,1996
5183706,5108862,5147057,1996
5183709,5077869,5117133,1996
5183710,5077533,5146139,1996
5183712,5108883,5121256,1996
5183713,5117106,5117126,1996
5183714,5108885,5132104,1996
5183715,5077555,5097755,1996
5183716,5110361,5110366,1996
5183717,5143720,5143725,1996
5183718,5132082,5132124,1996
5183721,5132106,5132109,1996
5183722,5079074,5183113,1996
5183723,5117286,5132102,1996
5183725,5108887,5110438,1996
5183726,5110358,5183119,1996
5183727,5108938,5147048,1996
5183728,5093552,5117261,1996
5183729,5132101,5143699,1996
5183731,5078385,5117220,1996
5183733,5097745,5109209,1996
5183734,5132103,5143707,1996
5183735,5098966,5148037,1996
5183737,5079110,5079130,1996
5183739,5110404,5117281,1996
5183741,5072569,5148070,1996
5183742,5117050,5117097,1996
5183743,5079122,5097642,1996
5183744,5117291,5121317,1996
5183745,5132118,5143730,1996
5183746,5108890,5108892,1996
5183749,5117026,5132083,1996
5183750,5132055,5142714,1996
5183751,5108920,5148032,1996
5183752,5098964,5217763,1996
5183754,5098335,5108847,1996
5183755,5110339,5146103,1996
5183756,5097758,5109444,1996
5183757,5092505,5110343,1996
5183758,5132236,5144462,1996
5183759,5143698,5144463,1996
5183760,5121367,5132237,1996
5183761,5093283,9999914,1996
5183762,5097715,5142814,1996
5183763,5080169,5097637,1996
5183764,5132212,NA,1996
5183766,5072496,5143071,1996
5183767,5143664,5183068,1996
5183768,5127950,5132071,1996
5183769,5072488,5146102,1996
5183770,5117081,5117358,1996
5183771,5097702,5108834,1996
5183773,5121370,5143695,1996
5183774,5072495,5079180,1996
5183775,5072807,5116074,1996
5183777,5117072,5117370,1996
5183778,5121383,5127561,1996
5183779,5072493,5146099,1996
5183780,4000773,5097681,1996
5183781,5097600,5098259,1996
5183782,5127609,5132023,1996
5183783,5098898,5110151,1996
5183784,5117064,5117355,1996
5183785,5078131,5144484,1996
5183786,5098298,5108821,1996
5183787,5117056,5122264,1996
5183788,5077589,5079045,1996
5183789,5121393,5127630,1996
5183793,5108858,5144487,1996
5183794,5108857,5142812,1996
5183795,5079092,5079099,1996
5183796,5092564,5183110,1996
5183797,5122099,5122181,1996
5183799,4009289,5116244,1996
5183800,5122021,5122296,1996
5183801,4011320,5144397,1996
5183802,5072758,5092117,1996
5183803,5098869,5110256,1996
5183804,5127962,5183108,1996
5183805,5097172,5109617,1996
5183806,5116092,5117296,1996
5183807,5079194,5079256,1996
5183809,5097173,5098386,1996
5183810,5097095,5148069,1996
5183811,5121412,5183053,1996
5183813,5079195,5079285,1996
5183814,5077866,5202954,1996
5183816,5054555,5098033,1996
5183818,5054653,5109071,1996
5183820,5116899,5117415,1996
5183821,5117407,5121462,1996
5183822,4009268,5116873,1996
5183823,5093335,5183111,1996
5183825,5127560,5144398,1996
5183826,5116877,5121431,1996
5183830,5079177,5092264,1996
5183831,5098862,5110319,1996
5183832,5098864,5145091,1996
5183833,5077879,5121188,1996
5183834,5116857,5116894,1996
5183835,5127563,5144371,1996
5183836,5127681,5144399,1996
5183838,5116869,5127553,1996
5183839,5092107,5183102,1996
5183840,5121452,5127446,1996
5183841,5117404,5117417,1996
5183843,5092550,5121153,1996
5183844,5093413,5143081,1996
5183845,5079216,5092535,1996
5183846,5093440,5109067,1996
5183847,5122344,5122366,1996
5183848,5077886,5116126,1996
5183849,5072453,5121096,1996
5183850,4003113,5078576,1996
5183853,5098745,5146071,1996
5183855,5143542,5143545,1996
5183856,5127396,5127410,1996
5183857,5109731,5147067,1996
5183859,5116392,5127309,1996
5183860,5098536,5108743,1996
5183863,5079407,5093299,1996
5183866,5079333,5127524,1996
5183867,5079362,5080286,1996
5183868,5093317,5097134,1996
5183869,5143535,5144088,1996
5183870,5092820,5202958,1996
5183872,5098823,5109660,1996
5183873,5116385,5148013,1996
5183874,5079389,5109728,1996
5183876,5098570,5127317,1996
5183877,4012503,5098766,1996
5183879,5127195,5144074,1996
5183880,5080131,5117168,1996
5183882,5072714,5183121,1996
5183884,5109192,5143100,1996
5183885,5109182,5183115,1996
5183887,5080329,5143092,1996
5183889,5072741,5072745,1996
5183890,5080138,5132331,1996
5183891,5078096,5080159,1996
5183892,5127816,5147021,1996
5183893,5143967,5143974,1996
5183894,5117740,5127787,1996
5183895,5121472,5183116,1996
5183897,5116589,5121465,1996
5183899,5108623,5147049,1996
5183900,5108600,5109473,1996
5183903,5098628,5109603,1996
5183904,5072022,5143037,1996
5183905,5110198,5110211,1996
5183907,5054623,5098025,1996
5183909,5077916,5183051,1996
5183910,5098800,5109946,1996
5183911,5092655,5109612,1996
5183912,5144304,5216978,1996
5183913,5117445,5132576,1996
5183914,4005441,5122387,1996
5183915,5117186,5202971,1996
5183916,5122355,5122357,1996
5183917,5097899,5127342,1996
5183918,5092703,5183054,1996
5183919,5117499,5122259,1996
5183920,5054598,5097888,1996
5183921,5116215,5122384,1996
5183922,5092340,5092533,1996
5183925,5072437,5146112,1996
5183926,5122354,5132192,1996
5183927,5072010,5183103,1996
5183928,5183067,5187978,1996
5183929,5110255,5183106,1996
5183930,5132193,5132579,1996
5183932,5097254,5098921,1996
5183933,5054697,5109066,1996
5183936,5142743,5144224,1996
5183937,5127559,5132195,1996
5183939,5098077,5132305,1996
5183940,5077622,5098831,1996
5183944,5117715,5127473,1996
5183945,5117716,5127782,1996
5183946,5117723,5121478,1996
5183947,5109193,5116557,1996
5183948,5117706,5122012,1996
5183950,5117695,5148055,1996
5183951,5108608,5109276,1996
5183952,5108507,5117746,1996
5183954,5108628,5146096,1996
5183955,5078067,5143094,1996
5183956,5097630,5146097,1996
5183957,5132877,5142928,1996
5183959,5072736,5143047,1996
5183960,5093050,5127814,1996
5183961,5080174,5132343,1996
5183963,5080154,5183117,1996
5183964,5110189,5127789,1996
5183965,5093061,5143093,1996
5183966,5093025,5093051,1996
5183967,5080168,5093045,1996
5183968,5110150,5117730,1996
5183969,5116574,5116826,1996
5183970,5110180,5116564,1996
5183971,5116188,5127791,1996
5183972,5109490,5148054,1996
5183973,4009797,5109544,1996
5183974,5097058,5097062,1996
5183975,5097256,5097261,1996
5183976,5054625,5109089,1996
5183977,5098785,5116199,1996
5183978,5098291,5116194,1996
5183979,5097926,5109230,1996
5183980,5116230,5117955,1996
5183981,5054742,5097953,1996
5183982,4001494,5097946,1996
5183983,5109515,5142833,1996
5183984,5097881,5148007,1996
5183985,5080382,5093488,1996
5183986,5122299,5127654,1996
5183987,5121058,5121074,1996
5183988,5093420,5097846,1996
5183989,4003794,5117058,1996
5183990,5092836,5093425,1996
5183991,5117426,5122265,1996
5183992,5127663,5144336,1996
5183993,5093388,5183049,1996
5183994,5127579,5144380,1996
5183995,5116032,5142831,1996
5183997,5109581,5183048,1996
5183998,5121072,5146127,1996
5183999,5127829,5144341,1996
5184000,5109519,5109598,1996
5184001,4002432,5109013,1996
5184002,5092834,5117248,1996
5184003,5127644,5144346,1996
5184004,5109246,5109502,1996
5184005,5121190,5222546,1996
5184006,5144044,5217754,1996
5184007,5093384,5108993,1996
5184008,5078375,5117250,1996
5184009,5108980,5109023,1996
5184010,5093486,5097831,1996
5184011,5092135,5109008,1996
5184012,5098552,5132251,1996
5184013,4001548,5097093,1996
5184014,5092552,5117194,1996
5184015,4003779,5116046,1996
5184016,5097780,5109513,1996
5184017,5093278,5117199,1996
5184018,5098139,5142807,1996
5184019,5079049,5117154,1996
5184020,5117351,5117948,1996
5184021,2814115,5098239,1996
5184022,5097805,5097921,1996
5184023,5110469,5117972,1996
5184024,5127614,5127634,1996
5184025,5110475,5117988,1996
5184026,5092737,5098716,1996
5184027,5117951,5127605,1996
5184028,5117963,5122267,1996
5184029,5127479,5127671,1996
5184030,5108832,5109556,1996
5184031,5077863,5109035,1996
5184032,4005867,5117936,1996
5184033,5116158,5146993,1996
5184034,5097892,5121200,1996
5184035,5072892,5097890,1996
5184036,4007051,5109250,1996
5184037,4009243,5110288,1996
5184043,5108774,5108775,1997
5184044,5098519,5156016,1997
5184045,5146136,NA,1997
5184046,4009275,5117909,1997
5184047,5110145,5156282,1997
5184048,5116660,5116712,1997
5184049,5116707,5116723,1997
5184050,5078476,5147011,1997
5184054,5072293,5216988,1997
5184056,5122423,5127010,1997
5184059,5097771,5116021,1997
5184060,5108697,5146151,1997
5184061,5077709,5127505,1997
5184062,5116018,5122097,1997
5184063,5109705,5116750,1997
5184064,5127284,5127304,1997
5184065,5077707,5117235,1997
5184066,5078477,5142818,1997
5184067,5072282,5116091,1997
5184070,5143550,5143602,1997
5184071,5127399,5143617,1997
5184072,5127416,5127417,1997
5184073,5072256,5121061,1997
5184074,5117562,NA,1997
5184075,5077714,5121152,1997
5184076,5142670,5143613,1997
5184077,5092253,5132295,1997
5184078,5079013,5109621,1997
5184079,5092255,5093243,1997
5184080,5079332,5148010,1997
5184084,5097306,5127380,1997
5184085,5097242,5097768,1997
5184087,5117587,5144909,1997
5184090,5127288,5127303,1997
5184091,5108748,5146056,1997
5184092,5127292,5127321,1997
5184093,5109701,5148015,1997
5184095,5109707,5116763,1997
5184096,5109718,5116786,1997
5184097,5127406,5144455,1997
5184100,5079380,5156256,1997
5184102,5079345,5156299,1997
5184104,5142556,5142596,1997
5184105,5097141,NA,1997
5184106,5078460,5143001,1997
5184107,5072126,5077773,1997
5184108,5098594,5145073,1997
5184110,5072080,5156260,1997
5184111,5144987,9999922,1997
5184112,5072076,5072109,1997
5184114,5116394,5145072,1997
5184115,5092685,NA,1997
5184116,5092607,5127525,1997
5184117,5078496,5092307,1997
5184118,5116773,5147035,1997
5184120,5127194,5147036,1997
5184122,5127168,5127191,1997
5184123,5098600,5156259,1997
5184124,5097219,5109779,1997
5184125,5116401,5117599,1997
5184126,5117534,5132334,1997
5184128,5127549,5142597,1997
5184129,5079390,5079393,1997
5184130,5142648,5143554,1997
5184132,5098788,5127247,1997
5184136,5116404,5183147,1997
5184137,5108666,5109760,1997
5184138,5079492,5108692,1997
5184140,5097126,5097967,1997
5184141,5108691,5144479,1997
5184142,5077822,5108677,1997
5184144,5098591,5142808,1997
5184145,5108651,5142946,1997
5184147,5072082,NA,1997
5184148,4005402,5121165,1997
5184150,5127253,NA,1997
5184151,5127259,5144209,1997
5184152,5117510,5127224,1997
5184154,5117494,NA,1997
5184155,5127158,5127252,1997
5184156,5116377,5127232,1997
5184158,5097102,5109527,1997
5184160,5092711,5127347,1997
5184161,5072166,5097382,1997
5184163,5117946,5127262,1997
5184164,5109662,5117456,1997
5184165,5080085,5116349,1997
5184166,5109699,5109927,1997
5184168,5142536,NA,1997
5184169,5116413,5117502,1997
5184170,5072071,5155988,1997
5184171,5108655,NA,1997
5184172,5079399,5108654,1997
5184173,5098166,5098651,1997
5184176,5097129,5098618,1997
5184177,5098615,5142939,1997
5184178,5092503,5132340,1997
5184179,5142589,5142607,1997
5184182,5117651,5127214,1997
5184183,5117628,5127140,1997
5184184,5127045,5127210,1997
5184185,5127159,5127388,1997
5184187,5116366,5116788,1997
5184188,5122454,5127585,1997
5184191,5108680,5121064,1997
5184192,5098726,5127149,1997
5184193,5144172,5144941,1997
5184194,5098597,5109750,1997
5184197,5093229,5116320,1997
5184198,5117468,5144132,1997
5184199,5098040,5098073,1997
5184200,5097300,5116180,1997
5184201,5098805,5147031,1997
5184202,5110262,NA,1997
5184203,5122347,5142524,1997
5184204,5110223,NA,1997
5184205,5098648,5110221,1997
5184207,5142682,5184038,1997
5184208,5077890,5093228,1997
5184210,5110236,5147032,1997
5184211,5098057,NA,1997
5184214,5116285,5132311,1997
5184215,4003114,5116881,1997
5184216,5116308,5156280,1997
5184218,5142676,5142706,1997
5184219,NA,NA,1997
5184222,5098812,5148033,1997
5184224,5122378,5148060,1997
5184225,5142686,5144735,1997
5184228,5144233,5144386,1997
5184229,5072055,5116125,1997
5184231,5116311,NA,1997
5184232,5142674,5144220,1997
5184233,5127669,5142708,1997
5184238,5142709,5142712,1997
5184240,5110238,5110315,1997
5184241,5110129,5116282,1997
5184243,5148062,NA,1997
5184244,5078469,5093461,1997
5184245,5116290,5122409,1997
5184247,5122411,5127688,1997
5184248,5132834,5143552,1997
5184249,5108601,5145084,1997
5184252,5072224,5117210,1997
5184253,5127053,5144285,1997
5184255,5116733,5122035,1997
5184256,5054420,5146081,1997
5184258,5121037,5142501,1997
5184260,5127846,5132994,1997
5184261,5097320,5143062,1997
5184264,5117688,5127024,1997
5184265,5109820,5148011,1997
5184266,5054753,5072961,1997
5184267,5098580,5098749,1997
5184268,5098695,5156014,1997
5184269,5098763,NA,1997
5184270,5127065,5127070,1997
5184271,5079210,5080033,1997
5184272,5098550,5117637,1997
5184273,5080013,5132264,1997
5184274,5117871,5156013,1997
5184275,5072206,5121085,1997
5184276,5072165,5132323,1997
5184277,5078299,5121094,1997
5184278,5109934,5146118,1997
5184279,5078314,5216958,1997
5184280,5144492,NA,1997
5184281,5127061,5127066,1997
5184282,5127131,NA,1997
5184284,5132943,5144257,1997
5184288,5109925,NA,1997
5184289,5072180,5072188,1997
5184292,5078237,5080114,1997
5184295,5144077,5144151,1997
5184296,5127314,5127745,1997
5184297,5132915,5144417,1997
5184298,5109926,5109941,1997
5184299,5097130,5098667,1997
5184302,5098245,5098626,1997
5184303,5080181,5146079,1997
5184304,5109901,5109923,1997
5184305,5117636,5127079,1997
5184306,5092609,5092697,1997
5184307,5116777,NA,1997
5184309,5098232,5098551,1997
5184310,5109819,5183125,1997
5184311,5097032,5117202,1997
5184312,5216957,NA,1997
5184314,5080074,NA,1997
5184315,5079490,5093122,1997
5184318,5098158,5098655,1997
5184320,5143014,5183142,1997
5184321,5072773,5110002,1997
5184322,5109057,5109074,1997
5184324,5078061,5187917,1997
5184325,5098401,5109272,1997
5184331,5080125,5080141,1997
5184332,5072300,5148020,1997
5184335,5072539,5077962,1997
5184336,5092866,5143016,1997
5184337,5093201,5143095,1997
5184340,5092869,5202907,1997
5184342,5092815,5117783,1997
5184343,5122109,5122189,1997
5184344,5127870,5132002,1997
5184345,5116928,5216936,1997
5184346,5092939,5098454,1997
5184348,5117787,5117801,1997
5184349,5072597,5183148,1997
5184350,5072561,5148021,1997
5184351,5116610,5117869,1997
5184352,5117830,5122086,1997
5184354,5109400,5109859,1997
5184355,5127941,5143880,1997
5184358,5110013,5116643,1997
5184359,5109863,5127500,1997
5184360,5097540,5132348,1997
5184361,5117850,5143822,1997
5184362,5108517,NA,1997
5184365,5072690,5146110,1997
5184367,5127866,5132767,1997
5184368,5143921,5143956,1997
5184371,5109896,5116633,1997
5184372,5080179,5121248,1997
5184373,5122067,5127899,1997
5184376,5087848,5121249,1997
5184378,5097441,5098435,1997
5184380,5122157,5127980,1997
5184381,5143929,5143945,1997
5184382,5110098,5148023,1997
5184383,5132656,5143835,1997
5184384,5127893,NA,1997
5184385,5098433,5143089,1997
5184386,5117847,5127995,1997
5184388,5098471,5109256,1997
5184390,5080375,5098030,1997
5184392,5117929,5117930,1997
5184393,5116966,5147016,1997
5184394,5148029,NA,1997
5184395,5109628,5122207,1997
5184396,5072689,5117189,1997
5184398,5116973,NA,1997
5184400,5092926,5143020,1997
5184401,5116550,5116938,1997
5184402,5143027,NA,1997
5184406,5092947,NA,1997
5184407,5098446,5147029,1997
5184408,5110116,5216990,1997
5184411,5110073,5122063,1997
5184412,4014183,5127540,1997
5184414,5072634,5183150,1997
5184415,5122058,5132014,1997
5184416,5143282,5143860,1997
5184418,5116906,5122042,1997
5184420,5109439,5109963,1997
5184421,5072685,5078255,1997
5184422,5072637,NA,1997
5184423,5110028,5116967,1997
5184424,5127970,5144393,1997
5184425,5117395,5184042,1997
5184427,5127993,5127998,1997
5184428,4005443,5080212,1997
5184430,5092976,5097661,1997
5184431,5109387,5122215,1997
5184434,5080349,5092929,1997
5184435,5092906,5155985,1997
5184437,5072577,5092970,1997
5184438,5072642,5078187,1997
5184439,5132720,5132735,1997
5184441,5078233,5080254,1997
5184443,5092897,5092919,1997
5184444,5127928,5143850,1997
5184446,5092933,5183144,1997
5184447,5122041,5143820,1997
5184450,5092934,5092967,1997
5184451,5127924,5143819,1997
5184453,4001522,5148071,1997
5184454,5097546,5108564,1997
5184455,5116688,5117875,1997
5184456,5110060,5110122,1997
5184457,5097537,5108531,1997
5184458,5117823,5122111,1997
5184459,5097480,5147014,1997
5184460,5183124,NA,1997
5184461,5098427,NA,1997
5184462,5098500,5146123,1997
5184463,5098462,5116965,1997
5184464,5116683,5116905,1997
5184468,5078210,5093176,1997
5184471,5092882,5156251,1997
5184478,5054415,5092334,1997
5184480,5080316,5127954,1997
5184481,5078204,5093154,1997
5184483,5080310,5132287,1997
5184486,5116252,5184947,1997
5184487,5093438,5187918,1997
5184488,5109560,5109579,1997
5184489,5098054,5116326,1997
5184490,5116038,5117185,1997
5184491,5097053,5109526,1997
5184492,5077896,5116044,1997
5184493,5117990,5122381,1997
5184494,5097868,5109563,1997
5184495,5109012,5148004,1997
5184496,5097925,5109030,1997
5184497,5116880,5127636,1997
5184498,5143654,5144317,1997
5184499,5144334,5144361,1997
5184500,5116227,5116228,1997
5184501,5097626,NA,1997
5184503,5202980,NA,1997
5184504,4009283,5093052,1997
5184505,5108644,5146108,1997
5184506,5121461,5127818,1997
5184507,5072938,NA,1997
5184508,5072680,5072748,1997
5184509,5072744,NA,1997
5184510,5078418,5097917,1997
5184511,5078121,5080158,1997
5184513,5121497,5143993,1997
5184515,5092722,5121232,1997
5184516,5121463,5127802,1997
5184517,5143991,NA,1997
5184518,5143977,NA,1997
5184519,5143597,5143978,1997
5184520,5132867,5132876,1997
5184521,5108636,5109178,1997
5184522,5097588,5108642,1997
5184523,5078104,5093032,1997
5184525,5121483,5121494,1997
5184526,5116569,NA,1997
5184528,5121457,5127810,1997
5184529,5110146,5116503,1997
5184530,5072772,5092314,1997
5184531,5110131,5116506,1997
5184533,5121490,5132344,1997
5184535,5097676,5108635,1997
5184536,5117725,5156289,1997
5184538,5122009,5127817,1997
5184543,5098375,5110166,1997
5184544,5110186,5183138,1997
5184545,5110174,5146095,1997
5184547,5121493,5156290,1997
5184548,5097675,5122001,1997
5184549,5080180,5132341,1997
5184551,5097040,5117226,1997
5184552,NA,NA,1997
5184554,5127792,5127793,1997
5184556,5093039,NA,1997
5184557,5108630,5147022,1997
5184560,5132998,5142922,1997
5184562,5109982,5121029,1997
5184563,5109101,5109933,1997
5184564,5109987,5156263,1997
5184565,5117251,5148045,1997
5184566,5078004,NA,1997
5184567,5116499,NA,1997
5184568,5072202,NA,1997
5184571,5078011,5146156,1997
5184572,5092656,5156295,1997
5184574,5097403,5109108,1997
5184576,5132271,NA,1997
5184577,5146104,NA,1997
5184578,5121023,5127123,1997
5184579,5110206,5143894,1997
5184580,5109832,5109990,1997
5184581,5078371,5147101,1997
5184583,5127052,5183139,1997
5184586,5098700,5109113,1997
5184587,5109633,5147034,1997
5184588,5072200,NA,1997
5184589,5109114,NA,1997
5184590,5098737,5127711,1997
5184591,5098093,5098103,1997
5184592,5078017,5156253,1997
5184594,5098119,5121042,1997
5184597,5109835,5117751,1997
5184598,5097524,5098126,1997
5184600,5127968,NA,1997
5184601,5072546,NA,1997
5184603,5098706,5110159,1997
5184604,5132822,NA,1997
5184605,5116632,NA,1997
5184606,5143623,5144433,1997
5184607,5098528,5108539,1997
5184608,5080076,5092852,1997
5184611,5132290,NA,1997
5184612,5078365,NA,1997
5184613,5127544,5143575,1997
5184614,5110075,NA,1997
5184618,5117775,5122034,1997
5184619,5098367,5109856,1997
5184621,5109854,5122057,1997
5184622,5117753,5122018,1997
5184623,5127555,5132797,1997
5184624,5132345,5216994,1997
5184625,5097424,5216899,1997
5184628,5097521,5142825,1997
5184630,5097464,5109135,1997
5184633,5132462,5132533,1997
5184636,5078352,NA,1997
5184637,5098719,5109310,1997
5184638,5097785,5146143,1997
5184639,5093188,5093294,1997
5184641,5110385,5121331,1997
5184642,5132080,5132143,1997
5184644,5110407,5183137,1997
5184645,5117267,NA,1997
5184646,5132448,5143486,1997
5184647,5110300,5132129,1997
5184648,5072844,NA,1997
5184649,5109210,5156275,1997
5184650,5132141,NA,1997
5184651,5110374,5110437,1997
5184654,5117115,5117123,1997
5184655,5117266,5121329,1997
5184658,5121312,5143714,1997
5184661,4009247,5132112,1997
5184662,5097691,NA,1997
5184664,5117289,5132425,1997
5184665,5117014,NA,1997
5184669,5121322,5121327,1997
5184670,5098971,5110365,1997
5184673,5072352,5145080,1997
5184675,4011322,5117334,1997
5184676,5132456,5132459,1997
5184678,5132202,NA,1997
5184681,5097688,5145082,1997
5184682,5077927,5093281,1997
5184684,5117070,5147040,1997
5184686,5077600,5142813,1997
5184689,5098262,5098896,1997
5184691,5143030,5216910,1997
5184692,5121398,5132240,1997
5184693,5093292,5097488,1997
5184695,5098925,5108817,1997
5184696,5144003,NA,1997
5184698,4000508,5079291,1997
5184699,5054573,5156271,1997
5184701,5087828,NA,1997
5184702,5097216,5146997,1997
5184704,5117328,5121262,1997
5184706,5099000,5146159,1997
5184707,5079096,NA,1997
5184708,5108842,NA,1997
5184709,5121284,5132064,1997
5184710,5143792,NA,1997
5184711,5072811,5087827,1997
5184713,5117011,NA,1997
5184714,5117139,NA,1997
5184719,5072803,5077510,1997
5184720,5132079,5183135,1997
5184723,5117020,NA,1997
5184724,5087826,5097751,1997
5184725,5121348,5132088,1997
5184727,5143745,NA,1997
5184728,5117076,NA,1997
5184729,5121310,5127668,1997
5184730,5132381,5143940,1997
5184731,5132233,5144182,1997
5184732,5097730,5108846,1997
5184734,5098995,5109235,1997
5184735,5077528,5147045,1997
5184736,5098962,5110419,1997
5184737,5092633,5117344,1997
5184738,5117023,NA,1997
5184739,5079104,5146130,1997
5184742,5077534,5156001,1997
5184744,5108891,NA,1997
5184745,5121254,5121323,1997
5184746,5108909,5117112,1997
5184747,5117031,5121273,1997
5184748,5132077,5183136,1997
5184749,5092270,5156278,1997
5184750,4009154,5117311,1997
5184751,5132091,5143753,1997
5184752,5077580,5121281,1997
5184753,5097757,5117314,1997
5184754,5121339,NA,1997
5184755,5077576,NA,1997
5184756,5121302,NA,1997
5184757,5077514,5156274,1997
5184758,5079079,NA,1997
5184759,5077549,5079146,1997
5184760,5079128,5183070,1997
5184763,5216912,5216975,1997
5184764,5097632,5216911,1997
5184765,5098942,5110297,1997
5184766,5093266,5144486,1997
5184768,5097636,5110341,1997
5184769,5097634,5146995,1997
5184770,5077607,5144389,1997
5184771,5072818,5117222,1997
5184774,5072789,5143032,1997
5184775,5110338,5121385,1997
5184777,5072766,5146996,1997
5184778,5098895,5147053,1997
5184779,5144017,9999921,1997
5184780,5110215,5116010,1997
5184781,5116209,5116274,1997
5184783,5132574,5144002,1997
5184784,5098918,5216906,1997
5184785,5098919,NA,1997
5184786,5110252,NA,1997
5184787,5110282,NA,1997
5184788,5072450,NA,1997
5184791,5132026,5144025,1997
5184792,5116231,NA,1997
5184794,5098342,5109541,1997
5184795,5122405,5132191,1997
5184796,5122367,5146161,1997
5184799,5121438,NA,1997
5184800,5108935,NA,1997
5184801,5121008,5121014,1997
5184802,5054710,5072997,1997
5184803,5116229,5116303,1997
5184804,5121004,5122383,1997
5184805,5116243,5121012,1997
5184806,5054593,5097880,1997
5184807,5093493,6846107,1997
5184808,5144345,5183050,1997
5184809,5142800,5144559,1997
5184810,5098288,5142832,1997
5184811,5142893,5142894,1997
5184812,5142896,5144561,1997
5184813,5087801,5109577,1997
5184814,5121441,5127653,1997
5184815,5121194,5132254,1997
5184816,5110290,5110459,1997
5184817,5098143,5122136,1997
5184818,5097286,5117196,1997
5184819,5109558,5109559,1997
5184820,5097085,5098282,1997
5184821,5121009,5121156,1997
5184822,5079227,5108959,1997
5184823,5121011,5145070,1997
5184824,5097004,5097020,1997
5184825,5054229,5146164,1997
5184826,5072387,5121182,1997
5184827,5109292,5110481,1997
5184828,5109097,5109531,1997
5184829,5079036,5093432,1997
5184830,5109295,5148008,1997
5184831,5121013,5144310,1997
5184832,4002161,5117994,1997
5184833,5117984,5122284,1997
5184834,5109576,5122286,1997
5184835,5093485,5097828,1997
5184836,5108979,5108995,1997
5184837,5121080,5127337,1997
5184838,5127615,5144331,1997
5184839,5054168,5054759,1997
5184840,5054732,5097832,1997
5184841,5098303,5121207,1997
5184842,5122275,5148085,1997
5184843,5097025,5116040,1997
5184844,5077621,5116142,1997
5184845,5116027,5127331,1997
5184846,5098256,5109287,1997
5184847,5121160,5121213,1997
5184848,5079183,5079217,1997
5184849,5093375,5121054,1997
5184850,5116174,5117938,1997
5184851,5072449,5222542,1997
5184852,5127633,5132866,1997
5184853,5117942,5117969,1997
5184854,5072442,5116149,1997
5184855,5109289,5116150,1997
5184856,5097810,5121057,1997
5184857,5077858,5109575,1997
5184858,5117192,5217755,1997
5184859,5121197,5121199,1997
5184860,5097838,5116127,1997
5184861,5121196,5145067,1997
5184862,5117191,5184945,1997
5184863,5097021,5217757,1997
5184864,5116031,5116114,1997
5184865,5054634,5072886,1997
5184866,5072898,5148073,1997
5184867,5216904,5217751,1997
5184868,5109574,5109604,1997
5184869,5092126,5092133,1997
5184870,5072430,5116148,1997
5184871,5093358,5093452,1997
5184872,5109000,5109005,1997
5184873,4039237,5217758,1997
5184874,5122307,5122369,1997
5184875,5072413,5110286,1997
5184876,5097563,5109223,1997
5184877,5098718,5108830,1997
5184878,5092348,5093451,1997
5184879,5093331,5183052,1997
5184880,5143959,NA,1997
5184881,5132546,NA,1997
5184882,5144004,5144008,1997
5184883,4004546,5216920,1997
5184884,5110484,NA,1997
5184885,5098908,5110348,1997
5184886,5097186,NA,1997
5184887,5110253,5116008,1997
5184888,5122359,5127255,1997
5184889,5116276,NA,1997
5184891,5116302,5132040,1997
5184893,5143799,NA,1997
5184894,5127630,NA,1997
5184896,5054574,5155991,1997
5184898,5079308,5079324,1997
5184899,5098346,NA,1997
5184900,5098366,5098378,1997
5184951,5098871,NA,1997
5184952,5097178,NA,1997
5184954,5144378,5144381,1997
5184955,5127935,NA,1997
5184956,5144485,5144547,1997
5184958,5110323,NA,1997
5184959,5098857,5110322,1997
5184960,5121445,5147063,1997
5184962,5079189,NA,1997
5184963,5110324,5155992,1997
5184964,5078356,NA,1997
5184965,5098854,5098872,1997
5184966,5077877,NA,1997
5184967,5144461,NA,1997
5184968,5121418,5144242,1997
5184969,5098856,5121090,1997
5184970,5117053,NA,1997
5184971,5116099,NA,1997
5184972,5127449,5132383,1997
5184973,5079118,5127345,1997
5184974,5098860,5098867,1997
5184976,5117870,NA,1997
5184979,5110318,5110329,1997
5184981,5079454,NA,1997
5187002,5054444,5097039,1998
5187003,5098514,5116020,1998
5187004,5080363,5148075,1998
5187005,5097762,5097763,1998
5187006,5116708,NA,1998
5187007,5143505,5144859,1998
5187010,5116732,5117561,1998
5187011,5072305,5121084,1998
5187013,5109647,5144817,1998
5187014,5127483,5142726,1998
5187016,5072986,5143070,1998
5187017,5142671,5143525,1998
5187018,4000609,5077828,1998
5187019,5092304,5092640,1998
5187020,5098531,5116743,1998
5187021,5098548,5108943,1998
5187022,5108751,5108754,1998
5187023,5109704,5127444,1998
5187024,5116758,5117571,1998
5187025,5109709,5146116,1998
5187026,5116441,5127006,1998
5187027,5144274,5146061,1998
5187028,5122437,5143607,1998
5187031,5108736,5116752,1998
5187032,5098745,5146071,1998
5187035,5077731,5127415,1998
5187036,5143533,5144109,1998
5187038,5142654,5143549,1998
5187040,5143612,5144454,1998
5187041,5142666,5143548,1998
5187042,5127396,5127410,1998
5187043,5109731,5147067,1998
5187044,5116392,5127309,1998
5187046,5092606,5143605,1998
5187047,5079407,5093299,1998
5187050,5079333,5127524,1998
5187051,5093317,5097134,1998
5187052,5144184,5144916,1998
5187053,5144910,5144920,1998
5187054,5143535,5144088,1998
5187055,5098823,5109660,1998
5187056,5092820,5092890,1998
5187057,5143527,5148014,1998
5187058,5098569,5127383,1998
5187059,5117598,5127166,1998
5187061,5098530,5108727,1998
5187062,5092727,5145070,1998
5187063,5098570,5127317,1998
5187064,5121063,5216914,1998
5187067,5127384,5144921,1998
5187068,5127195,5144074,1998
5187069,5079423,5097143,1998
5187070,5142941,5223071,1998
5187071,5127178,5144065,1998
5187072,5142585,NA,1998
5187074,5108702,5147009,1998
5187075,5097227,5147042,1998
5187077,5127186,5183082,1998
5187078,5142942,5216940,1998
5187079,5117541,5117543,1998
5187081,5098221,5108722,1998
5187082,5127137,5127376,1998
5187083,5127239,5127365,1998
5187084,5144092,5144963,1998
5187087,5072118,5097983,1998
5187090,5127184,5144096,1998
5187091,5116390,5144261,1998
5187092,5127021,5127160,1998
5187093,5142588,5144964,1998
5187094,5127530,5144999,1998
5187095,5092509,5183090,1998
5187096,5142586,5145007,1998
5187097,5117535,5156284,1998
5187098,5108700,5202974,1998
5187100,5098771,5108684,1998
5187101,5078290,5144906,1998
5187104,5127163,5127164,1998
5187105,5098684,5109938,1998
5187106,5098768,5116716,1998
5187107,5098599,5116411,1998
5187108,5127068,5127237,1998
5187109,5092715,5145074,1998
5187110,4009273,5116459,1998
5187111,5127710,5127836,1998
5187112,5127584,5144185,1998
5187114,5127375,5144144,1998
5187115,5117638,5127205,1998
5187116,5142605,5142627,1998
5187117,5078444,5121123,1998
5187118,5116888,5143009,1998
5187120,5097125,5143006,1998
5187121,5145006,NA,1998
5187123,5108665,5146063,1998
5187124,5098787,5108672,1998
5187125,5117539,5127216,1998
5187128,5108686,5116369,1998
5187129,5142574,5143882,1998
5187130,5109680,5183073,1998
5187131,5127226,5142562,1998
5187132,5077788,5079413,1998
5187134,5072110,5146086,1998
5187135,5079388,5079404,1998
5187136,5077713,5077842,1998
5187137,5142587,5144976,1998
5187138,5098585,5146084,1998
5187139,5109122,5148094,1998
5187140,5117536,5144118,1998
5187141,5080325,5144480,1998
5187142,5077774,5109723,1998
5187143,5116370,5183085,1998
5187144,5127510,5142563,1998
5187145,5116376,5148048,1998
5187146,5077765,5121227,1998
5187148,5077682,5079425,1998
5187149,5144117,5144133,1998
5187151,5127245,5156285,1998
5187152,5127256,5127471,1998
5187153,5142543,5144998,1998
5187154,5127266,5127841,1998
5187156,5144939,5145014,1998
5187158,5127547,5144197,1998
5187159,5092150,5116112,1998
5187160,5092506,5132339,1998
5187161,5098231,5108659,1998
5187163,5092631,5097412,1998
5187166,5108660,5109550,1998
5187167,5109670,5110192,1998
5187168,5109664,5183081,1998
5187170,5116480,5147004,1998
5187171,5127102,5127267,1998
5187172,5092106,5109043,1998
5187173,5079429,5092684,1998
5187174,5098654,5098676,1998
5187175,5072062,5116432,1998
5187179,5054572,5078427,1998
5187180,5132193,5132579,1998
5187181,5132568,5142754,1998
5187182,5097189,5110263,1998
5187183,5072464,5121100,1998
5187184,5098077,5132305,1998
5187185,5098920,5146168,1998
5187186,5127559,5132195,1998
5187187,5072010,5183103,1998
5187188,5072437,5146112,1998
5187189,5122354,5132192,1998
5187190,5092340,5092533,1998
5187191,5117499,5122259,1998
5187192,5116215,5122384,1998
5187193,5121351,5122273,1998
5187194,5054598,5097888,1998
5187195,5097899,5127342,1998
5187196,5202971,NA,1998
5187197,5142874,5144015,1998
5187198,5098619,5184909,1998
5187199,5077622,5098831,1998
5187200,5144337,5145203,1998
5187201,5117976,5202970,1998
5187202,5132544,5144593,1998
5187203,5132550,5132558,1998
5187204,5122351,5142868,1998
5187205,5072453,5121096,1998
5187206,5122344,5122366,1998
5187207,5072003,5121097,1998
5187208,4003113,5078576,1998
5187209,5098869,5110258,1998
5187210,5097172,5109617,1998
5187211,5116092,5117296,1998
5187212,5079194,5079256,1998
5187213,5098847,5146166,1998
5187214,5132209,5132364,1998
5187215,5097173,5098386,1998
5187216,5121436,5127575,1998
5187217,5077866,5202954,1998
5187218,5121421,5143063,1998
5187221,5097171,5184908,1998
5187222,5127560,5144398,1998
5187223,4009268,5116873,1998
5187224,5078399,5109072,1998
5187225,5116877,5121431,1998
5187227,5098864,5145091,1998
5187228,5117409,5121425,1998
5187234,5098862,5110319,1998
5187235,5077879,5121188,1998
5187236,5116858,5117414,1998
5187237,5116099,5116862,1998
5187238,5098861,5110325,1998
5187239,5121452,5127446,1998
5187240,4011348,5098385,1998
5187241,5116869,5127553,1998
5187242,5116857,5116894,1998
5187243,5127681,5144399,1998
5187244,5132384,5132862,1998
5187245,5122021,5122296,1998
5187246,4011320,5217755,1998
5187247,5072758,5092117,1998
5187248,4009289,5116244,1998
5187250,5092564,5183110,1998
5187251,5072372,5121073,1998
5187253,5121393,5127630,1998
5187254,5077589,5079045,1998
5187255,5117056,5122264,1998
5187257,5132367,5184930,1998
5187258,5072012,5077625,1998
5187259,5142785,5145732,1998
5187260,5072493,5146099,1998
5187261,4000773,NA,1998
5187262,5097600,5098259,1998
5187263,5110493,5142854,1998
5187264,5127609,5132023,1998
5187265,5117081,5117358,1998
5187266,5132513,5132514,1998
5187267,5143362,5145866,1998
5187268,5184936,5216933,1998
5187269,5072496,5143071,1998
5187270,5132510,5143681,1998
5187271,5127950,5132071,1998
5187273,5072807,5116074,1998
5187274,5121365,5132496,1998
5187275,5072495,5079180,1998
5187277,5132524,NA,1998
5187279,5098929,5110295,1998
5187280,5098938,5132212,1998
5187281,5093290,5110281,1998
5187282,5121383,5127561,1998
5187284,5121367,5132237,1998
5187285,5097715,5142814,1998
5187286,5097758,5109444,1998
5187287,5110339,5146103,1998
5187288,5098335,5108847,1998
5187289,5072497,5143676,1998
5187291,5098964,5217763,1998
5187294,5132273,5144467,1998
5187295,5117704,5122013,1998
5187296,5117723,5121478,1998
5187297,5117716,5127782,1998
5187298,5110181,5143147,1998
5187299,5117740,5127787,1998
5187301,5072288,5147033,1998
5187302,5127902,5144300,1998
5187303,5127002,5127847,1998
5187304,5072531,5142821,1998
5187305,5098244,5127435,1998
5187306,5097979,5098235,1998
5187307,NA,NA,1998
5187309,5098696,5132260,1998
5187310,5144169,5144284,1998
5187311,5092257,5132259,1998
5187312,5079355,5092288,1998
5187313,5072271,5098740,1998
5187314,5098238,5108790,1998
5187317,5087841,5098224,1998
5187318,5097240,5097377,1998
5187320,5117660,5127029,1998
5187321,5098203,5098214,1998
5187323,5144275,5144734,1998
5187324,5098229,5183122,1998
5187325,5127011,5127033,1998
5187326,5098757,5109828,1998
5187328,5144181,5185000,1998
5187330,5142506,5142626,1998
5187336,5117622,5148018,1998
5187338,5072190,5132265,1998
5187339,5054669,5072958,1998
5187340,5098765,5142943,1998
5187342,5072196,5144493,1998
5187343,5078291,5093077,1998
5187344,5116756,5147038,1998
5187345,5117656,5127297,1998
5187346,5072168,5122444,1998
5187347,5092665,5127725,1998
5187348,5098243,5144189,1998
5187349,5098709,5098744,1998
5187350,5080015,5098209,1998
5187351,5098688,5117642,1998
5187353,5072187,5092125,1998
5187354,5093194,5132328,1998
5187355,5127050,5184999,1998
5187360,5093116,5098694,1998
5187361,5079073,5080031,1998
5187364,5116428,5127133,1998
5187365,5077753,5092145,1998
5187368,5117669,5184922,1998
5187369,5127028,5127091,1998
5187370,5116380,5117629,1998
5187371,4009312,5127101,1998
5187372,5087809,5142931,1998
5187373,5098154,5109922,1998
5187374,5127023,5127751,1998
5187375,5116469,5121040,1998
5187376,5132939,5132954,1998
5187377,4003798,5098672,1998
5187379,4003125,5098098,1998
5187387,5142915,5144818,1998
5187388,5054428,5116081,1998
5187389,5144070,5144271,1998
5187391,5144143,5183092,1998
5187392,5116415,5117652,1998
5187393,5132909,5144273,1998
5187394,5109902,5184997,1998
5187395,5127586,5144165,1998
5187396,5116453,5184996,1998
5187397,5132965,5144138,1998
5187398,5117609,5127180,1998
5187399,5144263,NA,1998
5187400,5117620,5183094,1998
5187401,5097452,5098155,1998
5187402,5109717,5127060,1998
5187403,5116440,5217722,1998
5187404,5127037,5156296,1998
5187405,5078286,5079475,1998
5187406,5097389,5098541,1998
5187407,5092680,5093120,1998
5187408,5078248,5146067,1998
5187410,5072173,5121092,1998
5187413,4000767,5116779,1998
5187415,5132906,5132907,1998
5187419,5092699,5132324,1998
5187421,4003115,5155996,1998
5187422,5072798,5108798,1998
5187424,5110163,5116623,1998
5187425,5092878,5109868,1998
5187426,5127482,5127908,1998
5187427,5097467,NA,1998
5187428,5098443,5183095,1998
5187430,5092881,5116511,1998
5187431,5072584,5117175,1998
5187432,5109150,5116549,1998
5187434,5098476,5127906,1998
5187436,5122046,5126267,1998
5187437,5078141,5184903,1998
5187438,5122125,5184902,1998
5187439,5097479,5183075,1998
5187440,5127851,5223100,1998
5187441,5117839,5122175,1998
5187442,5098484,5110100,1998
5187443,5109393,5109460,1998
5187446,5143836,5143912,1998
5187448,5109321,5184904,1998
5187449,5098466,5110009,1998
5187450,5109428,5109874,1998
5187451,4013058,5132310,1998
5187452,5098640,5146117,1998
5187453,5054225,5117238,1998
5187454,5098810,5122342,1998
5187455,5109690,5127582,1998
5187456,5116321,5122331,1998
5187457,5093230,5142944,1998
5187458,5122326,5127686,1998
5187459,4003842,5122321,1998
5187461,5097465,5098637,1998
5187464,5183056,5184993,1998
5187465,5077929,5146077,1998
5187466,5127460,5127687,1998
5187467,5127556,5183140,1998
5187468,5079456,5093298,1998
5187469,5097146,5148074,1998
5187470,5098061,5098067,1998
5187471,5117950,5184931,1998
5187472,5072006,5148059,1998
5187473,5127889,5142702,1998
5187474,5122346,5142691,1998
5187475,5127466,5143349,1998
5187476,5110210,5122401,1998
5187477,5144006,5144226,1998
5187478,5054602,5054660,1998
5187480,5116329,5122037,1998
5187481,5110168,5122390,1998
5187482,5092193,5142809,1998
5187484,5127697,5142699,1998
5187485,5122388,5132246,1998
5187486,5145037,5145042,1998
5187488,5072022,5143037,1998
5187489,5098628,5109603,1998
5187491,5072046,5184927,1998
5187492,5079436,5110231,1998
5187493,5092300,5142945,1998
5187494,5098800,5109946,1998
5187495,5092655,5109612,1998
5187496,5097381,5121186,1998
5187497,5121027,5132222,1998
5187498,5116812,5117604,1998
5187499,5122445,5122465,1998
5187500,5093146,5146088,1998
5187501,5078025,5110106,1998
5187502,5122466,5144822,1998
5187503,5142899,5144147,1998
5187504,5092116,5109631,1998
5187505,5121032,5122472,1998
5187506,5092679,5146157,1998
5187507,5092138,5202951,1998
5187509,5116095,5122467,1998
5187510,5072237,5087805,1998
5187513,5143952,5184917,1998
5187514,5142900,5142905,1998
5187515,5144401,NA,1998
5187517,5143557,5155999,1998
5187518,5098101,5098840,1998
5187519,5116336,5148064,1998
5187520,5142736,5144434,1998
5187521,5142525,5144727,1998
5187522,5127423,5127925,1998
5187524,5080092,5132268,1998
5187527,5092566,5142826,1998
5187529,5142968,5184914,1998
5187530,5143587,5144446,1998
5187531,5132820,5143906,1998
5187532,5143578,5143873,1998
5187533,5098127,5116846,1998
5187534,5122492,5144395,1998
5187535,5097476,5146135,1998
5187536,5097514,5156293,1998
5187537,5108787,5108789,1998
5187538,5109137,5146126,1998
5187539,5097516,5184290,1998
5187540,5098123,5098438,1998
5187541,5122489,5122497,1998
5187545,5116850,5183088,1998
5187546,5080368,5097036,1998
5187548,5087836,5183141,1998
5187549,5132620,5143646,1998
5187550,5098403,5116618,1998
5187551,5122113,5127821,1998
5187552,5122019,5127823,1998
5187554,5092860,5184939,1998
5187555,5092575,5144477,1998
5187556,5080373,5184937,1998
5187557,5078060,NA,1998
5187558,5108588,5184911,1998
5187561,5132877,5142928,1998
5187563,5072656,5117174,1998
5187564,5079273,5132278,1998
5187566,5072736,5143047,1998
5187567,5108608,5109276,1998
5187568,5146073,5222692,1998
5187569,5080154,5183117,1998
5187570,5110189,5127789,1998
5187571,5108623,5147049,1998
5187573,5116589,5121465,1998
5187574,5132863,5184918,1998
5187575,5093025,5093051,1998
5187576,5080168,5093045,1998
5187577,5116574,5116826,1998
5187578,5110150,5117730,1998
5187579,5110180,5116564,1998
5187580,5109490,5148054,1998
5187582,5080135,5110408,1998
5187583,5110434,5184041,1998
5187584,5080138,5132331,1998
5187585,5109614,5184913,1998
5187586,5072741,5072745,1998
5187587,5072677,5184912,1998
5187589,5080329,5143092,1998
5187591,5121495,5127801,1998
5187592,5127816,5147021,1998
5187593,5109192,5143100,1998
5187594,5093036,5216921,1998
5187595,5110170,5143997,1998
5187596,5072714,5183121,1998
5187597,4006751,5072749,1998
5187598,5127799,5143590,1998
5187599,5117695,5148055,1998
5187601,5078437,5097955,1998
5187604,5127865,5127945,1998
5187605,5117796,5127861,1998
5187606,5116555,5117856,1998
5187607,5143811,5143909,1998
5187608,5116685,5122059,1998
5187609,5143911,5148030,1998
5187612,5132649,5147013,1998
5187615,5097440,5183100,1998
5187617,5109462,5127867,1998
5187618,5097481,5143029,1998
5187621,5109339,5147015,1998
5187622,5143245,5184929,1998
5187623,5109351,5183097,1998
5187624,5122120,5132675,1998
5187625,5092982,5143090,1998
5187626,5143955,NA,1998
5187631,5097617,5116969,1998
5187633,5122143,5127894,1998
5187634,5072637,NA,1998
5187635,5109417,5116135,1998
5187636,5098457,5132768,1998
5187639,5132621,5132686,1998
5187640,5080266,5183098,1998
5187641,5110142,5116929,1998
5187644,5097450,5146125,1998
5187645,5116959,5117895,1998
5187646,5077998,5143086,1998
5187649,4002411,5143040,1998
5187650,5132754,5132818,1998
5187651,5132693,5143861,1998
5187654,5072872,5121175,1998
5187657,5078193,5143088,1998
5187658,5117908,5122119,1998
5187659,5080248,5093172,1998
5187660,5143643,5143851,1998
5187662,5117880,5132018,1998
5187666,5110111,5110120,1998
5187668,5078174,5097618,1998
5187669,5072657,5148025,1998
5187670,5098497,5184919,1998
5187671,5092903,5098495,1998
5187672,5072671,5092898,1998
5187673,5143310,NA,1998
5187674,5072623,5109335,1998
5187675,5110044,5148051,1998
5187676,5117837,5156000,1998
5187677,5132723,5143581,1998
5187679,5109470,5110065,1998
5187680,5110018,5116694,1998
5187681,5078186,5108569,1998
5187682,5110039,5116691,1998
5187683,5108519,5109141,1998
5187684,5092599,5122114,1998
5187687,5072578,5092118,1998
5187688,5072580,5080323,1998
5187690,5122137,5127919,1998
5187692,5116849,5147050,1998
5187693,5127915,NA,1998
5187696,5087846,5116104,1998
5187697,5109955,5122121,1998
5187698,5117827,5148027,1998
5187699,5127884,5127951,1998
5187700,5108576,5132332,1998
5187701,5116656,5122096,1998
5187702,5132738,5143284,1998
5187703,5097491,5184905,1998
5187705,5143804,5143816,1998
5187706,5078170,5109369,1998
5187707,5108561,5109408,1998
5187711,5097657,5116944,1998
5187712,5110124,5184935,1998
5187713,5108575,5110032,1998
5187714,5109430,5116942,1998
5187715,5093026,5108585,1998
5187716,5116585,5116943,1998
5187717,5108579,5108583,1998
5187719,5078415,5184925,1998
5187720,5092964,5122228,1998
5187722,5078231,5092961,1998
5187723,5116954,5122045,1998
5187724,5109383,5116922,1998
5187725,5072201,5147017,1998
5187726,5097660,5109390,1998
5187727,5098412,5184924,1998
5187731,5143412,NA,1998
5187732,5117146,5183059,1998
5187734,5079076,5147020,1998
5187735,5117003,5117013,1998
5187736,5132463,5142684,1998
5187737,5110401,5132065,1998
5187738,5132144,5143778,1998
5187739,5143791,5184932,1998
5187740,5098953,5110429,1998
5187742,5121285,5143782,1998
5187743,5132489,5145903,1998
5187744,5097726,5148066,1998
5187746,5097738,5148031,1998
5187753,5132476,5143417,1998
5187754,5108927,5148032,1998
5187755,5117343,5121259,1998
5187756,5132055,5142714,1998
5187758,5143766,NA,1998
5187759,5110432,5121268,1998
5187761,5132460,5143751,1998
5187762,5108862,5147057,1998
5187763,5132333,5145095,1998
5187766,5121255,5184195,1998
5187767,5117026,5132083,1998
5187772,5072827,5132307,1998
5187773,5079147,5148083,1998
5187774,5117327,5148034,1998
5187775,5072832,5110420,1998
5187776,5072837,5108868,1998
5187777,5079095,NA,1998
5187778,5183112,5187979,1998
5187780,5117019,5121294,1998
5187782,5109232,5146154,1998
5187784,5132245,5143429,1998
5187785,5077533,5146139,1998
5187786,5117133,5184933,1998
5187790,5098974,5121321,1998
5187791,5108883,5121256,1998
5187792,5117106,5117126,1998
5187793,5117283,5184196,1998
5187794,5108885,5132104,1998
5187795,5077555,5097755,1998
5187798,5132106,5132109,1998
5187799,5097649,5184934,1998
5187800,5109236,5183113,1998
5187801,5108938,5147048,1998
5187802,5093552,5117261,1998
5187803,5110358,5183119,1998
5187804,5117286,5132102,1998
5187806,5109209,NA,1998
5187807,5098966,5148037,1998
5187808,5079110,5079130,1998
5187809,5144511,NA,1998
5187813,5072569,5148070,1998
5187814,5121338,5143715,1998
5187815,5079122,5097642,1998
5187816,5108890,5108892,1998
5187817,5132390,5144457,1998
5187818,5132356,5132359,1998
5187819,5121007,5122304,1998
5187820,5116003,5148003,1998
5187821,5142771,5144362,1998
5187822,5097881,5148007,1998
5187823,5222549,6846130,1998
5187824,5109515,5142833,1998
5187825,4001494,5097946,1998
5187826,5054742,5097953,1998
5187827,5116230,5117955,1998
5187828,4001487,5116001,1998
5187829,5080382,5093488,1998
5187830,5116207,5121005,1998
5187831,5092563,5116013,1998
5187832,5127571,5144353,1998
5187833,5121058,5121074,1998
5187834,5110499,5117985,1998
5187835,5116908,5142850,1998
5187836,5109011,5109015,1998
5187837,5117998,5148076,1998
5187838,5142858,5143567,1998
5187839,5117426,5122265,1998
5187840,5132217,5142856,1998
5187841,5093388,5183049,1998
5187842,5077648,5116036,1998
5187843,5116032,5142831,1998
5187844,5116247,5122268,1998
5187845,5121072,5146127,1998
5187846,4001548,5097093,1998
5187847,5079234,5121071,1998
5187848,5092135,5109008,1998
5187849,5092552,5117194,1998
5187850,5093301,5097078,1998
5187851,5097798,5117198,1998
5187852,5072399,5079233,1998
5187853,4007607,5097951,1998
5187854,5092549,5098301,1998
5187855,5093428,5116015,1998
5187856,5144044,5217754,1998
5187857,5127638,5144237,1998
5187858,4002432,5109013,1998
5187859,5092834,5117248,1998
5187860,5122292,5142834,1998
5187861,5078375,5117250,1998
5187862,5108980,5109023,1998
5187863,4003779,5116046,1998
5187864,5097277,5117094,1998
5187865,5093278,5117199,1998
5187866,5097780,5109513,1998
5187867,5098257,5098258,1998
5187868,5098139,5142807,1998
5187869,4013052,5144692,1998
5187870,4011887,5142799,1998
5187871,5109567,5117078,1998
5187872,4001516,5121178,1998
5187873,5098003,5117200,1998
5187874,5127610,5142886,1998
5187875,5079049,5117154,1998
5187876,5117351,5117948,1998
5187877,4003034,4011898,1998
5187878,5117371,5121180,1998
5187879,5097805,5097921,1998
5187880,4005103,5098272,1998
5187881,5054684,5097863,1998
5187882,2814115,5098239,1998
5187883,5109033,5109572,1998
5187884,5144320,5144674,1998
5187885,5092775,5132279,1998
5187886,5110469,5117972,1998
5187887,5127614,5127634,1998
5187888,5109227,5109589,1998
5187889,5127479,5127671,1998
5187890,5093361,5093454,1998
5187891,5108832,5109556,1998
5187892,4003829,5121184,1998
5187893,5077863,5109035,1998
5187894,5108972,5108973,1998
5187895,5117963,5122267,1998
5187896,5078400,5117935,1998
5187897,5092764,5097988,1998
5187898,5122234,5122238,1998
5187899,4005867,5117936,1998
5187900,4007051,5109250,1998
5187901,4009243,5110288,1998
5187902,5072892,5097890,1998
5187903,5097892,5121200,1998
5187905,5110475,5117988,1998
5187906,5092737,5098716,1998
5187907,5079181,5092829,1998
5187908,5127652,5142862,1998
5187909,5054625,5109089,1998
5187910,5098785,5116199,1998
5187911,5097058,5097062,1998
5187912,4007622,5077883,1998
5187913,5078433,5093416,1998
5202001,4003794,5117058,1999
5202002,5116222,5117960,1999
5202003,5116227,5116228,1999
5202004,5121008,5121014,1999
5202005,5054710,5072997,1999
5202006,5116229,5116303,1999
5202007,5121004,5122383,1999
5202008,5072247,5117160,1999
5202009,5092836,5093425,1999
5202010,5144345,5183050,1999
5202011,5142896,5144561,1999
5202012,5110290,5110459,1999
5202013,5127663,5144336,1999
5202014,5109593,5132386,1999
5202015,5127579,5144380,1999
5202016,5127829,5144341,1999
5202017,5144306,5144324,1999
5202018,5092553,5097083,1999
5202019,5109519,5109598,1999
5202020,5098552,5117239,1999
5202021,5072387,5121182,1999
5202022,5079036,5093432,1999
5202023,5097085,5098282,1999
5202024,5121009,5121156,1999
5202025,5121011,5145070,1999
5202026,5079227,5108959,1999
5202027,5097286,5117196,1999
5202028,5127554,5132355,1999
5202029,5109581,5183048,1999
5202030,5127644,5144346,1999
5202031,5097025,5116040,1999
5202032,5122275,5148085,1999
5202033,5117981,5144332,1999
5202034,5116202,5117994,1999
5202035,5109246,5109502,1999
5202036,5117984,5122284,1999
5202037,5109576,5122286,1999
5202038,5142749,5144330,1999
5202040,5144314,5144615,1999
5202041,5054732,5097832,1999
5202042,5054168,5054759,1999
5202043,5142991,5145400,1999
5202044,5098256,5109287,1999
5202045,5072449,5222542,1999
5202046,5116174,5117938,1999
5202047,5109587,5184946,1999
5202048,5144660,5145816,1999
5202049,5093375,5121054,1999
5202050,4004538,5116011,1999
5202051,5117942,5117969,1999
5202052,5097810,5121057,1999
5202053,5077858,5109575,1999
5202054,5093369,5097010,1999
5202055,5072381,5097922,1999
5202056,5097838,5116127,1999
5202057,5117191,5184945,1999
5202058,5142882,5144316,1999
5202059,5142786,5142865,1999
5202060,5116029,5117161,1999
5202061,5121197,5121199,1999
5202062,5109222,5116143,1999
5202063,5109574,5109604,1999
5202064,5116031,5116114,1999
5202065,5092126,5092133,1999
5202066,4003849,5054656,1999
5202067,5093374,5116147,1999
5202068,5122307,5122369,1999
5202069,5122232,5132375,1999
5202070,5109096,5184984,1999
5202071,5072392,5116053,1999
5202072,5097563,5109223,1999
5202073,5098713,5110464,1999
5202074,5127615,5144331,1999
5202075,5144687,5145991,1999
5202076,5109012,5148004,1999
5202077,5097925,5109030,1999
5202078,5098291,5116194,1999
5202079,5142885,5144329,1999
5202080,5116880,5127636,1999
5202081,5144334,5144361,1999
5202082,4000508,5079291,1999
5202083,4009797,5109544,1999
5202084,5109560,5109579,1999
5202085,5097053,5109526,1999
5202087,5144001,5144366,1999
5202088,5132577,5144613,1999
5202089,5116252,5184947,1999
5202090,5098821,5121015,1999
5202091,5144601,5145720,1999
5202092,5142787,5144342,1999
5202094,4003844,5132133,1999
5202095,5110407,5183137,1999
5202096,5110385,NA,1999
5202097,5132080,5132143,1999
5202099,5097648,5097750,1999
5202100,5132141,5132439,1999
5202101,5132448,5143488,1999
5202103,5110300,5132129,1999
5202105,5110372,5146158,1999
5202107,5117115,5117123,1999
5202108,5110361,5110366,1999
5202109,5132116,5143729,1999
5202110,5110368,5110369,1999
5202111,5117140,5132139,1999
5202112,5110437,5187945,1999
5202113,5079102,5079113,1999
5202115,5121312,5143714,1999
5202116,5098971,5110365,1999
5202120,5148036,5216909,1999
5202123,5132421,5143710,1999
5202124,5132101,5143699,1999
5202125,5132442,5143484,1999
5202128,5077580,5121281,1999
5202129,4009154,5117311,1999
5202130,5117031,5121273,1999
5202131,5079135,5117136,1999
5202133,5132103,5143707,1999
5202134,5143475,5144520,1999
5202136,5109915,5117014,1999
5202137,5110404,5117281,1999
5202139,5077576,5187926,1999
5202140,5097757,5117314,1999
5202141,5132453,5143747,1999
5202142,5072352,5145080,1999
5202144,4011322,5117334,1999
5202145,5132456,NA,1999
5202146,5143748,9999923,1999
5202148,5143422,NA,1999
5202150,5143449,5145909,1999
5202152,5132479,5143428,1999
5202153,5079069,5184040,1999
5202154,5079104,5146130,1999
5202155,5098986,5117023,1999
5202156,5092633,5117344,1999
5202157,5143421,5143426,1999
5202158,5108904,5156277,1999
5202160,5121290,5132087,1999
5202161,5054685,5097898,1999
5202162,5142676,5142706,1999
5202163,5142677,5145064,1999
5202164,5098036,5146082,1999
5202165,5127456,5132200,1999
5202166,5093002,5184910,1999
5202167,5132395,5145050,1999
5202168,5122334,5146012,1999
5202169,5092618,5216935,1999
5202170,5142682,5184038,1999
5202172,5098057,NA,1999
5202173,5072055,5116125,1999
5202177,5144219,5144260,1999
5202179,5110198,5110211,1999
5202180,5142695,5144216,1999
5202181,5097378,5116295,1999
5202183,5110129,5116282,1999
5202184,5127265,NA,1999
5202185,5078469,5093461,1999
5202186,5116290,NA,1999
5202187,5122396,5132165,1999
5202191,5132371,NA,1999
5202192,5098068,5122350,1999
5202193,5098805,5147031,1999
5202194,5097300,5116180,1999
5202195,5098040,5098073,1999
5202196,5097088,5127655,1999
5202197,5110224,5122235,1999
5202198,5054603,NA,1999
5202199,5093229,5116320,1999
5202200,5098648,5110221,1999
5202201,4003114,5116881,1999
5202202,5116308,5156280,1999
5202204,5117366,5132509,1999
5202205,5216912,NA,1999
5202206,5132236,5144462,1999
5202207,5077927,5093281,1999
5202208,5080169,5097637,1999
5202209,5093256,9999914,1999
5202210,5132532,5143389,1999
5202212,5097632,5216911,1999
5202214,5132518,5187935,1999
5202215,5077600,5142813,1999
5202216,5117070,5147040,1999
5202219,5077607,5144389,1999
5202220,5097634,NA,1999
5202221,5145700,NA,1999
5202225,5121364,5143691,1999
5202226,5072488,5146102,1999
5202227,5098895,5147053,1999
5202228,5143030,5216910,1999
5202229,5144685,5187934,1999
5202230,5122295,5143355,1999
5202231,5132351,5143363,1999
5202233,5109808,5121217,1999
5202234,5117064,5117355,1999
5202236,5121398,NA,1999
5202237,5093292,5097488,1999
5202241,5127653,NA,1999
5202242,5087801,5109577,1999
5202243,5098884,NA,1999
5202245,5077528,5147045,1999
5202246,5098995,5109235,1999
5202247,5097730,5108846,1999
5202248,5132486,5143764,1999
5202249,5098953,5110429,1999
5202250,5132491,5143414,1999
5202251,5132067,5143745,1999
5202252,5121310,5127668,1999
5202253,5132381,5143940,1999
5202254,5132233,5144182,1999
5202256,5098981,5146148,1999
5202257,5132403,5143446,1999
5202261,5132079,5183135,1999
5202262,5098960,5108876,1999
5202263,5146137,5184990,1999
5202265,5132440,5187937,1999
5202266,5072803,5077510,1999
5202267,5117011,5146144,1999
5202268,5097727,5147055,1999
5202270,5098998,NA,1999
5202271,5099000,5146159,1999
5202273,5132485,5145886,1999
5202274,5144836,5187943,1999
5202275,5121284,5132064,1999
5202276,5143792,5187923,1999
5202278,5097216,5146997,1999
5202279,5108935,5117055,1999
5202280,5121438,5187936,1999
5202281,5098366,5098378,1999
5202283,5098871,5142836,1999
5202285,5117408,NA,1999
5202286,5097095,5148069,1999
5202287,5097178,5143035,1999
5202288,5144378,5144381,1999
5202290,5110324,5155992,1999
5202291,5054653,5109071,1999
5202292,5093335,5183111,1999
5202293,5116871,NA,1999
5202294,5116875,5187933,1999
5202295,5098854,5098872,1999
5202296,5098856,5121090,1999
5202297,5116899,5117415,1999
5202298,5117407,5121462,1999
5202299,5078356,5146059,1999
5202300,5121418,5144242,1999
5202301,5116956,5144461,1999
5202302,5116093,5117053,1999
5202303,5110318,5110329,1999
5202305,5110323,5147039,1999
5202307,5132376,5144387,1999
5202308,5144376,5144392,1999
5202309,5121445,5147063,1999
5202311,5098860,5098867,1999
5202313,5127449,5132383,1999
5202316,5127648,NA,1999
5202317,5079216,5092535,1999
5202318,5097256,5097261,1999
5202319,4000729,5116253,1999
5202320,5144003,5144338,1999
5202321,5093440,5187955,1999
5202323,5144304,5216978,1999
5202324,5116190,5187921,1999
5202325,5132546,5142875,1999
5202326,5132535,5132555,1999
5202327,5132545,5144590,1999
5202328,4004546,5216920,1999
5202329,5110484,5145078,1999
5202330,5098908,5110348,1999
5202331,5110253,5116008,1999
5202332,5122359,5127255,1999
5202334,5116302,5132040,1999
5202335,5144023,5216919,1999
5202336,5117431,NA,1999
5202337,5097259,5110276,1999
5202338,5116126,5122372,1999
5202339,5079308,5079324,1999
5202340,5098346,NA,1999
5202341,5097200,5142803,1999
5202342,5072285,5187959,1999
5202343,5072249,5079297,1999
5202344,5097254,5110255,1999
5202345,5098360,5098919,1999
5202346,5098909,5110282,1999
5202347,5072450,5121209,1999
5202349,5148077,5216917,1999
5202352,5098918,5216906,1999
5202353,5110215,5116010,1999
5202354,5132554,5132573,1999
5202355,5116209,5116274,1999
5202356,5132896,5144047,1999
5202357,5054697,5109066,1999
5202358,5142743,5144224,1999
5202359,5132026,5144025,1999
5202361,5092607,5127525,1999
5202364,5116394,5145072,1999
5202365,5127374,5184928,1999
5202367,5127141,NA,1999
5202368,5142667,5144098,1999
5202369,5127194,5147036,1999
5202370,5127533,5143892,1999
5202371,5097221,5117514,1999
5202372,5144980,5145314,1999
5202373,5142561,5142622,1999
5202376,5142562,5143888,1999
5202377,5127549,5142597,1999
5202378,5097214,5143082,1999
5202379,5144979,5144993,1999
5202380,5079288,5121067,1999
5202382,5116404,5183147,1999
5202383,5108705,5187939,1999
5202384,5077821,5121228,1999
5202385,5079390,5079393,1999
5202386,5078456,5187940,1999
5202387,5077812,5078428,1999
5202388,5098788,5127247,1999
5202390,5127227,5143883,1999
5202391,5077825,5078343,1999
5202392,5097102,5109527,1999
5202393,5077813,5092669,1999
5202394,5072166,5097382,1999
5202395,5080085,5116349,1999
5202396,5117491,5142619,1999
5202397,5117946,5127262,1999
5202398,5079447,5145283,1999
5202399,5116345,5116408,1999
5202400,5116351,5184992,1999
5202401,5142528,5144771,1999
5202402,5127259,5144209,1999
5202403,5144994,5145021,1999
5202405,5116377,5127232,1999
5202406,5097194,5097213,1999
5202407,5144757,5187920,1999
5202408,5127513,5143891,1999
5202409,5142545,5144131,1999
5202410,4013668,5144218,1999
5202411,5127261,5144844,1999
5202413,5116343,NA,1999
5202414,5142613,5144207,1999
5202415,4005402,5121165,1999
5202416,5142536,5142546,1999
5202417,5144983,5145019,1999
5202419,4003166,5127348,1999
5202420,5108655,5127268,1999
5202421,5072071,5155988,1999
5202422,5098166,5098651,1999
5202423,5097129,5098618,1999
5202424,5098615,5142939,1999
5202425,5092503,5132340,1999
5202427,5072082,5121229,1999
5202431,5145292,5145312,1999
5202432,5117628,5127140,1999
5202433,5142589,5142607,1999
5202435,5117651,5127214,1999
5202436,5127197,5132338,1999
5202437,5117511,5143890,1999
5202438,5098592,5147041,1999
5202439,5098568,5127138,1999
5202440,5122454,5127585,1999
5202441,4008607,5144948,1999
5202443,5127045,5127210,1999
5202444,5077822,5108677,1999
5202446,5097126,5097967,1999
5202447,5109697,5116449,1999
5202448,5097229,5109727,1999
5202449,5117661,5127257,1999
5202450,5108693,5116375,1999
5202451,5117534,5132334,1999
5202452,5116401,5117599,1999
5202453,5097219,5109779,1999
5202454,5144987,NA,1999
5202457,5109766,5187969,1999
5202458,5127248,5145000,1999
5202459,5072080,5156260,1999
5202460,5077917,5121065,1999
5202462,5077794,5143083,1999
5202463,5054087,5054536,1999
5202464,5072079,5116088,1999
5202465,5098594,5145073,1999
5202466,5144064,5145233,1999
5202467,5097141,5187941,1999
5202468,5142556,5142596,1999
5202469,5078324,5187919,1999
5202470,5144172,5144941,1999
5202471,5098597,5109750,1999
5202472,5144700,5144926,1999
5202473,5072123,5080035,1999
5202474,5098726,5127149,1999
5202475,5108675,5116353,1999
5202476,5142572,5187968,1999
5202477,5072120,5142817,1999
5202478,5079345,5156299,1999
5202480,5092723,5143010,1999
5202481,5116418,5143532,1999
5202482,5142720,5184948,1999
5202484,5127406,5144455,1999
5202486,5108697,5146151,1999
5202488,5072928,5098005,1999
5202489,5098107,5147007,1999
5202490,5116019,NA,1999
5202492,5079362,5080286,1999
5202493,5117587,5144909,1999
5202496,5127394,5144178,1999
5202498,5127292,5127321,1999
5202500,5079454,5187960,1999
5202501,5098519,5156016,1999
5202502,5098505,5116701,1999
5202503,5108774,5108775,1999
5202504,4009275,5117909,1999
5202506,5080333,5143069,1999
5202507,5142737,5143502,1999
5202508,5143507,5184923,1999
5202509,5116660,5116712,1999
5202510,5078476,5147011,1999
5202511,5080327,5121125,1999
5202512,5072309,5144483,1999
5202514,5097399,5109733,1999
5202515,5072293,5216988,1999
5202516,5127370,5143517,1999
5202517,5077709,5127505,1999
5202518,5116018,5122097,1999
5202519,5109705,5116750,1999
5202520,5116749,5143608,1999
5202521,5098577,5187956,1999
5202524,4008484,5143618,1999
5202525,5143550,5143602,1999
5202526,5127308,5127409,1999
5202527,5072256,5121061,1999
5202528,5117562,5127310,1999
5202530,5077714,5121152,1999
5202531,5127399,5143617,1999
5202533,5080351,5127285,1999
5202534,5097303,5146115,1999
5202536,5092253,5132295,1999
5202537,5079013,5109621,1999
5202538,5092255,5093243,1999
5202540,5109718,5116786,1999
5202543,5097306,5127380,1999
5202544,5142653,5143611,1999
5202546,5109707,5116763,1999
5202548,5142512,5143584,1999
5202549,5132957,5144200,1999
5202550,5132940,5144780,1999
5202551,5080025,NA,1999
5202552,5109795,5117672,1999
5202553,5117663,NA,1999
5202555,5080369,5132263,1999
5202556,5127053,5144285,1999
5202557,5122035,NA,1999
5202560,5127763,5144174,1999
5202561,5121037,5142501,1999
5202563,5127846,5132994,1999
5202565,5143062,5156298,1999
5202566,5144769,5144904,1999
5202567,5117688,5127024,1999
5202569,5098695,5156014,1999
5202570,5098580,5098749,1999
5202571,5072206,5121085,1999
5202572,5072165,5132323,1999
5202573,5078299,5121094,1999
5202574,5109934,5146118,1999
5202575,5078314,5216958,1999
5202576,5079210,5080033,1999
5202577,5098550,5117637,1999
5202578,5097372,NA,1999
5202580,5098705,5127436,1999
5202581,5109925,5116477,1999
5202582,5109824,NA,1999
5202583,5144899,5146618,1999
5202584,5072180,5072188,1999
5202587,5092324,NA,1999
5202589,5132943,5144257,1999
5202595,5117616,5144431,1999
5202596,5144134,5144251,1999
5202597,5132925,NA,1999
5202598,5142961,5187922,1999
5202599,5142509,5142724,1999
5202601,5143615,5144799,1999
5202602,5127314,5127745,1999
5202603,5109901,5109923,1999
5202604,5092609,5092697,1999
5202605,5132915,5144417,1999
5202606,5097383,5144823,1999
5202607,5116777,5147002,1999
5202608,5078246,5127043,1999
5202610,5080181,5146079,1999
5202612,5093123,5098092,1999
5202614,5144842,5145137,1999
5202615,5132935,5144256,1999
5202616,5098232,NA,1999
5202617,5109753,5127103,1999
5202619,5132321,5144497,1999
5202620,5080074,5127349,1999
5202621,5079490,5093122,1999
5202622,4009251,NA,1999
5202623,5132910,5132953,1999
5202624,5132928,5145558,1999
5202625,5144946,NA,1999
5202627,5109987,NA,1999
5202628,5121035,5132154,1999
5202629,5109101,5109933,1999
5202630,5109988,5116499,1999
5202631,5078004,5156270,1999
5202632,5142913,NA,1999
5202633,5109982,5121029,1999
5202635,5093132,NA,1999
5202636,5144697,5145682,1999
5202638,5132160,5144405,1999
5202639,5078011,5146156,1999
5202640,5108780,5217736,1999
5202641,5097403,5109108,1999
5202643,5078371,5147101,1999
5202644,5109832,5109990,1999
5202645,5078288,5187942,1999
5202647,5142920,5144719,1999
5202649,5127052,5183139,1999
5202651,5109796,5122476,1999
5202652,5098700,5109113,1999
5202653,5092678,5145191,1999
5202654,5072229,5156264,1999
5202655,5109114,5109829,1999
5202657,5072234,5109110,1999
5202658,5078017,5156253,1999
5202660,5098119,5121042,1999
5202661,5144438,5144441,1999
5202662,5097524,5098126,1999
5202664,5127952,5132777,1999
5202665,5132010,5144262,1999
5202666,5127573,5132821,1999
5202667,5072546,5156269,1999
5202669,5116760,5117926,1999
5202670,5098706,NA,1999
5202671,5116837,5116845,1999
5202672,5132822,5144081,1999
5202673,5143623,5144433,1999
5202675,5092852,5187950,1999
5202678,5110075,5148042,1999
5202679,5132180,5144450,1999
5202680,5117404,5143638,1999
5202681,5077799,5187965,1999
5202682,5132345,5216994,1999
5202683,5127822,5142960,1999
5202684,5132802,NA,1999
5202685,5127955,5187952,1999
5202686,5109147,5109155,1999
5202687,5097521,5142825,1999
5202689,5132834,5143552,1999
5202693,4009283,5093052,1999
5202694,5108644,5146108,1999
5202695,5132880,5187966,1999
5202696,5092866,5143016,1999
5202697,5072539,5077962,1999
5202698,5078061,5187917,1999
5202699,5093201,5143095,1999
5202701,5072773,5110002,1999
5202702,5109057,5109074,1999
5202703,5098401,5109272,1999
5202704,5078137,5122172,1999
5202705,5080338,5187961,1999
5202706,5078165,5098445,1999
5202707,5080125,5080141,1999
5202708,5072300,5148020,1999
5202709,5132618,5143172,1999
5202710,5143196,5143649,1999
5202711,5132601,5145441,1999
5202712,5092815,5117783,1999
5202713,5117811,5127881,1999
5202714,5117759,5127967,1999
5202715,5092939,5098454,1999
5202716,5109366,5116924,1999
5202717,5127870,5132002,1999
5202718,5080163,5097432,1999
5202719,5108517,5109418,1999
5202721,5109457,5187946,1999
5202722,5117850,5143822,1999
5202723,5097540,5132348,1999
5202725,5127495,5127965,1999
5202726,5098409,5109475,1999
5202727,5117830,5122086,1999
5202728,5072561,5148021,1999
5202729,5072597,5183148,1999
5202730,5117801,NA,1999
5202731,5127941,5143880,1999
5202732,5143631,5143928,1999
5202733,5127860,5127910,1999
5202734,5092127,5187962,1999
5202735,5143219,5187928,1999
5202736,5132767,NA,1999
5202737,5143929,5143956,1999
5202738,5097486,5132350,1999
5202739,5127481,5143252,1999
5202740,5121433,5143812,1999
5202741,5132650,5143222,1999
5202742,4008616,5132647,1999
5202744,5097441,5098435,1999
5202746,5122157,5127980,1999
5202747,5097552,5108529,1999
5202748,5122092,5145503,1999
5202749,5110098,5148023,1999
5202750,5097561,5143287,1999
5202751,5132656,5143835,1999
5202752,5109877,5116964,1999
5202753,5132663,5145493,1999
5202757,5072669,5148029,1999
5202758,5109628,5122207,1999
5202759,5072689,5117189,1999
5202760,5117929,5117930,1999
5202761,5143258,5145535,1999
5202762,5092989,5187929,1999
5202763,5072685,5078255,1999
5202764,5109439,5109963,1999
5202765,5080266,5183098,1999
5202766,4001546,5122014,1999
5202767,5142740,5143949,1999
5202768,5110028,5116967,1999
5202769,5143961,5147064,1999
5202771,5110116,5216990,1999
5202774,5132816,5143300,1999
5202777,5143264,5143859,1999
5202778,5116906,5122042,1999
5202779,5072665,5146121,1999
5202781,5078251,5097568,1999
5202782,5072342,5132282,1999
5202784,5116550,5116938,1999
5202786,5122185,5146211,1999
5202787,5132677,5132679,1999
5202788,5092926,5143020,1999
5202789,5184991,NA,1999
5202790,5098498,5108621,1999
5202794,5072577,5092970,1999
5202795,5078233,5080254,1999
5202799,5092897,5092919,1999
5202800,5127928,5143850,1999
5202801,5098500,NA,1999
5202803,5122191,5143925,1999
5202804,5098427,5143099,1999
5202805,5187963,5222708,1999
5202806,5109396,5183145,1999
5202808,5110060,5110122,1999
5202809,5097537,5108531,1999
5202811,5110055,5145086,1999
5202812,5116688,5117875,1999
5202813,5097546,5108564,1999
5202814,5110029,5116686,1999
5202815,5122041,5143820,1999
5202816,5132755,NA,1999
5202818,5092934,5092967,1999
5202819,5132731,5132756,1999
5202820,5092933,5183144,1999
5202822,5122116,5132022,1999
5202823,5127924,5143819,1999
5202824,5127970,5144393,1999
5202825,5078205,5108521,1999
5202826,4005443,5080212,1999
5202827,5117395,5184042,1999
5202829,5092976,5097661,1999
5202830,5143585,5156268,1999
5202831,5110013,5116643,1999
5202832,5108543,5117849,1999
5202838,5078210,5093176,1999
5202843,5116683,5116905,1999
5202845,5080310,5132287,1999
5202846,5080316,5127954,1999
5202847,5078204,5093154,1999
5202849,5110026,5144472,1999
5202850,5116658,5116937,1999
5202852,5110167,5116552,1999
5202853,5072246,5187948,1999
5202854,5078067,5093050,1999
5202855,5127812,5132842,1999
5202856,5132869,5143127,1999
5202859,5080174,5132343,1999
5202861,5117725,5156289,1999
5202862,5121490,5132344,1999
5202863,5108507,5117746,1999
5202864,5109473,5117706,1999
5202865,5109179,5109264,1999
5202866,5109191,5117129,1999
5202867,5072772,5092314,1999
5202868,5132895,5143128,1999
5202869,5121457,5127810,1999
5202870,5110146,5116503,1999
5202872,5110131,5116506,1999
5202873,5116188,5147023,1999
5202874,5122015,5187949,1999
5202875,5078064,5127536,1999
5202877,5097675,5122001,1999
5202878,5145399,NA,1999
5202879,5080180,5132341,1999
5202881,5108630,5147022,1999
5202883,5127792,5127793,1999
5202884,5121493,5156290,1999
5202886,5132883,5132890,1999
5202887,5093032,5187953,1999
5202888,5108636,5109178,1999
5202889,5078096,5080159,1999
5202892,5079270,5187954,1999
5202893,5121463,5127802,1999
5202894,5143597,5143978,1999
5202895,5132835,5143977,1999
5202896,5127780,5143157,1999
5202897,5121500,NA,1999
5202898,5121497,5143993,1999
5202899,5078121,5080158,1999
5202900,5072722,5121232,1999
5202901,5072744,5117172,1999
5216002,5144485,5202975,2000
5216004,5143752,5183101,2000
5216006,5077533,5146139,2000
5216007,5117133,5184933,2000
5216008,5098974,5121321,2000
5216009,5132429,5145935,2000
5216010,5098982,5117253,2000
5216013,5108883,5121256,2000
5216014,5072844,5110375,2000
5216015,5117266,5121329,2000
5216016,5143720,5143725,2000
5216019,5132118,5143730,2000
5216020,5132446,5144515,2000
5216021,5079074,5109236,2000
5216022,5117286,5132102,2000
5216023,5097691,5121318,2000
5216024,5110367,5132408,2000
5216025,5110438,5144506,2000
5216026,4007623,5132477,2000
5216027,5110358,5183119,2000
5216028,5143703,5143759,2000
5216029,5098966,5148037,2000
5216030,5097745,5109209,2000
5216032,5079128,5183070,2000
5216033,5144511,5202968,2000
5216034,5079079,5147051,2000
5216035,5079110,5079130,2000
5216036,5079122,5097642,2000
5216037,5121338,5143715,2000
5216038,5117050,5117097,2000
5216040,5108862,5147057,2000
5216041,5108909,5117112,2000
5216042,5132460,5143751,2000
5216043,5132492,5143454,2000
5216045,5121255,5184915,2000
5216047,5143420,5143437,2000
5216049,5132333,5145095,2000
5216050,5121323,5132077,2000
5216051,5145913,5146231,2000
5216052,5117026,5132083,2000
5216054,5072837,5108868,2000
5216056,5117029,5145932,2000
5216057,5079095,5202942,2000
5216058,5183112,5187979,2000
5216059,5132452,5143742,2000
5216060,5072832,5110420,2000
5216061,5079147,5148083,2000
5216063,5148067,5202943,2000
5216064,5109232,5146154,2000
5216065,5132136,5132461,2000
5216066,5132148,5132475,2000
5216067,5156278,5202944,2000
5216068,5132454,5145916,2000
5216069,5132245,5143429,2000
5216072,5097718,5143760,2000
5216073,5132113,5188000,2000
5216074,5072954,5117214,2000
5216075,5108927,5148032,2000
5216077,5108924,5110419,2000
5216079,5132144,5143778,2000
5216080,5143774,5202956,2000
5216081,5143471,5143481,2000
5216082,5132463,5142684,2000
5216083,5143791,5184932,2000
5216084,5121348,5145884,2000
5216085,5079076,5147020,2000
5216086,5132469,5132482,2000
5216087,5117328,5202957,2000
5216088,5117003,5187999,2000
5216090,5079096,5187924,2000
5216091,5145903,5187998,2000
5216092,5097726,5148066,2000
5216093,5121285,5143782,2000
5216094,5117215,5183069,2000
5216095,5072811,5087827,2000
5216096,5127897,5187944,2000
5216097,5132055,5142714,2000
5216098,5121306,5143766,2000
5216099,5093188,5093294,2000
5216100,5144850,5145983,2000
5216101,5142891,5144368,2000
5216102,4007622,5077883,2000
5216103,5093413,5143081,2000
5216104,5077896,5116044,2000
5216105,5117990,5122381,2000
5216106,5072492,5121108,2000
5216107,5054625,5109089,2000
5216108,5098785,5116199,2000
5216109,5117350,5144317,2000
5216110,5092198,5117153,2000
5216111,5116230,5117955,2000
5216112,5054742,5097953,2000
5216113,4001494,5097946,2000
5216114,5109515,5142833,2000
5216115,5222549,6846130,2000
5216116,5121058,5121074,2000
5216117,5092563,5116013,2000
5216118,5093493,6846107,2000
5216119,5132356,5132359,2000
5216120,5132390,5144457,2000
5216121,5127454,5187970,2000
5216122,5116243,5121406,2000
5216123,5144362,5187971,2000
5216124,5054593,5097880,2000
5216125,5144351,5145368,2000
5216126,5109011,5109015,2000
5216128,5121194,5132254,2000
5216130,5117426,5122265,2000
5216131,5093388,5183049,2000
5216132,5142760,5143674,2000
5216133,5116032,5142831,2000
5216134,4001487,5116001,2000
5216135,5109292,5110481,2000
5216136,5122292,5142834,2000
5216137,4002432,5109013,2000
5216138,5144044,5217754,2000
5216139,5127448,5142796,2000
5216140,5093428,5116015,2000
5216141,5092549,5098301,2000
5216142,4007607,5097951,2000
5216143,5098303,5121207,2000
5216144,5109559,5116142,2000
5216145,5121072,5146127,2000
5216146,4001548,5097093,2000
5216147,5072394,5121208,2000
5216148,5097078,5187976,2000
5216149,5146801,5146809,2000
5216150,5092552,5117194,2000
5216151,4003779,5116046,2000
5216152,5078375,5117250,2000
5216153,5097277,5117094,2000
5216154,5121160,5121213,2000
5216155,5097780,5109513,2000
5216156,5098257,5098258,2000
5216157,4013052,5144692,2000
5216158,4001516,5121178,2000
5216159,4011887,5142799,2000
5216160,5109567,5117078,2000
5216161,5098003,5117200,2000
5216162,5079049,5117154,2000
5216163,5127610,5142886,2000
5216164,5142783,5144686,2000
5216165,5117351,5117948,2000
5216166,2814115,5098239,2000
5216167,5077660,5148073,2000
5216168,5127652,5142862,2000
5216169,4005103,5098272,2000
5216170,5054684,5097863,2000
5216171,5109033,5109572,2000
5216172,4009241,4009244,2000
5216173,5144320,5144674,2000
5216174,5117192,5217755,2000
5216175,5092775,5132279,2000
5216176,5092739,5116030,2000
5216177,5097021,5217757,2000
5216178,5142882,5144316,2000
5216179,4009242,5132400,2000
5216180,5092737,5098716,2000
5216181,5079181,5092829,2000
5216182,5127479,5127671,2000
5216183,4003829,5121184,2000
5216184,5108832,5109556,2000
5216185,5093358,5093452,2000
5216186,5108972,5108973,2000
5216187,5109000,5184987,2000
5216188,4039237,5217758,2000
5216189,5155947,5155950,2000
5216190,5097892,5121200,2000
5216191,5097947,5117164,2000
5216192,5054634,5109555,2000
5216193,5145790,5146841,2000
5216194,5145363,5145841,2000
5216195,5092564,5183110,2000
5216196,5117998,5148076,2000
5216197,5072758,5092117,2000
5216198,5116092,5117296,2000
5216199,5132209,5132364,2000
5216200,5097173,5098386,2000
5216201,4009266,5145798,2000
5216202,5143058,5202955,2000
5216203,5121421,5143063,2000
5216204,5121405,5144382,2000
5216205,5097171,5184908,2000
5216208,5078114,5132370,2000
5216209,5078399,5109072,2000
5216210,5116877,5121431,2000
5216216,5098394,5109530,2000
5216218,5109085,5116878,2000
5216219,5098862,5110319,2000
5216220,5144458,5144547,2000
5216221,5098372,5132369,2000
5216222,5144568,5145801,2000
5216223,5093331,5144043,2000
5216224,5116869,5127553,2000
5216225,5117401,5127345,2000
5216226,5077879,5121188,2000
5216227,5116858,5117414,2000
5216228,5116099,5116862,2000
5216229,5121452,5127446,2000
5216230,5072372,5121073,2000
5216231,5117056,5122264,2000
5216232,5077589,5079045,2000
5216233,5098143,5132231,2000
5216234,5132367,5184930,2000
5216235,5142785,5145732,2000
5216236,5072786,5217759,2000
5216237,5132502,5132504,2000
5216238,5098898,5143453,2000
5216239,5097600,5098259,2000
5216240,4000773,5097681,2000
5216241,5072493,5146099,2000
5216243,5097702,5108834,2000
5216244,5132513,5132514,2000
5216245,5121365,5132496,2000
5216246,5121370,5143695,2000
5216248,5072807,5116074,2000
5216249,5127950,5132071,2000
5216250,5108857,5202961,2000
5216251,5098298,5117072,2000
5216253,5132534,5143378,2000
5216254,5093290,5110281,2000
5216255,5132522,5146129,2000
5216256,5098938,5132212,2000
5216258,5098929,5110295,2000
5216259,5132069,5132202,2000
5216260,5121367,5132237,2000
5216261,5097636,5110341,2000
5216262,5093266,5144489,2000
5216263,5097066,5110343,2000
5216264,5110339,5146103,2000
5216265,5110297,5132516,2000
5216266,5098335,5108847,2000
5216267,5072497,5143676,2000
5216268,5098964,5217763,2000
5216270,5072496,5143071,2000
5216271,5132510,5143681,2000
5216272,5097762,5097763,2000
5216273,5110145,5142739,2000
5216274,5078350,5080160,2000
5216275,5116973,5127989,2000
5216277,5132782,5143348,2000
5216279,5122423,5143620,2000
5216280,5080363,5148075,2000
5216281,5098514,5116020,2000
5216282,5097771,5116021,2000
5216283,5109069,5202917,2000
5216284,5121169,5187993,2000
5216286,5116732,5117561,2000
5216287,5202922,5202979,2000
5216288,5116723,5142729,2000
5216289,5142735,5143331,2000
5216290,5121223,5183127,2000
5216291,5072986,5143070,2000
5216292,4000609,5077828,2000
5216293,5072305,5121084,2000
5216294,5109647,5144817,2000
5216298,5127041,5144401,2000
5216299,5116095,5122467,2000
5216300,5142508,5142921,2000
5216302,5092138,5202951,2000
5216303,5132998,5142922,2000
5216304,5092679,5146157,2000
5216305,5132223,5148045,2000
5216306,5142899,5144147,2000
5216307,5093146,5146088,2000
5216308,5078025,5110106,2000
5216309,5097503,5098095,2000
5216310,5144705,5145693,2000
5216311,5122466,5144822,2000
5216312,5078020,5146104,2000
5216313,5072237,5087805,2000
5216314,5144731,5145687,2000
5216315,5142900,5142905,2000
5216317,5143952,5184917,2000
5216319,5121027,5132222,2000
5216320,5143540,5146703,2000
5216321,5098101,5098840,2000
5216322,5116336,5148064,2000
5216323,5142525,5144727,2000
5216324,5108854,5187996,2000
5216325,4013058,5132310,2000
5216326,5098640,5146117,2000
5216328,4003842,5122321,2000
5216330,5122326,5127686,2000
5216331,5116321,5122331,2000
5216332,5098810,5122342,2000
5216333,5122347,5142524,2000
5216334,5122349,5142694,2000
5216336,5145060,NA,2000
5216338,5077929,5146077,2000
5216340,5127460,5127687,2000
5216341,5117474,5146008,2000
5216342,5097146,5148074,2000
5216343,5127556,5183140,2000
5216344,5079456,5093298,2000
5216346,5122346,5142691,2000
5216347,5077923,5127341,2000
5216348,5127466,5143349,2000
5216349,5116260,5116292,2000
5216350,5054602,5054660,2000
5216351,5110210,5122401,2000
5216352,5122348,5146025,2000
5216353,5116329,5122037,2000
5216354,5110168,5122390,2000
5216355,5127889,5142702,2000
5216356,5072006,5148059,2000
5216357,5132571,5144240,2000
5216358,5127697,5142699,2000
5216359,5122388,5132246,2000
5216360,5127669,5142708,2000
5216361,5117187,5183062,2000
5216364,5098628,5109603,2000
5216365,5110238,5110315,2000
5216366,5127693,5145049,2000
5216367,4005184,5127690,2000
5216368,5072046,5184927,2000
5216369,5079436,5202927,2000
5216370,5122411,5127688,2000
5216372,5121140,5127346,2000
5216373,5072248,5072282,2000
5216374,5072977,5202918,2000
5216375,5098530,5108727,2000
5216377,5098569,5127383,2000
5216378,5117598,5127166,2000
5216379,4009171,5098570,2000
5216380,5109728,5116385,2000
5216381,5127324,5143529,2000
5216383,5143527,5148014,2000
5216384,5098823,5109660,2000
5216385,5127388,5144084,2000
5216386,5121132,5127059,2000
5216388,5145231,5146056,2000
5216389,5143535,5144088,2000
5216390,5109584,5132291,2000
5216391,5079333,5127524,2000
5216392,5079407,5093299,2000
5216393,5142657,5144907,2000
5216395,5144857,5145249,2000
5216396,5077731,5127415,2000
5216397,5143533,5144109,2000
5216398,5142655,5143899,2000
5216400,5127396,5127410,2000
5216401,5142654,5143549,2000
5216403,5143612,5144454,2000
5216404,5142666,5143548,2000
5216406,5109731,5147067,2000
5216407,5116392,5202977,2000
5216408,5117593,5122438,2000
5216409,5098745,5146071,2000
5216410,5108736,5116752,2000
5216411,5144274,5146061,2000
5216412,5142670,5143613,2000
5216414,5079315,5202920,2000
5216415,5109709,5146116,2000
5216416,5109704,5127444,2000
5216417,5117581,5202932,2000
5216418,5117235,5202921,2000
5216419,5077721,5108766,2000
5216420,5092304,5092640,2000
5216421,5145134,5145520,2000
5216423,5132799,5142733,2000
5216426,5145315,5146918,2000
5216427,5117808,5202912,2000
5216428,5132820,5143906,2000
5216429,5143587,5144446,2000
5216430,5132171,5143560,2000
5216431,5097476,5146135,2000
5216432,5132173,5144445,2000
5216433,5116632,5222648,2000
5216434,5108539,5143520,2000
5216435,5097516,5184920,2000
5216437,5098123,5098438,2000
5216438,5122113,5127821,2000
5216439,5109854,5122057,2000
5216440,5109856,5122018,2000
5216441,5122019,5127823,2000
5216442,5143085,5202931,2000
5216443,5145659,5202906,2000
5216444,5122034,5202950,2000
5216445,5092575,5144477,2000
5216446,5132620,5143646,2000
5216447,5078060,5202905,2000
5216448,5109163,5142965,2000
5216449,5097464,5109153,2000
5216450,5072062,5116432,2000
5216451,5079429,5092684,2000
5216452,5127102,5127267,2000
5216454,5109699,5117456,2000
5216455,5116480,5147004,2000
5216457,5116413,5117502,2000
5216458,5109670,5110192,2000
5216459,5202933,5202948,2000
5216461,5092631,5097412,2000
5216463,5098231,5108659,2000
5216464,5092150,5116112,2000
5216465,5092506,5132339,2000
5216466,5142527,5145282,2000
5216468,5127378,5144949,2000
5216469,5127266,5127841,2000
5216470,5127256,5127471,2000
5216471,5127520,5142541,2000
5216472,5108691,5127727,2000
5216474,5078390,5146111,2000
5216476,5117494,5143900,2000
5216477,5127245,5156285,2000
5216478,5142648,5143554,2000
5216480,5077682,5079425,2000
5216481,5110470,5127204,2000
5216482,5098787,5108672,2000
5216483,5097125,5143006,2000
5216484,5145006,5202915,2000
5216489,5077765,5121227,2000
5216490,5079492,5108692,2000
5216491,5116376,5148048,2000
5216492,5097116,5116409,2000
5216493,5077713,5077842,2000
5216494,5098784,5109780,2000
5216495,5097211,5146083,2000
5216496,5080325,5144480,2000
5216497,5117536,5144118,2000
5216498,5109122,5148094,2000
5216499,5142574,5143882,2000
5216500,5183073,5202934,2000
5216501,5109762,5127226,2000
5216502,5108686,5116369,2000
5216503,5121124,5202947,2000
5216504,5077788,5079413,2000
5216505,5098014,5183146,2000
5216506,5146311,5146340,2000
5216507,5079388,5079404,2000
5216508,5092715,5145074,2000
5216509,4009273,5116459,2000
5216510,5127375,5144144,2000
5216511,5146318,5146325,2000
5216512,5142581,5144961,2000
5216513,5116366,5116788,2000
5216514,5127710,5127836,2000
5216515,5145299,5146321,2000
5216516,5098599,5116411,2000
5216517,5127068,5127237,2000
5216518,5098768,5116716,2000
5216519,5098684,5109938,2000
5216520,5077801,5108680,2000
5216521,5127163,5127164,2000
5216522,5109765,5109775,2000
5216523,5078290,5184906,2000
5216524,5098771,5108684,2000
5216527,5145298,5145333,2000
5216528,5108700,5202974,2000
5216529,5117535,5156284,2000
5216530,5098585,5146084,2000
5216532,5127530,5144999,2000
5216533,5098600,5156259,2000
5216534,5142591,5142603,2000
5216535,5117541,5117543,2000
5216536,5116773,5147035,2000
5216537,5142611,5145306,2000
5216538,5144092,5144963,2000
5216540,5143079,5184907,2000
5216542,5127239,5127365,2000
5216543,5072076,5127198,2000
5216544,5127137,5127376,2000
5216545,5098221,5108722,2000
5216547,5092814,5127150,2000
5216548,5127168,5144091,2000
5216549,5127186,5183082,2000
5216550,5097227,5147042,2000
5216551,5127178,5144065,2000
5216552,5142941,5223071,2000
5216553,5108702,5147009,2000
5216554,5079423,5097143,2000
5216555,5078415,5184925,2000
5216556,5092964,5122228,2000
5216557,5078231,5092961,2000
5216559,5116954,5122045,2000
5216560,5132787,5187980,2000
5216562,5116983,5156268,2000
5216563,5108588,5184911,2000
5216564,5097630,5146097,2000
5216565,4006751,5072749,2000
5216566,5117716,5127782,2000
5216567,5110181,5143147,2000
5216568,5132893,5145083,2000
5216569,5143107,5145605,2000
5216570,5078418,5097917,2000
5216571,5109182,5183115,2000
5216572,5109192,5143100,2000
5216573,5132859,5132878,2000
5216574,5072677,5184912,2000
5216575,5080329,5143092,2000
5216576,5143991,5145601,2000
5216577,5122181,5145609,2000
5216578,5132867,5132876,2000
5216579,5097591,5184913,2000
5216580,5097588,5108642,2000
5216581,5116569,5202914,2000
5216582,5121495,5127801,2000
5216583,5117740,5127787,2000
5216584,5132854,5183116,2000
5216585,5127476,5144440,2000
5216586,5116589,5121465,2000
5216587,5132863,5184918,2000
5216588,5110189,5127789,2000
5216591,5093027,5202930,2000
5216592,5093025,5093051,2000
5216594,5110150,5117730,2000
5216595,5121240,5132853,2000
5216596,5116574,5116826,2000
5216597,5116600,5117732,2000
5216598,5093039,5127538,2000
5216599,5110180,5116564,2000
5216600,5109490,5148054,2000
5216602,5110434,5184041,2000
5216604,5072736,5143047,2000
5216605,5079273,5132278,2000
5216607,5127927,5184901,2000
5216608,5092878,5109868,2000
5216611,5092871,5132346,2000
5216613,5072798,5108798,2000
5216615,5109150,5116549,2000
5216616,5097469,5143174,2000
5216617,5098476,5127906,2000
5216619,5143329,5145405,2000
5216620,5127851,5223100,2000
5216621,5122046,5156267,2000
5216622,5116610,5117869,2000
5216623,5122125,5184902,2000
5216624,5108954,5183149,2000
5216625,5087813,5202972,2000
5216626,5098484,5110100,2000
5216627,5143836,5143912,2000
5216628,5109863,5127500,2000
5216630,5110013,5116643,2000
5216631,5098466,5110009,2000
5216632,5109321,5184904,2000
5216634,5098416,5187988,2000
5216635,5143169,5143645,2000
5216636,5078437,5097955,2000
5216637,5143631,5143928,2000
5216639,5156287,5187987,2000
5216642,5087848,5121249,2000
5216643,5143909,5202966,2000
5216644,5116555,5117856,2000
5216645,5143911,5148030,2000
5216646,5116685,5122059,2000
5216647,5080179,5121248,2000
5216648,5092334,5202937,2000
5216649,5097440,5183100,2000
5216650,5143235,5145455,2000
5216651,5110142,5116929,2000
5216653,5122211,5132659,2000
5216655,5127496,5132657,2000
5216656,5143245,5184929,2000
5216657,5092298,5109226,2000
5216658,5109339,5147015,2000
5216659,5092982,5143090,2000
5216660,5109351,5183097,2000
5216661,5122120,5132675,2000
5216662,5098433,5143089,2000
5216664,5143951,5143955,2000
5216665,5098471,5109256,2000
5216666,5117847,5127995,2000
5216668,5080219,5087820,2000
5216671,5183123,5183143,2000
5216672,5143270,5146943,2000
5216673,5109417,5116135,2000
5216674,5144851,5145497,2000
5216675,5072637,5109432,2000
5216676,5098457,5132768,2000
5216677,5132698,5187930,2000
5216678,5121468,5147066,2000
5216679,5098482,5109348,2000
5216680,5098425,5109365,2000
5216681,5108575,5110032,2000
5216682,5097549,5143636,2000
5216683,5109430,5116942,2000
5216684,5116585,5116943,2000
5216687,5098497,5184919,2000
5216688,5147028,5202940,2000
5216689,5092906,5202978,2000
5216690,5132720,5132735,2000
5216691,5080349,5127985,2000
5216692,5117908,5122119,2000
5216693,4003123,NA,2000
5216694,5117880,5132018,2000
5216695,5080248,5093172,2000
5216697,5116926,5143866,2000
5216699,5143860,5187947,2000
5216700,5122058,5147029,2000
5216701,5072872,5121175,2000
5216703,5078193,5143088,2000
5216704,5109635,5184926,2000
5216707,5183150,5202938,2000
5216708,5098447,5202965,2000
5216709,5117230,5145089,2000
5216710,4002411,5143040,2000
5216711,5077998,5143086,2000
5216712,5080230,5121234,2000
5216713,5097465,5098637,2000
5216714,5109228,5183057,2000
5216715,5097189,5110263,2000
5216716,5072464,5121100,2000
5216717,5122137,5127919,2000
5216718,5072578,5092118,2000
5216720,5122190,5127915,2000
5216722,5116849,5147050,2000
5216723,5132697,5145621,2000
5216725,5143821,5143881,2000
5216726,5143276,5143341,2000
5216727,4001522,5108516,2000
5216728,5078186,5108569,2000
5216729,5092599,5122114,2000
5216732,5108949,5183099,2000
5216733,5078274,5202964,2000
5216734,5143256,5145565,2000
5216735,5097491,5184905,2000
5216737,5127884,5127951,2000
5216738,5132738,5143284,2000
5216739,5116656,5187990,2000
5216740,5117827,5148027,2000
5216741,5108576,5132332,2000
5216742,5117807,5202959,2000
5216743,5097533,5202962,2000
5216745,5109470,5110065,2000
5216746,5110018,5116694,2000
5216747,5127975,5143310,2000
5216749,5132723,5143581,2000
5216750,5092699,5132324,2000
5216751,5132913,5144255,2000
5216754,5142530,5184995,2000
5216755,4003115,5155996,2000
5216756,4000767,5116779,2000
5216757,5132906,5132907,2000
5216760,5143061,5147003,2000
5216761,5072173,5121092,2000
5216762,5078248,5146067,2000
5216763,5098158,5184998,2000
5216764,5092680,5093120,2000
5216765,5117202,5202926,2000
5216766,5098183,5144491,2000
5216767,5144496,5146101,2000
5216768,5098664,5183125,2000
5216769,5116451,5127118,2000
5216771,5097389,5098541,2000
5216772,5078286,5079475,2000
5216773,5127037,5156296,2000
5216774,5098667,5117636,2000
5216775,5117620,5183094,2000
5216776,5098245,5098626,2000
5216777,5144143,5183092,2000
5216778,5116415,5117652,2000
5216779,5054428,5116081,2000
5216780,5109902,5184997,2000
5216781,5116453,5184996,2000
5216782,5132965,5144138,2000
5216783,5132901,5202903,2000
5216784,5145684,5202925,2000
5216785,4003798,5098672,2000
5216786,5116469,5121040,2000
5216787,5127023,5127751,2000
5216788,5078237,5080114,2000
5216789,5127028,5127091,2000
5216790,5116380,5117629,2000
5216791,5117669,5184922,2000
5216792,4009312,5127101,2000
5216793,5098154,5109922,2000
5216794,5144272,5144297,2000
5216798,5132939,5132954,2000
5216801,5117622,5148018,2000
5216802,5072190,5132265,2000
5216803,5109717,5127060,2000
5216806,5155981,5156265,2000
5216811,5054669,5072958,2000
5216812,5098765,5142943,2000
5216813,4003125,5098098,2000
5216814,5117685,5145142,2000
5216815,5072740,5092660,2000
5216816,5078291,5093077,2000
5216817,5116755,5147038,2000
5216818,5072196,5144493,2000
5216819,5142610,5144470,2000
5216820,5144152,5145182,2000
5216821,5117656,5127297,2000
5216822,5145186,5145205,2000
5216823,5098709,5098744,2000
5216824,5127065,5127131,2000
5216825,5080013,5132264,2000
5216827,5098688,5117642,2000
5216828,5072168,5122444,2000
5216829,5092665,5127725,2000
5216832,5098682,5146119,2000
5216833,5077753,5092145,2000
5216835,5072187,5092125,2000
5216836,5092274,5127018,2000
5216837,5132968,5145167,2000
5216839,5098757,5109828,2000
5216840,5132952,5144296,2000
5216841,5144740,5145202,2000
5216842,5144181,5185000,2000
5216844,5142506,5142626,2000
5216845,5098229,5183122,2000
5216846,5144275,5144734,2000
5216847,5117660,5127029,2000
5216849,5098233,5148017,2000
5216850,5097978,5202923,2000
5216851,5146081,5202924,2000
5216854,5079355,5092288,2000
5216855,5144169,5144284,2000
5216856,5092257,5132259,2000
5216857,5144788,5144893,2000
5216858,5098696,5132260,2000
5216859,5144724,5144864,2000
5216860,5132961,5143510,2000
5216861,5072531,5202967,2000
5216862,5098244,5127435,2000
5216863,5097979,5098235,2000
5216864,5127002,5127847,2000
5216865,5072288,5147033,2000
5216866,5127417,5143509,2000
5216867,5132993,5142526,2000
5216870,5098077,5132305,2000
5216871,5098309,5187958,2000
5216872,4008480,5187973,2000
5216873,5132193,5132579,2000
5216874,5132568,5142754,2000
5216875,5127670,5145789,2000
5216876,5098338,5142872,2000
5216877,5117435,5122355,2000
5216878,5117499,5122259,2000
5216879,5121351,5122273,2000
5216880,5145738,5146854,2000
5216881,5054574,5155991,2000
5216882,5116322,5202929,2000
5216883,5122367,5146161,2000
5216884,5098619,5184909,2000
5216885,5097186,5110279,2000
5216886,5077622,5098831,2000
5216887,5132544,5144593,2000
5216888,5122351,5142868,2000
5216889,5132550,5132558,2000
5216890,5117976,5202970,2000
5216891,5144337,5145203,2000
5216892,5144605,5217775,2000
5216893,5142874,5144015,2000
5216894,4005441,5122387,2000
5216895,5122344,5122366,2000
5216896,4003113,5078576,2000
5216897,5142771,5144595,2000
5216898,5145706,5146770,2000
5217010,5110385,5121331,2001
5217011,5110407,5183137,2001
5217012,5144046,5216922,2001
5217013,5145910,5145958,2001
5217014,5132448,5143488,2001
5217016,5110300,5132129,2001
5217017,5117140,5132139,2001
5217018,5079102,5079113,2001
5217019,5117217,5216923,2001
5217020,5144531,5146449,2001
5217021,5117115,5117123,2001
5217022,5097648,5097750,2001
5217023,5117283,5184916,2001
5217024,5146145,5146146,2001
5217026,5121322,5121327,2001
5217027,5098971,5110365,2001
5217028,5132106,5143475,2001
5217031,4009247,5132447,2001
5217032,5132421,5143710,2001
5217033,5132101,5143699,2001
5217034,5132442,5143484,2001
5217035,5109915,5117014,2001
5217038,5116079,5156273,2001
5217039,5148036,5216909,2001
5217040,5132427,5143490,2001
5217041,5097757,5117314,2001
5217042,4009154,5117311,2001
5217043,5132453,5143747,2001
5217044,5121290,5132087,2001
5217046,5143421,5143426,2001
5217047,5077534,5187925,2001
5217048,5143449,5145909,2001
5217050,5097713,5216924,2001
5217051,5117327,5121268,2001
5217052,5132479,5143428,2001
5217053,5092633,5117344,2001
5217054,5132486,5143764,2001
5217055,5098995,5109235,2001
5217056,5145928,5147019,2001
5217057,5098999,5132480,2001
5217058,5077528,5147045,2001
5217059,5117010,5143717,2001
5217060,5132233,5144182,2001
5217061,5132381,5143940,2001
5217062,5121310,5127668,2001
5217063,5132067,5143745,2001
5217064,5098953,5110429,2001
5217065,5087826,5097751,2001
5217066,5098987,5146148,2001
5217067,5117020,5222760,2001
5217069,5072803,5077510,2001
5217070,5097216,5146997,2001
5217071,5144836,5187943,2001
5217072,5098998,5146160,2001
5217073,5099000,5146159,2001
5217074,5132079,5183135,2001
5217075,5143450,5145896,2001
5217076,5117030,5216977,2001
5217077,5132456,5132459,2001
5217078,5072352,5145080,2001
5217079,5216912,5216975,2001
5217080,5109444,5144463,2001
5217081,5097632,5216911,2001
5217082,5143371,5145711,2001
5217084,5132204,5216950,2001
5217085,5093256,9999914,2001
5217086,5077927,5093281,2001
5217087,5077600,5142813,2001
5217088,5121383,5127561,2001
5217089,5145700,5145870,2001
5217090,5097634,5146995,2001
5217091,5127957,5143367,2001
5217092,5143363,5217005,2001
5217094,5121364,5143691,2001
5217095,5143362,5143664,2001
5217096,5143682,5216974,2001
5217097,5098895,5147053,2001
5217098,5109808,5121217,2001
5217099,4005867,5216973,2001
5217100,5143030,5216910,2001
5217101,5144685,5187934,2001
5217102,5143398,5146502,2001
5217103,5122295,5143355,2001
5217104,5093292,5097488,2001
5217105,5121393,5127630,2001
5217106,5144667,5146798,2001
5217108,5098884,5146143,2001
5217110,5098036,5144848,2001
5217111,5077916,5183051,2001
5217112,5098800,5109723,2001
5217113,5078469,5093461,2001
5217114,5116338,5216965,2001
5217115,5097378,5116295,2001
5217117,5110198,5110211,2001
5217118,5142695,5144216,2001
5217119,5144219,5144260,2001
5217120,5147658,5148271,2001
5217121,5092193,5142809,2001
5217122,5132395,5145050,2001
5217123,4003783,5187931,2001
5217124,5144132,5184931,2001
5217125,5092628,5217004,2001
5217126,5116308,5156280,2001
5217127,4003114,5116881,2001
5217128,5122334,5146012,2001
5217129,5146021,5146023,2001
5217130,5142686,5144135,2001
5217131,5116285,5132311,2001
5217132,5142681,5147032,2001
5217133,5098812,5183120,2001
5217135,5142682,5184038,2001
5217136,5098648,5110221,2001
5217138,5142677,5145064,2001
5217139,5142679,5142706,2001
5217140,5054685,5097898,2001
5217141,5092316,5127469,2001
5217142,5132371,5145065,2001
5217143,5054603,5147026,2001
5217144,5110223,5122325,2001
5217145,5146409,5147612,2001
5217147,5097300,5116180,2001
5217148,5098040,5098073,2001
5217149,5098805,5147031,2001
5217150,5117723,5216982,2001
5217152,5109193,5116557,2001
5217153,5072656,5117704,2001
5217154,4009283,5093052,2001
5217155,5148055,5216954,2001
5217156,5072748,5216921,2001
5217157,5078121,5080158,2001
5217158,5146177,5146213,2001
5217160,5127780,5143157,2001
5217161,5072741,5072745,2001
5217162,5080180,5132341,2001
5217164,5108636,5109178,2001
5217165,5078096,5080159,2001
5217168,5132871,5143163,2001
5217169,5143970,5187984,2001
5217170,5121457,5127810,2001
5217171,5132895,5143128,2001
5217172,5145375,5145616,2001
5217173,5143111,5145390,2001
5217174,5110131,5116506,2001
5217175,5116188,5147023,2001
5217176,5146073,5222692,2001
5217177,5080154,5183117,2001
5217178,5122015,5187949,2001
5217179,5109259,5145610,2001
5217180,5078064,5127536,2001
5217181,5127792,5127793,2001
5217182,5117272,5187967,2001
5217183,5108630,5147022,2001
5217184,5080135,5110408,2001
5217185,5097675,5122001,2001
5217186,5145399,5216984,2001
5217187,5109473,5117706,2001
5217188,5121490,5132344,2001
5217189,5117725,5156289,2001
5217190,5127812,5132842,2001
5217191,5092339,5216956,2001
5217192,5109056,5216955,2001
5217193,5097626,5143025,2001
5217195,5132834,5143552,2001
5217196,4005443,5080212,2001
5217197,5078205,5108521,2001
5217198,5109387,5122215,2001
5217199,5072691,5147017,2001
5217200,5127970,5144393,2001
5217201,5117404,5143638,2001
5217202,5108774,5108775,2001
5217203,5142737,5143502,2001
5217204,5080333,5143069,2001
5217205,5078476,5143507,2001
5217206,5116660,5116712,2001
5217207,5117551,5122006,2001
5217208,5080327,5121125,2001
5217209,5127483,5142726,2001
5217210,4039229,5216980,2001
5217211,5097399,5109733,2001
5217212,5127370,5216931,2001
5217213,5072293,5216988,2001
5217214,5108697,5146151,2001
5217215,5116019,5147008,2001
5217216,5098107,5147007,2001
5217217,5108709,5147005,2001
5217218,5127406,5144455,2001
5217219,5127506,5216952,2001
5217220,5144184,5144916,2001
5217221,5144910,5144920,2001
5217222,5093317,5097134,2001
5217224,5127292,5127321,2001
5217225,5127394,5144178,2001
5217226,5117587,5144909,2001
5217228,5097768,5156291,2001
5217229,5142732,5146388,2001
5217232,5097306,5127380,2001
5217233,5098587,5108743,2001
5217234,5109718,5116786,2001
5217238,5092255,5093243,2001
5217239,5097303,5146115,2001
5217240,5079013,5109621,2001
5217241,4008484,5143618,2001
5217244,5143550,5143602,2001
5217245,5117562,5127310,2001
5217246,5072256,5121061,2001
5217247,5127308,5127409,2001
5217248,5109705,5116750,2001
5217249,5116018,5122097,2001
5217250,5098548,5108768,2001
5217251,5116749,5143608,2001
5217252,5098577,5187956,2001
5217253,5108754,5127006,2001
5217256,5132914,5144721,2001
5217257,5127052,5183139,2001
5217258,5145677,5146702,2001
5217261,5132160,5144405,2001
5217262,5109832,5109990,2001
5217263,5078288,5187942,2001
5217265,5145678,5145689,2001
5217266,5097403,5109108,2001
5217267,5098155,5122452,2001
5217268,5142904,5144710,2001
5217269,5116823,5216998,2001
5217271,5144696,5144698,2001
5217273,5078004,5156270,2001
5217274,5109988,5116499,2001
5217275,5109982,5121029,2001
5217276,5109101,5109933,2001
5217277,5109987,5216997,2001
5217278,5077825,5078343,2001
5217279,5092669,5216913,2001
5217280,5127158,5147700,2001
5217281,5146259,5146273,2001
5217282,5116351,5184992,2001
5217283,5142528,5144771,2001
5217284,5097194,5097213,2001
5217285,5116377,5127232,2001
5217286,5145276,5216987,2001
5217287,5092106,5109043,2001
5217289,5117491,5142619,2001
5217290,5117946,5216993,2001
5217291,5144983,5145019,2001
5217292,4003166,5127348,2001
5217294,5098166,5098651,2001
5217295,5098615,5142939,2001
5217296,5097129,5098618,2001
5217298,5092503,5132340,2001
5217299,5146283,5146578,2001
5217300,5142536,5142546,2001
5217301,5144939,5145014,2001
5217302,5142613,5144207,2001
5217303,4013668,5144218,2001
5217304,5142545,5144131,2001
5217305,5127513,5143891,2001
5217306,5142573,5143897,2001
5217307,4005402,5121165,2001
5217310,5072082,5121229,2001
5217311,5127124,5142946,2001
5217312,5144775,5147732,2001
5217313,5098788,5127247,2001
5217314,5127527,5156283,2001
5217315,5127227,5143883,2001
5217316,5077812,5078428,2001
5217317,5116888,5127216,2001
5217318,5077821,5121228,2001
5217319,5116404,5183147,2001
5217320,5079390,5079393,2001
5217321,5142562,5143888,2001
5217322,5142563,5145001,2001
5217323,5142637,5145352,2001
5217324,5117661,5127257,2001
5217325,5145116,5147719,2001
5217326,5117534,5132334,2001
5217328,5097219,5109779,2001
5217330,5142942,5216940,2001
5217331,5144064,5145233,2001
5217332,5146086,5216971,2001
5217333,5142586,5145007,2001
5217334,5144105,5183085,2001
5217336,5144980,5145314,2001
5217337,5116394,5145072,2001
5217338,5127374,5184928,2001
5217339,5127533,5143892,2001
5217340,5116390,5144261,2001
5217341,5142667,5144098,2001
5217342,5072118,5216951,2001
5217343,5092607,5127525,2001
5217344,5098594,5145073,2001
5217345,5072079,5116088,2001
5217346,5077917,5121065,2001
5217347,5117628,5127140,2001
5217348,5127197,5132338,2001
5217349,5117511,5143890,2001
5217350,4008607,5144948,2001
5217351,5127045,5127210,2001
5217352,5098592,5147041,2001
5217353,5122454,5127585,2001
5217354,5145003,5202916,2001
5217355,5108675,5116353,2001
5217356,5098726,5127149,2001
5217357,5144700,5144926,2001
5217358,5072123,5080035,2001
5217359,5097141,5187941,2001
5217360,5144074,5216939,2001
5217361,5142585,5216938,2001
5217362,5142556,5142596,2001
5217363,5078324,5187919,2001
5217364,5144172,5144941,2001
5217365,5146329,5146559,2001
5217366,5098597,5109750,2001
5217367,5142630,5144947,2001
5217369,4012503,5216969,2001
5217370,5142569,5146331,2001
5217371,5092723,5143010,2001
5217372,5184948,5216968,2001
5217373,5097172,5109617,2001
5217374,5098847,5146166,2001
5217375,5098871,5142836,2001
5217378,5054555,5127555,2001
5217380,5144378,5144381,2001
5217381,4009268,5079285,2001
5217382,5093335,5183111,2001
5217383,5127935,5144354,2001
5217384,5117407,5121462,2001
5217385,5098864,5145091,2001
5217386,5121425,5143078,2001
5217387,5110318,5110329,2001
5217388,5098857,5110322,2001
5217390,5079222,5144399,2001
5217391,5144376,5144392,2001
5217392,5121445,5147063,2001
5217393,4011348,5098385,2001
5217394,5098861,5110325,2001
5217395,5127449,5132383,2001
5217396,5098860,5098867,2001
5217397,5098024,5216932,2001
5217399,5092866,5143016,2001
5217400,5109057,5109074,2001
5217401,5143014,5183142,2001
5217402,5098443,5183095,2001
5217403,5093201,5143095,2001
5217404,5078061,5187917,2001
5217405,5072539,5077962,2001
5217406,5080338,5187961,2001
5217407,5078137,5122172,2001
5217408,5110024,5110356,2001
5217409,5110163,5116623,2001
5217410,5080125,5080141,2001
5217411,5132618,5143172,2001
5217412,5143196,5143649,2001
5217413,5145425,5202907,2001
5217414,5127912,5143198,2001
5217415,5092815,5117783,2001
5217416,5122109,5143231,2001
5217417,5117811,5127881,2001
5217418,5117759,5127967,2001
5217419,5122076,5216936,2001
5217420,5078141,5184903,2001
5217421,5092939,5098454,2001
5217422,5122032,5122095,2001
5217423,5072597,5183148,2001
5217426,5117830,5122086,2001
5217427,5098409,5109475,2001
5217428,5109393,5109460,2001
5217429,5127495,5127965,2001
5217430,5080163,5097432,2001
5217431,5109457,5187946,2001
5217432,5109428,5109874,2001
5217434,5127860,5127910,2001
5217435,5109859,5145588,2001
5217436,5132746,5132770,2001
5217437,5143219,5187928,2001
5217438,5143921,5143956,2001
5217439,5127866,5132767,2001
5217440,5098470,5132020,2001
5217441,5116633,5216986,2001
5217442,5132650,5143222,2001
5217443,5143269,5145464,2001
5217444,5145593,5146719,2001
5217445,5110025,5183096,2001
5217446,5122157,5127980,2001
5217447,5097481,5143029,2001
5217449,5127867,5132664,2001
5217450,5142824,5202909,2001
5217451,5143961,5147064,2001
5217452,5132656,5216945,2001
5217453,5110098,5148023,2001
5217454,5097561,5143287,2001
5217455,5109877,5116964,2001
5217456,5132666,5143285,2001
5217457,5097617,5116969,2001
5217458,5117877,5147016,2001
5217459,5117929,5117930,2001
5217460,5109628,5122207,2001
5217461,5092989,5187929,2001
5217462,5109439,5109963,2001
5217463,4001546,5122014,2001
5217464,5146654,5147687,2001
5217466,5116658,5116937,2001
5217467,5078204,5093154,2001
5217470,5080316,5127954,2001
5217474,5146906,5147294,2001
5217475,5132771,5145567,2001
5217476,5145590,5145597,2001
5217477,5145554,5147194,2001
5217478,5143268,5145579,2001
5217479,5143816,5147024,2001
5217483,5122121,5122175,2001
5217484,5109369,5183075,2001
5217485,5116921,5146092,2001
5217486,5108519,5109141,2001
5217488,5117179,5146134,2001
5217489,5132009,5132755,2001
5217490,5092934,5092967,2001
5217491,5127924,5143819,2001
5217492,5092933,5183144,2001
5217494,5127928,5143850,2001
5217495,5110037,5216989,2001
5217496,5132611,5145085,2001
5217497,5109396,5183145,2001
5217498,5092589,5122111,2001
5217499,5098427,5143099,2001
5217500,5098500,5146123,2001
5217501,5145527,5145529,2001
5217502,4014183,5127540,2001
5217503,5110073,5145584,2001
5217504,5092897,5092919,2001
5217505,5132681,5184935,2001
5217506,5092903,5098495,2001
5217508,5072657,5148025,2001
5217509,5072577,5092970,2001
5217512,5072665,5146121,2001
5217513,5078187,5143851,2001
5217514,5122116,5132022,2001
5217516,5110116,5216990,2001
5217517,5078174,5093026,2001
5217520,5143264,5143859,2001
5217521,5116959,5117895,2001
5217522,5132677,5132679,2001
5217523,5122185,5146122,2001
5217524,5116550,5116938,2001
5217525,5132754,5132818,2001
5217526,5078251,5097568,2001
5217527,5072342,5132282,2001
5217528,5156294,5216962,2001
5217529,5109147,5109155,2001
5217530,5097521,5142825,2001
5217531,5127822,5142960,2001
5217532,5132812,5142952,2001
5217533,5142978,5146656,2001
5217535,5116525,5132806,2001
5217537,5142975,5144729,2001
5217538,5147430,5147926,2001
5217539,5109114,5109829,2001
5217540,5122480,5146274,2001
5217541,5145165,5216948,2001
5217542,5144300,5216930,2001
5217543,5144723,5145665,2001
5217544,5147257,5147746,2001
5217545,5142736,5144434,2001
5217546,5098119,5121042,2001
5217547,4009276,5202911,2001
5217548,5097524,5098126,2001
5217549,4009258,5146687,2001
5217551,5098127,5116846,2001
5217552,5116837,5116845,2001
5217553,5132822,5144081,2001
5217554,5122492,5144395,2001
5217555,5097514,5156293,2001
5217556,5143623,5144433,2001
5217557,5078040,5146670,2001
5217558,5132290,5216960,2001
5217559,5122489,5122497,2001
5217560,5092852,5187950,2001
5217562,5146126,5216961,2001
5217563,5110075,5148042,2001
5217564,5132180,5144450,2001
5217565,5132928,5145558,2001
5217566,5109941,5116824,2001
5217567,5109753,5127103,2001
5217568,5144842,5145137,2001
5217569,5092682,5132912,2001
5217570,5092569,5098092,2001
5217571,5098689,5216947,2001
5217572,5098232,5098551,2001
5217573,5080181,5146079,2001
5217575,5144070,5144271,2001
5217576,4008471,5144840,2001
5217577,5144263,5144409,2001
5217578,5144077,5216991,2001
5217579,5098168,5144930,2001
5217580,5143615,5144799,2001
5217581,5144134,5144251,2001
5217582,5142509,5142724,2001
5217583,5117616,5144431,2001
5217584,5109615,5183128,2001
5217585,5109925,5116477,2001
5217588,5072180,5072188,2001
5217589,5127061,5127066,2001
5217590,5132943,5144257,2001
5217591,5098694,5144810,2001
5217593,5077742,5148199,2001
5217594,5072206,5121085,2001
5217595,5109934,5146118,2001
5217596,5072165,5132323,2001
5217597,5078299,5121094,2001
5217598,5078314,5216958,2001
5217599,5098580,5098749,2001
5217600,5098695,5156014,2001
5217601,5093194,5144189,2001
5217602,5145521,5145690,2001
5217603,5121037,5142501,2001
5217606,5127053,5144285,2001
5217608,5142512,5143584,2001
5217609,5144601,5145720,2001
5217610,5116252,5184947,2001
5217611,5098821,5121015,2001
5217612,5144001,5144366,2001
5217613,5144614,5145766,2001
5217614,5109560,5109579,2001
5217615,5078433,5117185,2001
5217616,5097053,5109526,2001
5217617,5142744,5144620,2001
5217618,5092526,5109038,2001
5217619,5097925,5109030,2001
5217620,5116880,5127636,2001
5217621,5109295,5144622,2001
5217622,5116222,5117960,2001
5217623,5121008,5121014,2001
5217624,5144241,5146843,2001
5217625,5116003,5148003,2001
5217626,4003794,5117058,2001
5217627,5098054,5117985,2001
5217628,5116229,5116303,2001
5217629,5144345,5183050,2001
5217630,5127579,5144380,2001
5217631,5127829,5144341,2001
5217632,5155824,5216902,2001
5217633,5145849,5146022,2001
5217634,5092553,5097083,2001
5217636,5097286,5117196,2001
5217637,5144604,5146990,2001
5217638,5121009,5121156,2001
5217639,5097085,5098282,2001
5217640,5079234,5121071,2001
5217641,5079233,5092834,2001
5217642,5121011,5145070,2001
5217643,5079036,5093432,2001
5217644,5127644,5144346,2001
5217645,5117984,5122284,2001
5217646,5116202,5117994,2001
5217647,5142749,5144330,2001
5217648,5142787,5144342,2001
5217649,5054732,5097832,2001
5217650,5116063,5116152,2001
5217651,5097831,5108980,2001
5217652,5147739,5147891,2001
5217653,5092135,5109008,2001
5217654,5144672,5187974,2001
5217655,5142991,5145400,2001
5217656,5098256,5109287,2001
5217657,5109587,5184946,2001
5217658,5144660,5145816,2001
5217659,5116174,5117938,2001
5217660,5127633,5132866,2001
5217661,5072449,5222542,2001
5217662,4003034,4011898,2001
5217663,4004538,5116011,2001
5217664,5097810,5121057,2001
5217665,5109222,5116143,2001
5217666,5072381,5097922,2001
5217667,5121196,5145067,2001
5217668,5077858,5127614,2001
5217669,5142871,5142880,2001
5217670,5092126,5092133,2001
5217671,5072430,5142879,2001
5217672,5109227,5109589,2001
5217673,5117151,5117935,2001
5217674,5116031,5116114,2001
5217675,5077863,5097988,2001
5217676,5093374,5116147,2001
5217677,5098718,5122234,2001
5217678,4009243,5122267,2001
5217679,5072392,5116053,2001
5217680,5098713,5110464,2001
5217681,5097563,5109223,2001
5217682,5117191,5184945,2001
5217683,5109588,5116231,2001
5217684,5132026,5144025,2001
5217685,5098918,5216906,2001
5217686,5110215,5116010,2001
5217687,5072249,5079297,2001
5217688,5097254,5110255,2001
5217689,5116209,5132190,2001
5217690,5144224,5216934,2001
5217691,5122354,5132192,2001
5217692,5072437,5146112,2001
5217693,5146169,5216916,2001
5217694,5132191,5202971,2001
5217695,5148077,5216917,2001
5217696,5144002,5222589,2001
5217698,5097200,5142803,2001
5217699,5079308,5079324,2001
5217700,5079454,5187960,2001
5217701,5098346,5216979,2001
5217702,5117431,5187955,2001
5217703,5144023,5216919,2001
5217704,5116302,5132040,2001
5217706,5122359,5127255,2001
5217707,5098908,5110348,2001
5217708,5110253,5116008,2001
5217709,5144008,5145765,2001
5217710,5110484,5145078,2001
5217711,5072453,5144580,2001
5217712,5144003,5144338,2001
5217713,5079290,5144599,2001
5217714,5093440,5109067,2001
5217715,5072003,5121097,2001
5217716,4000729,5116253,2001
5217717,5144304,5216978,2001
5217718,5116190,5187921,2001
5217719,5132545,5144590,2001
5217720,5121120,5127343,2001
5217721,4004546,5216920,2001
5217801,5097189,5110263,2002
5217802,5098077,5132305,2002
5217803,5187918,5216915,2002
5217806,5132896,5144047,2002
5217807,5098291,5132573,2002
5217808,5098360,5098919,2002
5217809,5132568,5142754,2002
5217810,5072450,5121209,2002
5217812,5098619,5184909,2002
5217813,5097186,5110279,2002
5217815,5132544,5144593,2002
5217816,5122351,5142868,2002
5217817,5132551,5132555,2002
5217818,5132550,5132558,2002
5217819,5132546,5142875,2002
5217820,5122344,5122366,2002
5217821,5142874,5144015,2002
5217822,5145738,5146854,2002
5217823,5148412,5183020,2002
5217824,5117435,5122355,2002
5217825,5098338,5142872,2002
5217826,5144589,5187978,2002
5217827,5110276,5146757,2002
5217828,5144582,5217774,2002
5217830,5079216,5092535,2002
5217831,5093413,5143081,2002
5217832,5147990,5217791,2002
5217833,5132576,5217792,2002
5217835,5147575,5147771,2002
5217836,4003844,5132133,2002
5217837,5121306,5143766,2002
5217838,4011322,5117334,2002
5217839,5143792,5216928,2002
5217840,5121284,5216942,2002
5217841,5097726,5148066,2002
5217842,5108842,5146150,2002
5217843,5145386,5217003,2002
5217844,5145885,5146471,2002
5217846,5117003,5187999,2002
5217848,5132440,5187937,2002
5217849,5146458,5216926,2002
5217850,5132463,5142684,2002
5217851,5143471,5143481,2002
5217852,5110401,5132065,2002
5217853,5132144,5143778,2002
5217854,5148031,5217745,2002
5217855,5108924,5110419,2002
5217856,5117215,5183069,2002
5217857,5098960,5108876,2002
5217858,5121285,5143782,2002
5217859,5072811,5087827,2002
5217860,5143709,5217770,2002
5217862,5108927,5148032,2002
5217863,5132113,5188000,2002
5217864,5097718,5143760,2002
5217865,5117273,5184989,2002
5217866,5132136,5132461,2002
5217867,5156278,5202944,2002
5217869,5132454,5145916,2002
5217870,5132245,5143429,2002
5217871,5132148,5132475,2002
5217872,5079104,5146130,2002
5217873,5072832,5110420,2002
5217874,5079069,5184040,2002
5217875,5117029,5145932,2002
5217876,5072827,5147782,2002
5217877,5132452,5143742,2002
5217878,5072837,5108868,2002
5217881,5147785,5147837,2002
5217883,5121255,5184915,2002
5217884,5143420,5143437,2002
5217886,5146237,5147761,2002
5217887,5132492,5143454,2002
5217888,5143422,5145907,2002
5217889,5121323,5132077,2002
5217890,5108909,5117112,2002
5217891,5132460,5143751,2002
5217892,5108862,5147057,2002
5217893,5132091,5143702,2002
5217894,5072844,5110375,2002
5217895,5132141,5132439,2002
5217896,5108883,5121256,2002
5217897,5144505,5145961,2002
5217898,5108885,5147813,2002
5217900,5143720,5143725,2002
5217901,5110366,5217744,2002
5217902,5121312,5143714,2002
5217903,5132446,5144515,2002
5217905,5132118,5143730,2002
5217906,5121343,5132426,2002
5217907,5077576,5187926,2002
5217908,5146223,5146439,2002
5217909,5108892,5217002,2002
5217910,5079128,5183070,2002
5217911,5144511,5202968,2002
5217912,5079079,5147051,2002
5217913,5079122,5097642,2002
5217914,5079110,5079130,2002
5217915,5098966,5148037,2002
5217916,5144508,5216976,2002
5217917,5110358,5183119,2002
5217918,4007623,5132477,2002
5217919,5132120,5132445,2002
5217920,5097691,5121318,2002
5217921,5121317,5144507,2002
5217922,5132080,5132143,2002
5217923,5143440,5145878,2002
5217925,5098974,5121321,2002
5217926,5117133,5184933,2002
5217927,5098982,5117253,2002
5217928,5117598,5127166,2002
5217929,5109728,5116385,2002
5217930,5098530,5108727,2002
5217932,4009171,5098570,2002
5217933,5146334,5147479,2002
5217934,5202958,5217766,2002
5217935,5143535,5144088,2002
5217936,5145267,5146299,2002
5217937,5117593,5122438,2002
5217940,5142666,5143548,2002
5217941,5109731,5147067,2002
5217942,5142654,5217767,2002
5217944,5147437,5147929,2002
5217945,5142644,5145243,2002
5217946,5142655,5143899,2002
5217949,5077731,5127415,2002
5217950,5144911,5146581,2002
5217952,5144857,5145249,2002
5217953,5109584,5132291,2002
5217954,5142670,5143613,2002
5217955,5092253,5217785,2002
5217956,5144274,5146061,2002
5217957,5108736,5116752,2002
5217958,5079315,5202920,2002
5217959,5117581,5202932,2002
5217960,5117235,5202921,2002
5217961,5109709,5146116,2002
5217962,5092304,5092640,2002
5217963,5098519,5156016,2002
5217964,5143505,5144386,2002
5217965,5110145,5142739,2002
5217966,5117231,5202946,2002
5217967,5116732,5117561,2002
5217968,5116723,5142729,2002
5217969,5121223,5183127,2002
5217970,5146671,5147417,2002
5217971,5072248,5072282,2002
5217972,4000609,5077828,2002
5217974,5145109,5145321,2002
5217975,5122423,5143620,2002
5217976,5145110,5146326,2002
5217977,5098514,5116020,2002
5217978,5144998,5145622,2002
5217979,5098654,5217723,2002
5217980,5079429,5092684,2002
5217981,5078390,5146111,2002
5217982,5145283,5147426,2002
5217984,5202933,5202948,2002
5217986,5116413,5117502,2002
5217987,5092150,5116112,2002
5217988,5077806,5097121,2002
5217989,5147720,5147725,2002
5217990,5098787,5108672,2002
5217993,5098771,5108684,2002
5217994,5109766,5187969,2002
5217995,5098600,5156259,2002
5217996,5144987,5217726,2002
5217997,5142611,5145306,2002
5217998,5142589,5147722,2002
5217999,5142941,5223071,2002
5218000,5127021,5156256,2002
5222001,5116418,5143532,2002
5222002,5109699,5117456,2002
5222003,5109670,5110192,2002
5222004,5127520,5142541,2002
5222005,5117494,5143900,2002
5222006,5097214,5143082,2002
5222008,5108693,5116375,2002
5222009,5183073,5202934,2002
5222010,5092715,5145074,2002
5222011,5072076,5217768,2002
5222012,5127194,5147036,2002
5222014,5108702,5147009,2002
5222015,5116410,5142817,2002
5222016,5116376,5148048,2002
5222017,5072080,5156260,2002
5222018,5127137,5127376,2002
5222020,5127239,5127365,2002
5222021,5155977,5155978,2002
5222023,5127102,5127267,2002
5222024,5092631,5097412,2002
5222025,5116366,5116788,2002
5222026,5145299,5146321,2002
5222027,5127068,5127237,2002
5222028,5077682,5079425,2002
5222029,5109122,5148094,2002
5222030,5098585,5146084,2002
5222032,5142574,5143882,2002
5222033,5109765,5109775,2002
5222034,5147497,5148460,2002
5222035,5132330,5145317,2002
5222036,5097227,5147042,2002
5222037,5117541,5117543,2002
5222038,5098221,5108722,2002
5222039,5147469,5217786,2002
5222040,5127245,5156285,2002
5222042,4003115,5155996,2002
5222045,5132321,5144497,2002
5222046,4009251,5216992,2002
5222047,5116451,5127118,2002
5222048,5132935,5144818,2002
5222049,5117630,5148043,2002
5222050,5127350,5216957,2002
5222051,5092680,5093120,2002
5222052,5098158,5184998,2002
5222053,5097389,5098541,2002
5222054,5078286,5079475,2002
5222055,5072074,5092321,2002
5222056,5078246,5127043,2002
5222057,5092609,5092697,2002
5222058,5116440,5217722,2002
5222059,5144143,5183092,2002
5222060,5097383,5144823,2002
5222061,5132909,5144273,2002
5222062,5054428,5116081,2002
5222063,5127314,5127745,2002
5222064,5116453,5184996,2002
5222065,5109902,5184997,2002
5222067,5145684,5202925,2002
5222070,4003798,5098672,2002
5222071,5132939,5132954,2002
5222072,5127023,5127751,2002
5222073,4009312,5127101,2002
5222074,5117622,5148018,2002
5222075,5117685,5145142,2002
5222076,4003125,5098098,2002
5222077,5078291,5093077,2002
5222078,5116755,5147038,2002
5222079,5080013,5132264,2002
5222080,5142610,5144470,2002
5222081,5072740,5092660,2002
5222082,5144152,5145182,2002
5222084,5117656,5127297,2002
5222086,5079073,5080031,2002
5222088,5079210,5080033,2002
5222089,5080015,5098209,2002
5222090,5144792,5145150,2002
5222091,5098763,5144974,2002
5222093,5127846,5145162,2002
5222094,5097320,5117637,2002
5222095,5072187,5092125,2002
5222096,5127747,5144175,2002
5222097,5144136,5144887,2002
5222098,5117688,5127024,2002
5222099,5147397,5148192,2002
5222100,5092274,5127018,2002
5222101,5142935,5156298,2002
5222102,5145151,5145195,2002
5222103,5098203,5098214,2002
5222104,5144275,5144734,2002
5222105,5098229,5183122,2002
5222106,5109820,5217782,2002
5222109,5092257,5132259,2002
5222110,5144724,5144864,2002
5222111,5144788,5144893,2002
5222112,5072531,5202967,2002
5222113,5132957,5144200,2002
5222114,5127002,5127847,2002
5222115,5072288,5147033,2002
5222116,5127417,5143509,2002
5222117,5132993,5142526,2002
5222118,5144705,5145693,2002
5222119,5078025,5110106,2002
5222120,5144697,5145682,2002
5222121,5097503,5098095,2002
5222122,5132223,5148045,2002
5222123,5142918,5144945,2002
5222124,5142899,5144147,2002
5222125,5078014,5217736,2002
5222128,5144731,5145687,2002
5222129,5142920,5144719,2002
5222130,5132998,5142922,2002
5222131,5092138,5202951,2002
5222132,5145673,5146699,2002
5222134,5142508,5142921,2002
5222136,5127041,5144401,2002
5222137,5097506,5147034,2002
5222138,5092678,5145191,2002
5222139,5092625,5217738,2002
5222140,5072229,5156264,2002
5222141,4007622,5077883,2002
5222142,4009797,5109544,2002
5222143,5077896,5116044,2002
5222144,4004561,5109545,2002
5222145,5072492,5121108,2002
5222146,5145750,5146789,2002
5222147,5098785,5116199,2002
5222148,5116230,5117955,2002
5222149,5054742,5097953,2002
5222150,4001494,5097946,2002
5222151,5144641,5145343,2002
5222152,5132356,5132359,2002
5222154,5132390,5144457,2002
5222155,5132366,5143407,2002
5222156,5108832,5109556,2002
5222157,4003829,5121184,2002
5222158,5093358,5093452,2002
5222159,5127479,5127671,2002
5222160,5147984,5217752,2002
5222161,5072387,5146054,2002
5222162,5116243,5121406,2002
5222163,5144362,5187971,2002
5222164,5072247,5117160,2002
5222165,5109011,5109015,2002
5222166,4009289,5122307,2002
5222167,5117426,5122265,2002
5222168,5142760,5143674,2002
5222169,5092563,5116013,2002
5222170,5098552,5117239,2002
5222171,5093420,5109531,2002
5222172,5122292,5142834,2002
5222173,5144044,5217754,2002
5222174,5116150,5122286,2002
5222175,5108979,5108995,2002
5222176,5127638,5144237,2002
5222177,5144665,5146767,2002
5222178,5146785,5147871,2002
5222179,5147860,5147893,2002
5222180,5144306,5144324,2002
5222181,5108959,5142779,2002
5222182,5121072,5146127,2002
5222183,5097078,5187976,2002
5222184,5098257,5217753,2002
5222185,5146801,5217756,2002
5222186,5097277,5117094,2002
5222187,4004542,5146806,2002
5222188,5079049,5117154,2002
5222189,4013052,5144692,2002
5222191,5147545,5164478,2002
5222192,5098139,5142807,2002
5222194,5109567,5117078,2002
5222195,5127610,5142886,2002
5222196,5117351,5117948,2002
5222197,5127615,5144331,2002
5222198,4009241,4009244,2002
5222199,5146047,5147975,2002
5222200,5144320,5144674,2002
5222201,5117192,5217755,2002
5222202,5117161,5117371,2002
5222203,5216904,5217751,2002
5222204,5110469,5142786,2002
5222205,5092739,5116030,2002
5222206,5117951,5142873,2002
5222207,5097021,5217757,2002
5222208,5079181,5092829,2002
5222209,5147873,5147985,2002
5222210,5110475,5117988,2002
5222211,5109000,5184987,2002
5222212,4039237,5217758,2002
5222213,4007051,5109250,2002
5222214,5054634,5109555,2002
5222215,5097947,5117164,2002
5222216,5117998,5148076,2002
5222217,4011320,5116908,2002
5222218,5145790,5146841,2002
5222219,5098719,5132374,2002
5222220,5093188,5093294,2002
5222221,5072773,5110002,2002
5222223,5072798,5108798,2002
5222224,5072300,5148020,2002
5222225,5072546,5098401,2002
5222226,5078165,5217776,2002
5222227,5092878,5109868,2002
5222228,5127927,5184901,2002
5222230,5110171,5143635,2002
5222231,5092871,5132346,2002
5222232,5127851,5223100,2002
5222233,5143329,5145405,2002
5222234,5109150,5116549,2002
5222235,5080190,5117175,2002
5222236,5098476,5127906,2002
5222237,5122046,5156267,2002
5222238,5116610,5117869,2002
5222239,5117787,5117801,2002
5222240,5108954,5183149,2002
5222241,5109366,5116924,2002
5222242,5092332,5202936,2002
5222243,5146125,5217777,2002
5222244,5143836,5143912,2002
5222245,5097540,5132348,2002
5222246,5109863,5127500,2002
5222247,5098468,5143193,2002
5222248,5132747,5217741,2002
5222249,5078437,5097955,2002
5222250,5143169,5143645,2002
5222251,5098466,5110009,2002
5222252,5117850,5143822,2002
5222253,5132350,5132649,2002
5222255,5127865,5127945,2002
5222256,5143336,5145429,2002
5222257,5109866,5122203,2002
5222258,5116555,5117856,2002
5222259,5116685,5122059,2002
5222260,5121433,5143812,2002
5222261,5143909,5202966,2002
5222262,5143911,5148030,2002
5222263,5092334,5202937,2002
5222264,5080179,5121248,2002
5222265,4008616,5132647,2002
5222266,5147202,5217789,2002
5222267,5097440,5183100,2002
5222269,5054611,5097908,2002
5222270,5122092,5145503,2002
5222271,5127496,5217743,2002
5222272,5092298,5109226,2002
5222273,5109339,5147015,2002
5222274,5143245,5184929,2002
5222275,5143951,5143955,2002
5222276,5098471,5217778,2002
5222277,5127893,5146924,2002
5222280,5146953,5147346,2002
5222281,5117847,5127995,2002
5222282,5098433,5143089,2002
5222284,5122120,5132675,2002
5222285,5109351,5183097,2002
5222286,5098462,5143212,2002
5222287,5110142,5116929,2002
5222289,5146922,5217749,2002
5222290,5077998,5143086,2002
5222291,5183150,5202938,2002
5222292,5109635,5184926,2002
5222294,5072872,5121175,2002
5222295,5078193,5143088,2002
5222296,5132013,5144444,2002
5222297,5122058,5147029,2002
5222298,5143860,5187947,2002
5222299,5116926,5143866,2002
5222301,5132731,5143858,2002
5222302,5132720,5132735,2002
5222303,5092906,5202978,2002
5222304,5147028,5202940,2002
5222305,5080349,5127985,2002
5222306,5098497,5184919,2002
5222307,5098498,5132621,2002
5222309,5109430,5116942,2002
5222310,5108575,5110032,2002
5222311,5097480,5143053,2002
5222312,5110124,5116688,2002
5222313,5097537,5108531,2002
5222314,5110039,5116691,2002
5222316,5147218,5155600,2002
5222317,4009281,5156000,2002
5222318,5110018,5116694,2002
5222319,4001522,5108516,2002
5222320,5110029,5116686,2002
5222321,5078186,5108569,2002
5222322,5108543,5117849,2002
5222323,5143821,5143881,2002
5222324,5132697,5145621,2002
5222325,5122190,5127915,2002
5222326,5116849,5147050,2002
5222327,5072578,5092118,2002
5222328,5122137,5127919,2002
5222330,5143833,5217742,2002
5222331,5143256,5145565,2002
5222332,5097491,5184905,2002
5222333,5132738,5143284,2002
5222334,5097533,5202962,2002
5222335,5116656,5187990,2002
5222336,5117827,5217750,2002
5222337,5145566,5147158,2002
5222339,5087846,5116104,2002
5222340,5109417,5116135,2002
5222341,5143270,5217779,2002
5222342,5145505,5145540,2002
5222343,5098457,5132768,2002
5222347,5087836,5183141,2002
5222348,5132802,5145760,2002
5222349,5109854,5122057,2002
5222350,5127955,5187952,2002
5222351,5109163,5142965,2002
5222352,5183126,5217790,2002
5222353,5132268,5217740,2002
5222355,5132799,5142733,2002
5222356,5145134,5145520,2002
5222357,5145315,5146918,2002
5222358,5132820,5143906,2002
5222359,5098706,5110159,2002
5222360,5116760,5217731,2002
5222361,5108539,5143520,2002
5222362,5097516,5184920,2002
5222364,5116850,5183088,2002
5222365,5143587,5144446,2002
5222366,5078365,5187951,2002
5222367,5145649,5216995,2002
5222368,5116092,5117296,2002
5222369,5098366,5098378,2002
5222370,5132385,5144571,2002
5222371,5132209,5132364,2002
5222372,5144569,5146849,2002
5222373,5146835,5217000,2002
5222374,5097173,5098386,2002
5222375,5143058,5202955,2002
5222376,5117408,5121412,2002
5222377,5097171,5184908,2002
5222378,5121421,5143063,2002
5222379,5078356,5146059,2002
5222383,5098854,5098872,2002
5222384,5144458,5144547,2002
5222385,5109085,5116878,2002
5222386,5098862,5110319,2002
5222387,5077879,5121188,2002
5222388,5116858,5117414,2002
5222389,5121452,5127446,2002
5222390,5116857,5147039,2002
5222391,5132376,5144387,2002
5222392,5093331,5144043,2002
5222393,5132384,5148379,2002
5222394,5147546,5147890,2002
5222395,5117056,5122264,2002
5222396,5077589,5079045,2002
5222397,5121398,5132375,2002
5222398,5132502,5132504,2002
5222399,5072786,5217759,2002
5222400,5079183,5183048,2002
5222401,5142785,5145732,2002
5222402,5132367,5184930,2002
5222403,5098898,5143453,2002
5222404,5127609,5146507,2002
5222406,4000773,5097681,2002
5222407,5072493,5146099,2002
5222408,5143353,5155690,2002
5222409,5117081,5117358,2002
5222410,5132513,5132514,2002
5222411,5072495,5079180,2002
5222413,5072807,5116074,2002
5222414,5147573,5147784,2002
5222415,5132510,5146381,2002
5222416,5146491,5146505,2002
5222417,5147585,5147587,2002
5222418,5127950,5132071,2002
5222419,5097565,5217762,2002
5222420,5132534,5143378,2002
5222421,5108857,5202961,2002
5222423,5098929,5110295,2002
5222425,5132532,5143389,2002
5222426,5098938,5132212,2002
5222427,5132522,5146129,2002
5222428,5132069,5132202,2002
5222429,5121367,5132237,2002
5222430,5097636,5110341,2002
5222431,5097066,5110343,2002
5222432,5110339,5146103,2002
5222433,5144462,5145860,2002
5222434,5117366,5132509,2002
5222435,5079092,5132248,2002
5222436,5072497,5143676,2002
5222437,5098964,5217763,2002
5222438,4009265,NA,2002
5222439,5077594,5077606,2002
5222440,5093266,5144489,2002
5222441,5147638,5147669,2002
5222442,5122345,5217773,2002
5222443,5122347,5142524,2002
5222445,4003842,5122321,2002
5222446,5116321,5122331,2002
5222447,4013058,5132310,2002
5222449,5145060,5217730,2002
5222450,5143044,5217761,2002
5222451,5077929,5146077,2002
5222452,5127460,5127687,2002
5222453,5117474,5146008,2002
5222454,5097146,5148074,2002
5222455,5093228,5098644,2002
5222457,5127466,5143349,2002
5222458,5077923,5127341,2002
5222459,5127456,5132200,2002
5222460,5093002,5184910,2002
5222461,5122346,5142691,2002
5222463,5116329,5122037,2002
5222466,5147361,5147655,2002
5222468,5142688,5145048,2002
5222469,5122388,5132246,2002
5222470,5127669,5142708,2002
5222471,5117187,5183062,2002
5222472,5142709,5142712,2002
5222473,4005184,5127690,2002
5222474,5098628,5109603,2002
5222476,5072046,5184927,2002
5222477,5079436,5202927,2002
5222478,5145035,5146404,2002
5222479,5092618,5144212,2002
5222480,5132165,5148062,2002
5222481,5127347,5144206,2002
5222482,5121140,5127346,2002
5222483,5092655,5109612,2002
5222484,5147683,5183064,2002
5222485,5098101,5098840,2002
5222486,5116336,5148064,2002
5222487,5142525,5144727,2002
5222488,5108854,5187996,2002
5222489,5072714,5183121,2002
5222490,5117716,5127782,2002
5222491,5093067,5187983,2002
5222492,5097715,5143997,2002
5222493,5072744,5143158,2002
5222494,5109192,5143100,2002
5222495,5147092,5147124,2002
5222496,5127802,5187954,2002
5222497,5072677,5184912,2002
5222498,5132859,5132878,2002
5222499,5097591,5184913,2002
5222500,5147084,5217780,2002
5222501,5117740,5127787,2002
5222502,5127476,5144440,2002
5222503,5183104,5217765,2002
5222504,5109191,5109264,2002
5222505,5132857,5143840,2002
5222506,5093027,5202930,2002
5222507,5143123,5146191,2002
5222508,5072736,5143047,2002
5222509,5146887,5147125,2002
5222510,5080174,5132343,2002
5222511,5110146,5116503,2002
5222512,5110189,5127789,2002
5222513,5132860,5216949,2002
5222514,5121483,5216983,2002
5222516,5121240,5132853,2002
5222517,5110150,5117730,2002
5222519,5121493,5156290,2002
5222520,5093025,5093051,2002
5222521,5116569,5202914,2002
5222522,5097588,5108642,2002
5222523,5116574,5116826,2002
5222524,5116600,5117732,2002
5222525,5109490,5148054,2002
5222526,5093039,5127538,2002
5222527,5072246,5187948,2002
5222528,5079273,5132278,2002
5222529,5110167,5116552,2002
5222530,5108588,5184911,2002
5222531,5132877,5142928,2002
5222532,5097630,5146097,2002
5222533,5116954,5122045,2002
5222534,5116983,5156268,2002
5222535,5142650,5184924,2002
5222536,5097660,5109390,2002
5222537,5109383,5116967,2002
5222538,5110101,5132784,2002
5222540,5116973,5127989,2002
5222783,5077825,5078343,2003
5222784,5146265,5147364,2003
5222785,5092669,5216913,2003
5222786,5097102,5116432,2003
5222787,5146251,5222711,2003
5222788,5127266,5155970,2003
5222789,5092106,5109043,2003
5222790,5222555,5222683,2003
5222791,5148465,5156374,2003
5222792,5145276,5216987,2003
5222793,4003029,5146264,2003
5222794,5155793,5222660,2003
5222795,5117946,5216993,2003
5222796,5222556,5222684,2003
5222797,5116480,5147004,2003
5222798,4003166,5127348,2003
5222799,5098166,5098651,2003
5222800,5222558,5222685,2003
5222801,5109491,5184994,2003
5222802,5097129,5098618,2003
5222803,5222559,5222647,2003
5222804,5092503,5132340,2003
5222805,5098615,5142939,2003
5222806,5116345,5116408,2003
5222807,5146283,5146578,2003
5222808,5098231,5108659,2003
5222809,5092506,5132339,2003
5222810,4005402,5121165,2003
5222811,5108655,5127268,2003
5222812,5108648,5127073,2003
5222813,4013668,5144218,2003
5222814,5127378,5144949,2003
5222815,5144757,5187920,2003
5222816,5142528,5144771,2003
5222817,5127727,5147679,2003
5222818,5146259,5146273,2003
5222819,5097194,5097213,2003
5222820,5116377,5127232,2003
5222821,5127527,5156283,2003
5222822,5098788,5127247,2003
5222823,5127227,5143883,2003
5222824,5077812,5078428,2003
5222825,5222561,5222768,2003
5222826,5077821,5121228,2003
5222827,5116404,5183147,2003
5222828,5079390,5079393,2003
5222829,5142562,5143888,2003
5222830,5080325,5142648,2003
5222831,5222562,5222730,2003
5222832,5142597,5144118,2003
5222833,5142563,5145001,2003
5222834,5097116,5116409,2003
5222835,5110470,5127204,2003
5222836,5108666,5109760,2003
5222837,5109044,5144979,2003
5222838,5116369,5144959,2003
5222839,5097126,5097967,2003
5222840,5078456,5187940,2003
5222841,5116888,5127216,2003
5222842,5155776,5156410,2003
5222843,5108665,5146063,2003
5222844,5144775,5147732,2003
5222845,5143006,5222565,2003
5222846,5222566,5222657,2003
5222847,5127124,5142946,2003
5222848,5072082,5121229,2003
5222849,5222567,5222710,2003
5222850,5117628,5127140,2003
5222851,5127375,5144144,2003
5222852,5142605,5142629,2003
5222853,5117511,5143890,2003
5222854,5127045,5127210,2003
5222855,4008607,5144948,2003
5222856,5098592,5147041,2003
5222857,5146318,5146325,2003
5222858,5127710,5127836,2003
5222859,5145003,5202916,2003
5222860,5108680,5132967,2003
5222861,5072123,5080035,2003
5222862,5098768,5116716,2003
5222863,5098726,5127149,2003
5222864,5098599,5116411,2003
5222865,5108675,5116353,2003
5222866,5142572,5187968,2003
5222867,4009273,5116459,2003
5222868,5109697,5116449,2003
5222869,5079413,5108677,2003
5222870,5146288,5146317,2003
5222871,5077917,5121065,2003
5222872,5078290,5222568,2003
5222873,5098594,5145073,2003
5222874,5147491,5217746,2003
5222875,5145298,5145333,2003
5222876,5108700,5202974,2003
5222877,5127248,5145000,2003
5222878,5144976,5146315,2003
5222879,5117599,5222569,2003
5222880,5097219,5109779,2003
5222881,5156258,5222570,2003
5222882,5127533,5143892,2003
5222883,5127141,5222653,2003
5222884,5116390,5144261,2003
5222885,5144943,5155891,2003
5222886,5144096,5155754,2003
5222887,5155876,5183503,2003
5222888,5072118,5216951,2003
5222889,5092607,5127525,2003
5222890,4003827,5222652,2003
5222891,5144105,5183085,2003
5222892,5116394,5145072,2003
5222893,5077713,5143079,2003
5222894,5127226,5147487,2003
5222895,5132979,5144950,2003
5222896,5142942,5216940,2003
5222897,5144064,5145233,2003
5222898,5144074,5222573,2003
5222899,5097141,5187941,2003
5222900,5078324,5187919,2003
5222901,4012503,5216969,2003
5222903,5098597,5109750,2003
5222904,5142585,5216938,2003
5222905,5142556,5142596,2003
5222906,5144172,5144941,2003
5222907,5144700,5144926,2003
5222908,5222611,5222696,2003
5222909,5080338,5187961,2003
5222910,5110163,5116623,2003
5222911,5110024,5110356,2003
5222912,5078137,5122172,2003
5222913,5143014,5183142,2003
5222914,5098443,5183095,2003
5222915,5092866,5143016,2003
5222916,5072539,5077962,2003
5222917,5078061,5187917,2003
5222918,5132618,5143172,2003
5222919,5143196,5143649,2003
5222920,5145425,5202907,2003
5222921,5097469,5143174,2003
5222922,5122109,5143231,2003
5222923,5122076,5216936,2003
5222924,5117794,5216944,2003
5222925,5145417,5155633,2003
5222926,5147195,5155674,2003
5222927,5109457,5187946,2003
5222928,5109393,5109460,2003
5222929,5127482,5143181,2003
5222930,5122032,5122095,2003
5222931,5117830,5122086,2003
5222932,5145441,5147185,2003
5222933,5110013,5116643,2003
5222934,5127495,5127965,2003
5222935,5155622,5222612,2003
5222936,5109428,5109874,2003
5222937,5222613,5222697,2003
5222938,5222614,5222698,2003
5222939,5127860,5222699,2003
5222940,5143921,5143956,2003
5222941,5132746,5132770,2003
5222942,5143219,5187928,2003
5222943,5098470,5132020,2003
5222944,5143201,5143251,2003
5222945,5127866,5132767,2003
5222946,5132650,5143222,2003
5222947,5216986,5222615,2003
5222948,5098416,5187988,2003
5222949,5145493,5146721,2003
5222950,4000746,5097657,2003
5222951,5087848,5222616,2003
5222952,5110025,5183096,2003
5222953,5080219,5222701,2003
5222954,5222617,5222702,2003
5222955,5127884,5222735,2003
5222956,5127867,5132664,2003
5222957,5143235,5145455,2003
5222958,5097552,5183143,2003
5222959,5110098,5148023,2003
5222960,5222618,5222703,2003
5222961,5117877,5147016,2003
5222962,5117929,5117930,2003
5222963,5097617,5116969,2003
5222964,5143294,5146730,2003
5222965,5092982,5143090,2003
5222966,5143961,5147064,2003
5222967,5116959,5117895,2003
5222968,5122185,5146122,2003
5222969,5117230,5145089,2003
5222970,5093172,5143861,2003
5222971,5132754,5132818,2003
5222972,5072665,5146121,2003
5222973,5122042,5143258,2003
5222974,5217796,5222621,2003
5222975,5072577,5092970,2003
5222976,5144851,5145497,2003
5222977,5109439,5109963,2003
5222978,5080266,5183098,2003
5222979,4001546,5122014,2003
5222980,5146654,5147687,2003
5222981,5072657,5148025,2003
5222982,5117880,5132018,2003
5222983,5080254,5217798,2003
5222984,5092903,5098495,2003
5222985,5127542,5222623,2003
5222986,5217799,5222624,2003
5222987,5132681,5184935,2003
5222988,5092897,5092919,2003
5222989,4014183,5127540,2003
5222990,5217800,5222625,2003
5222991,5078174,5093026,2003
5222992,5110116,5216990,2003
5222993,5098500,5146123,2003
5222994,5098427,5143099,2003
5222995,5092898,5117859,2003
5222996,5092589,5122111,2003
5222997,5132611,5145085,2003
5222998,5222626,5222736,2003
5222999,5127928,5143850,2003
5223000,5222627,5222775,2003
5223001,5127924,5143819,2003
5223002,5092934,5092967,2003
5223003,5109335,5132723,2003
5223004,5143315,5145562,2003
5223005,5222628,5222706,2003
5223006,5222629,5222737,2003
5223007,5222630,5222707,2003
5223008,5127937,5143586,2003
5223009,5132771,5145567,2003
5223010,5143276,5143341,2003
5223011,5146906,5147294,2003
5223012,5145590,5145597,2003
5223013,5145554,5147194,2003
5223014,5108562,5143636,2003
5223015,5108519,5109141,2003
5223016,5155608,5222632,2003
5223017,5109369,5183075,2003
5223018,5122121,5122175,2003
5223019,5108576,5132332,2003
5223020,5117807,5202959,2003
5223021,5143188,5146739,2003
5223022,5108949,5109879,2003
5223023,5116658,5116937,2003
5223024,5080310,5132287,2003
5223025,5078204,5093154,2003
5223026,5110026,5145456,2003
5223027,5222634,5222739,2003
5223028,5109588,5116231,2003
5223029,5132026,5144025,2003
5223030,4008480,5146117,2003
5223031,5127406,5144455,2003
5223032,5145079,5222770,2003
5223033,5127324,5143529,2003
5223034,5127388,5143527,2003
5223035,5098823,5109660,2003
5223036,5156329,5164404,2003
5223037,5117587,5144909,2003
5223038,5121062,5222601,2003
5223039,5093299,5156321,2003
5223040,5144184,5144916,2003
5223041,5144910,5144920,2003
5223042,5109707,5202977,2003
5223043,5121134,5222720,2003
5223044,5109718,5116786,2003
5223045,4013049,5147459,2003
5223046,5127410,5144454,2003
5223047,5097306,5127380,2003
5223048,5142657,5144907,2003
5223049,5142653,5222603,2003
5223050,5098587,5108743,2003
5223051,5116188,5147023,2003
5223052,5146073,5222692,2003
5223054,5108507,5143127,2003
5223055,5146194,5147117,2003
5223056,5127812,5132842,2003
5223058,5109056,5216955,2003
5223059,5109259,5145610,2003
5223060,5143150,5148344,2003
5223101,5093229,5146048,2004
5223102,5147638,5147669,2004
5223103,5147139,5155841,2004
5223104,5183430,5183439,2004
5223105,4003842,5122321,2004
5223106,5116321,5122331,2004
5223107,4000487,4009297,2004
5223108,5093298,5216935,2004
5223109,5117474,5146008,2004
5223110,5127460,5127687,2004
5223111,5077929,5146077,2004
5223112,5148251,5148280,2004
5223113,5148261,5148281,2004
5223114,5147648,5164312,2004
5223115,4013058,5132310,2004
5223116,5142677,5145064,2004
5223117,5142679,5142706,2004
5223118,5127456,5132200,2004
5223119,5093002,5184910,2004
5223120,5077923,5127341,2004
5223121,5127466,5143349,2004
5223122,5098061,5132577,2004
5223123,5098853,5148059,2004
5223124,5148273,5164326,2004
5223125,5122346,5142691,2004
5223126,5116329,5122037,2004
5223127,5132571,5144240,2004
5223128,5142688,5145048,2004
5223129,5142709,5142712,2004
5223130,5098628,5109603,2004
5223131,5097378,5146132,2004
5223132,4005184,5127690,2004
5223133,5072046,5184927,2004
5223134,5156339,5183909,2004
5223135,5092618,5144212,2004
5223136,5144221,5147240,2004
5223137,5132165,5148062,2004
5223138,5127347,5144206,2004
5223139,5116290,5122409,2004
5223140,5147683,5183064,2004
5223141,5117201,5222578,2004
5223142,5132913,5144255,2004
5223143,5132928,5145558,2004
5223144,4003115,5155996,2004
5223145,4009251,5216992,2004
5223146,5132321,5144497,2004
5223147,5092682,5092690,2004
5223148,5116451,5127118,2004
5223149,5132935,5144818,2004
5223150,5098232,5223093,2004
5223151,5097389,5098541,2004
5223152,5072074,5092321,2004
5223153,5078286,5079475,2004
5223154,5127037,5156296,2004
5223155,5092609,5092697,2004
5223156,5116440,5217722,2004
5223157,5144143,5183092,2004
5223158,5097383,5144823,2004
5223159,4008471,5144840,2004
5223160,4000491,5222581,2004
5223161,5116453,5184996,2004
5223162,5098168,5144930,2004
5223163,5164240,5164366,2004
5223164,5156331,5183574,2004
5223165,5148185,5164378,2004
5223166,5127703,5147449,2004
5223167,5145684,5202925,2004
5223168,5117616,5147930,2004
5223169,5132939,5132954,2004
5223170,5223074,5223092,2004
5223171,5127023,5127751,2004
5223172,4009312,5127101,2004
5223173,5117668,5142961,2004
5223174,5156325,5223091,2004
5223175,5148166,5148232,2004
5223176,5148226,5156342,2004
5223177,5146584,5147902,2004
5223178,5116474,5217747,2004
5223179,4003125,5098098,2004
5223180,5223075,5223090,2004
5223181,4000599,5223076,2004
5223182,5079073,5080031,2004
5223183,5223077,5223089,2004
5223184,5092665,5098682,2004
5223185,4000610,5223078,2004
5223186,5144152,5145182,2004
5223187,5078291,5093077,2004
5223188,5116755,5147038,2004
5223189,5098709,5098744,2004
5223190,5117656,5127297,2004
5223191,5098763,5144974,2004
5223192,5144792,5145150,2004
5223193,5127747,5144175,2004
5223195,4009255,5145174,2004
5223196,5117688,5127024,2004
5223197,5122035,5144904,2004
5223198,5092274,5127018,2004
5223199,5144136,5144887,2004
5223200,5109913,5132968,2004
5223201,5072187,5092125,2004
5223202,5127846,5145162,2004
5223203,5223079,5223088,2004
5223204,5109820,5217782,2004
5223205,5223080,5223087,2004
5223206,5098203,5098214,2004
5223207,5093427,5217771,2004
5223208,5222592,5222716,2004
5223209,5098238,5108790,2004
5223210,5145184,5217001,2004
5223211,5092257,5132259,2004
5223212,5222598,5222718,2004
5223213,5080369,5132264,2004
5223214,5144724,5144864,2004
5223215,5144788,5144893,2004
5223216,5098696,5132260,2004
5223217,5127002,5127847,2004
5223218,4000492,5098729,2004
5223219,5127417,5143509,2004
5223220,5132993,5142526,2004
5223221,5122445,5156377,2004
5223222,5078004,5156270,2004
5223223,5122466,5146702,2004
5223224,5144697,5145682,2004
5223225,5164245,5164362,2004
5223226,5144705,5145693,2004
5223227,5142899,5144147,2004
5223228,5132223,5148045,2004
5223229,5156477,5156498,2004
5223230,4000526,5145689,2004
5223231,5144731,5145687,2004
5223232,5143894,5148390,2004
5223233,4000527,5132998,2004
5223234,5092138,5202951,2004
5223235,4000528,5223096,2004
5223236,5147233,5164436,2004
5223237,5127041,5144401,2004
5223238,5097506,5147034,2004
5223239,5092678,5145191,2004
5223240,5072229,5156264,2004
5223241,5097524,5146703,2004
5223242,5144723,5145665,2004
5223243,5109110,5144477,2004
5223244,5098101,5098840,2004
5223245,5147257,5147746,2004
5223246,5116336,5148064,2004
5223247,5142525,5144727,2004
5223248,5108854,5187996,2004
5223249,4000511,4000601,2004
5223250,5145134,5145520,2004
5223251,5132268,5217740,2004
5223252,5097088,5164217,2004
5223253,5132820,5143906,2004
5223254,5098706,5110159,2004
5223255,5116760,5217731,2004
5223256,5097476,5097514,2004
5223257,5097516,5184920,2004
5223258,4000512,5143623,2004
5223259,5078040,5146670,2004
5223260,4000513,4000602,2004
5223261,5222650,5222743,2004
5223262,4000588,5216960,2004
5223263,5116850,5183088,2004
5223264,5145649,5216995,2004
5223265,5143587,5144446,2004
5223266,4000514,5132289,2004
5223267,4000609,5077828,2004
5223268,4039229,5216980,2004
5223269,5148497,5222713,2004
5223270,5147169,5147222,2004
5223271,5072248,5072282,2004
5223272,5147413,5164058,2004
5223273,5121223,5183127,2004
5223274,5147422,5155519,2004
5223275,5116723,5142729,2004
5223276,5117231,5202946,2004
5223277,5116732,5117561,2004
5223278,5078237,5144139,2004
5223279,5093188,5093294,2004
5223280,5098719,5132374,2004
5223281,4011320,5116908,2004
5223282,5092564,5183110,2004
5223283,5117056,5122264,2004
5223284,5098925,5142764,2004
5223285,5121398,5132375,2004
5223286,5142785,5145732,2004
5223287,5147546,5147890,2004
5223288,5098898,5143453,2004
5223289,5127609,5146507,2004
5223290,4000531,4000598,2004
5223291,5146509,5183006,2004
5223292,5072774,5146099,2004
5223293,5117081,5117358,2004
5223294,5147585,5147587,2004
5223295,5132510,5143681,2004
5223296,5098298,5143664,2004
5223297,5121365,5132094,2004
5223298,4001516,5146102,2004
5223299,5127950,5132071,2004
5223300,5147573,5147784,2004
5223301,4000532,5147835,2004
5223302,5072807,5116074,2004
5223303,4000533,4000589,2004
5223304,5132534,5143378,2004
5223305,4000534,4000569,2004
5223306,4000535,4000590,2004
5223307,5132518,5143691,2004
5223308,5093281,5121379,2004
5223309,5132532,5143389,2004
5223310,5098938,5132212,2004
5223311,5216912,5216975,2004
5223312,5098964,5217763,2004
5223313,5145110,5146326,2004
5223314,5079092,5132248,2004
5223315,5148431,5148450,2004
5223316,5121367,5132237,2004
5223317,5110339,5146103,2004
5223318,5144462,5145860,2004
5223319,4000536,5147589,2004
5223320,4000537,4009265,2004
5223321,5122423,5143620,2004
5223322,5145109,5145321,2004
5223323,5072546,5098401,2004
5223324,5072773,5110002,2004
5223325,4000494,4000546,2004
5223326,5072798,5108798,2004
5223327,5072300,5148020,2004
5223328,4000495,4000613,2004
5223329,5092878,5109868,2004
5223330,5127927,5184901,2004
5223331,5092871,5132346,2004
5223332,5143329,5145405,2004
5223333,5127851,5223100,2004
5223334,5098476,5127906,2004
5223335,5122046,5156267,2004
5223336,5184902,5202908,2004
5223337,5072597,5183148,2004
5223338,5117787,5117801,2004
5223339,5116610,5117869,2004
5223340,5145431,5183272,2004
5223341,5132697,5145621,2004
5223342,5116849,5147050,2004
5223344,5122190,5127915,2004
5223345,5127975,5132609,2004
5223346,4000505,4000555,2004
5223347,5132769,5146890,2004
5223348,5108543,5117849,2004
5223349,5143833,5217742,2004
5223350,5122137,5127919,2004
5223351,5117581,5202932,2004
5223352,5117235,5202921,2004
5223353,5079315,5202920,2004
5223354,5142670,5143613,2004
5223355,5144274,5146061,2004
5223356,4000517,4000608,2004
5223357,4000518,5223083,2004
5223358,5077731,5127415,2004
5223359,5144911,5146581,2004
5223360,4000519,4000607,2004
5223361,4000520,5097134,2004
5223362,4000521,5148015,2004
5223363,4009246,5146384,2004
5223364,5147437,5147929,2004
5223365,4000522,5223084,2004
5223366,5222602,5223085,2004
5223367,4000523,5142655,2004
5223368,5142644,5145243,2004
5223369,5142666,5143548,2004
5223370,5109731,5147067,2004
5223371,4000524,5223086,2004
5223372,5117593,5122438,2004
5223373,5143535,5144088,2004
5223374,5202958,5217766,2004
5223375,5146334,5147479,2004
5223376,5145267,5146299,2004
5223377,4009171,5098570,2004
5223378,5117598,5127166,2004
5223379,5098530,5108727,2004
5223380,5222600,5222779,2004
5223381,5109854,5122057,2004
5223382,4000509,5098403,2004
5223383,5109856,5147212,2004
5223384,5127955,5187952,2004
5223385,5132802,5145760,2004
5223386,5122483,5132345,2004
5223387,5132812,5143085,2004
5223388,5116525,5132806,2004
5223389,5145659,5216899,2004
5223390,5109163,5142965,2004
5223391,5148112,5148311,2004
5223392,4000585,5156348,2004
5223393,5142980,5148309,2004
5223394,4000586,5144729,2004
5223395,5147154,5222709,2004
5223396,5117716,5127782,2004
5223397,5097715,5143997,2004
5223399,5078121,5080158,2004
5223400,4000578,5121497,2004
5223401,5132859,5132878,2004
5223402,5072677,5184912,2004
5223403,5143991,5145601,2004
5223404,4000579,5072745,2004
5223405,5097591,5184913,2004
5223406,5116574,5116826,2004
5223407,5110434,5147022,2004
5223408,5109490,5148054,2004
5223409,5116600,5117732,2004
5223410,5148335,5155507,2004
5223411,5078064,5080168,2004
5223412,5110150,5117730,2004
5223413,5121483,5216983,2004
5223414,5121240,5132853,2004
5223415,4000529,4000580,2004
5223416,5121493,5156290,2004
5223417,5121479,5121495,2004
5223418,5132854,5183116,2004
5223419,5127476,5144440,2004
5223420,5183104,5217765,2004
5223421,5132860,5216949,2004
5223422,5110189,5127789,2004
5223423,5148340,5148345,2004
5223424,5148351,5164011,2004
5223425,5072772,5108623,2004
5223426,4000582,5097915,2004
5223427,5080174,5132343,2004
5223428,5122015,5127817,2004
5223429,5072736,5143047,2004
5223430,5110167,5116552,2004
5223431,5079273,5132278,2004
5223432,5097630,5146097,2004
5223433,5108588,5184911,2004
5223434,5132877,5142928,2004
5223435,5143270,5217779,2004
5223436,5109417,5116135,2004
5223437,5078255,5109432,2004
5223438,5145505,5145540,2004
5223439,5148481,5164121,2004
5223440,5078205,5108521,2004
5223441,5132787,5142740,2004
5223442,5108579,5108583,2004
5223443,5110101,5132784,2004
5223444,5109383,5116967,2004
5223445,5072691,5147017,2004
5223446,5116954,5122045,2004
5223447,5097660,5109390,2004
5223448,5132009,5132755,2004
5223449,5110018,5116694,2004
5223450,4001522,5108516,2004
5223451,5147024,5155551,2004
5223452,5127916,5145409,2004
5223453,5117827,5217750,2004
5223454,5116656,5187990,2004
5223455,5143256,5145565,2004
5223456,5155624,5164177,2004
5223457,5110122,5222708,2004
5223458,5155603,5155640,2004
5223459,5097480,5143053,2004
5223460,5109363,5127954,2004
5223461,5098468,5143193,2004
5223462,5109863,5127500,2004
5223463,5080163,5145448,2004
5223464,5098466,5110009,2004
5223465,5117850,5143822,2004
5223466,5078437,5097955,2004
5223467,5132747,5217741,2004
5223468,5127865,5127945,2004
5223470,5108954,5183149,2004
5223471,5116555,5117856,2004
5223472,5143909,5202966,2004
5223473,5092127,5109475,2004
5223474,5143911,5148030,2004
5223475,5116685,5122059,2004
5223476,5080179,5121248,2004
5223477,5145593,5146719,2004
5223478,4008616,5132647,2004
5223479,5132350,5132649,2004
5223480,5143169,5143645,2004
5223481,5109339,5147015,2004
5223482,5109877,5116964,2004
5223483,5143951,5143955,2004
5223484,5098471,5217778,2004
5223485,5117847,5127995,2004
5223486,5146969,5148480,2004
5223487,4000497,4000548,2004
5223488,4000498,4000549,2004
5223489,5109628,5122207,2004
5223490,5072689,5148486,2004
5223491,5098482,5109348,2004
5223492,5127894,5143103,2004
5223494,5098433,5143089,2004
5223495,4000499,4000550,2004
5223496,5080230,5156288,2004
5223497,5116550,5116938,2004
5223498,5183150,5202938,2004
5223499,5072872,5121175,2004
5223500,4000501,4000553,2004
5223501,5122058,5147029,2004
5223502,5078193,5143088,2004
5223503,4003123,5079177,2004
5223504,5132720,5132735,2004
5223505,5080349,5127985,2004
5223506,5217797,5222622,2004
5223507,5147028,5202940,2004
5223508,5098497,5184919,2004
5223509,5110120,5164093,2004
5223511,5147521,5223063,2004
5223512,5079429,5092684,2004
5223513,5144998,5145622,2004
5223514,5072295,5121186,2004
5223515,5147362,5155957,2004
5223516,5117491,5147700,2004
5223517,5155972,5156369,2004
5223518,5147358,5155786,2004
5223519,5109699,5117456,2004
5223520,5108660,5127257,2004
5223521,5109670,5110192,2004
5223523,5092631,5097412,2004
5223524,5116413,5117502,2004
5223525,5143897,5144983,2004
5223526,5117494,5143900,2004
5223527,5116368,5127547,2004
5223528,5156370,5164356,2004
5223529,5127245,5156285,2004
5223530,5145337,5147473,2004
5223531,5183871,5223065,2004
5223532,5098787,5108672,2004
5223533,5147706,5164434,2004
5223534,4000600,5223066,2004
5223535,4000562,5147731,2004
5223536,5116366,5116788,2004
5223537,5117657,5156389,2004
5223538,5145299,5146321,2004
5223539,5116410,5142817,2004
5223540,5142613,5155954,2004
5223541,5127068,5127237,2004
5223542,5147497,5148460,2004
5223543,5109765,5109775,2004
5223544,5183867,5217733,2004
5223545,5146311,5183044,2004
5223546,5142603,5156436,2004
5223547,5079388,5097229,2004
5223548,5132330,5143517,2004
5223549,5098659,5222574,2004
5223550,5143629,5146559,2004
5223551,4003103,5183073,2004
5223552,4000604,5156407,2004
5223553,5108693,5116375,2004
5223554,5116376,5148048,2004
5223555,5077682,5079425,2004
5223556,5108705,5217729,2004
5223557,5098784,5109780,2004
5223558,5098585,5146084,2004
5223559,4000565,5117536,2004
5223560,5142574,5143882,2004
5223561,5098600,5156259,2004
5223562,4000567,5223068,2004
5223563,5127374,5146086,2004
5223564,4000568,5223069,2004
5223565,5127239,5127365,2004
5223566,5142611,5145306,2004
5223567,5127194,5147036,2004
5223568,5142667,5144098,2004
5223569,5147640,5217735,2004
5223570,5156427,5223070,2004
5223571,5127186,5155799,2004
5223572,5222572,5222654,2004
5223573,5098221,5108722,2004
5223574,4000594,5092814,2004
5223575,5097143,5132334,2004
5223576,5147483,5156466,2004
5223577,5142586,5145314,2004
5223578,5144965,5147707,2004
5223579,5147489,5155516,2004
5223580,5098771,5108684,2004
5223581,5109766,5187969,2004
5223582,5127021,5156256,2004
5223583,5142630,5144947,2004
5223584,5116418,5143532,2004
5223585,4003844,5132133,2004
5223586,4000576,5122408,2004
5223587,5147575,5147771,2004
5223588,5110402,5144485,2004
5223589,5098974,5121321,2004
5223590,4000575,4000612,2004
5223591,5143440,5145878,2004
5223592,5155940,5164277,2004
5223593,5132080,5132143,2004
5223594,5132141,5132439,2004
5223595,5110366,5217744,2004
5223596,5117261,5132124,2004
5223597,4000611,5146158,2004
5223598,5108883,5121256,2004
5223599,5117115,5146449,2004
5223600,4000545,5156152,2004
5223601,5143720,5143725,2004
5223602,5145374,5145930,2004
5223603,5121343,5132426,2004
5223604,5132449,5146226,2004
5223605,5121312,5143714,2004
5223606,5132106,5143475,2004
5223607,5117106,5132420,2004
5223608,5132446,5144515,2004
5223609,5121317,5144507,2004
5223610,5132120,5132445,2004
5223611,5144508,5216976,2004
5223612,5132101,5143699,2004
5223613,4000574,5110367,2004
5223614,5079128,5183070,2004
5223615,5108892,5217002,2004
5223616,5156274,5222753,2004
5223617,5146223,5146439,2004
5223618,5132427,5146461,2004
5223619,5148036,5216909,2004
5223620,5132118,5143730,2004
5223621,5146145,5146146,2004
5223622,4000543,4000573,2004
5223623,5072844,5110375,2004
5223624,5132091,5143702,2004
5223625,5092270,5155721,2004
5223626,5108909,5117112,2004
5223627,5079095,5144525,2004
5223628,5132492,5143454,2004
5223629,5144582,5217774,2004
5223630,4000481,5223097,2004
5223631,5132546,5142875,2004
5223632,5144605,5217775,2004
5223633,5132550,5132558,2004
5223634,5132544,5144593,2004
5223635,5132551,5132555,2004
5223636,5122351,5142868,2004
5223637,5110484,5145078,2004
5223638,5077622,5098831,2004
5223639,5110253,5144337,2004
5223640,5097186,5110279,2004
5223641,5098619,5184909,2004
5223642,5122359,5127255,2004
5223643,5132576,5217792,2004
5223644,5147990,5217791,2004
5223645,5145738,5146854,2004
5223646,5144598,5148000,2004
5223647,4011325,5117499,2004
5223648,5148422,5156008,2004
5223649,5144002,5222589,2004
5223650,5098346,5216964,2004
5223651,5132055,5148366,2004
5223652,4011322,5117334,2004
5223653,5147775,5147802,2004
5223654,5121284,5216942,2004
5223655,5143792,5216928,2004
5223656,5148364,5183118,2004
5223657,5108842,5146150,2004
5223658,4000591,5187943,2004
5223659,4000538,4000592,2004
5223660,5145885,5146471,2004
5223661,4000539,4000570,2004
5223662,5117003,5187999,2004
5223663,5146458,5216926,2004
5223664,5132440,5187937,2004
5223665,5110401,5132065,2004
5223666,5132144,5143778,2004
5223667,5121285,5143782,2004
5223668,5117011,5146144,2004
5223669,5072811,5087827,2004
5223670,4000571,5077587,2004
5223671,5143709,5217770,2004
5223672,5117215,5183069,2004
5223673,4000540,4000597,2004
5223674,5132113,5188000,2004
5223675,5072954,5117214,2004
5223676,5108924,5110419,2004
5223677,5097718,5143760,2004
5223678,5108927,5148032,2004
5223679,5156278,5202944,2004
5223680,5132454,5145916,2004
5223681,5132148,5132475,2004
5223682,5117273,5184989,2004
5223683,5143420,5143437,2004
5223684,5121290,5132087,2004
5223685,5121255,5184915,2004
5223686,5147785,5147837,2004
5223687,5146436,5147781,2004
5223688,5092633,5117344,2004
5223689,5072832,5110420,2004
5223690,5079069,5184040,2004
5223691,5097713,5216924,2004
5223692,5117029,5145932,2004
5223693,5147791,5155911,2004
5223694,5072837,5108868,2004
5223695,5132452,5143742,2004
5223696,4007636,5121348,2004
5223697,4000541,4000593,2004
5223698,5147788,5147844,2004
5223699,4000542,4000572,2004
5223700,5146237,5147761,2004
5223701,5122354,5132192,2004
5223702,5132568,5142754,2004
5223703,4000485,5097200,2004
5223704,5097046,5098303,2004
5223705,5098077,5132305,2004
5223706,5098073,5187958,2004
5223707,5072450,5121209,2004
5223708,5098291,5132573,2004
5223709,5132896,5144047,2004
5223711,5144589,5187978,2004
5223712,4009264,5146041,2004
5223713,4000489,5223095,2004
5223714,4000486,5223099,2004
5223715,5187918,5216915,2004
5223716,5116973,5127989,2004
5223717,4000515,4000583,2004
5223718,5117404,5143638,2004
5223719,5110142,5116929,2004
5223721,5132013,5144444,2004
5416426,5098640,5146117,1992
5427410,5121152,5077714,1987
6834829,5054575,NA,1972
6834874,5054214,NA,1972
6834883,5092115,NA,1972
6834886,5054410,NA,1972
6834895,5054417,NA,1972
6834907,5054409,NA,1972
6834932,2875856,NA,1972
6834942,5054225,NA,1972
6834954,5087818,NA,1972
6834959,5054218,5054571,1972
6840235,5072905,NA,1972
6840406,5054770,NA,1972
6840462,5054413,NA,1972
9999998,4004309,NA,2009
2810042,NA,NA,NA
2814095,NA,NA,NA
2814114,NA,NA,NA
2814115,NA,NA,NA
2814123,NA,NA,NA
2814130,NA,NA,NA
2814133,NA,NA,NA
2814141,NA,NA,NA
2814144,NA,NA,NA
2814145,NA,NA,NA
2814146,NA,NA,NA
2814150,NA,NA,NA
2814153,NA,NA,NA
2859421,NA,NA,NA
2859912,NA,NA,NA
2859937,NA,NA,NA
2871015,NA,NA,NA
2871028,NA,NA,NA
2871144,NA,NA,NA
2871182,NA,NA,NA
2871252,NA,NA,NA
2871280,NA,NA,NA
2871297,NA,NA,NA
2871747,NA,NA,NA
2871758,NA,NA,NA
2871821,NA,NA,NA
2872395,NA,NA,NA
2872467,NA,NA,NA
2872487,NA,NA,NA
2872597,NA,NA,NA
2872617,NA,NA,NA
2872636,NA,NA,NA
2872711,NA,NA,NA
2873147,NA,NA,NA
2873297,NA,NA,NA
2873326,NA,NA,NA
2873328,NA,NA,NA
2873350,NA,NA,NA
2873442,NA,NA,NA
2873556,NA,NA,NA
2873764,NA,NA,NA
2873925,NA,NA,NA
2873944,NA,NA,NA
2873951,NA,NA,NA
2873987,NA,NA,NA
2874047,NA,NA,NA
2874049,NA,NA,NA
2874122,NA,NA,NA
2874133,NA,NA,NA
2875392,NA,NA,NA
2875434,NA,NA,NA
2875968,NA,NA,NA
2875986,NA,NA,NA
4000480,NA,NA,NA
4000481,NA,NA,NA
4000482,NA,NA,NA
4000483,NA,NA,NA
4000485,NA,NA,NA
4000486,NA,NA,NA
4000487,NA,NA,NA
4000488,NA,NA,NA
4000489,NA,NA,NA
4000490,NA,NA,NA
4000491,NA,NA,NA
4000492,NA,NA,NA
4000493,NA,NA,NA
4000494,NA,NA,NA
4000495,NA,NA,NA
4000496,NA,NA,NA
4000497,NA,NA,NA
4000498,NA,NA,NA
4000499,NA,NA,NA
4000500,NA,NA,NA
4000501,NA,NA,NA
4000502,NA,NA,NA
4000504,NA,NA,NA
4000505,NA,NA,NA
4000506,NA,NA,NA
4000507,NA,NA,NA
4000509,NA,NA,NA
4000510,NA,NA,NA
4000511,NA,NA,NA
4000512,NA,NA,NA
4000513,NA,NA,NA
4000514,NA,NA,NA
4000515,NA,NA,NA
4000516,NA,NA,NA
4000517,NA,NA,NA
4000518,NA,NA,NA
4000519,NA,NA,NA
4000520,NA,NA,NA
4000521,NA,NA,NA
4000522,NA,NA,NA
4000523,NA,NA,NA
4000524,NA,NA,NA
4000525,NA,NA,NA
4000526,NA,NA,NA
4000527,NA,NA,NA
4000528,NA,NA,NA
4000529,NA,NA,NA
4000531,NA,NA,NA
4000532,NA,NA,NA
4000533,NA,NA,NA
4000534,NA,NA,NA
4000535,NA,NA,NA
4000536,NA,NA,NA
4000537,NA,NA,NA
4000538,NA,NA,NA
4000539,NA,NA,NA
4000540,NA,NA,NA
4000541,NA,NA,NA
4000542,NA,NA,NA
4000543,NA,NA,NA
4000544,NA,NA,NA
4000545,NA,NA,NA
4000546,NA,NA,NA
4000547,NA,NA,NA
4000548,NA,NA,NA
4000549,NA,NA,NA
4000550,NA,NA,NA
4000551,NA,NA,NA
4000552,NA,NA,NA
4000553,NA,NA,NA
4000554,NA,NA,NA
4000555,NA,NA,NA
4000556,NA,NA,NA
4000557,NA,NA,NA
4000558,NA,NA,NA
4000559,NA,NA,NA
4000560,NA,NA,NA
4000561,NA,NA,NA
4000562,NA,NA,NA
4000564,NA,NA,NA
4000565,NA,NA,NA
4000567,NA,NA,NA
4000568,NA,NA,NA
4000569,NA,NA,NA
4000570,NA,NA,NA
4000571,NA,NA,NA
4000572,NA,NA,NA
4000573,NA,NA,NA
4000574,NA,NA,NA
4000575,NA,NA,NA
4000576,NA,NA,NA
4000578,NA,NA,NA
4000579,NA,NA,NA
4000580,NA,NA,NA
4000581,NA,NA,NA
4000582,NA,NA,NA
4000583,NA,NA,NA
4000584,NA,NA,NA
4000585,NA,NA,NA
4000586,NA,NA,NA
4000587,NA,NA,NA
4000588,NA,NA,NA
4000589,NA,NA,NA
4000590,NA,NA,NA
4000591,NA,NA,NA
4000592,NA,NA,NA
4000593,NA,NA,NA
4000594,NA,NA,NA
4000595,NA,NA,NA
4000597,NA,NA,NA
4000598,NA,NA,NA
4000599,NA,NA,NA
4000600,NA,NA,NA
4000601,NA,NA,NA
4000602,NA,NA,NA
4000603,NA,NA,NA
4000604,NA,NA,NA
4000605,NA,NA,NA
4000606,NA,NA,NA
4000607,NA,NA,NA
4000608,NA,NA,NA
4000610,NA,NA,NA
4000611,NA,NA,NA
4000612,NA,NA,NA
4000613,NA,NA,NA
4000614,NA,NA,NA
4000615,NA,NA,NA
4000616,NA,NA,NA
4000617,NA,NA,NA
4000720,NA,NA,NA
4000721,NA,NA,NA
4000722,NA,NA,NA
4000723,NA,NA,NA
4000724,NA,NA,NA
4000725,NA,NA,NA
4000726,NA,NA,NA
4000727,NA,NA,NA
4000728,NA,NA,NA
4000730,NA,NA,NA
4000731,NA,NA,NA
4000732,NA,NA,NA
4000734,NA,NA,NA
4000735,NA,NA,NA
4000736,NA,NA,NA
4000737,NA,NA,NA
4000738,NA,NA,NA
4000739,NA,NA,NA
4000741,NA,NA,NA
4000742,NA,NA,NA
4000743,NA,NA,NA
4000744,NA,NA,NA
4000745,NA,NA,NA
4000746,NA,NA,NA
4000747,NA,NA,NA
4000748,NA,NA,NA
4000750,NA,NA,NA
4000751,NA,NA,NA
4000752,NA,NA,NA
4000753,NA,NA,NA
4000754,NA,NA,NA
4000755,NA,NA,NA
4000756,NA,NA,NA
4000757,NA,NA,NA
4000758,NA,NA,NA
4000759,NA,NA,NA
4000760,NA,NA,NA
4000762,NA,NA,NA
4000763,NA,NA,NA
4000764,NA,NA,NA
4000765,NA,NA,NA
4000768,NA,NA,NA
4000769,NA,NA,NA
4000770,NA,NA,NA
4000771,NA,NA,NA
4000772,NA,NA,NA
4000774,NA,NA,NA
4000775,NA,NA,NA
4000776,NA,NA,NA
4000777,NA,NA,NA
4000779,NA,NA,NA
4000780,NA,NA,NA
4000782,NA,NA,NA
4000783,NA,NA,NA
4000784,NA,NA,NA
4000785,NA,NA,NA
4000786,NA,NA,NA
4000787,NA,NA,NA
4000788,NA,NA,NA
4000789,NA,NA,NA
4000790,NA,NA,NA
4000791,NA,NA,NA
4000792,NA,NA,NA
4000793,NA,NA,NA
4000794,NA,NA,NA
4000795,NA,NA,NA
4001486,NA,NA,NA
4001487,NA,NA,NA
4001489,NA,NA,NA
4001490,NA,NA,NA
4001492,NA,NA,NA
4001493,NA,NA,NA
4001494,NA,NA,NA
4001495,NA,NA,NA
4001496,NA,NA,NA
4001498,NA,NA,NA
4001499,NA,NA,NA
4001500,NA,NA,NA
4001501,NA,NA,NA
4001502,NA,NA,NA
4001503,NA,NA,NA
4001504,NA,NA,NA
4001505,NA,NA,NA
4001506,NA,NA,NA
4001507,NA,NA,NA
4001508,NA,NA,NA
4001509,NA,NA,NA
4001510,NA,NA,NA
4001511,NA,NA,NA
4001512,NA,NA,NA
4001513,NA,NA,NA
4001514,NA,NA,NA
4001515,NA,NA,NA
4001517,NA,NA,NA
4001518,NA,NA,NA
4001519,NA,NA,NA
4001520,NA,NA,NA
4001521,NA,NA,NA
4001523,NA,NA,NA
4001524,NA,NA,NA
4001525,NA,NA,NA
4001526,NA,NA,NA
4001527,NA,NA,NA
4001528,NA,NA,NA
4001529,NA,NA,NA
4001530,NA,NA,NA
4001531,NA,NA,NA
4001532,NA,NA,NA
4001533,NA,NA,NA
4001534,NA,NA,NA
4001535,NA,NA,NA
4001536,NA,NA,NA
4001538,NA,NA,NA
4001539,NA,NA,NA
4001540,NA,NA,NA
4001541,NA,NA,NA
4001542,NA,NA,NA
4001543,NA,NA,NA
4001544,NA,NA,NA
4001545,NA,NA,NA
4001547,NA,NA,NA
4001548,NA,NA,NA
4001549,NA,NA,NA
4001550,NA,NA,NA
4001552,NA,NA,NA
4001553,NA,NA,NA
4001554,NA,NA,NA
4001555,NA,NA,NA
4001556,NA,NA,NA
4001557,NA,NA,NA
4001558,NA,NA,NA
4001560,NA,NA,NA
4001561,NA,NA,NA
4001562,NA,NA,NA
4001563,NA,NA,NA
4001564,NA,NA,NA
4001565,NA,NA,NA
4001566,NA,NA,NA
4001567,NA,NA,NA
4001568,NA,NA,NA
4001569,NA,NA,NA
4001570,NA,NA,NA
4001571,NA,NA,NA
4001572,NA,NA,NA
4001573,NA,NA,NA
4001574,NA,NA,NA
4001575,NA,NA,NA
4001576,NA,NA,NA
4001577,NA,NA,NA
4001578,NA,NA,NA
4001580,NA,NA,NA
4001581,NA,NA,NA
4001582,NA,NA,NA
4001583,NA,NA,NA
4001584,NA,NA,NA
4001585,NA,NA,NA
4001586,NA,NA,NA
4001587,NA,NA,NA
4001588,NA,NA,NA
4001589,NA,NA,NA
4001590,NA,NA,NA
4001591,NA,NA,NA
4001592,NA,NA,NA
4001593,NA,NA,NA
4001594,NA,NA,NA
4001595,NA,NA,NA
4001596,NA,NA,NA
4001598,NA,NA,NA
4001599,NA,NA,NA
4001600,NA,NA,NA
4001601,NA,NA,NA
4001602,NA,NA,NA
4001603,NA,NA,NA
4001604,NA,NA,NA
4002094,NA,NA,NA
4002095,NA,NA,NA
4002096,NA,NA,NA
4002097,NA,NA,NA
4002098,NA,NA,NA
4002099,NA,NA,NA
4002100,NA,NA,NA
4002191,NA,NA,NA
4002192,NA,NA,NA
4002193,NA,NA,NA
4002194,NA,NA,NA
4002195,NA,NA,NA
4002196,NA,NA,NA
4002197,NA,NA,NA
4002198,NA,NA,NA
4002199,NA,NA,NA
4002200,NA,NA,NA
4002301,NA,NA,NA
4002302,NA,NA,NA
4002303,NA,NA,NA
4002304,NA,NA,NA
4002305,NA,NA,NA
4002306,NA,NA,NA
4002307,NA,NA,NA
4002308,NA,NA,NA
4002309,NA,NA,NA
4002311,NA,NA,NA
4002312,NA,NA,NA
4002313,NA,NA,NA
4002314,NA,NA,NA
4002315,NA,NA,NA
4002316,NA,NA,NA
4002318,NA,NA,NA
4002320,NA,NA,NA
4002322,NA,NA,NA
4002323,NA,NA,NA
4002324,NA,NA,NA
4002325,NA,NA,NA
4002326,NA,NA,NA
4002330,NA,NA,NA
4002334,NA,NA,NA
4002337,NA,NA,NA
4002338,NA,NA,NA
4002339,NA,NA,NA
4002340,NA,NA,NA
4002341,NA,NA,NA
4002343,NA,NA,NA
4002344,NA,NA,NA
4002345,NA,NA,NA
4002346,NA,NA,NA
4002350,NA,NA,NA
4002351,NA,NA,NA
4002353,NA,NA,NA
4002354,NA,NA,NA
4002357,NA,NA,NA
4002358,NA,NA,NA
4002359,NA,NA,NA
4002360,NA,NA,NA
4002361,NA,NA,NA
4002362,NA,NA,NA
4002363,NA,NA,NA
4002367,NA,NA,NA
4002368,NA,NA,NA
4002369,NA,NA,NA
4002370,NA,NA,NA
4002371,NA,NA,NA
4002372,NA,NA,NA
4002373,NA,NA,NA
4002374,NA,NA,NA
4002375,NA,NA,NA
4002376,NA,NA,NA
4002378,NA,NA,NA
4002379,NA,NA,NA
4002380,NA,NA,NA
4002381,NA,NA,NA
4002385,NA,NA,NA
4002386,NA,NA,NA
4002387,NA,NA,NA
4002389,NA,NA,NA
4002390,NA,NA,NA
4002393,NA,NA,NA
4002394,NA,NA,NA
4002396,NA,NA,NA
4002397,NA,NA,NA
4002398,NA,NA,NA
4002399,NA,NA,NA
4002401,NA,NA,NA
4002403,NA,NA,NA
4002404,NA,NA,NA
4002405,NA,NA,NA
4002408,NA,NA,NA
4002410,NA,NA,NA
4002412,NA,NA,NA
4002413,NA,NA,NA
4002414,NA,NA,NA
4002415,NA,NA,NA
4002421,NA,NA,NA
4002422,NA,NA,NA
4002425,NA,NA,NA
4002426,NA,NA,NA
4002427,NA,NA,NA
4002428,NA,NA,NA
4002429,NA,NA,NA
4002430,NA,NA,NA
4002431,NA,NA,NA
4002432,NA,NA,NA
4002433,NA,NA,NA
4002434,NA,NA,NA
4003022,NA,NA,NA
4003023,NA,NA,NA
4003024,NA,NA,NA
4003025,NA,NA,NA
4003026,NA,NA,NA
4003027,NA,NA,NA
4003028,NA,NA,NA
4003030,NA,NA,NA
4003031,NA,NA,NA
4003032,NA,NA,NA
4003033,NA,NA,NA
4003035,NA,NA,NA
4003037,NA,NA,NA
4003038,NA,NA,NA
4003039,NA,NA,NA
4003041,NA,NA,NA
4003042,NA,NA,NA
4003043,NA,NA,NA
4003044,NA,NA,NA
4003045,NA,NA,NA
4003046,NA,NA,NA
4003048,NA,NA,NA
4003049,NA,NA,NA
4003050,NA,NA,NA
4003101,NA,NA,NA
4003102,NA,NA,NA
4003103,NA,NA,NA
4003104,NA,NA,NA
4003105,NA,NA,NA
4003106,NA,NA,NA
4003107,NA,NA,NA
4003108,NA,NA,NA
4003109,NA,NA,NA
4003110,NA,NA,NA
4003111,NA,NA,NA
4003112,NA,NA,NA
4003116,NA,NA,NA
4003117,NA,NA,NA
4003118,NA,NA,NA
4003119,NA,NA,NA
4003121,NA,NA,NA
4003122,NA,NA,NA
4003124,NA,NA,NA
4003126,NA,NA,NA
4003127,NA,NA,NA
4003151,NA,NA,NA
4003152,NA,NA,NA
4003153,NA,NA,NA
4003154,NA,NA,NA
4003155,NA,NA,NA
4003156,NA,NA,NA
4003157,NA,NA,NA
4003158,NA,NA,NA
4003159,NA,NA,NA
4003160,NA,NA,NA
4003161,NA,NA,NA
4003162,NA,NA,NA
4003163,NA,NA,NA
4003164,NA,NA,NA
4003165,NA,NA,NA
4003167,NA,NA,NA
4003169,NA,NA,NA
4003778,NA,NA,NA
4003779,NA,NA,NA
4003780,NA,NA,NA
4003781,NA,NA,NA
4003782,NA,NA,NA
4003784,NA,NA,NA
4003785,NA,NA,NA
4003786,NA,NA,NA
4003787,NA,NA,NA
4003788,NA,NA,NA
4003789,NA,NA,NA
4003790,NA,NA,NA
4003792,NA,NA,NA
4003793,NA,NA,NA
4003795,NA,NA,NA
4003796,NA,NA,NA
4003797,NA,NA,NA
4003799,NA,NA,NA
4003800,NA,NA,NA
4003801,NA,NA,NA
4003802,NA,NA,NA
4003803,NA,NA,NA
4003805,NA,NA,NA
4003806,NA,NA,NA
4003807,NA,NA,NA
4003808,NA,NA,NA
4003809,NA,NA,NA
4003810,NA,NA,NA
4003811,NA,NA,NA
4003812,NA,NA,NA
4003813,NA,NA,NA
4003815,NA,NA,NA
4003816,NA,NA,NA
4003817,NA,NA,NA
4003818,NA,NA,NA
4003819,NA,NA,NA
4003820,NA,NA,NA
4003822,NA,NA,NA
4003823,NA,NA,NA
4003824,NA,NA,NA
4003825,NA,NA,NA
4003826,NA,NA,NA
4003827,NA,NA,NA
4003828,NA,NA,NA
4003830,NA,NA,NA
4003831,NA,NA,NA
4003832,NA,NA,NA
4003833,NA,NA,NA
4003834,NA,NA,NA
4003835,NA,NA,NA
4003836,NA,NA,NA
4003837,NA,NA,NA
4003838,NA,NA,NA
4003839,NA,NA,NA
4003840,NA,NA,NA
4003841,NA,NA,NA
4003843,NA,NA,NA
4003845,NA,NA,NA
4003846,NA,NA,NA
4003847,NA,NA,NA
4003848,NA,NA,NA
4003849,NA,NA,NA
4003850,NA,NA,NA
4003851,NA,NA,NA
4003852,NA,NA,NA
4003853,NA,NA,NA
4004540,NA,NA,NA
4004543,NA,NA,NA
4004544,NA,NA,NA
4004545,NA,NA,NA
4004547,NA,NA,NA
4004548,NA,NA,NA
4004549,NA,NA,NA
4004550,NA,NA,NA
4004551,NA,NA,NA
4004552,NA,NA,NA
4004553,NA,NA,NA
4004562,NA,NA,NA
4005102,NA,NA,NA
4005104,NA,NA,NA
4005105,NA,NA,NA
4005106,NA,NA,NA
4005107,NA,NA,NA
4005109,NA,NA,NA
4005110,NA,NA,NA
4005111,NA,NA,NA
4005112,NA,NA,NA
4005113,NA,NA,NA
4005115,NA,NA,NA
4005116,NA,NA,NA
4005117,NA,NA,NA
4005118,NA,NA,NA
4005119,NA,NA,NA
4005120,NA,NA,NA
4005121,NA,NA,NA
4005122,NA,NA,NA
4005123,NA,NA,NA
4005124,NA,NA,NA
4005125,NA,NA,NA
4005126,NA,NA,NA
4005127,NA,NA,NA
4005128,NA,NA,NA
4005129,NA,NA,NA
4005130,NA,NA,NA
4005131,NA,NA,NA
4005132,NA,NA,NA
4005133,NA,NA,NA
4005134,NA,NA,NA
4005135,NA,NA,NA
4005136,NA,NA,NA
4005137,NA,NA,NA
4005138,NA,NA,NA
4005139,NA,NA,NA
4005140,NA,NA,NA
4005141,NA,NA,NA
4005142,NA,NA,NA
4005143,NA,NA,NA
4005144,NA,NA,NA
4005145,NA,NA,NA
4005146,NA,NA,NA
4005147,NA,NA,NA
4005148,NA,NA,NA
4005149,NA,NA,NA
4005150,NA,NA,NA
4005151,NA,NA,NA
4005152,NA,NA,NA
4005153,NA,NA,NA
4005154,NA,NA,NA
4005155,NA,NA,NA
4005156,NA,NA,NA
4005157,NA,NA,NA
4005158,NA,NA,NA
4005159,NA,NA,NA
4005160,NA,NA,NA
4005161,NA,NA,NA
4005162,NA,NA,NA
4005181,NA,NA,NA
4005182,NA,NA,NA
4005183,NA,NA,NA
4005185,NA,NA,NA
4005186,NA,NA,NA
4005187,NA,NA,NA
4005188,NA,NA,NA
4005189,NA,NA,NA
4005190,NA,NA,NA
4005401,NA,NA,NA
4005403,NA,NA,NA
4005404,NA,NA,NA
4005405,NA,NA,NA
4005406,NA,NA,NA
4005407,NA,NA,NA
4005408,NA,NA,NA
4005409,NA,NA,NA
4005410,NA,NA,NA
4005411,NA,NA,NA
4005412,NA,NA,NA
4005413,NA,NA,NA
4005414,NA,NA,NA
4005415,NA,NA,NA
4005416,NA,NA,NA
4005417,NA,NA,NA
4005419,NA,NA,NA
4005420,NA,NA,NA
4005421,NA,NA,NA
4005422,NA,NA,NA
4005423,NA,NA,NA
4005424,NA,NA,NA
4005425,NA,NA,NA
4005426,NA,NA,NA
4005427,NA,NA,NA
4005428,NA,NA,NA
4005429,NA,NA,NA
4005430,NA,NA,NA
4005431,NA,NA,NA
4005432,NA,NA,NA
4005433,NA,NA,NA
4005434,NA,NA,NA
4005435,NA,NA,NA
4005436,NA,NA,NA
4005437,NA,NA,NA
4005438,NA,NA,NA
4005439,NA,NA,NA
4005440,NA,NA,NA
4005442,NA,NA,NA
4005444,NA,NA,NA
4005445,NA,NA,NA
4005446,NA,NA,NA
4005447,NA,NA,NA
4005448,NA,NA,NA
4005449,NA,NA,NA
4005450,NA,NA,NA
4005767,NA,NA,NA
4005847,NA,NA,NA
4005848,NA,NA,NA
4005849,NA,NA,NA
4005850,NA,NA,NA
4005851,NA,NA,NA
4005852,NA,NA,NA
4005853,NA,NA,NA
4005854,NA,NA,NA
4005855,NA,NA,NA
4005856,NA,NA,NA
4005857,NA,NA,NA
4005858,NA,NA,NA
4005859,NA,NA,NA
4005860,NA,NA,NA
4005861,NA,NA,NA
4005862,NA,NA,NA
4005863,NA,NA,NA
4005864,NA,NA,NA
4005865,NA,NA,NA
4005866,NA,NA,NA
4005868,NA,NA,NA
4005869,NA,NA,NA
4005870,NA,NA,NA
4005871,NA,NA,NA
4005872,NA,NA,NA
4005873,NA,NA,NA
4005874,NA,NA,NA
4005875,NA,NA,NA
4005876,NA,NA,NA
4005877,NA,NA,NA
4005878,NA,NA,NA
4005879,NA,NA,NA
4005880,NA,NA,NA
4005881,NA,NA,NA
4005882,NA,NA,NA
4005883,NA,NA,NA
4005884,NA,NA,NA
4005885,NA,NA,NA
4005891,NA,NA,NA
4005892,NA,NA,NA
4005893,NA,NA,NA
4005894,NA,NA,NA
4005895,NA,NA,NA
4005896,NA,NA,NA
4005897,NA,NA,NA
4005898,NA,NA,NA
4005899,NA,NA,NA
4005900,NA,NA,NA
4005901,NA,NA,NA
4005902,NA,NA,NA
4005903,NA,NA,NA
4005904,NA,NA,NA
4005905,NA,NA,NA
4005906,NA,NA,NA
4005907,NA,NA,NA
4006467,NA,NA,NA
4006468,NA,NA,NA
4006469,NA,NA,NA
4006470,NA,NA,NA
4006471,NA,NA,NA
4006474,NA,NA,NA
4006475,NA,NA,NA
4006476,NA,NA,NA
4006477,NA,NA,NA
4006478,NA,NA,NA
4006479,NA,NA,NA
4006480,NA,NA,NA
4006481,NA,NA,NA
4006482,NA,NA,NA
4006483,NA,NA,NA
4006484,NA,NA,NA
4006485,NA,NA,NA
4006486,NA,NA,NA
4006487,NA,NA,NA
4006488,NA,NA,NA
4006489,NA,NA,NA
4006490,NA,NA,NA
4006491,NA,NA,NA
4006492,NA,NA,NA
4006752,NA,NA,NA
4006753,NA,NA,NA
4006754,NA,NA,NA
4006755,NA,NA,NA
4006761,NA,NA,NA
4006762,NA,NA,NA
4006763,NA,NA,NA
4006764,NA,NA,NA
4006765,NA,NA,NA
4006766,NA,NA,NA
4006767,NA,NA,NA
4006768,NA,NA,NA
4006769,NA,NA,NA
4006770,NA,NA,NA
4006772,NA,NA,NA
4006773,NA,NA,NA
4006774,NA,NA,NA
4006775,NA,NA,NA
4006776,NA,NA,NA
4006777,NA,NA,NA
4006779,NA,NA,NA
4006780,NA,NA,NA
4007001,NA,NA,NA
4007002,NA,NA,NA
4007003,NA,NA,NA
4007031,NA,NA,NA
4007033,NA,NA,NA
4007034,NA,NA,NA
4007036,NA,NA,NA
4007052,NA,NA,NA
4007053,NA,NA,NA
4007054,NA,NA,NA
4007055,NA,NA,NA
4007056,NA,NA,NA
4007057,NA,NA,NA
4007058,NA,NA,NA
4007061,NA,NA,NA
4007062,NA,NA,NA
4007063,NA,NA,NA
4007064,NA,NA,NA
4007065,NA,NA,NA
4007066,NA,NA,NA
4007067,NA,NA,NA
4007068,NA,NA,NA
4007069,NA,NA,NA
4007071,NA,NA,NA
4007072,NA,NA,NA
4007073,NA,NA,NA
4007074,NA,NA,NA
4007075,NA,NA,NA
4007076,NA,NA,NA
4007077,NA,NA,NA
4007078,NA,NA,NA
4007079,NA,NA,NA
4007080,NA,NA,NA
4007570,NA,NA,NA
4007601,NA,NA,NA
4007602,NA,NA,NA
4007603,NA,NA,NA
4007604,NA,NA,NA
4007605,NA,NA,NA
4007606,NA,NA,NA
4007607,NA,NA,NA
4007611,NA,NA,NA
4007612,NA,NA,NA
4007631,NA,NA,NA
4007632,NA,NA,NA
4007633,NA,NA,NA
4007634,NA,NA,NA
4007635,NA,NA,NA
4007652,NA,NA,NA
4007653,NA,NA,NA
4007654,NA,NA,NA
4007655,NA,NA,NA
4007656,NA,NA,NA
4007657,NA,NA,NA
4007658,NA,NA,NA
4007659,NA,NA,NA
4008150,NA,NA,NA
4008251,NA,NA,NA
4008252,NA,NA,NA
4008253,NA,NA,NA
4008254,NA,NA,NA
4008256,NA,NA,NA
4008258,NA,NA,NA
4008261,NA,NA,NA
4008262,NA,NA,NA
4008263,NA,NA,NA
4008264,NA,NA,NA
4008265,NA,NA,NA
4008266,NA,NA,NA
4008267,NA,NA,NA
4008271,NA,NA,NA
4008272,NA,NA,NA
4008273,NA,NA,NA
4008277,NA,NA,NA
4008278,NA,NA,NA
4008279,NA,NA,NA
4008472,NA,NA,NA
4008473,NA,NA,NA
4008474,NA,NA,NA
4008475,NA,NA,NA
4008477,NA,NA,NA
4008478,NA,NA,NA
4008479,NA,NA,NA
4008481,NA,NA,NA
4008482,NA,NA,NA
4008483,NA,NA,NA
4008580,NA,NA,NA
4008593,NA,NA,NA
4008594,NA,NA,NA
4008596,NA,NA,NA
4008598,NA,NA,NA
4008602,NA,NA,NA
4008603,NA,NA,NA
4008604,NA,NA,NA
4008605,NA,NA,NA
4008606,NA,NA,NA
4008608,NA,NA,NA
4008609,NA,NA,NA
4008610,NA,NA,NA
4008611,NA,NA,NA
4008613,NA,NA,NA
4008615,NA,NA,NA
4008617,NA,NA,NA
4008619,NA,NA,NA
4008620,NA,NA,NA
4008621,NA,NA,NA
4008622,NA,NA,NA
4008623,NA,NA,NA
4008624,NA,NA,NA
4008625,NA,NA,NA
4008626,NA,NA,NA
4008627,NA,NA,NA
4008628,NA,NA,NA
4008630,NA,NA,NA
4008633,NA,NA,NA
4008634,NA,NA,NA
4008635,NA,NA,NA
4008637,NA,NA,NA
4008638,NA,NA,NA
4008640,NA,NA,NA
4009131,NA,NA,NA
4009151,NA,NA,NA
4009152,NA,NA,NA
4009157,NA,NA,NA
4009158,NA,NA,NA
4009159,NA,NA,NA
4009160,NA,NA,NA
4009162,NA,NA,NA
4009163,NA,NA,NA
4009165,NA,NA,NA
4009166,NA,NA,NA
4009167,NA,NA,NA
4009168,NA,NA,NA
4009171,NA,NA,NA
4009181,NA,NA,NA
4009184,NA,NA,NA
4009186,NA,NA,NA
4009187,NA,NA,NA
4009188,NA,NA,NA
4009189,NA,NA,NA
4009190,NA,NA,NA
4009191,NA,NA,NA
4009192,NA,NA,NA
4009196,NA,NA,NA
4009197,NA,NA,NA
4009198,NA,NA,NA
4009199,NA,NA,NA
4009200,NA,NA,NA
4009240,NA,NA,NA
4009245,NA,NA,NA
4009250,NA,NA,NA
4009253,NA,NA,NA
4009256,NA,NA,NA
4009257,NA,NA,NA
4009259,NA,NA,NA
4009261,NA,NA,NA
4009263,NA,NA,NA
4009267,NA,NA,NA
4009271,NA,NA,NA
4009273,NA,NA,NA
4009277,NA,NA,NA
4009282,NA,NA,NA
4009284,NA,NA,NA
4009286,NA,NA,NA
4009288,NA,NA,NA
4009292,NA,NA,NA
4009293,NA,NA,NA
4009297,NA,NA,NA
4009313,NA,NA,NA
4009771,NA,NA,NA
4009772,NA,NA,NA
4009773,NA,NA,NA
4009774,NA,NA,NA
4009775,NA,NA,NA
4009777,NA,NA,NA
4009778,NA,NA,NA
4009779,NA,NA,NA
4009780,NA,NA,NA
4009781,NA,NA,NA
4009782,NA,NA,NA
4009783,NA,NA,NA
4009784,NA,NA,NA
4009785,NA,NA,NA
4009786,NA,NA,NA
4009787,NA,NA,NA
4009788,NA,NA,NA
4009789,NA,NA,NA
4009790,NA,NA,NA
4009791,NA,NA,NA
4009792,NA,NA,NA
4009793,NA,NA,NA
4009794,NA,NA,NA
4009795,NA,NA,NA
4009796,NA,NA,NA
4009798,NA,NA,NA
4009799,NA,NA,NA
4009800,NA,NA,NA
4009801,NA,NA,NA
4009802,NA,NA,NA
4009803,NA,NA,NA
4009804,NA,NA,NA
4009805,NA,NA,NA
4009807,NA,NA,NA
4009811,NA,NA,NA
4009821,NA,NA,NA
4009824,NA,NA,NA
4009825,NA,NA,NA
4009826,NA,NA,NA
4009827,NA,NA,NA
4009828,NA,NA,NA
4009829,NA,NA,NA
4009830,NA,NA,NA
4011317,NA,NA,NA
4011318,NA,NA,NA
4011319,NA,NA,NA
4011321,NA,NA,NA
4011322,NA,NA,NA
4011323,NA,NA,NA
4011324,NA,NA,NA
4011326,NA,NA,NA
4011327,NA,NA,NA
4011328,NA,NA,NA
4011329,NA,NA,NA
4011330,NA,NA,NA
4011331,NA,NA,NA
4011332,NA,NA,NA
4011333,NA,NA,NA
4011334,NA,NA,NA
4011335,NA,NA,NA
4011336,NA,NA,NA
4011338,NA,NA,NA
4011339,NA,NA,NA
4011340,NA,NA,NA
4011341,NA,NA,NA
4011342,NA,NA,NA
4011343,NA,NA,NA
4011344,NA,NA,NA
4011345,NA,NA,NA
4011346,NA,NA,NA
4011347,NA,NA,NA
4011350,NA,NA,NA
4011352,NA,NA,NA
4011353,NA,NA,NA
4011877,NA,NA,NA
4011878,NA,NA,NA
4011879,NA,NA,NA
4011880,NA,NA,NA
4011881,NA,NA,NA
4011882,NA,NA,NA
4011883,NA,NA,NA
4011884,NA,NA,NA
4011885,NA,NA,NA
4011886,NA,NA,NA
4011888,NA,NA,NA
4011889,NA,NA,NA
4011890,NA,NA,NA
4011891,NA,NA,NA
4011893,NA,NA,NA
4011894,NA,NA,NA
4011895,NA,NA,NA
4012386,NA,NA,NA
4012390,NA,NA,NA
4012392,NA,NA,NA
4012394,NA,NA,NA
4012395,NA,NA,NA
4012397,NA,NA,NA
4012400,NA,NA,NA
4012402,NA,NA,NA
4012403,NA,NA,NA
4012408,NA,NA,NA
4012411,NA,NA,NA
4012412,NA,NA,NA
4012416,NA,NA,NA
4012421,NA,NA,NA
4012422,NA,NA,NA
4012423,NA,NA,NA
4012424,NA,NA,NA
4012425,NA,NA,NA
4012428,NA,NA,NA
4012429,NA,NA,NA
4012431,NA,NA,NA
4012432,NA,NA,NA
4012433,NA,NA,NA
4012434,NA,NA,NA
4012435,NA,NA,NA
4012436,NA,NA,NA
4012438,NA,NA,NA
4012439,NA,NA,NA
4012440,NA,NA,NA
4012442,NA,NA,NA
4012444,NA,NA,NA
4012445,NA,NA,NA
4012446,NA,NA,NA
4012447,NA,NA,NA
4012448,NA,NA,NA
4012450,NA,NA,NA
4012456,NA,NA,NA
4012458,NA,NA,NA
4012462,NA,NA,NA
4012463,NA,NA,NA
4012465,NA,NA,NA
4012470,NA,NA,NA
4012478,NA,NA,NA
4012479,NA,NA,NA
4012480,NA,NA,NA
4012482,NA,NA,NA
4012483,NA,NA,NA
4012484,NA,NA,NA
4012485,NA,NA,NA
4012488,NA,NA,NA
4012496,NA,NA,NA
4012498,NA,NA,NA
4012499,NA,NA,NA
4012500,NA,NA,NA
4012502,NA,NA,NA
4012504,NA,NA,NA
4012505,NA,NA,NA
4012506,NA,NA,NA
4012507,NA,NA,NA
4012508,NA,NA,NA
4012509,NA,NA,NA
4012510,NA,NA,NA
4013046,NA,NA,NA
4013048,NA,NA,NA
4013051,NA,NA,NA
4013053,NA,NA,NA
4013055,NA,NA,NA
4013056,NA,NA,NA
4013057,NA,NA,NA
4013059,NA,NA,NA
4013060,NA,NA,NA
4013061,NA,NA,NA
4013063,NA,NA,NA
4013071,NA,NA,NA
4013072,NA,NA,NA
4013073,NA,NA,NA
4013075,NA,NA,NA
4013077,NA,NA,NA
4013078,NA,NA,NA
4013079,NA,NA,NA
4013080,NA,NA,NA
4013081,NA,NA,NA
4013082,NA,NA,NA
4013083,NA,NA,NA
4013084,NA,NA,NA
4013085,NA,NA,NA
4013086,NA,NA,NA
4013087,NA,NA,NA
4013088,NA,NA,NA
4013089,NA,NA,NA
4013090,NA,NA,NA
4013091,NA,NA,NA
4013092,NA,NA,NA
4013093,NA,NA,NA
4013094,NA,NA,NA
4013095,NA,NA,NA
4013096,NA,NA,NA
4013097,NA,NA,NA
4013098,NA,NA,NA
4013099,NA,NA,NA
4013100,NA,NA,NA
4013101,NA,NA,NA
4013103,NA,NA,NA
4013104,NA,NA,NA
4013105,NA,NA,NA
4013106,NA,NA,NA
4013107,NA,NA,NA
4013108,NA,NA,NA
4013109,NA,NA,NA
4013110,NA,NA,NA
4013111,NA,NA,NA
4013112,NA,NA,NA
4013113,NA,NA,NA
4013114,NA,NA,NA
4013115,NA,NA,NA
4013116,NA,NA,NA
4013117,NA,NA,NA
4013118,NA,NA,NA
4013120,NA,NA,NA
4013121,NA,NA,NA
4013122,NA,NA,NA
4013123,NA,NA,NA
4013124,NA,NA,NA
4013125,NA,NA,NA
4013126,NA,NA,NA
4013127,NA,NA,NA
4013128,NA,NA,NA
4013129,NA,NA,NA
4013130,NA,NA,NA
4013131,NA,NA,NA
4013132,NA,NA,NA
4013133,NA,NA,NA
4013134,NA,NA,NA
4013135,NA,NA,NA
4013136,NA,NA,NA
4013137,NA,NA,NA
4013138,NA,NA,NA
4013139,NA,NA,NA
4013140,NA,NA,NA
4013141,NA,NA,NA
4013142,NA,NA,NA
4013143,NA,NA,NA
4013145,NA,NA,NA
4013146,NA,NA,NA
4013148,NA,NA,NA
4013149,NA,NA,NA
4013150,NA,NA,NA
4013151,NA,NA,NA
4013157,NA,NA,NA
4013658,NA,NA,NA
4013659,NA,NA,NA
4013660,NA,NA,NA
4013661,NA,NA,NA
4013662,NA,NA,NA
4013663,NA,NA,NA
4013667,NA,NA,NA
4013670,NA,NA,NA
4013671,NA,NA,NA
4013673,NA,NA,NA
4013674,NA,NA,NA
4013675,NA,NA,NA
4013676,NA,NA,NA
4013677,NA,NA,NA
4013678,NA,NA,NA
4013679,NA,NA,NA
4013680,NA,NA,NA
4013686,NA,NA,NA
4013687,NA,NA,NA
4013691,NA,NA,NA
4013692,NA,NA,NA
4013693,NA,NA,NA
4013694,NA,NA,NA
4013695,NA,NA,NA
4014175,NA,NA,NA
4014176,NA,NA,NA
4014177,NA,NA,NA
4014178,NA,NA,NA
4014181,NA,NA,NA
4014182,NA,NA,NA
4014191,NA,NA,NA
4025791,NA,NA,NA
4033136,NA,NA,NA
4037603,NA,NA,NA
4038076,NA,NA,NA
4039229,NA,NA,NA
4039237,NA,NA,NA
4039689,NA,NA,NA
5032863,NA,NA,NA
5054216,NA,NA,NA
5054735,NA,NA,NA
5054737,NA,NA,NA
5054738,NA,NA,NA
5054741,NA,NA,NA
5054742,NA,NA,NA
5054752,NA,NA,NA
5054756,NA,NA,NA
5054759,NA,NA,NA
5054762,NA,NA,NA
5054765,NA,NA,NA
5072227,NA,NA,NA
5072859,NA,NA,NA
5072881,NA,NA,NA
5072884,NA,NA,NA
5072885,NA,NA,NA
5072886,NA,NA,NA
5072887,NA,NA,NA
5072888,NA,NA,NA
5072889,NA,NA,NA
5072890,NA,NA,NA
5072891,NA,NA,NA
5072892,NA,NA,NA
5072893,NA,NA,NA
5072894,NA,NA,NA
5072895,NA,NA,NA
5072896,NA,NA,NA
5072897,NA,NA,NA
5072898,NA,NA,NA
5072899,NA,NA,NA
5072900,NA,NA,NA
5072915,NA,NA,NA
5072937,NA,NA,NA
5078501,NA,NA,NA
5080018,NA,NA,NA
5080392,NA,NA,NA
5080395,NA,NA,NA
5087867,NA,NA,NA
5092105,NA,NA,NA
5092194,NA,NA,NA
5092195,NA,NA,NA
5092196,NA,NA,NA
5092197,NA,NA,NA
5092198,NA,NA,NA
5092305,NA,NA,NA
5092306,NA,NA,NA
5092307,NA,NA,NA
5092308,NA,NA,NA
5092309,NA,NA,NA
5092310,NA,NA,NA
5092315,NA,NA,NA
5092317,NA,NA,NA
5092318,NA,NA,NA
5092319,NA,NA,NA
5092320,NA,NA,NA
5092321,NA,NA,NA
5092322,NA,NA,NA
5092323,NA,NA,NA
5092324,NA,NA,NA
5092325,NA,NA,NA
5092326,NA,NA,NA
5092327,NA,NA,NA
5092328,NA,NA,NA
5092329,NA,NA,NA
5092330,NA,NA,NA
5092331,NA,NA,NA
5092332,NA,NA,NA
5092333,NA,NA,NA
5092334,NA,NA,NA
5092335,NA,NA,NA
5092336,NA,NA,NA
5092337,NA,NA,NA
5092338,NA,NA,NA
5092339,NA,NA,NA
5092340,NA,NA,NA
5092341,NA,NA,NA
5092342,NA,NA,NA
5092343,NA,NA,NA
5092344,NA,NA,NA
5092345,NA,NA,NA
5092346,NA,NA,NA
5092347,NA,NA,NA
5092348,NA,NA,NA
5092349,NA,NA,NA
5092350,NA,NA,NA
5092631,NA,NA,NA
5093351,NA,NA,NA
5093352,NA,NA,NA
5093353,NA,NA,NA
5093354,NA,NA,NA
5093355,NA,NA,NA
5093356,NA,NA,NA
5093357,NA,NA,NA
5093358,NA,NA,NA
5093359,NA,NA,NA
5093360,NA,NA,NA
5093361,NA,NA,NA
5093362,NA,NA,NA
5093363,NA,NA,NA
5093364,NA,NA,NA
5093365,NA,NA,NA
5093366,NA,NA,NA
5093367,NA,NA,NA
5093368,NA,NA,NA
5093369,NA,NA,NA
5093370,NA,NA,NA
5093372,NA,NA,NA
5093373,NA,NA,NA
5093374,NA,NA,NA
5093375,NA,NA,NA
5093376,NA,NA,NA
5093377,NA,NA,NA
5093378,NA,NA,NA
5093379,NA,NA,NA
5093380,NA,NA,NA
5093381,NA,NA,NA
5093382,NA,NA,NA
5093383,NA,NA,NA
5093384,NA,NA,NA
5093385,NA,NA,NA
5093386,NA,NA,NA
5093387,NA,NA,NA
5093388,NA,NA,NA
5093389,NA,NA,NA
5093390,NA,NA,NA
5093391,NA,NA,NA
5093392,NA,NA,NA
5093393,NA,NA,NA
5093395,NA,NA,NA
5093396,NA,NA,NA
5093397,NA,NA,NA
5093398,NA,NA,NA
5093399,NA,NA,NA
5093400,NA,NA,NA
5093402,NA,NA,NA
5093403,NA,NA,NA
5093404,NA,NA,NA
5093405,NA,NA,NA
5093406,NA,NA,NA
5093407,NA,NA,NA
5093408,NA,NA,NA
5093409,NA,NA,NA
5093410,NA,NA,NA
5093411,NA,NA,NA
5093412,NA,NA,NA
5093413,NA,NA,NA
5093414,NA,NA,NA
5093415,NA,NA,NA
5093416,NA,NA,NA
5093417,NA,NA,NA
5093426,NA,NA,NA
5093427,NA,NA,NA
5093428,NA,NA,NA
5093429,NA,NA,NA
5093430,NA,NA,NA
5093441,NA,NA,NA
5093442,NA,NA,NA
5093443,NA,NA,NA
5093444,NA,NA,NA
5093445,NA,NA,NA
5093446,NA,NA,NA
5093447,NA,NA,NA
5093448,NA,NA,NA
5093449,NA,NA,NA
5093450,NA,NA,NA
5093451,NA,NA,NA
5093452,NA,NA,NA
5093453,NA,NA,NA
5093454,NA,NA,NA
5093455,NA,NA,NA
5093456,NA,NA,NA
5093457,NA,NA,NA
5093458,NA,NA,NA
5093459,NA,NA,NA
5093460,NA,NA,NA
5093461,NA,NA,NA
5093462,NA,NA,NA
5093463,NA,NA,NA
5093464,NA,NA,NA
5093465,NA,NA,NA
5093466,NA,NA,NA
5093467,NA,NA,NA
5093468,NA,NA,NA
5093469,NA,NA,NA
5093472,NA,NA,NA
5093473,NA,NA,NA
5093474,NA,NA,NA
5093475,NA,NA,NA
5093476,NA,NA,NA
5093477,NA,NA,NA
5093478,NA,NA,NA
5093479,NA,NA,NA
5093480,NA,NA,NA
5093481,NA,NA,NA
5093482,NA,NA,NA
5093483,NA,NA,NA
5093484,NA,NA,NA
5093485,NA,NA,NA
5093486,NA,NA,NA
5093487,NA,NA,NA
5093488,NA,NA,NA
5093489,NA,NA,NA
5093490,NA,NA,NA
5093491,NA,NA,NA
5093492,NA,NA,NA
5093493,NA,NA,NA
5093494,NA,NA,NA
5093495,NA,NA,NA
5093496,NA,NA,NA
5093498,NA,NA,NA
5093500,NA,NA,NA
5093552,NA,NA,NA
5097001,NA,NA,NA
5097002,NA,NA,NA
5097003,NA,NA,NA
5097004,NA,NA,NA
5097005,NA,NA,NA
5097006,NA,NA,NA
5097007,NA,NA,NA
5097008,NA,NA,NA
5097010,NA,NA,NA
5097011,NA,NA,NA
5097012,NA,NA,NA
5097013,NA,NA,NA
5097014,NA,NA,NA
5097015,NA,NA,NA
5097017,NA,NA,NA
5097019,NA,NA,NA
5097020,NA,NA,NA
5097021,NA,NA,NA
5097022,NA,NA,NA
5097023,NA,NA,NA
5097024,NA,NA,NA
5097025,NA,NA,NA
5097026,NA,NA,NA
5097027,NA,NA,NA
5097028,NA,NA,NA
5097029,NA,NA,NA
5097030,NA,NA,NA
5097031,NA,NA,NA
5097035,NA,NA,NA
5097036,NA,NA,NA
5097038,NA,NA,NA
5097039,NA,NA,NA
5097043,NA,NA,NA
5097044,NA,NA,NA
5097045,NA,NA,NA
5097282,NA,NA,NA
5097453,NA,NA,NA
5097675,NA,NA,NA
5097774,NA,NA,NA
5097778,NA,NA,NA
5097779,NA,NA,NA
5097780,NA,NA,NA
5097793,NA,NA,NA
5097794,NA,NA,NA
5097795,NA,NA,NA
5097796,NA,NA,NA
5097797,NA,NA,NA
5097798,NA,NA,NA
5097799,NA,NA,NA
5097800,NA,NA,NA
5097801,NA,NA,NA
5097802,NA,NA,NA
5097803,NA,NA,NA
5097804,NA,NA,NA
5097805,NA,NA,NA
5097806,NA,NA,NA
5097807,NA,NA,NA
5097808,NA,NA,NA
5097809,NA,NA,NA
5097810,NA,NA,NA
5097811,NA,NA,NA
5097812,NA,NA,NA
5097813,NA,NA,NA
5097814,NA,NA,NA
5097815,NA,NA,NA
5097816,NA,NA,NA
5097818,NA,NA,NA
5097819,NA,NA,NA
5097821,NA,NA,NA
5097822,NA,NA,NA
5097823,NA,NA,NA
5097824,NA,NA,NA
5097825,NA,NA,NA
5097826,NA,NA,NA
5097827,NA,NA,NA
5097828,NA,NA,NA
5097829,NA,NA,NA
5097830,NA,NA,NA
5097831,NA,NA,NA
5097832,NA,NA,NA
5097833,NA,NA,NA
5097834,NA,NA,NA
5097835,NA,NA,NA
5097836,NA,NA,NA
5097837,NA,NA,NA
5097838,NA,NA,NA
5097839,NA,NA,NA
5097840,NA,NA,NA
5097841,NA,NA,NA
5097842,NA,NA,NA
5097843,NA,NA,NA
5097844,NA,NA,NA
5097845,NA,NA,NA
5097846,NA,NA,NA
5097847,NA,NA,NA
5097848,NA,NA,NA
5097849,NA,NA,NA
5097850,NA,NA,NA
5097851,NA,NA,NA
5097852,NA,NA,NA
5097854,NA,NA,NA
5097855,NA,NA,NA
5097856,NA,NA,NA
5097857,NA,NA,NA
5097858,NA,NA,NA
5097859,NA,NA,NA
5097860,NA,NA,NA
5097861,NA,NA,NA
5097863,NA,NA,NA
5097864,NA,NA,NA
5097866,NA,NA,NA
5097867,NA,NA,NA
5097868,NA,NA,NA
5097870,NA,NA,NA
5097871,NA,NA,NA
5097872,NA,NA,NA
5097873,NA,NA,NA
5097874,NA,NA,NA
5097875,NA,NA,NA
5097876,NA,NA,NA
5097877,NA,NA,NA
5097878,NA,NA,NA
5097879,NA,NA,NA
5097880,NA,NA,NA
5097881,NA,NA,NA
5097882,NA,NA,NA
5097883,NA,NA,NA
5097884,NA,NA,NA
5097885,NA,NA,NA
5097886,NA,NA,NA
5097887,NA,NA,NA
5097888,NA,NA,NA
5097889,NA,NA,NA
5097890,NA,NA,NA
5097891,NA,NA,NA
5097892,NA,NA,NA
5097893,NA,NA,NA
5097894,NA,NA,NA
5097895,NA,NA,NA
5097896,NA,NA,NA
5097897,NA,NA,NA
5097898,NA,NA,NA
5097901,NA,NA,NA
5097902,NA,NA,NA
5097903,NA,NA,NA
5097904,NA,NA,NA
5097905,NA,NA,NA
5097906,NA,NA,NA
5097907,NA,NA,NA
5097908,NA,NA,NA
5097910,NA,NA,NA
5097911,NA,NA,NA
5097912,NA,NA,NA
5097913,NA,NA,NA
5097914,NA,NA,NA
5097915,NA,NA,NA
5097916,NA,NA,NA
5097917,NA,NA,NA
5097918,NA,NA,NA
5097919,NA,NA,NA
5097920,NA,NA,NA
5097921,NA,NA,NA
5097922,NA,NA,NA
5097923,NA,NA,NA
5097924,NA,NA,NA
5097925,NA,NA,NA
5097926,NA,NA,NA
5097927,NA,NA,NA
5097928,NA,NA,NA
5097929,NA,NA,NA
5097930,NA,NA,NA
5097931,NA,NA,NA
5097932,NA,NA,NA
5097933,NA,NA,NA
5097934,NA,NA,NA
5097935,NA,NA,NA
5097936,NA,NA,NA
5097937,NA,NA,NA
5097938,NA,NA,NA
5097939,NA,NA,NA
5097940,NA,NA,NA
5097941,NA,NA,NA
5097942,NA,NA,NA
5097943,NA,NA,NA
5097944,NA,NA,NA
5097945,NA,NA,NA
5097946,NA,NA,NA
5097947,NA,NA,NA
5097948,NA,NA,NA
5097949,NA,NA,NA
5097950,NA,NA,NA
5097951,NA,NA,NA
5097952,NA,NA,NA
5097953,NA,NA,NA
5097954,NA,NA,NA
5097955,NA,NA,NA
5097956,NA,NA,NA
5097957,NA,NA,NA
5097958,NA,NA,NA
5097959,NA,NA,NA
5097960,NA,NA,NA
5097961,NA,NA,NA
5097962,NA,NA,NA
5097963,NA,NA,NA
5097964,NA,NA,NA
5097965,NA,NA,NA
5097966,NA,NA,NA
5097967,NA,NA,NA
5097968,NA,NA,NA
5097969,NA,NA,NA
5097970,NA,NA,NA
5097971,NA,NA,NA
5097973,NA,NA,NA
5097974,NA,NA,NA
5097975,NA,NA,NA
5097976,NA,NA,NA
5097977,NA,NA,NA
5097978,NA,NA,NA
5097979,NA,NA,NA
5097980,NA,NA,NA
5097981,NA,NA,NA
5097982,NA,NA,NA
5097983,NA,NA,NA
5097984,NA,NA,NA
5097985,NA,NA,NA
5097986,NA,NA,NA
5097987,NA,NA,NA
5097988,NA,NA,NA
5097989,NA,NA,NA
5097990,NA,NA,NA
5097991,NA,NA,NA
5097992,NA,NA,NA
5097993,NA,NA,NA
5097994,NA,NA,NA
5097995,NA,NA,NA
5097996,NA,NA,NA
5097997,NA,NA,NA
5097998,NA,NA,NA
5097999,NA,NA,NA
5098000,NA,NA,NA
5098001,NA,NA,NA
5098002,NA,NA,NA
5098003,NA,NA,NA
5098004,NA,NA,NA
5098005,NA,NA,NA
5098006,NA,NA,NA
5098007,NA,NA,NA
5098008,NA,NA,NA
5098009,NA,NA,NA
5098010,NA,NA,NA
5098011,NA,NA,NA
5098012,NA,NA,NA
5098013,NA,NA,NA
5098014,NA,NA,NA
5098015,NA,NA,NA
5098016,NA,NA,NA
5098017,NA,NA,NA
5098018,NA,NA,NA
5098019,NA,NA,NA
5098020,NA,NA,NA
5098021,NA,NA,NA
5098022,NA,NA,NA
5098023,NA,NA,NA
5098024,NA,NA,NA
5098025,NA,NA,NA
5098026,NA,NA,NA
5098027,NA,NA,NA
5098028,NA,NA,NA
5098029,NA,NA,NA
5098030,NA,NA,NA
5098031,NA,NA,NA
5098032,NA,NA,NA
5098033,NA,NA,NA
5098034,NA,NA,NA
5098035,NA,NA,NA
5098385,NA,NA,NA
5098569,NA,NA,NA
5098585,NA,NA,NA
5098634,NA,NA,NA
5098812,NA,NA,NA
5098820,NA,NA,NA
5098840,NA,NA,NA
5098902,NA,NA,NA
5098904,NA,NA,NA
5098922,NA,NA,NA
5098929,NA,NA,NA
5098936,NA,NA,NA
5099599,NA,NA,NA
5108539,NA,NA,NA
5108700,NA,NA,NA
5108817,NA,NA,NA
5108949,NA,NA,NA
5108951,NA,NA,NA
5108953,NA,NA,NA
5108954,NA,NA,NA
5108959,NA,NA,NA
5108960,NA,NA,NA
5108963,NA,NA,NA
5108967,NA,NA,NA
5108968,NA,NA,NA
5108969,NA,NA,NA
5108970,NA,NA,NA
5108971,NA,NA,NA
5108972,NA,NA,NA
5108973,NA,NA,NA
5108974,NA,NA,NA
5108975,NA,NA,NA
5108976,NA,NA,NA
5108977,NA,NA,NA
5108978,NA,NA,NA
5108979,NA,NA,NA
5108980,NA,NA,NA
5108981,NA,NA,NA
5108982,NA,NA,NA
5108983,NA,NA,NA
5108984,NA,NA,NA
5108985,NA,NA,NA
5108986,NA,NA,NA
5108987,NA,NA,NA
5108988,NA,NA,NA
5108990,NA,NA,NA
5108991,NA,NA,NA
5108992,NA,NA,NA
5108993,NA,NA,NA
5108994,NA,NA,NA
5108995,NA,NA,NA
5108996,NA,NA,NA
5108997,NA,NA,NA
5108998,NA,NA,NA
5108999,NA,NA,NA
5109000,NA,NA,NA
5109001,NA,NA,NA
5109002,NA,NA,NA
5109004,NA,NA,NA
5109005,NA,NA,NA
5109006,NA,NA,NA
5109007,NA,NA,NA
5109008,NA,NA,NA
5109009,NA,NA,NA
5109010,NA,NA,NA
5109011,NA,NA,NA
5109012,NA,NA,NA
5109013,NA,NA,NA
5109014,NA,NA,NA
5109015,NA,NA,NA
5109016,NA,NA,NA
5109017,NA,NA,NA
5109018,NA,NA,NA
5109019,NA,NA,NA
5109021,NA,NA,NA
5109022,NA,NA,NA
5109023,NA,NA,NA
5109024,NA,NA,NA
5109025,NA,NA,NA
5109026,NA,NA,NA
5109027,NA,NA,NA
5109028,NA,NA,NA
5109030,NA,NA,NA
5109031,NA,NA,NA
5109033,NA,NA,NA
5109035,NA,NA,NA
5109036,NA,NA,NA
5109038,NA,NA,NA
5109041,NA,NA,NA
5109042,NA,NA,NA
5109043,NA,NA,NA
5109044,NA,NA,NA
5109046,NA,NA,NA
5109047,NA,NA,NA
5109048,NA,NA,NA
5109049,NA,NA,NA
5109050,NA,NA,NA
5109051,NA,NA,NA
5109052,NA,NA,NA
5109053,NA,NA,NA
5109054,NA,NA,NA
5109055,NA,NA,NA
5109056,NA,NA,NA
5109058,NA,NA,NA
5109059,NA,NA,NA
5109060,NA,NA,NA
5109061,NA,NA,NA
5109062,NA,NA,NA
5109063,NA,NA,NA
5109064,NA,NA,NA
5109065,NA,NA,NA
5109066,NA,NA,NA
5109067,NA,NA,NA
5109068,NA,NA,NA
5109069,NA,NA,NA
5109070,NA,NA,NA
5109071,NA,NA,NA
5109072,NA,NA,NA
5109073,NA,NA,NA
5109074,NA,NA,NA
5109075,NA,NA,NA
5109076,NA,NA,NA
5109077,NA,NA,NA
5109078,NA,NA,NA
5109079,NA,NA,NA
5109080,NA,NA,NA
5109081,NA,NA,NA
5109082,NA,NA,NA
5109083,NA,NA,NA
5109084,NA,NA,NA
5109085,NA,NA,NA
5109086,NA,NA,NA
5109087,NA,NA,NA
5109088,NA,NA,NA
5109089,NA,NA,NA
5109090,NA,NA,NA
5109091,NA,NA,NA
5109093,NA,NA,NA
5109094,NA,NA,NA
5109095,NA,NA,NA
5109096,NA,NA,NA
5109097,NA,NA,NA
5109099,NA,NA,NA
5109100,NA,NA,NA
5109182,NA,NA,NA
5109225,NA,NA,NA
5109226,NA,NA,NA
5109227,NA,NA,NA
5109228,NA,NA,NA
5109229,NA,NA,NA
5109230,NA,NA,NA
5109553,NA,NA,NA
5109554,NA,NA,NA
5109555,NA,NA,NA
5109556,NA,NA,NA
5109557,NA,NA,NA
5109558,NA,NA,NA
5109559,NA,NA,NA
5109560,NA,NA,NA
5109562,NA,NA,NA
5109563,NA,NA,NA
5109564,NA,NA,NA
5109565,NA,NA,NA
5109566,NA,NA,NA
5109567,NA,NA,NA
5109569,NA,NA,NA
5109570,NA,NA,NA
5109571,NA,NA,NA
5109572,NA,NA,NA
5109573,NA,NA,NA
5109574,NA,NA,NA
5109575,NA,NA,NA
5109576,NA,NA,NA
5109577,NA,NA,NA
5109578,NA,NA,NA
5109579,NA,NA,NA
5109580,NA,NA,NA
5109581,NA,NA,NA
5109582,NA,NA,NA
5109584,NA,NA,NA
5109586,NA,NA,NA
5109587,NA,NA,NA
5109589,NA,NA,NA
5109590,NA,NA,NA
5109591,NA,NA,NA
5109592,NA,NA,NA
5109593,NA,NA,NA
5109594,NA,NA,NA
5109596,NA,NA,NA
5109597,NA,NA,NA
5109598,NA,NA,NA
5109600,NA,NA,NA
5109601,NA,NA,NA
5109602,NA,NA,NA
5109603,NA,NA,NA
5109604,NA,NA,NA
5109605,NA,NA,NA
5109606,NA,NA,NA
5109607,NA,NA,NA
5109608,NA,NA,NA
5109609,NA,NA,NA
5109610,NA,NA,NA
5109611,NA,NA,NA
5109613,NA,NA,NA
5109615,NA,NA,NA
5109616,NA,NA,NA
5109617,NA,NA,NA
5109619,NA,NA,NA
5109620,NA,NA,NA
5109621,NA,NA,NA
5109622,NA,NA,NA
5109623,NA,NA,NA
5109624,NA,NA,NA
5109625,NA,NA,NA
5109626,NA,NA,NA
5109627,NA,NA,NA
5109628,NA,NA,NA
5109629,NA,NA,NA
5109630,NA,NA,NA
5109631,NA,NA,NA
5109632,NA,NA,NA
5109633,NA,NA,NA
5109634,NA,NA,NA
5109636,NA,NA,NA
5109637,NA,NA,NA
5109638,NA,NA,NA
5109717,NA,NA,NA
5109874,NA,NA,NA
5110065,NA,NA,NA
5116024,NA,NA,NA
5116025,NA,NA,NA
5116027,NA,NA,NA
5116029,NA,NA,NA
5116030,NA,NA,NA
5116031,NA,NA,NA
5116032,NA,NA,NA
5116033,NA,NA,NA
5116034,NA,NA,NA
5116035,NA,NA,NA
5116036,NA,NA,NA
5116037,NA,NA,NA
5116038,NA,NA,NA
5116039,NA,NA,NA
5116040,NA,NA,NA
5116041,NA,NA,NA
5116042,NA,NA,NA
5116043,NA,NA,NA
5116044,NA,NA,NA
5116045,NA,NA,NA
5116046,NA,NA,NA
5116047,NA,NA,NA
5116048,NA,NA,NA
5116049,NA,NA,NA
5116050,NA,NA,NA
5116052,NA,NA,NA
5116053,NA,NA,NA
5116054,NA,NA,NA
5116055,NA,NA,NA
5116056,NA,NA,NA
5116057,NA,NA,NA
5116058,NA,NA,NA
5116059,NA,NA,NA
5116060,NA,NA,NA
5116061,NA,NA,NA
5116062,NA,NA,NA
5116063,NA,NA,NA
5116064,NA,NA,NA
5116065,NA,NA,NA
5116066,NA,NA,NA
5116067,NA,NA,NA
5116068,NA,NA,NA
5116069,NA,NA,NA
5116070,NA,NA,NA
5116071,NA,NA,NA
5116072,NA,NA,NA
5116073,NA,NA,NA
5116074,NA,NA,NA
5116075,NA,NA,NA
5116076,NA,NA,NA
5116077,NA,NA,NA
5116078,NA,NA,NA
5116079,NA,NA,NA
5116080,NA,NA,NA
5116081,NA,NA,NA
5116082,NA,NA,NA
5116083,NA,NA,NA
5116084,NA,NA,NA
5116085,NA,NA,NA
5116086,NA,NA,NA
5116087,NA,NA,NA
5116088,NA,NA,NA
5116089,NA,NA,NA
5116090,NA,NA,NA
5116091,NA,NA,NA
5116101,NA,NA,NA
5116102,NA,NA,NA
5116103,NA,NA,NA
5116104,NA,NA,NA
5116105,NA,NA,NA
5116106,NA,NA,NA
5116107,NA,NA,NA
5116109,NA,NA,NA
5116110,NA,NA,NA
5116111,NA,NA,NA
5116112,NA,NA,NA
5116113,NA,NA,NA
5116114,NA,NA,NA
5116115,NA,NA,NA
5116116,NA,NA,NA
5116117,NA,NA,NA
5116118,NA,NA,NA
5116120,NA,NA,NA
5116121,NA,NA,NA
5116122,NA,NA,NA
5116123,NA,NA,NA
5116124,NA,NA,NA
5116125,NA,NA,NA
5116126,NA,NA,NA
5116127,NA,NA,NA
5116129,NA,NA,NA
5116130,NA,NA,NA
5116131,NA,NA,NA
5116132,NA,NA,NA
5116133,NA,NA,NA
5116134,NA,NA,NA
5116136,NA,NA,NA
5116138,NA,NA,NA
5116139,NA,NA,NA
5116140,NA,NA,NA
5116141,NA,NA,NA
5116142,NA,NA,NA
5116143,NA,NA,NA
5116144,NA,NA,NA
5116146,NA,NA,NA
5116147,NA,NA,NA
5116148,NA,NA,NA
5116149,NA,NA,NA
5116150,NA,NA,NA
5116888,NA,NA,NA
5117151,NA,NA,NA
5117152,NA,NA,NA
5117153,NA,NA,NA
5117154,NA,NA,NA
5117155,NA,NA,NA
5117156,NA,NA,NA
5117157,NA,NA,NA
5117158,NA,NA,NA
5117159,NA,NA,NA
5117160,NA,NA,NA
5117162,NA,NA,NA
5117164,NA,NA,NA
5117165,NA,NA,NA
5117167,NA,NA,NA
5117168,NA,NA,NA
5117169,NA,NA,NA
5117170,NA,NA,NA
5117172,NA,NA,NA
5117173,NA,NA,NA
5117174,NA,NA,NA
5117175,NA,NA,NA
5117177,NA,NA,NA
5117178,NA,NA,NA
5117179,NA,NA,NA
5117180,NA,NA,NA
5117181,NA,NA,NA
5117182,NA,NA,NA
5117183,NA,NA,NA
5117184,NA,NA,NA
5117185,NA,NA,NA
5117186,NA,NA,NA
5117187,NA,NA,NA
5117188,NA,NA,NA
5117189,NA,NA,NA
5117190,NA,NA,NA
5117191,NA,NA,NA
5117192,NA,NA,NA
5117193,NA,NA,NA
5117195,NA,NA,NA
5117197,NA,NA,NA
5117198,NA,NA,NA
5117199,NA,NA,NA
5117200,NA,NA,NA
5117201,NA,NA,NA
5117202,NA,NA,NA
5117203,NA,NA,NA
5117204,NA,NA,NA
5117205,NA,NA,NA
5117206,NA,NA,NA
5117207,NA,NA,NA
5117208,NA,NA,NA
5117209,NA,NA,NA
5117210,NA,NA,NA
5117211,NA,NA,NA
5117212,NA,NA,NA
5117214,NA,NA,NA
5117215,NA,NA,NA
5117216,NA,NA,NA
5117217,NA,NA,NA
5117218,NA,NA,NA
5117219,NA,NA,NA
5117220,NA,NA,NA
5117221,NA,NA,NA
5117222,NA,NA,NA
5117223,NA,NA,NA
5117224,NA,NA,NA
5117225,NA,NA,NA
5117226,NA,NA,NA
5117227,NA,NA,NA
5117228,NA,NA,NA
5117229,NA,NA,NA
5117230,NA,NA,NA
5117231,NA,NA,NA
5117232,NA,NA,NA
5117233,NA,NA,NA
5117234,NA,NA,NA
5117235,NA,NA,NA
5117236,NA,NA,NA
5117237,NA,NA,NA
5117238,NA,NA,NA
5117239,NA,NA,NA
5117240,NA,NA,NA
5117241,NA,NA,NA
5117242,NA,NA,NA
5117244,NA,NA,NA
5117245,NA,NA,NA
5117246,NA,NA,NA
5117247,NA,NA,NA
5117248,NA,NA,NA
5117249,NA,NA,NA
5117250,NA,NA,NA
5121053,NA,NA,NA
5121054,NA,NA,NA
5121055,NA,NA,NA
5121056,NA,NA,NA
5121057,NA,NA,NA
5121058,NA,NA,NA
5121059,NA,NA,NA
5121060,NA,NA,NA
5121061,NA,NA,NA
5121062,NA,NA,NA
5121063,NA,NA,NA
5121064,NA,NA,NA
5121065,NA,NA,NA
5121066,NA,NA,NA
5121067,NA,NA,NA
5121068,NA,NA,NA
5121069,NA,NA,NA
5121070,NA,NA,NA
5121071,NA,NA,NA
5121072,NA,NA,NA
5121073,NA,NA,NA
5121074,NA,NA,NA
5121075,NA,NA,NA
5121077,NA,NA,NA
5121078,NA,NA,NA
5121079,NA,NA,NA
5121080,NA,NA,NA
5121081,NA,NA,NA
5121082,NA,NA,NA
5121083,NA,NA,NA
5121084,NA,NA,NA
5121085,NA,NA,NA
5121086,NA,NA,NA
5121087,NA,NA,NA
5121088,NA,NA,NA
5121089,NA,NA,NA
5121090,NA,NA,NA
5121091,NA,NA,NA
5121092,NA,NA,NA
5121093,NA,NA,NA
5121094,NA,NA,NA
5121095,NA,NA,NA
5121096,NA,NA,NA
5121097,NA,NA,NA
5121098,NA,NA,NA
5121099,NA,NA,NA
5121100,NA,NA,NA
5121101,NA,NA,NA
5121102,NA,NA,NA
5121103,NA,NA,NA
5121104,NA,NA,NA
5121105,NA,NA,NA
5121106,NA,NA,NA
5121107,NA,NA,NA
5121109,NA,NA,NA
5121110,NA,NA,NA
5121111,NA,NA,NA
5121112,NA,NA,NA
5121113,NA,NA,NA
5121114,NA,NA,NA
5121115,NA,NA,NA
5121116,NA,NA,NA
5121117,NA,NA,NA
5121118,NA,NA,NA
5121121,NA,NA,NA
5121122,NA,NA,NA
5121123,NA,NA,NA
5121124,NA,NA,NA
5121125,NA,NA,NA
5121126,NA,NA,NA
5121131,NA,NA,NA
5121132,NA,NA,NA
5121133,NA,NA,NA
5121134,NA,NA,NA
5121135,NA,NA,NA
5121136,NA,NA,NA
5121137,NA,NA,NA
5121138,NA,NA,NA
5121139,NA,NA,NA
5121140,NA,NA,NA
5121141,NA,NA,NA
5121142,NA,NA,NA
5121143,NA,NA,NA
5121144,NA,NA,NA
5121145,NA,NA,NA
5121146,NA,NA,NA
5121147,NA,NA,NA
5121148,NA,NA,NA
5121149,NA,NA,NA
5121150,NA,NA,NA
5121151,NA,NA,NA
5121152,NA,NA,NA
5121153,NA,NA,NA
5121154,NA,NA,NA
5121155,NA,NA,NA
5121156,NA,NA,NA
5121158,NA,NA,NA
5121159,NA,NA,NA
5121164,NA,NA,NA
5121165,NA,NA,NA
5121166,NA,NA,NA
5121167,NA,NA,NA
5121168,NA,NA,NA
5121169,NA,NA,NA
5121170,NA,NA,NA
5121171,NA,NA,NA
5121172,NA,NA,NA
5121173,NA,NA,NA
5121174,NA,NA,NA
5121175,NA,NA,NA
5121176,NA,NA,NA
5121181,NA,NA,NA
5121183,NA,NA,NA
5121184,NA,NA,NA
5121186,NA,NA,NA
5121187,NA,NA,NA
5121188,NA,NA,NA
5121189,NA,NA,NA
5121190,NA,NA,NA
5121196,NA,NA,NA
5121200,NA,NA,NA
5121201,NA,NA,NA
5121203,NA,NA,NA
5121214,NA,NA,NA
5121222,NA,NA,NA
5121223,NA,NA,NA
5121224,NA,NA,NA
5121225,NA,NA,NA
5121226,NA,NA,NA
5121227,NA,NA,NA
5121228,NA,NA,NA
5121229,NA,NA,NA
5121230,NA,NA,NA
5121232,NA,NA,NA
5121234,NA,NA,NA
5121235,NA,NA,NA
5121236,NA,NA,NA
5121237,NA,NA,NA
5121238,NA,NA,NA
5121239,NA,NA,NA
5121240,NA,NA,NA
5121241,NA,NA,NA
5121242,NA,NA,NA
5121243,NA,NA,NA
5121244,NA,NA,NA
5121245,NA,NA,NA
5121246,NA,NA,NA
5121247,NA,NA,NA
5121248,NA,NA,NA
5121249,NA,NA,NA
5121468,NA,NA,NA
5127325,NA,NA,NA
5127326,NA,NA,NA
5127327,NA,NA,NA
5127328,NA,NA,NA
5127329,NA,NA,NA
5127331,NA,NA,NA
5127332,NA,NA,NA
5127333,NA,NA,NA
5127334,NA,NA,NA
5127336,NA,NA,NA
5127337,NA,NA,NA
5127339,NA,NA,NA
5127341,NA,NA,NA
5127342,NA,NA,NA
5127343,NA,NA,NA
5127344,NA,NA,NA
5127345,NA,NA,NA
5127346,NA,NA,NA
5127347,NA,NA,NA
5127348,NA,NA,NA
5127349,NA,NA,NA
5127350,NA,NA,NA
5127501,NA,NA,NA
5127502,NA,NA,NA
5127503,NA,NA,NA
5127504,NA,NA,NA
5127505,NA,NA,NA
5127506,NA,NA,NA
5127507,NA,NA,NA
5127508,NA,NA,NA
5127521,NA,NA,NA
5127522,NA,NA,NA
5127523,NA,NA,NA
5127524,NA,NA,NA
5127525,NA,NA,NA
5127536,NA,NA,NA
5127537,NA,NA,NA
5127538,NA,NA,NA
5127539,NA,NA,NA
5127540,NA,NA,NA
5127541,NA,NA,NA
5127542,NA,NA,NA
5127543,NA,NA,NA
5127545,NA,NA,NA
5127755,NA,NA,NA
5127906,NA,NA,NA
5127918,NA,NA,NA
5132252,NA,NA,NA
5132253,NA,NA,NA
5132254,NA,NA,NA
5132255,NA,NA,NA
5132257,NA,NA,NA
5132258,NA,NA,NA
5132259,NA,NA,NA
5132260,NA,NA,NA
5132261,NA,NA,NA
5132262,NA,NA,NA
5132263,NA,NA,NA
5132264,NA,NA,NA
5132265,NA,NA,NA
5132266,NA,NA,NA
5132267,NA,NA,NA
5132268,NA,NA,NA
5132269,NA,NA,NA
5132270,NA,NA,NA
5132271,NA,NA,NA
5132272,NA,NA,NA
5132274,NA,NA,NA
5132275,NA,NA,NA
5132276,NA,NA,NA
5132277,NA,NA,NA
5132278,NA,NA,NA
5132280,NA,NA,NA
5132281,NA,NA,NA
5132283,NA,NA,NA
5132284,NA,NA,NA
5132285,NA,NA,NA
5132287,NA,NA,NA
5132288,NA,NA,NA
5132289,NA,NA,NA
5132290,NA,NA,NA
5132291,NA,NA,NA
5132292,NA,NA,NA
5132293,NA,NA,NA
5132294,NA,NA,NA
5132295,NA,NA,NA
5132296,NA,NA,NA
5132297,NA,NA,NA
5132298,NA,NA,NA
5132299,NA,NA,NA
5132303,NA,NA,NA
5132305,NA,NA,NA
5132306,NA,NA,NA
5132307,NA,NA,NA
5132308,NA,NA,NA
5132309,NA,NA,NA
5132310,NA,NA,NA
5132311,NA,NA,NA
5132312,NA,NA,NA
5132314,NA,NA,NA
5132316,NA,NA,NA
5132317,NA,NA,NA
5132318,NA,NA,NA
5132319,NA,NA,NA
5132320,NA,NA,NA
5132321,NA,NA,NA
5132322,NA,NA,NA
5132323,NA,NA,NA
5132324,NA,NA,NA
5132325,NA,NA,NA
5132326,NA,NA,NA
5132327,NA,NA,NA
5132328,NA,NA,NA
5132329,NA,NA,NA
5132330,NA,NA,NA
5132331,NA,NA,NA
5132332,NA,NA,NA
5132334,NA,NA,NA
5132335,NA,NA,NA
5132336,NA,NA,NA
5132337,NA,NA,NA
5132338,NA,NA,NA
5132339,NA,NA,NA
5132340,NA,NA,NA
5132341,NA,NA,NA
5132342,NA,NA,NA
5132343,NA,NA,NA
5132344,NA,NA,NA
5132345,NA,NA,NA
5132346,NA,NA,NA
5132347,NA,NA,NA
5132348,NA,NA,NA
5132349,NA,NA,NA
5132350,NA,NA,NA
5142524,NA,NA,NA
5142801,NA,NA,NA
5142802,NA,NA,NA
5142803,NA,NA,NA
5142804,NA,NA,NA
5142805,NA,NA,NA
5142807,NA,NA,NA
5142808,NA,NA,NA
5142809,NA,NA,NA
5142810,NA,NA,NA
5142811,NA,NA,NA
5142812,NA,NA,NA
5142813,NA,NA,NA
5142814,NA,NA,NA
5142815,NA,NA,NA
5142817,NA,NA,NA
5142818,NA,NA,NA
5142819,NA,NA,NA
5142820,NA,NA,NA
5142821,NA,NA,NA
5142822,NA,NA,NA
5142823,NA,NA,NA
5142824,NA,NA,NA
5142825,NA,NA,NA
5142826,NA,NA,NA
5142827,NA,NA,NA
5142828,NA,NA,NA
5142829,NA,NA,NA
5142831,NA,NA,NA
5142832,NA,NA,NA
5142833,NA,NA,NA
5142834,NA,NA,NA
5142835,NA,NA,NA
5142836,NA,NA,NA
5142837,NA,NA,NA
5142838,NA,NA,NA
5142839,NA,NA,NA
5142840,NA,NA,NA
5142841,NA,NA,NA
5142842,NA,NA,NA
5142843,NA,NA,NA
5142844,NA,NA,NA
5142846,NA,NA,NA
5142847,NA,NA,NA
5142849,NA,NA,NA
5142850,NA,NA,NA
5142931,NA,NA,NA
5142935,NA,NA,NA
5142939,NA,NA,NA
5142940,NA,NA,NA
5142942,NA,NA,NA
5142943,NA,NA,NA
5142944,NA,NA,NA
5142945,NA,NA,NA
5142946,NA,NA,NA
5142948,NA,NA,NA
5142949,NA,NA,NA
5143001,NA,NA,NA
5143003,NA,NA,NA
5143004,NA,NA,NA
5143005,NA,NA,NA
5143006,NA,NA,NA
5143007,NA,NA,NA
5143008,NA,NA,NA
5143009,NA,NA,NA
5143010,NA,NA,NA
5143011,NA,NA,NA
5143012,NA,NA,NA
5143013,NA,NA,NA
5143014,NA,NA,NA
5143016,NA,NA,NA
5143017,NA,NA,NA
5143018,NA,NA,NA
5143019,NA,NA,NA
5143020,NA,NA,NA
5143021,NA,NA,NA
5143022,NA,NA,NA
5143023,NA,NA,NA
5143024,NA,NA,NA
5143025,NA,NA,NA
5143026,NA,NA,NA
5143027,NA,NA,NA
5143028,NA,NA,NA
5143029,NA,NA,NA
5143030,NA,NA,NA
5143031,NA,NA,NA
5143032,NA,NA,NA
5143033,NA,NA,NA
5143035,NA,NA,NA
5143036,NA,NA,NA
5143037,NA,NA,NA
5143038,NA,NA,NA
5143039,NA,NA,NA
5143040,NA,NA,NA
5143041,NA,NA,NA
5143042,NA,NA,NA
5143043,NA,NA,NA
5143045,NA,NA,NA
5143046,NA,NA,NA
5143047,NA,NA,NA
5143048,NA,NA,NA
5143049,NA,NA,NA
5143050,NA,NA,NA
5143051,NA,NA,NA
5143052,NA,NA,NA
5143053,NA,NA,NA
5143054,NA,NA,NA
5143055,NA,NA,NA
5143056,NA,NA,NA
5143057,NA,NA,NA
5143058,NA,NA,NA
5143059,NA,NA,NA
5143060,NA,NA,NA
5143061,NA,NA,NA
5143062,NA,NA,NA
5143063,NA,NA,NA
5143064,NA,NA,NA
5143065,NA,NA,NA
5143066,NA,NA,NA
5143067,NA,NA,NA
5143068,NA,NA,NA
5143069,NA,NA,NA
5143070,NA,NA,NA
5143072,NA,NA,NA
5143073,NA,NA,NA
5143074,NA,NA,NA
5143075,NA,NA,NA
5143076,NA,NA,NA
5143077,NA,NA,NA
5143078,NA,NA,NA
5143079,NA,NA,NA
5143080,NA,NA,NA
5143081,NA,NA,NA
5143082,NA,NA,NA
5143083,NA,NA,NA
5143084,NA,NA,NA
5143085,NA,NA,NA
5143086,NA,NA,NA
5143087,NA,NA,NA
5143088,NA,NA,NA
5143089,NA,NA,NA
5143090,NA,NA,NA
5143091,NA,NA,NA
5143092,NA,NA,NA
5143093,NA,NA,NA
5143094,NA,NA,NA
5143096,NA,NA,NA
5143097,NA,NA,NA
5143099,NA,NA,NA
5143100,NA,NA,NA
5143803,NA,NA,NA
5144467,NA,NA,NA
5144468,NA,NA,NA
5144469,NA,NA,NA
5144470,NA,NA,NA
5144471,NA,NA,NA
5144472,NA,NA,NA
5144473,NA,NA,NA
5144474,NA,NA,NA
5144475,NA,NA,NA
5144476,NA,NA,NA
5144477,NA,NA,NA
5144478,NA,NA,NA
5144479,NA,NA,NA
5144480,NA,NA,NA
5144482,NA,NA,NA
5144483,NA,NA,NA
5144484,NA,NA,NA
5144485,NA,NA,NA
5144486,NA,NA,NA
5144487,NA,NA,NA
5144488,NA,NA,NA
5144489,NA,NA,NA
5144490,NA,NA,NA
5144491,NA,NA,NA
5144492,NA,NA,NA
5144494,NA,NA,NA
5144495,NA,NA,NA
5144498,NA,NA,NA
5144499,NA,NA,NA
5144500,NA,NA,NA
5144906,NA,NA,NA
5145066,NA,NA,NA
5145068,NA,NA,NA
5145069,NA,NA,NA
5145072,NA,NA,NA
5145073,NA,NA,NA
5145074,NA,NA,NA
5145075,NA,NA,NA
5145076,NA,NA,NA
5145077,NA,NA,NA
5145078,NA,NA,NA
5145079,NA,NA,NA
5145080,NA,NA,NA
5145081,NA,NA,NA
5145082,NA,NA,NA
5145083,NA,NA,NA
5145084,NA,NA,NA
5145085,NA,NA,NA
5145086,NA,NA,NA
5145087,NA,NA,NA
5145088,NA,NA,NA
5145089,NA,NA,NA
5145090,NA,NA,NA
5145091,NA,NA,NA
5145092,NA,NA,NA
5145093,NA,NA,NA
5145094,NA,NA,NA
5145095,NA,NA,NA
5145096,NA,NA,NA
5145326,NA,NA,NA
5146015,NA,NA,NA
5146055,NA,NA,NA
5146056,NA,NA,NA
5146058,NA,NA,NA
5146059,NA,NA,NA
5146060,NA,NA,NA
5146061,NA,NA,NA
5146062,NA,NA,NA
5146063,NA,NA,NA
5146065,NA,NA,NA
5146066,NA,NA,NA
5146067,NA,NA,NA
5146068,NA,NA,NA
5146069,NA,NA,NA
5146070,NA,NA,NA
5146071,NA,NA,NA
5146072,NA,NA,NA
5146073,NA,NA,NA
5146074,NA,NA,NA
5146076,NA,NA,NA
5146077,NA,NA,NA
5146079,NA,NA,NA
5146080,NA,NA,NA
5146081,NA,NA,NA
5146082,NA,NA,NA
5146084,NA,NA,NA
5146085,NA,NA,NA
5146086,NA,NA,NA
5146087,NA,NA,NA
5146088,NA,NA,NA
5146089,NA,NA,NA
5146090,NA,NA,NA
5146091,NA,NA,NA
5146092,NA,NA,NA
5146093,NA,NA,NA
5146094,NA,NA,NA
5146095,NA,NA,NA
5146096,NA,NA,NA
5146097,NA,NA,NA
5146098,NA,NA,NA
5146099,NA,NA,NA
5146101,NA,NA,NA
5146102,NA,NA,NA
5146103,NA,NA,NA
5146104,NA,NA,NA
5146106,NA,NA,NA
5146107,NA,NA,NA
5146108,NA,NA,NA
5146109,NA,NA,NA
5146110,NA,NA,NA
5146111,NA,NA,NA
5146112,NA,NA,NA
5146113,NA,NA,NA
5146114,NA,NA,NA
5146115,NA,NA,NA
5146116,NA,NA,NA
5146117,NA,NA,NA
5146118,NA,NA,NA
5146119,NA,NA,NA
5146120,NA,NA,NA
5146121,NA,NA,NA
5146122,NA,NA,NA
5146123,NA,NA,NA
5146124,NA,NA,NA
5146125,NA,NA,NA
5146126,NA,NA,NA
5146128,NA,NA,NA
5146129,NA,NA,NA
5146130,NA,NA,NA
5146131,NA,NA,NA
5146132,NA,NA,NA
5146133,NA,NA,NA
5146134,NA,NA,NA
5146135,NA,NA,NA
5146136,NA,NA,NA
5146137,NA,NA,NA
5146138,NA,NA,NA
5146139,NA,NA,NA
5146140,NA,NA,NA
5146141,NA,NA,NA
5146143,NA,NA,NA
5146144,NA,NA,NA
5146145,NA,NA,NA
5146146,NA,NA,NA
5146147,NA,NA,NA
5146148,NA,NA,NA
5146149,NA,NA,NA
5146150,NA,NA,NA
5146151,NA,NA,NA
5146152,NA,NA,NA
5146153,NA,NA,NA
5146154,NA,NA,NA
5146155,NA,NA,NA
5146156,NA,NA,NA
5146157,NA,NA,NA
5146158,NA,NA,NA
5146159,NA,NA,NA
5146160,NA,NA,NA
5146162,NA,NA,NA
5146163,NA,NA,NA
5146164,NA,NA,NA
5146165,NA,NA,NA
5146166,NA,NA,NA
5146167,NA,NA,NA
5146168,NA,NA,NA
5146169,NA,NA,NA
5146170,NA,NA,NA
5146992,NA,NA,NA
5146994,NA,NA,NA
5146995,NA,NA,NA
5146996,NA,NA,NA
5146997,NA,NA,NA
5146998,NA,NA,NA
5146999,NA,NA,NA
5147000,NA,NA,NA
5147002,NA,NA,NA
5147003,NA,NA,NA
5147004,NA,NA,NA
5147005,NA,NA,NA
5147006,NA,NA,NA
5147007,NA,NA,NA
5147008,NA,NA,NA
5147009,NA,NA,NA
5147010,NA,NA,NA
5147011,NA,NA,NA
5147012,NA,NA,NA
5147013,NA,NA,NA
5147014,NA,NA,NA
5147015,NA,NA,NA
5147016,NA,NA,NA
5147017,NA,NA,NA
5147018,NA,NA,NA
5147019,NA,NA,NA
5147020,NA,NA,NA
5147021,NA,NA,NA
5147022,NA,NA,NA
5147023,NA,NA,NA
5147024,NA,NA,NA
5147025,NA,NA,NA
5147026,NA,NA,NA
5147027,NA,NA,NA
5147028,NA,NA,NA
5147031,NA,NA,NA
5147032,NA,NA,NA
5147033,NA,NA,NA
5147034,NA,NA,NA
5147035,NA,NA,NA
5147036,NA,NA,NA
5147037,NA,NA,NA
5147038,NA,NA,NA
5147039,NA,NA,NA
5147040,NA,NA,NA
5147041,NA,NA,NA
5147042,NA,NA,NA
5147044,NA,NA,NA
5147045,NA,NA,NA
5147046,NA,NA,NA
5147047,NA,NA,NA
5147048,NA,NA,NA
5147049,NA,NA,NA
5147050,NA,NA,NA
5147051,NA,NA,NA
5147052,NA,NA,NA
5147053,NA,NA,NA
5147054,NA,NA,NA
5147055,NA,NA,NA
5147056,NA,NA,NA
5147057,NA,NA,NA
5147058,NA,NA,NA
5147059,NA,NA,NA
5147061,NA,NA,NA
5147062,NA,NA,NA
5147063,NA,NA,NA
5147064,NA,NA,NA
5147065,NA,NA,NA
5147066,NA,NA,NA
5147067,NA,NA,NA
5147068,NA,NA,NA
5147101,NA,NA,NA
5147111,NA,NA,NA
5147112,NA,NA,NA
5148002,NA,NA,NA
5148003,NA,NA,NA
5148004,NA,NA,NA
5148005,NA,NA,NA
5148006,NA,NA,NA
5148008,NA,NA,NA
5148009,NA,NA,NA
5148010,NA,NA,NA
5148012,NA,NA,NA
5148013,NA,NA,NA
5148014,NA,NA,NA
5148015,NA,NA,NA
5148016,NA,NA,NA
5148017,NA,NA,NA
5148018,NA,NA,NA
5148019,NA,NA,NA
5148020,NA,NA,NA
5148021,NA,NA,NA
5148022,NA,NA,NA
5148023,NA,NA,NA
5148024,NA,NA,NA
5148025,NA,NA,NA
5148026,NA,NA,NA
5148027,NA,NA,NA
5148028,NA,NA,NA
5148029,NA,NA,NA
5148030,NA,NA,NA
5148031,NA,NA,NA
5148032,NA,NA,NA
5148034,NA,NA,NA
5148035,NA,NA,NA
5148036,NA,NA,NA
5148037,NA,NA,NA
5148038,NA,NA,NA
5148039,NA,NA,NA
5148040,NA,NA,NA
5148041,NA,NA,NA
5148042,NA,NA,NA
5148043,NA,NA,NA
5148044,NA,NA,NA
5148045,NA,NA,NA
5148046,NA,NA,NA
5148047,NA,NA,NA
5148048,NA,NA,NA
5148049,NA,NA,NA
5148050,NA,NA,NA
5148051,NA,NA,NA
5148052,NA,NA,NA
5148053,NA,NA,NA
5148054,NA,NA,NA
5148055,NA,NA,NA
5148056,NA,NA,NA
5148057,NA,NA,NA
5148059,NA,NA,NA
5148060,NA,NA,NA
5148061,NA,NA,NA
5148063,NA,NA,NA
5148064,NA,NA,NA
5148065,NA,NA,NA
5148066,NA,NA,NA
5148067,NA,NA,NA
5148068,NA,NA,NA
5148069,NA,NA,NA
5148070,NA,NA,NA
5148071,NA,NA,NA
5148072,NA,NA,NA
5148073,NA,NA,NA
5148074,NA,NA,NA
5148075,NA,NA,NA
5148076,NA,NA,NA
5148077,NA,NA,NA
5148078,NA,NA,NA
5148079,NA,NA,NA
5148080,NA,NA,NA
5148081,NA,NA,NA
5148082,NA,NA,NA
5148083,NA,NA,NA
5148084,NA,NA,NA
5148091,NA,NA,NA
5148092,NA,NA,NA
5148093,NA,NA,NA
5148094,NA,NA,NA
5155946,NA,NA,NA
5155947,NA,NA,NA
5155948,NA,NA,NA
5155949,NA,NA,NA
5155950,NA,NA,NA
5155981,NA,NA,NA
5155983,NA,NA,NA
5155985,NA,NA,NA
5155987,NA,NA,NA
5155991,NA,NA,NA
5155992,NA,NA,NA
5155993,NA,NA,NA
5155994,NA,NA,NA
5155996,NA,NA,NA
5155997,NA,NA,NA
5155999,NA,NA,NA
5156000,NA,NA,NA
5156001,NA,NA,NA
5156011,NA,NA,NA
5156012,NA,NA,NA
5156013,NA,NA,NA
5156014,NA,NA,NA
5156015,NA,NA,NA
5156016,NA,NA,NA
5156251,NA,NA,NA
5156252,NA,NA,NA
5156253,NA,NA,NA
5156254,NA,NA,NA
5156255,NA,NA,NA
5156256,NA,NA,NA
5156258,NA,NA,NA
5156259,NA,NA,NA
5156260,NA,NA,NA
5156263,NA,NA,NA
5156264,NA,NA,NA
5156265,NA,NA,NA
5156266,NA,NA,NA
5156267,NA,NA,NA
5156268,NA,NA,NA
5156269,NA,NA,NA
5156270,NA,NA,NA
5156272,NA,NA,NA
5156273,NA,NA,NA
5156274,NA,NA,NA
5156275,NA,NA,NA
5156276,NA,NA,NA
5156277,NA,NA,NA
5156278,NA,NA,NA
5156279,NA,NA,NA
5156280,NA,NA,NA
5156281,NA,NA,NA
5156282,NA,NA,NA
5156283,NA,NA,NA
5156284,NA,NA,NA
5156285,NA,NA,NA
5156286,NA,NA,NA
5156287,NA,NA,NA
5156288,NA,NA,NA
5156289,NA,NA,NA
5156290,NA,NA,NA
5156291,NA,NA,NA
5156292,NA,NA,NA
5156293,NA,NA,NA
5156294,NA,NA,NA
5156295,NA,NA,NA
5156296,NA,NA,NA
5156297,NA,NA,NA
5156298,NA,NA,NA
5156299,NA,NA,NA
5156300,NA,NA,NA
5164020,NA,NA,NA
5183048,NA,NA,NA
5183049,NA,NA,NA
5183050,NA,NA,NA
5183051,NA,NA,NA
5183052,NA,NA,NA
5183053,NA,NA,NA
5183054,NA,NA,NA
5183055,NA,NA,NA
5183056,NA,NA,NA
5183057,NA,NA,NA
5183058,NA,NA,NA
5183059,NA,NA,NA
5183060,NA,NA,NA
5183061,NA,NA,NA
5183062,NA,NA,NA
5183063,NA,NA,NA
5183064,NA,NA,NA
5183065,NA,NA,NA
5183067,NA,NA,NA
5183068,NA,NA,NA
5183069,NA,NA,NA
5183070,NA,NA,NA
5183071,NA,NA,NA
5183072,NA,NA,NA
5183073,NA,NA,NA
5183074,NA,NA,NA
5183080,NA,NA,NA
5183081,NA,NA,NA
5183082,NA,NA,NA
5183083,NA,NA,NA
5183084,NA,NA,NA
5183085,NA,NA,NA
5183087,NA,NA,NA
5183088,NA,NA,NA
5183089,NA,NA,NA
5183090,NA,NA,NA
5183091,NA,NA,NA
5183092,NA,NA,NA
5183094,NA,NA,NA
5183095,NA,NA,NA
5183096,NA,NA,NA
5183097,NA,NA,NA
5183098,NA,NA,NA
5183099,NA,NA,NA
5183100,NA,NA,NA
5183101,NA,NA,NA
5183102,NA,NA,NA
5183103,NA,NA,NA
5183104,NA,NA,NA
5183105,NA,NA,NA
5183106,NA,NA,NA
5183107,NA,NA,NA
5183108,NA,NA,NA
5183109,NA,NA,NA
5183110,NA,NA,NA
5183111,NA,NA,NA
5183112,NA,NA,NA
5183113,NA,NA,NA
5183114,NA,NA,NA
5183115,NA,NA,NA
5183116,NA,NA,NA
5183117,NA,NA,NA
5183118,NA,NA,NA
5183119,NA,NA,NA
5183120,NA,NA,NA
5183121,NA,NA,NA
5183122,NA,NA,NA
5183123,NA,NA,NA
5183125,NA,NA,NA
5183126,NA,NA,NA
5183128,NA,NA,NA
5183131,NA,NA,NA
5183132,NA,NA,NA
5183134,NA,NA,NA
5183135,NA,NA,NA
5183136,NA,NA,NA
5183137,NA,NA,NA
5183138,NA,NA,NA
5183139,NA,NA,NA
5183140,NA,NA,NA
5183141,NA,NA,NA
5183142,NA,NA,NA
5183143,NA,NA,NA
5183144,NA,NA,NA
5183145,NA,NA,NA
5183146,NA,NA,NA
5183147,NA,NA,NA
5183148,NA,NA,NA
5183149,NA,NA,NA
5183150,NA,NA,NA
5184038,NA,NA,NA
5184039,NA,NA,NA
5184040,NA,NA,NA
5184041,NA,NA,NA
5184042,NA,NA,NA
5184195,NA,NA,NA
5184196,NA,NA,NA
5184290,NA,NA,NA
5184627,NA,NA,NA
5184902,NA,NA,NA
5184903,NA,NA,NA
5184904,NA,NA,NA
5184905,NA,NA,NA
5184906,NA,NA,NA
5184908,NA,NA,NA
5184909,NA,NA,NA
5184911,NA,NA,NA
5184913,NA,NA,NA
5184914,NA,NA,NA
5184915,NA,NA,NA
5184916,NA,NA,NA
5184917,NA,NA,NA
5184918,NA,NA,NA
5184919,NA,NA,NA
5184920,NA,NA,NA
5184922,NA,NA,NA
5184923,NA,NA,NA
5184924,NA,NA,NA
5184925,NA,NA,NA
5184926,NA,NA,NA
5184927,NA,NA,NA
5184928,NA,NA,NA
5184929,NA,NA,NA
5184930,NA,NA,NA
5184931,NA,NA,NA
5184932,NA,NA,NA
5184933,NA,NA,NA
5184934,NA,NA,NA
5184935,NA,NA,NA
5184936,NA,NA,NA
5184937,NA,NA,NA
5184938,NA,NA,NA
5184939,NA,NA,NA
5184946,NA,NA,NA
5184948,NA,NA,NA
5184949,NA,NA,NA
5184984,NA,NA,NA
5184987,NA,NA,NA
5184991,NA,NA,NA
5184992,NA,NA,NA
5184994,NA,NA,NA
5184995,NA,NA,NA
5184996,NA,NA,NA
5184997,NA,NA,NA
5184998,NA,NA,NA
5184999,NA,NA,NA
5185000,NA,NA,NA
5187918,NA,NA,NA
5187919,NA,NA,NA
5187920,NA,NA,NA
5187921,NA,NA,NA
5187922,NA,NA,NA
5187923,NA,NA,NA
5187924,NA,NA,NA
5187925,NA,NA,NA
5187926,NA,NA,NA
5187927,NA,NA,NA
5187928,NA,NA,NA
5187930,NA,NA,NA
5187931,NA,NA,NA
5187932,NA,NA,NA
5187933,NA,NA,NA
5187934,NA,NA,NA
5187935,NA,NA,NA
5187936,NA,NA,NA
5187937,NA,NA,NA
5187938,NA,NA,NA
5187939,NA,NA,NA
5187940,NA,NA,NA
5187941,NA,NA,NA
5187942,NA,NA,NA
5187943,NA,NA,NA
5187944,NA,NA,NA
5187945,NA,NA,NA
5187946,NA,NA,NA
5187947,NA,NA,NA
5187948,NA,NA,NA
5187949,NA,NA,NA
5187950,NA,NA,NA
5187951,NA,NA,NA
5187952,NA,NA,NA
5187953,NA,NA,NA
5187954,NA,NA,NA
5187955,NA,NA,NA
5187956,NA,NA,NA
5187958,NA,NA,NA
5187959,NA,NA,NA
5187960,NA,NA,NA
5187961,NA,NA,NA
5187962,NA,NA,NA
5187963,NA,NA,NA
5187965,NA,NA,NA
5187966,NA,NA,NA
5187967,NA,NA,NA
5187968,NA,NA,NA
5187969,NA,NA,NA
5187970,NA,NA,NA
5187971,NA,NA,NA
5187972,NA,NA,NA
5187973,NA,NA,NA
5187974,NA,NA,NA
5187975,NA,NA,NA
5187976,NA,NA,NA
5187980,NA,NA,NA
5187981,NA,NA,NA
5187982,NA,NA,NA
5187983,NA,NA,NA
5187984,NA,NA,NA
5187985,NA,NA,NA
5187987,NA,NA,NA
5187988,NA,NA,NA
5187989,NA,NA,NA
5187990,NA,NA,NA
5187991,NA,NA,NA
5187992,NA,NA,NA
5187993,NA,NA,NA
5187994,NA,NA,NA
5187995,NA,NA,NA
5187996,NA,NA,NA
5187997,NA,NA,NA
5187998,NA,NA,NA
5187999,NA,NA,NA
5188000,NA,NA,NA
5202903,NA,NA,NA
5202904,NA,NA,NA
5202905,NA,NA,NA
5202906,NA,NA,NA
5202908,NA,NA,NA
5202909,NA,NA,NA
5202910,NA,NA,NA
5202911,NA,NA,NA
5202912,NA,NA,NA
5202913,NA,NA,NA
5202914,NA,NA,NA
5202915,NA,NA,NA
5202916,NA,NA,NA
5202917,NA,NA,NA
5202918,NA,NA,NA
5202920,NA,NA,NA
5202921,NA,NA,NA
5202922,NA,NA,NA
5202923,NA,NA,NA
5202924,NA,NA,NA
5202925,NA,NA,NA
5202926,NA,NA,NA
5202929,NA,NA,NA
5202930,NA,NA,NA
5202931,NA,NA,NA
5202932,NA,NA,NA
5202934,NA,NA,NA
5202935,NA,NA,NA
5202936,NA,NA,NA
5202937,NA,NA,NA
5202938,NA,NA,NA
5202939,NA,NA,NA
5202940,NA,NA,NA
5202941,NA,NA,NA
5202942,NA,NA,NA
5202943,NA,NA,NA
5202944,NA,NA,NA
5202946,NA,NA,NA
5202947,NA,NA,NA
5202948,NA,NA,NA
5202949,NA,NA,NA
5202950,NA,NA,NA
5202952,NA,NA,NA
5202955,NA,NA,NA
5202956,NA,NA,NA
5202957,NA,NA,NA
5202959,NA,NA,NA
5202960,NA,NA,NA
5202961,NA,NA,NA
5202962,NA,NA,NA
5202963,NA,NA,NA
5202964,NA,NA,NA
5202965,NA,NA,NA
5202966,NA,NA,NA
5202967,NA,NA,NA
5202968,NA,NA,NA
5202969,NA,NA,NA
5202972,NA,NA,NA
5202975,NA,NA,NA
5202976,NA,NA,NA
5202977,NA,NA,NA
5202978,NA,NA,NA
5202979,NA,NA,NA
5216217,NA,NA,NA
5216900,NA,NA,NA
5216903,NA,NA,NA
5216904,NA,NA,NA
5216905,NA,NA,NA
5216907,NA,NA,NA
5216913,NA,NA,NA
5216915,NA,NA,NA
5216916,NA,NA,NA
5216922,NA,NA,NA
5216923,NA,NA,NA
5216924,NA,NA,NA
5216926,NA,NA,NA
5216928,NA,NA,NA
5216931,NA,NA,NA
5216932,NA,NA,NA
5216934,NA,NA,NA
5216937,NA,NA,NA
5216938,NA,NA,NA
5216939,NA,NA,NA
5216942,NA,NA,NA
5216943,NA,NA,NA
5216944,NA,NA,NA
5216945,NA,NA,NA
5216946,NA,NA,NA
5216947,NA,NA,NA
5216948,NA,NA,NA
5216949,NA,NA,NA
5216950,NA,NA,NA
5216951,NA,NA,NA
5216952,NA,NA,NA
5216953,NA,NA,NA
5216954,NA,NA,NA
5216955,NA,NA,NA
5216956,NA,NA,NA
5216959,NA,NA,NA
5216960,NA,NA,NA
5216962,NA,NA,NA
5216963,NA,NA,NA
5216964,NA,NA,NA
5216965,NA,NA,NA
5216966,NA,NA,NA
5216967,NA,NA,NA
5216968,NA,NA,NA
5216969,NA,NA,NA
5216970,NA,NA,NA
5216971,NA,NA,NA
5216972,NA,NA,NA
5216973,NA,NA,NA
5216974,NA,NA,NA
5216976,NA,NA,NA
5216977,NA,NA,NA
5216979,NA,NA,NA
5216980,NA,NA,NA
5216981,NA,NA,NA
5216982,NA,NA,NA
5216983,NA,NA,NA
5216984,NA,NA,NA
5216985,NA,NA,NA
5216986,NA,NA,NA
5216987,NA,NA,NA
5216988,NA,NA,NA
5216989,NA,NA,NA
5216991,NA,NA,NA
5216992,NA,NA,NA
5216993,NA,NA,NA
5216995,NA,NA,NA
5216996,NA,NA,NA
5216997,NA,NA,NA
5216998,NA,NA,NA
5216999,NA,NA,NA
5217000,NA,NA,NA
5217001,NA,NA,NA
5217002,NA,NA,NA
5217003,NA,NA,NA
5217004,NA,NA,NA
5217005,NA,NA,NA
5217006,NA,NA,NA
5217007,NA,NA,NA
5217507,NA,NA,NA
5217723,NA,NA,NA
5217724,NA,NA,NA
5217725,NA,NA,NA
5217726,NA,NA,NA
5217727,NA,NA,NA
5217728,NA,NA,NA
5217729,NA,NA,NA
5217730,NA,NA,NA
5217731,NA,NA,NA
5217732,NA,NA,NA
5217733,NA,NA,NA
5217734,NA,NA,NA
5217735,NA,NA,NA
5217736,NA,NA,NA
5217737,NA,NA,NA
5217738,NA,NA,NA
5217739,NA,NA,NA
5217740,NA,NA,NA
5217741,NA,NA,NA
5217742,NA,NA,NA
5217743,NA,NA,NA
5217744,NA,NA,NA
5217745,NA,NA,NA
5217746,NA,NA,NA
5217747,NA,NA,NA
5217748,NA,NA,NA
5217749,NA,NA,NA
5217750,NA,NA,NA
5217751,NA,NA,NA
5217752,NA,NA,NA
5217753,NA,NA,NA
5217756,NA,NA,NA
5217757,NA,NA,NA
5217758,NA,NA,NA
5217760,NA,NA,NA
5217761,NA,NA,NA
5217762,NA,NA,NA
5217764,NA,NA,NA
5217765,NA,NA,NA
5217766,NA,NA,NA
5217767,NA,NA,NA
5217768,NA,NA,NA
5217770,NA,NA,NA
5217771,NA,NA,NA
5217772,NA,NA,NA
5217774,NA,NA,NA
5217776,NA,NA,NA
5217777,NA,NA,NA
5217778,NA,NA,NA
5217779,NA,NA,NA
5217780,NA,NA,NA
5217781,NA,NA,NA
5217782,NA,NA,NA
5217783,NA,NA,NA
5217784,NA,NA,NA
5217785,NA,NA,NA
5217786,NA,NA,NA
5217787,NA,NA,NA
5217788,NA,NA,NA
5217789,NA,NA,NA
5217790,NA,NA,NA
5217791,NA,NA,NA
5217792,NA,NA,NA
5217793,NA,NA,NA
5217794,NA,NA,NA
5217795,NA,NA,NA
5217796,NA,NA,NA
5217797,NA,NA,NA
5217798,NA,NA,NA
5217799,NA,NA,NA
5217800,NA,NA,NA
5217829,NA,NA,NA
5217880,NA,NA,NA
5222405,NA,NA,NA
5222543,NA,NA,NA
5222544,NA,NA,NA
5222545,NA,NA,NA
5222546,NA,NA,NA
5222548,NA,NA,NA
5222549,NA,NA,NA
5222550,NA,NA,NA
5222551,NA,NA,NA
5222552,NA,NA,NA
5222553,NA,NA,NA
5222554,NA,NA,NA
5222555,NA,NA,NA
5222556,NA,NA,NA
5222558,NA,NA,NA
5222559,NA,NA,NA
5222560,NA,NA,NA
5222561,NA,NA,NA
5222562,NA,NA,NA
5222563,NA,NA,NA
5222564,NA,NA,NA
5222565,NA,NA,NA
5222566,NA,NA,NA
5222567,NA,NA,NA
5222568,NA,NA,NA
5222569,NA,NA,NA
5222570,NA,NA,NA
5222572,NA,NA,NA
5222573,NA,NA,NA
5222574,NA,NA,NA
5222575,NA,NA,NA
5222576,NA,NA,NA
5222577,NA,NA,NA
5222578,NA,NA,NA
5222579,NA,NA,NA
5222580,NA,NA,NA
5222581,NA,NA,NA
5222582,NA,NA,NA
5222583,NA,NA,NA
5222584,NA,NA,NA
5222585,NA,NA,NA
5222586,NA,NA,NA
5222587,NA,NA,NA
5222588,NA,NA,NA
5222591,NA,NA,NA
5222592,NA,NA,NA
5222593,NA,NA,NA
5222594,NA,NA,NA
5222595,NA,NA,NA
5222596,NA,NA,NA
5222597,NA,NA,NA
5222598,NA,NA,NA
5222599,NA,NA,NA
5222600,NA,NA,NA
5222601,NA,NA,NA
5222602,NA,NA,NA
5222603,NA,NA,NA
5222604,NA,NA,NA
5222605,NA,NA,NA
5222606,NA,NA,NA
5222607,NA,NA,NA
5222608,NA,NA,NA
5222609,NA,NA,NA
5222610,NA,NA,NA
5222611,NA,NA,NA
5222612,NA,NA,NA
5222613,NA,NA,NA
5222614,NA,NA,NA
5222615,NA,NA,NA
5222616,NA,NA,NA
5222617,NA,NA,NA
5222618,NA,NA,NA
5222619,NA,NA,NA
5222620,NA,NA,NA
5222621,NA,NA,NA
5222622,NA,NA,NA
5222623,NA,NA,NA
5222624,NA,NA,NA
5222625,NA,NA,NA
5222626,NA,NA,NA
5222627,NA,NA,NA
5222628,NA,NA,NA
5222629,NA,NA,NA
5222630,NA,NA,NA
5222631,NA,NA,NA
5222632,NA,NA,NA
5222633,NA,NA,NA
5222634,NA,NA,NA
5222635,NA,NA,NA
5222636,NA,NA,NA
5222637,NA,NA,NA
5222638,NA,NA,NA
5222639,NA,NA,NA
5222640,NA,NA,NA
5222641,NA,NA,NA
5222642,NA,NA,NA
5222643,NA,NA,NA
5222644,NA,NA,NA
5222645,NA,NA,NA
5222646,NA,NA,NA
5222647,NA,NA,NA
5222649,NA,NA,NA
5222650,NA,NA,NA
5222651,NA,NA,NA
5222652,NA,NA,NA
5222653,NA,NA,NA
5222654,NA,NA,NA
5222655,NA,NA,NA
5222656,NA,NA,NA
5222657,NA,NA,NA
5222658,NA,NA,NA
5222659,NA,NA,NA
5222660,NA,NA,NA
5222661,NA,NA,NA
5222662,NA,NA,NA
5222663,NA,NA,NA
5222664,NA,NA,NA
5222665,NA,NA,NA
5222666,NA,NA,NA
5222667,NA,NA,NA
5222668,NA,NA,NA
5222669,NA,NA,NA
5222670,NA,NA,NA
5222671,NA,NA,NA
5222672,NA,NA,NA
5222673,NA,NA,NA
5222674,NA,NA,NA
5222675,NA,NA,NA
5222676,NA,NA,NA
5222677,NA,NA,NA
5222678,NA,NA,NA
5222679,NA,NA,NA
5222680,NA,NA,NA
5222681,NA,NA,NA
5222682,NA,NA,NA
5222683,NA,NA,NA
5222684,NA,NA,NA
5222685,NA,NA,NA
5222686,NA,NA,NA
5222688,NA,NA,NA
5222689,NA,NA,NA
5222690,NA,NA,NA
5222691,NA,NA,NA
5222693,NA,NA,NA
5222694,NA,NA,NA
5222695,NA,NA,NA
5222696,NA,NA,NA
5222697,NA,NA,NA
5222698,NA,NA,NA
5222699,NA,NA,NA
5222701,NA,NA,NA
5222702,NA,NA,NA
5222703,NA,NA,NA
5222704,NA,NA,NA
5222705,NA,NA,NA
5222706,NA,NA,NA
5222707,NA,NA,NA
5222709,NA,NA,NA
5222710,NA,NA,NA
5222711,NA,NA,NA
5222712,NA,NA,NA
5222713,NA,NA,NA
5222714,NA,NA,NA
5222715,NA,NA,NA
5222716,NA,NA,NA
5222717,NA,NA,NA
5222718,NA,NA,NA
5222719,NA,NA,NA
5222720,NA,NA,NA
5222721,NA,NA,NA
5222722,NA,NA,NA
5222723,NA,NA,NA
5222724,NA,NA,NA
5222725,NA,NA,NA
5222726,NA,NA,NA
5222727,NA,NA,NA
5222728,NA,NA,NA
5222729,NA,NA,NA
5222730,NA,NA,NA
5222731,NA,NA,NA
5222732,NA,NA,NA
5222733,NA,NA,NA
5222734,NA,NA,NA
5222735,NA,NA,NA
5222736,NA,NA,NA
5222737,NA,NA,NA
5222738,NA,NA,NA
5222739,NA,NA,NA
5222740,NA,NA,NA
5222741,NA,NA,NA
5222742,NA,NA,NA
5222743,NA,NA,NA
5222744,NA,NA,NA
5222745,NA,NA,NA
5222746,NA,NA,NA
5222747,NA,NA,NA
5222748,NA,NA,NA
5222749,NA,NA,NA
5222750,NA,NA,NA
5222751,NA,NA,NA
5222753,NA,NA,NA
5222754,NA,NA,NA
5222755,NA,NA,NA
5222756,NA,NA,NA
5222757,NA,NA,NA
5222758,NA,NA,NA
5222759,NA,NA,NA
5222760,NA,NA,NA
5222761,NA,NA,NA
5222762,NA,NA,NA
5222764,NA,NA,NA
5222765,NA,NA,NA
5222766,NA,NA,NA
5222767,NA,NA,NA
5222768,NA,NA,NA
5222769,NA,NA,NA
5222770,NA,NA,NA
5222771,NA,NA,NA
5222772,NA,NA,NA
5222773,NA,NA,NA
5222774,NA,NA,NA
5222775,NA,NA,NA
5222776,NA,NA,NA
5222777,NA,NA,NA
5222778,NA,NA,NA
5222779,NA,NA,NA
5222780,NA,NA,NA
5222782,NA,NA,NA
5223063,NA,NA,NA
5223064,NA,NA,NA
5223065,NA,NA,NA
5223066,NA,NA,NA
5223067,NA,NA,NA
5223068,NA,NA,NA
5223069,NA,NA,NA
5223070,NA,NA,NA
5223071,NA,NA,NA
5223072,NA,NA,NA
5223073,NA,NA,NA
5223074,NA,NA,NA
5223075,NA,NA,NA
5223076,NA,NA,NA
5223077,NA,NA,NA
5223078,NA,NA,NA
5223079,NA,NA,NA
5223080,NA,NA,NA
5223082,NA,NA,NA
5223083,NA,NA,NA
5223084,NA,NA,NA
5223085,NA,NA,NA
5223086,NA,NA,NA
5223087,NA,NA,NA
5223088,NA,NA,NA
5223089,NA,NA,NA
5223090,NA,NA,NA
5223091,NA,NA,NA
5223092,NA,NA,NA
5223093,NA,NA,NA
5223094,NA,NA,NA
5223095,NA,NA,NA
5223096,NA,NA,NA
5223097,NA,NA,NA
5223099,NA,NA,NA
5223905,NA,NA,NA
5223915,NA,NA,NA
6834557,NA,NA,NA
6834651,NA,NA,NA
6834652,NA,NA,NA
6834655,NA,NA,NA
6834658,NA,NA,NA
6834664,NA,NA,NA
6834666,NA,NA,NA
6834668,NA,NA,NA
6834670,NA,NA,NA
6834672,NA,NA,NA
6834673,NA,NA,NA
6834674,NA,NA,NA
6834680,NA,NA,NA
6840162,NA,NA,NA
6840170,NA,NA,NA
6840190,NA,NA,NA
6840191,NA,NA,NA
6840199,NA,NA,NA
6840365,NA,NA,NA
6840400,NA,NA,NA
6840470,NA,NA,NA
6840472,NA,NA,NA
6840478,NA,NA,NA
6840530,NA,NA,NA
6840906,NA,NA,NA
6840922,NA,NA,NA
6840923,NA,NA,NA
6840926,NA,NA,NA
6841208,NA,NA,NA
6841212,NA,NA,NA
6841246,NA,NA,NA
6841247,NA,NA,NA
6841251,NA,NA,NA
6841254,NA,NA,NA
6841266,NA,NA,NA
6841269,NA,NA,NA
6841285,NA,NA,NA
6841298,NA,NA,NA
6841299,NA,NA,NA
6841485,NA,NA,NA
6841487,NA,NA,NA
6845265,NA,NA,NA
6845266,NA,NA,NA
6845272,NA,NA,NA
6845273,NA,NA,NA
6845288,NA,NA,NA
6845654,NA,NA,NA
6845656,NA,NA,NA
6845658,NA,NA,NA
6845664,NA,NA,NA
6845670,NA,NA,NA
6845673,NA,NA,NA
6845677,NA,NA,NA
6845679,NA,NA,NA
6845685,NA,NA,NA
6845688,NA,NA,NA
6845696,NA,NA,NA
6845697,NA,NA,NA
6845700,NA,NA,NA
6845702,NA,NA,NA
6845703,NA,NA,NA
6845704,NA,NA,NA
6845705,NA,NA,NA
6845711,NA,NA,NA
6845720,NA,NA,NA
6845721,NA,NA,NA
6845727,NA,NA,NA
6845732,NA,NA,NA
6845735,NA,NA,NA
6845740,NA,NA,NA
6846107,NA,NA,NA
6846126,NA,NA,NA
6846130,NA,NA,NA
6846133,NA,NA,NA
6846135,NA,NA,NA
6846140,NA,NA,NA
6846145,NA,NA,NA
6846157,NA,NA,NA
6846162,NA,NA,NA
9999905,NA,NA,NA
9999906,NA,NA,NA
9999907,NA,NA,NA
9999908,NA,NA,NA
9999909,NA,NA,NA
9999911,NA,NA,NA
9999913,NA,NA,NA
9999922,NA,NA,NA
9999923,NA,NA,NA
29908,NA,NA,2011
58434,NA,NA,1958
58484,NA,NA,1958
58492,NA,NA,1958
58493,NA,NA,1958
58508,NA,NA,1958
58517,NA,NA,1958
58550,NA,NA,1958
58612,NA,NA,1958
58618,NA,NA,1958
58626,NA,NA,1958
58756,NA,NA,1958
2814111,NA,NA,1962
2814129,NA,NA,1958
2859460,NA,NA,1958
2859848,NA,NA,1958
2859850,NA,NA,1958
2872559,NA,NA,1958
2872757,NA,NA,1958
2872762,NA,NA,1958
2873148,NA,NA,1958
2873179,NA,NA,1958
2873188,NA,NA,1958
2873287,NA,NA,1958
2873339,NA,NA,1958
2873660,NA,NA,1958
2874154,NA,NA,1958
2874159,NA,NA,1958
2874162,NA,NA,1958
2874170,NA,NA,1958
2874173,NA,NA,1958
2874174,NA,NA,1958
2874175,NA,NA,1958
2874176,NA,NA,1958
2874178,NA,NA,1958
2874184,NA,NA,1958
2874186,NA,NA,1958
2874189,NA,NA,1958
2874190,NA,NA,1958
2874193,NA,NA,1958
2874201,NA,NA,1963
2874215,NA,NA,1963
2874219,NA,NA,1963
2874232,NA,NA,1963
2874432,NA,NA,1963
2874436,NA,NA,1963
2874480,NA,NA,1963
2874595,NA,NA,1963
2874596,NA,NA,1963
2874597,NA,NA,1963
2874607,NA,NA,1963
2874619,NA,NA,1963
2874655,NA,NA,1963
2874661,NA,NA,1963
2874701,NA,NA,1963
2874704,NA,NA,1963
2874715,NA,NA,1963
2874728,NA,NA,1963
2874738,NA,NA,1963
2874751,NA,NA,1963
2874752,NA,NA,1963
2874754,NA,NA,1963
2874800,NA,NA,1963
2874806,NA,NA,1963
2874817,NA,NA,1963
2874828,NA,NA,1963
2874889,NA,NA,1963
2874899,NA,NA,1963
2874908,NA,NA,1963
2874915,NA,NA,1963
2874968,NA,NA,1963
2874974,NA,NA,1963
2874994,NA,NA,1963
2875031,NA,NA,1963
2875096,NA,NA,1963
2875098,NA,NA,1963
2875105,NA,NA,1963
2875112,NA,NA,1963
2875144,NA,NA,1963
2875153,NA,NA,1963
2875165,NA,NA,1963
2875170,NA,NA,1963
2875303,NA,NA,1958
2875305,NA,NA,1958
2875307,NA,NA,1958
2875308,NA,NA,1958
2875319,NA,NA,1958
2875323,NA,NA,1958
2875327,NA,NA,1958
2875330,NA,NA,1958
2875332,NA,NA,1958
2875346,NA,NA,1958
2875351,NA,NA,1958
2875357,NA,NA,1958
2875358,NA,NA,1958
2875359,NA,NA,1958
2875371,NA,NA,1958
2875373,NA,NA,1958
2875376,NA,NA,1958
2875381,NA,NA,1958
2875384,NA,NA,1958
2875386,NA,NA,1958
2875390,NA,NA,1958
2875399,NA,NA,1958
2875400,NA,NA,1958
2875515,NA,NA,1958
2875517,NA,NA,1958
2875521,NA,NA,1958
2875523,NA,NA,1958
2875534,NA,NA,1958
2875544,NA,NA,1958
2875550,NA,NA,1958
2875601,NA,NA,1958
2875603,NA,NA,1958
2875606,NA,NA,1958
2875610,NA,NA,1958
2875624,NA,NA,1958
2875628,NA,NA,1958
2875854,NA,NA,1958
2875855,NA,NA,1958
2875856,NA,NA,1958
2875870,NA,NA,1958
2875872,NA,NA,1958
2875876,NA,NA,1958
2875883,NA,NA,1958
2875892,NA,NA,1958
2875893,NA,NA,1958
2875894,NA,NA,1958
2875964,NA,NA,1958
4000031,NA,NA,2003
4000441,NA,NA,2003
4000503,NA,NA,1996
4000508,NA,NA,1976
4000566,NA,NA,1999
4000596,NA,NA,1996
4000609,NA,NA,1977
4000729,NA,NA,1981
4000740,NA,NA,1990
4000749,NA,NA,1994
4000766,NA,NA,1993
4000767,NA,NA,1985
4000773,NA,NA,1982
4001491,NA,NA,1998
4001497,NA,NA,1996
4001516,NA,NA,1988
4001522,NA,NA,1975
4001546,NA,NA,1977
4001551,NA,NA,2001
4001579,NA,NA,1987
4002411,NA,NA,1977
4002424,NA,NA,2001
4002618,NA,NA,2007
4003029,NA,NA,1992
4003034,NA,NA,1988
4003040,NA,NA,1980
4003047,NA,NA,1999
4003113,NA,NA,1973
4003114,NA,NA,1984
4003115,NA,NA,1980
4003123,NA,NA,1989
4003125,NA,NA,1980
4003166,NA,NA,1976
4003168,NA,NA,1999
4003776,NA,NA,1984
4003777,NA,NA,1994
4003783,NA,NA,1984
4003791,NA,NA,1999
4003794,NA,NA,1986
4003798,NA,NA,1983
4003804,NA,NA,1995
4003814,NA,NA,1994
4003821,NA,NA,2000
4003829,NA,NA,1986
4003842,NA,NA,1977
4003844,NA,NA,1986
4004140,NA,NA,2009
4004309,NA,NA,1999
4004537,NA,NA,1997
4004538,NA,NA,1963
4004539,NA,NA,1997
4004541,NA,NA,1995
4004542,NA,NA,1993
4004546,NA,NA,1978
4004554,NA,NA,2005
4004561,NA,NA,1989
4004793,NA,NA,2010
4005101,NA,NA,2000
4005103,NA,NA,1983
4005108,NA,NA,1998
4005114,NA,NA,2000
4005184,NA,NA,1988
4005402,NA,NA,1975
4005441,NA,NA,1985
4005443,NA,NA,1977
4005537,NA,NA,2011
4005867,NA,NA,1986
4006751,NA,NA,1976
4007051,NA,NA,1984
4007608,NA,NA,2006
4007621,NA,NA,2007
4007622,NA,NA,1989
4007623,NA,NA,1991
4007636,NA,NA,1990
4008276,NA,NA,2003
4008471,NA,NA,1989
4008480,NA,NA,1989
4008484,NA,NA,1987
4008497,NA,NA,2015
4008595,NA,NA,2001
4008597,NA,NA,2003
4008599,NA,NA,2004
4008600,NA,NA,2010
4008601,NA,NA,2006
4008607,NA,NA,1984
4008612,NA,NA,1999
4008614,NA,NA,1998
4008616,NA,NA,1989
4008618,NA,NA,1982
4008629,NA,NA,2005
4008631,NA,NA,2000
4008632,NA,NA,2002
4009042,NA,NA,2016
4009140,NA,NA,2000
4009147,NA,NA,2004
4009153,NA,NA,2001
4009154,NA,NA,1986
4009155,NA,NA,1999
4009164,NA,NA,1991
4009182,NA,NA,1996
4009183,NA,NA,1991
4009185,NA,NA,1994
4009193,NA,NA,2001
4009194,NA,NA,2004
4009195,NA,NA,1994
4009241,NA,NA,1978
4009242,NA,NA,1986
4009243,NA,NA,1983
4009244,NA,NA,1988
4009246,NA,NA,1994
4009247,NA,NA,1990
4009248,NA,NA,2003
4009249,NA,NA,1995
4009251,NA,NA,1989
4009252,NA,NA,1997
4009254,NA,NA,2004
4009255,NA,NA,1993
4009258,NA,NA,1991
4009260,NA,NA,1998
4009262,NA,NA,1996
4009264,NA,NA,1993
4009265,NA,NA,1992
4009266,NA,NA,1991
4009268,NA,NA,1987
4009269,NA,NA,1993
4009270,NA,NA,1993
4009272,NA,NA,1999
4009274,NA,NA,2000
4009275,NA,NA,1982
4009276,NA,NA,1990
4009278,NA,NA,2004
4009281,NA,NA,1989
4009283,NA,NA,1982
4009285,NA,NA,1996
4009287,NA,NA,1993
4009289,NA,NA,1986
4009291,NA,NA,1999
4009311,NA,NA,1996
4009312,NA,NA,1988
4009314,NA,NA,1998
4009315,NA,NA,1999
4009316,NA,NA,1995
4009776,NA,NA,2000
4009797,NA,NA,1982
4009806,NA,NA,2010
4009822,NA,NA,1998
4009823,NA,NA,2007
4011320,NA,NA,1987
4011325,NA,NA,1993
4011337,NA,NA,2009
4011348,NA,NA,1981
4011887,NA,NA,1989
4011892,NA,NA,2010
4011898,NA,NA,1984
4012391,NA,NA,2000
4012401,NA,NA,2002
4012413,NA,NA,2005
4012426,NA,NA,1993
4012427,NA,NA,1994
4012443,NA,NA,2001
4012461,NA,NA,1996
4012464,NA,NA,1994
4012503,NA,NA,1984
4013049,NA,NA,1995
4013052,NA,NA,1990
4013054,NA,NA,1996
4013058,NA,NA,1977
4013074,NA,NA,1996
4013076,NA,NA,2004
4013102,NA,NA,2015
4013119,NA,NA,2000
4013144,NA,NA,2007
4013147,NA,NA,1997
4013657,NA,NA,2007
4013664,NA,NA,1984
4013665,NA,NA,1994
4013666,NA,NA,1999
4013668,NA,NA,1988
4013672,NA,NA,1998
4014183,NA,NA,1977
4014192,NA,NA,2024
4014198,NA,NA,1995
4014200,NA,NA,2024
5054049,NA,NA,1958
5054081,NA,NA,1962
5054082,NA,NA,1958
5054083,NA,NA,1962
5054084,NA,NA,1962
5054085,NA,NA,1958
5054086,NA,NA,1958
5054087,NA,NA,1962
5054088,NA,NA,1962
5054089,NA,NA,1963
5054122,NA,NA,1962
5054123,NA,NA,1962
5054124,NA,NA,1963
5054125,NA,NA,1963
5054126,NA,NA,1963
5054128,NA,NA,1958
5054129,NA,NA,1962
5054141,NA,NA,1958
5054145,NA,NA,1962
5054146,NA,NA,1958
5054147,NA,NA,1963
5054149,NA,NA,1958
5054164,NA,NA,1963
5054167,NA,NA,1958
5054168,NA,NA,1958
5054212,NA,NA,1962
5054214,NA,NA,1962
5054217,NA,NA,1963
5054218,NA,NA,1958
5054219,NA,NA,1963
5054220,NA,NA,1958
5054221,NA,NA,1958
5054222,NA,NA,1962
5054223,NA,NA,1958
5054224,NA,NA,1962
5054225,NA,NA,1958
5054226,NA,NA,1962
5054227,NA,NA,1963
5054228,NA,NA,1962
5054229,NA,NA,1962
5054230,NA,NA,1958
5054231,NA,NA,1958
5054232,NA,NA,1958
5054391,NA,NA,1963
5054392,NA,NA,1962
5054393,NA,NA,1958
5054394,NA,NA,1963
5054395,NA,NA,1962
5054396,NA,NA,1963
5054397,NA,NA,1963
5054398,NA,NA,1962
5054399,NA,NA,1962
5054400,NA,NA,1958
5054401,NA,NA,1962
5054402,NA,NA,1962
5054403,NA,NA,1958
5054404,NA,NA,1958
5054405,NA,NA,1963
5054406,NA,NA,1963
5054407,NA,NA,1958
5054408,NA,NA,1962
5054409,NA,NA,1958
5054410,NA,NA,1958
5054411,NA,NA,1963
5054412,NA,NA,1958
5054413,NA,NA,1958
5054414,NA,NA,1962
5054415,NA,NA,1962
5054416,NA,NA,1962
5054417,NA,NA,1958
5054418,NA,NA,1958
5054419,NA,NA,1962
5054420,NA,NA,1963
5054421,NA,NA,1963
5054422,NA,NA,1962
5054423,NA,NA,1962
5054424,NA,NA,1962
5054425,NA,NA,1963
5054426,NA,NA,1963
5054427,NA,NA,1962
5054428,NA,NA,1963
5054429,NA,NA,1963
5054430,NA,NA,1963
5054432,NA,NA,1962
5054433,NA,NA,1958
5054434,NA,NA,1958
5054435,NA,NA,1958
5054436,NA,NA,1958
5054437,NA,NA,1958
5054438,NA,NA,1963
5054439,NA,NA,1963
5054440,NA,NA,1962
5054441,NA,NA,1962
5054442,NA,NA,1958
5054443,NA,NA,1962
5054444,NA,NA,1962
5054445,NA,NA,1962
5054446,NA,NA,1962
5054447,NA,NA,1958
5054448,NA,NA,1962
5054449,NA,NA,1962
5054450,NA,NA,1962
5054531,NA,NA,1962
5054532,NA,NA,1958
5054533,NA,NA,1963
5054534,NA,NA,1962
5054535,NA,NA,1958
5054536,NA,NA,1962
5054537,NA,NA,1963
5054538,NA,NA,1958
5054540,NA,NA,1962
5054541,NA,NA,1963
5054542,NA,NA,1962
5054543,NA,NA,1962
5054544,NA,NA,1963
5054545,NA,NA,1963
5054546,NA,NA,1963
5054547,NA,NA,1962
5054548,NA,NA,1963
5054549,NA,NA,1963
5054550,NA,NA,1962
5054551,NA,NA,1962
5054552,NA,NA,1962
5054553,NA,NA,1963
5054554,NA,NA,1963
5054555,NA,NA,1962
5054556,NA,NA,1962
5054557,NA,NA,1963
5054558,NA,NA,1962
5054559,NA,NA,1962
5054560,NA,NA,1963
5054561,NA,NA,1963
5054562,NA,NA,1963
5054563,NA,NA,1963
5054564,NA,NA,1958
5054565,NA,NA,1962
5054566,NA,NA,1963
5054567,NA,NA,1963
5054568,NA,NA,1958
5054569,NA,NA,1962
5054570,NA,NA,1963
5054571,NA,NA,1958
5054572,NA,NA,1958
5054573,NA,NA,1963
5054574,NA,NA,1963
5054575,NA,NA,1963
5054576,NA,NA,1962
5054577,NA,NA,1963
5054579,NA,NA,1963
5054580,NA,NA,1963
5054581,NA,NA,1962
5054582,NA,NA,1962
5054583,NA,NA,1958
5054584,NA,NA,1963
5054585,NA,NA,1962
5054586,NA,NA,1963
5054587,NA,NA,1962
5054588,NA,NA,1963
5054589,NA,NA,1963
5054590,NA,NA,1963
5054591,NA,NA,1963
5054592,NA,NA,1963
5054593,NA,NA,1963
5054594,NA,NA,1963
5054595,NA,NA,1963
5054596,NA,NA,1958
5054597,NA,NA,1962
5054598,NA,NA,1963
5054599,NA,NA,1958
5054600,NA,NA,1962
5054601,NA,NA,1963
5054602,NA,NA,1963
5054603,NA,NA,1962
5054604,NA,NA,1963
5054605,NA,NA,1962
5054606,NA,NA,1962
5054607,NA,NA,1963
5054608,NA,NA,1958
5054609,NA,NA,1962
5054610,NA,NA,1962
5054611,NA,NA,1962
5054612,NA,NA,1963
5054613,NA,NA,1958
5054614,NA,NA,1962
5054615,NA,NA,1963
5054616,NA,NA,1962
5054617,NA,NA,1963
5054618,NA,NA,1963
5054619,NA,NA,1963
5054620,NA,NA,1963
5054621,NA,NA,1963
5054622,NA,NA,1962
5054623,NA,NA,1962
5054625,NA,NA,1963
5054626,NA,NA,1963
5054627,NA,NA,1963
5054628,NA,NA,1963
5054629,NA,NA,1963
5054630,NA,NA,1963
5054631,NA,NA,1963
5054632,NA,NA,1963
5054633,NA,NA,1962
5054634,NA,NA,1963
5054635,NA,NA,1962
5054636,NA,NA,1963
5054637,NA,NA,1963
5054638,NA,NA,1962
5054639,NA,NA,1963
5054640,NA,NA,1963
5054641,NA,NA,1962
5054642,NA,NA,1963
5054643,NA,NA,1962
5054645,NA,NA,1962
5054646,NA,NA,1963
5054647,NA,NA,1963
5054648,NA,NA,1963
5054649,NA,NA,1963
5054650,NA,NA,1962
5054651,NA,NA,1963
5054652,NA,NA,1963
5054653,NA,NA,1963
5054654,NA,NA,1963
5054655,NA,NA,1963
5054656,NA,NA,1962
5054657,NA,NA,1962
5054658,NA,NA,1963
5054659,NA,NA,1962
5054660,NA,NA,1963
5054661,NA,NA,1962
5054662,NA,NA,1963
5054663,NA,NA,1958
5054664,NA,NA,1962
5054665,NA,NA,1962
5054666,NA,NA,1963
5054667,NA,NA,1963
5054668,NA,NA,1963
5054669,NA,NA,1963
5054670,NA,NA,1963
5054671,NA,NA,1962
5054672,NA,NA,1963
5054673,NA,NA,1963
5054674,NA,NA,1962
5054675,NA,NA,1963
5054676,NA,NA,1963
5054677,NA,NA,1963
5054679,NA,NA,1958
5054680,NA,NA,1962
5054681,NA,NA,1962
5054682,NA,NA,1962
5054683,NA,NA,1962
5054684,NA,NA,1963
5054685,NA,NA,1963
5054686,NA,NA,1963
5054687,NA,NA,1962
5054688,NA,NA,1963
5054689,NA,NA,1962
5054690,NA,NA,1963
5054691,NA,NA,1963
5054692,NA,NA,1963
5054693,NA,NA,1963
5054694,NA,NA,1962
5054695,NA,NA,1963
5054696,NA,NA,1963
5054697,NA,NA,1963
5054698,NA,NA,1963
5054699,NA,NA,1963
5054700,NA,NA,1963
5054701,NA,NA,1963
5054702,NA,NA,1963
5054703,NA,NA,1963
5054704,NA,NA,1963
5054705,NA,NA,1958
5054706,NA,NA,1963
5054707,NA,NA,1963
5054708,NA,NA,1963
5054709,NA,NA,1963
5054710,NA,NA,1963
5054711,NA,NA,1963
5054712,NA,NA,1963
5054714,NA,NA,1963
5054715,NA,NA,1962
5054716,NA,NA,1962
5054717,NA,NA,1962
5054718,NA,NA,1963
5054719,NA,NA,1963
5054720,NA,NA,1963
5054721,NA,NA,1963
5054722,NA,NA,1962
5054723,NA,NA,1963
5054724,NA,NA,1962
5054725,NA,NA,1963
5054726,NA,NA,1963
5054727,NA,NA,1962
5054728,NA,NA,1963
5054729,NA,NA,1963
5054730,NA,NA,1962
5054731,NA,NA,1962
5054732,NA,NA,1963
5054746,NA,NA,1963
5054748,NA,NA,1963
5054749,NA,NA,1963
5054751,NA,NA,1963
5054753,NA,NA,1963
5054755,NA,NA,1963
5054758,NA,NA,1963
5054760,NA,NA,1963
5054763,NA,NA,1963
5054767,NA,NA,1963
5054769,NA,NA,1962
5054770,NA,NA,1962
5054771,NA,NA,1962
5072003,NA,NA,1975
5072006,NA,NA,1975
5072009,NA,NA,1975
5072010,NA,NA,1975
5072011,NA,NA,1975
5072012,NA,NA,1975
5072013,NA,NA,1975
5072019,NA,NA,1975
5072021,NA,NA,1975
5072022,NA,NA,1975
5072023,NA,NA,1975
5072027,NA,NA,1975
5072031,NA,NA,1975
5072035,NA,NA,1975
5072036,NA,NA,1975
5072037,NA,NA,1975
5072040,NA,NA,1975
5072041,NA,NA,1975
5072046,NA,NA,1975
5072048,NA,NA,1975
5072049,NA,NA,1975
5072051,NA,NA,1975
5072052,NA,NA,1975
5072055,NA,NA,1975
5072056,NA,NA,1975
5072058,NA,NA,1975
5072062,NA,NA,1975
5072063,NA,NA,1975
5072065,NA,NA,1975
5072066,NA,NA,1975
5072067,NA,NA,1975
5072068,NA,NA,1975
5072070,NA,NA,1975
5072071,NA,NA,1975
5072072,NA,NA,1975
5072074,NA,NA,1975
5072076,NA,NA,1975
5072079,NA,NA,1975
5072080,NA,NA,1975
5072082,NA,NA,1975
5072083,NA,NA,1975
5072085,NA,NA,1975
5072088,NA,NA,1975
5072092,NA,NA,1975
5072099,NA,NA,1975
5072103,NA,NA,1975
5072106,NA,NA,1975
5072107,NA,NA,1975
5072109,NA,NA,1975
5072110,NA,NA,1975
5072111,NA,NA,1975
5072112,NA,NA,1975
5072114,NA,NA,1975
5072116,NA,NA,1975
5072118,NA,NA,1975
5072120,NA,NA,1975
5072122,NA,NA,1975
5072123,NA,NA,1975
5072124,NA,NA,1975
5072126,NA,NA,1975
5072130,NA,NA,1975
5072132,NA,NA,1975
5072135,NA,NA,1975
5072136,NA,NA,1975
5072138,NA,NA,1975
5072140,NA,NA,1975
5072141,NA,NA,1975
5072143,NA,NA,1975
5072144,NA,NA,1975
5072145,NA,NA,1975
5072150,NA,NA,1975
5072151,NA,NA,1975
5072152,NA,NA,1975
5072160,NA,NA,1975
5072165,NA,NA,1975
5072166,NA,NA,1975
5072168,NA,NA,1975
5072169,NA,NA,1975
5072170,NA,NA,1975
5072173,NA,NA,1975
5072174,NA,NA,1963
5072175,NA,NA,1975
5072180,NA,NA,1975
5072181,NA,NA,1975
5072184,NA,NA,1975
5072185,NA,NA,1975
5072186,NA,NA,1975
5072187,NA,NA,1975
5072188,NA,NA,1975
5072189,NA,NA,1975
5072190,NA,NA,1975
5072193,NA,NA,1975
5072194,NA,NA,1975
5072196,NA,NA,1975
5072197,NA,NA,1975
5072199,NA,NA,1975
5072200,NA,NA,1975
5072201,NA,NA,1975
5072202,NA,NA,1975
5072204,NA,NA,1975
5072206,NA,NA,1975
5072211,NA,NA,1975
5072213,NA,NA,1975
5072216,NA,NA,1975
5072219,NA,NA,1975
5072222,NA,NA,1975
5072224,NA,NA,1975
5072226,NA,NA,1975
5072229,NA,NA,1975
5072230,NA,NA,1975
5072234,NA,NA,1975
5072236,NA,NA,1975
5072237,NA,NA,1975
5072242,NA,NA,1975
5072245,NA,NA,1975
5072246,NA,NA,1975
5072247,NA,NA,1975
5072248,NA,NA,1975
5072249,NA,NA,1975
5072251,NA,NA,1975
5072256,NA,NA,1975
5072257,NA,NA,1975
5072258,NA,NA,1975
5072259,NA,NA,1975
5072260,NA,NA,1975
5072264,NA,NA,1975
5072266,NA,NA,1975
5072267,NA,NA,1975
5072269,NA,NA,1975
5072271,NA,NA,1975
5072272,NA,NA,1975
5072274,NA,NA,1975
5072277,NA,NA,1975
5072279,NA,NA,1975
5072282,NA,NA,1975
5072285,NA,NA,1975
5072287,NA,NA,1975
5072288,NA,NA,1975
5072290,NA,NA,1975
5072291,NA,NA,1975
5072293,NA,NA,1975
5072294,NA,NA,1975
5072295,NA,NA,1975
5072300,NA,NA,1975
5072303,NA,NA,1975
5072304,NA,NA,1975
5072305,NA,NA,1975
5072306,NA,NA,1975
5072308,NA,NA,1975
5072309,NA,NA,1975
5072312,NA,NA,1975
5072316,NA,NA,1975
5072321,NA,NA,1975
5072323,NA,NA,1975
5072328,NA,NA,1975
5072331,NA,NA,1975
5072332,NA,NA,1975
5072333,NA,NA,1975
5072334,NA,NA,1975
5072335,NA,NA,1975
5072338,NA,NA,1975
5072340,NA,NA,1963
5072342,NA,NA,1975
5072344,NA,NA,1975
5072345,NA,NA,1975
5072348,NA,NA,1975
5072349,NA,NA,1975
5072352,NA,NA,1975
5072353,NA,NA,1975
5072358,NA,NA,1975
5072367,NA,NA,1975
5072372,NA,NA,1975
5072374,NA,NA,1975
5072376,NA,NA,1975
5072379,NA,NA,1975
5072380,NA,NA,1975
5072381,NA,NA,1975
5072385,NA,NA,1975
5072387,NA,NA,1975
5072390,NA,NA,1975
5072392,NA,NA,1975
5072394,NA,NA,1975
5072395,NA,NA,1975
5072397,NA,NA,1975
5072399,NA,NA,1975
5072407,NA,NA,1975
5072412,NA,NA,1975
5072413,NA,NA,1975
5072414,NA,NA,1975
5072416,NA,NA,1975
5072417,NA,NA,1975
5072418,NA,NA,1975
5072419,NA,NA,1975
5072420,NA,NA,1975
5072422,NA,NA,1975
5072423,NA,NA,1975
5072430,NA,NA,1975
5072431,NA,NA,1975
5072435,NA,NA,1975
5072437,NA,NA,1975
5072440,NA,NA,1975
5072442,NA,NA,1975
5072445,NA,NA,1975
5072449,NA,NA,1975
5072450,NA,NA,1975
5072453,NA,NA,1975
5072464,NA,NA,1975
5072465,NA,NA,1975
5072467,NA,NA,1975
5072470,NA,NA,1975
5072472,NA,NA,1975
5072474,NA,NA,1975
5072482,NA,NA,1975
5072487,NA,NA,1975
5072488,NA,NA,1975
5072490,NA,NA,1975
5072491,NA,NA,1975
5072492,NA,NA,1975
5072493,NA,NA,1975
5072495,NA,NA,1975
5072496,NA,NA,1975
5072497,NA,NA,1975
5072499,NA,NA,1975
5072501,NA,NA,1975
5072505,NA,NA,1975
5072507,NA,NA,1975
5072510,NA,NA,1975
5072520,NA,NA,1975
5072521,NA,NA,1975
5072522,NA,NA,1975
5072524,NA,NA,1975
5072525,NA,NA,1975
5072531,NA,NA,1975
5072532,NA,NA,1975
5072536,NA,NA,1975
5072537,NA,NA,1975
5072539,NA,NA,1975
5072540,NA,NA,1975
5072543,NA,NA,1975
5072546,NA,NA,1975
5072548,NA,NA,1975
5072551,NA,NA,1975
5072553,NA,NA,1975
5072555,NA,NA,1975
5072561,NA,NA,1975
5072562,NA,NA,1975
5072563,NA,NA,1975
5072569,NA,NA,1976
5072570,NA,NA,1975
5072573,NA,NA,1975
5072575,NA,NA,1975
5072577,NA,NA,1975
5072578,NA,NA,1975
5072580,NA,NA,1975
5072582,NA,NA,1975
5072583,NA,NA,1975
5072584,NA,NA,1975
5072588,NA,NA,1975
5072589,NA,NA,1975
5072590,NA,NA,1975
5072591,NA,NA,1975
5072592,NA,NA,1975
5072593,NA,NA,1975
5072594,NA,NA,1975
5072596,NA,NA,1975
5072597,NA,NA,1975
5072600,NA,NA,1975
5072602,NA,NA,1975
5072603,NA,NA,1975
5072605,NA,NA,1975
5072608,NA,NA,1975
5072610,NA,NA,1975
5072611,NA,NA,1975
5072612,NA,NA,1975
5072618,NA,NA,1975
5072623,NA,NA,1975
5072624,NA,NA,1975
5072625,NA,NA,1975
5072627,NA,NA,1975
5072628,NA,NA,1975
5072629,NA,NA,1975
5072632,NA,NA,1975
5072633,NA,NA,1975
5072634,NA,NA,1975
5072637,NA,NA,1975
5072641,NA,NA,1975
5072642,NA,NA,1975
5072643,NA,NA,1975
5072644,NA,NA,1975
5072645,NA,NA,1975
5072648,NA,NA,1975
5072650,NA,NA,1975
5072652,NA,NA,1975
5072653,NA,NA,1975
5072656,NA,NA,1975
5072657,NA,NA,1975
5072658,NA,NA,1975
5072660,NA,NA,1975
5072665,NA,NA,1975
5072666,NA,NA,1975
5072668,NA,NA,1975
5072669,NA,NA,1975
5072671,NA,NA,1975
5072677,NA,NA,1975
5072680,NA,NA,1975
5072681,NA,NA,1975
5072685,NA,NA,1975
5072687,NA,NA,1975
5072689,NA,NA,1975
5072690,NA,NA,1975
5072691,NA,NA,1975
5072696,NA,NA,1975
5072698,NA,NA,1975
5072700,NA,NA,1975
5072703,NA,NA,1975
5072705,NA,NA,1975
5072706,NA,NA,1975
5072712,NA,NA,1975
5072713,NA,NA,1975
5072714,NA,NA,1975
5072716,NA,NA,1975
5072718,NA,NA,1975
5072719,NA,NA,1975
5072720,NA,NA,1975
5072722,NA,NA,1975
5072723,NA,NA,1975
5072725,NA,NA,1975
5072732,NA,NA,1975
5072736,NA,NA,1975
5072738,NA,NA,1975
5072739,NA,NA,1975
5072740,NA,NA,1975
5072741,NA,NA,1975
5072744,NA,NA,1975
5072745,NA,NA,1975
5072748,NA,NA,1975
5072749,NA,NA,1975
5072750,NA,NA,1975
5072752,NA,NA,1975
5072755,NA,NA,1975
5072756,NA,NA,1975
5072758,NA,NA,1975
5072760,NA,NA,1975
5072761,NA,NA,1975
5072762,NA,NA,1975
5072764,NA,NA,1975
5072765,NA,NA,1975
5072766,NA,NA,1975
5072768,NA,NA,1975
5072772,NA,NA,1975
5072773,NA,NA,1975
5072774,NA,NA,1975
5072780,NA,NA,1975
5072781,NA,NA,1975
5072783,NA,NA,1975
5072785,NA,NA,1975
5072786,NA,NA,1975
5072787,NA,NA,1975
5072789,NA,NA,1975
5072790,NA,NA,1975
5072796,NA,NA,1975
5072797,NA,NA,1975
5072798,NA,NA,1975
5072800,NA,NA,1975
5072802,NA,NA,1975
5072803,NA,NA,1975
5072807,NA,NA,1975
5072811,NA,NA,1975
5072816,NA,NA,1975
5072818,NA,NA,1975
5072819,NA,NA,1975
5072823,NA,NA,1975
5072826,NA,NA,1975
5072827,NA,NA,1975
5072832,NA,NA,1975
5072834,NA,NA,1975
5072836,NA,NA,1975
5072837,NA,NA,1975
5072838,NA,NA,1975
5072844,NA,NA,1975
5072846,NA,NA,1975
5072847,NA,NA,1975
5072848,NA,NA,1975
5072849,NA,NA,1975
5072850,NA,NA,1975
5072851,NA,NA,1962
5072852,NA,NA,1963
5072854,NA,NA,1958
5072856,NA,NA,1975
5072862,NA,NA,1963
5072863,NA,NA,1963
5072864,NA,NA,1958
5072865,NA,NA,1963
5072866,NA,NA,1963
5072867,NA,NA,1962
5072869,NA,NA,1963
5072870,NA,NA,1975
5072871,NA,NA,1963
5072872,NA,NA,1975
5072874,NA,NA,1962
5072876,NA,NA,1963
5072877,NA,NA,1963
5072878,NA,NA,1962
5072879,NA,NA,1963
5072880,NA,NA,1963
5072901,NA,NA,1963
5072903,NA,NA,1963
5072904,NA,NA,1963
5072905,NA,NA,1958
5072906,NA,NA,1963
5072907,NA,NA,1962
5072908,NA,NA,1963
5072909,NA,NA,1963
5072910,NA,NA,1963
5072911,NA,NA,1963
5072912,NA,NA,1963
5072913,NA,NA,1962
5072914,NA,NA,1963
5072917,NA,NA,1963
5072918,NA,NA,1963
5072919,NA,NA,1962
5072920,NA,NA,1962
5072921,NA,NA,1972
5072922,NA,NA,1963
5072923,NA,NA,1963
5072924,NA,NA,1963
5072925,NA,NA,1963
5072926,NA,NA,1963
5072927,NA,NA,1963
5072928,NA,NA,1962
5072929,NA,NA,1958
5072930,NA,NA,1963
5072931,NA,NA,1958
5072932,NA,NA,1958
5072933,NA,NA,1963
5072934,NA,NA,1963
5072935,NA,NA,1963
5072936,NA,NA,1963
5072938,NA,NA,1963
5072939,NA,NA,1962
5072940,NA,NA,1963
5072941,NA,NA,1963
5072942,NA,NA,1962
5072943,NA,NA,1962
5072944,NA,NA,1963
5072946,NA,NA,1963
5072947,NA,NA,1963
5072948,NA,NA,1963
5072949,NA,NA,1963
5072950,NA,NA,1963
5072952,NA,NA,1963
5072953,NA,NA,1963
5072954,NA,NA,1963
5072955,NA,NA,1963
5072956,NA,NA,1962
5072957,NA,NA,1963
5072958,NA,NA,1962
5072959,NA,NA,1963
5072960,NA,NA,1963
5072961,NA,NA,1963
5072962,NA,NA,1962
5072963,NA,NA,1963
5072964,NA,NA,1963
5072965,NA,NA,1963
5072966,NA,NA,1963
5072967,NA,NA,1963
5072968,NA,NA,1963
5072969,NA,NA,1963
5072970,NA,NA,1963
5072971,NA,NA,1963
5072972,NA,NA,1963
5072973,NA,NA,1963
5072974,NA,NA,1963
5072975,NA,NA,1958
5072977,NA,NA,1962
5072979,NA,NA,1963
5072980,NA,NA,1963
5072981,NA,NA,1963
5072982,NA,NA,1963
5072983,NA,NA,1963
5072984,NA,NA,1962
5072985,NA,NA,1962
5072986,NA,NA,1958
5072987,NA,NA,1963
5072988,NA,NA,1962
5072989,NA,NA,1963
5072990,NA,NA,1958
5072991,NA,NA,1963
5072992,NA,NA,1958
5072994,NA,NA,1963
5072995,NA,NA,1963
5072996,NA,NA,1963
5072997,NA,NA,1972
5072998,NA,NA,1962
5072999,NA,NA,1962
5073000,NA,NA,1958
5077508,NA,NA,1976
5077509,NA,NA,1976
5077510,NA,NA,1976
5077512,NA,NA,1976
5077514,NA,NA,1976
5077518,NA,NA,1976
5077519,NA,NA,1976
5077528,NA,NA,1976
5077533,NA,NA,1976
5077534,NA,NA,1976
5077536,NA,NA,1976
5077538,NA,NA,1976
5077541,NA,NA,1976
5077542,NA,NA,1976
5077549,NA,NA,1976
5077550,NA,NA,1976
5077551,NA,NA,1976
5077552,NA,NA,1976
5077553,NA,NA,1976
5077555,NA,NA,1976
5077556,NA,NA,1976
5077562,NA,NA,1976
5077564,NA,NA,1976
5077573,NA,NA,1976
5077575,NA,NA,1976
5077576,NA,NA,1976
5077578,NA,NA,1976
5077580,NA,NA,1976
5077583,NA,NA,1976
5077587,NA,NA,1976
5077589,NA,NA,1976
5077592,NA,NA,1976
5077594,NA,NA,1976
5077597,NA,NA,1976
5077600,NA,NA,1976
5077603,NA,NA,1976
5077606,NA,NA,1976
5077607,NA,NA,1976
5077608,NA,NA,1976
5077611,NA,NA,1976
5077614,NA,NA,1976
5077617,NA,NA,1976
5077620,NA,NA,1976
5077621,NA,NA,1976
5077622,NA,NA,1976
5077625,NA,NA,1976
5077627,NA,NA,1976
5077630,NA,NA,1976
5077633,NA,NA,1976
5077642,NA,NA,1976
5077644,NA,NA,1976
5077648,NA,NA,1976
5077654,NA,NA,1976
5077656,NA,NA,1976
5077657,NA,NA,1976
5077660,NA,NA,1976
5077661,NA,NA,1976
5077663,NA,NA,1976
5077667,NA,NA,1976
5077673,NA,NA,1976
5077675,NA,NA,1976
5077676,NA,NA,1976
5077679,NA,NA,1976
5077682,NA,NA,1976
5077684,NA,NA,1976
5077688,NA,NA,1976
5077690,NA,NA,1976
5077692,NA,NA,1976
5077693,NA,NA,1976
5077694,NA,NA,1976
5077695,NA,NA,1976
5077696,NA,NA,1976
5077698,NA,NA,1976
5077700,NA,NA,1976
5077701,NA,NA,1976
5077704,NA,NA,1976
5077705,NA,NA,1976
5077707,NA,NA,1976
5077709,NA,NA,1976
5077710,NA,NA,1976
5077711,NA,NA,1976
5077713,NA,NA,1976
5077714,NA,NA,1976
5077717,NA,NA,1976
5077721,NA,NA,1976
5077726,NA,NA,1976
5077728,NA,NA,1976
5077730,NA,NA,1976
5077731,NA,NA,1976
5077740,NA,NA,1976
5077742,NA,NA,1976
5077746,NA,NA,1976
5077748,NA,NA,1976
5077750,NA,NA,1976
5077752,NA,NA,1976
5077753,NA,NA,1976
5077755,NA,NA,1976
5077757,NA,NA,1976
5077759,NA,NA,1976
5077763,NA,NA,1976
5077765,NA,NA,1976
5077766,NA,NA,1976
5077772,NA,NA,1976
5077773,NA,NA,1976
5077774,NA,NA,1976
5077776,NA,NA,1976
5077777,NA,NA,1976
5077779,NA,NA,1976
5077782,NA,NA,1976
5077783,NA,NA,1976
5077788,NA,NA,1976
5077790,NA,NA,1976
5077791,NA,NA,1976
5077792,NA,NA,1976
5077794,NA,NA,1976
5077795,NA,NA,1976
5077797,NA,NA,1976
5077799,NA,NA,1976
5077801,NA,NA,1976
5077802,NA,NA,1976
5077804,NA,NA,1976
5077806,NA,NA,1976
5077807,NA,NA,1976
5077808,NA,NA,1976
5077810,NA,NA,1976
5077812,NA,NA,1976
5077813,NA,NA,1976
5077815,NA,NA,1976
5077816,NA,NA,1976
5077818,NA,NA,1976
5077820,NA,NA,1976
5077821,NA,NA,1976
5077822,NA,NA,1976
5077825,NA,NA,1976
5077828,NA,NA,1976
5077841,NA,NA,1976
5077842,NA,NA,1976
5077843,NA,NA,1976
5077845,NA,NA,1976
5077846,NA,NA,1976
5077851,NA,NA,1976
5077854,NA,NA,1976
5077855,NA,NA,1976
5077858,NA,NA,1976
5077859,NA,NA,1976
5077861,NA,NA,1976
5077862,NA,NA,1976
5077863,NA,NA,1976
5077865,NA,NA,1976
5077866,NA,NA,1976
5077867,NA,NA,1973
5077868,NA,NA,1976
5077869,NA,NA,1976
5077871,NA,NA,1976
5077873,NA,NA,1976
5077876,NA,NA,1976
5077877,NA,NA,1976
5077879,NA,NA,1976
5077880,NA,NA,1976
5077882,NA,NA,1976
5077883,NA,NA,1976
5077884,NA,NA,1976
5077886,NA,NA,1976
5077890,NA,NA,1976
5077893,NA,NA,1976
5077894,NA,NA,1976
5077896,NA,NA,1976
5077899,NA,NA,1976
5077900,NA,NA,1976
5077903,NA,NA,1976
5077908,NA,NA,1976
5077916,NA,NA,1976
5077917,NA,NA,1976
5077919,NA,NA,1976
5077922,NA,NA,1976
5077923,NA,NA,1976
5077927,NA,NA,1976
5077929,NA,NA,1976
5077930,NA,NA,1976
5077931,NA,NA,1976
5077935,NA,NA,1976
5077937,NA,NA,1976
5077939,NA,NA,1976
5077940,NA,NA,1976
5077941,NA,NA,1976
5077945,NA,NA,1976
5077948,NA,NA,1976
5077950,NA,NA,1976
5077955,NA,NA,1976
5077957,NA,NA,1976
5077959,NA,NA,1976
5077962,NA,NA,1976
5077963,NA,NA,1976
5077964,NA,NA,1976
5077968,NA,NA,1976
5077969,NA,NA,1976
5077971,NA,NA,1976
5077972,NA,NA,1976
5077976,NA,NA,1976
5077981,NA,NA,1976
5077983,NA,NA,1976
5077984,NA,NA,1976
5077985,NA,NA,1976
5077989,NA,NA,1976
5077993,NA,NA,1976
5077995,NA,NA,1976
5077998,NA,NA,1976
5078001,NA,NA,1976
5078004,NA,NA,1976
5078005,NA,NA,1976
5078006,NA,NA,1976
5078011,NA,NA,1976
5078014,NA,NA,1976
5078017,NA,NA,1976
5078020,NA,NA,1976
5078025,NA,NA,1976
5078026,NA,NA,1976
5078032,NA,NA,1976
5078040,NA,NA,1976
5078041,NA,NA,1976
5078043,NA,NA,1976
5078049,NA,NA,1976
5078051,NA,NA,1976
5078055,NA,NA,1976
5078056,NA,NA,1976
5078057,NA,NA,1976
5078060,NA,NA,1976
5078061,NA,NA,1976
5078062,NA,NA,1976
5078063,NA,NA,1976
5078064,NA,NA,1976
5078067,NA,NA,1976
5078069,NA,NA,1976
5078071,NA,NA,1976
5078082,NA,NA,1976
5078086,NA,NA,1976
5078087,NA,NA,1976
5078090,NA,NA,1976
5078092,NA,NA,1976
5078093,NA,NA,1976
5078095,NA,NA,1976
5078096,NA,NA,1976
5078097,NA,NA,1976
5078103,NA,NA,1976
5078104,NA,NA,1976
5078105,NA,NA,1976
5078108,NA,NA,1976
5078109,NA,NA,1976
5078110,NA,NA,1976
5078114,NA,NA,1976
5078115,NA,NA,1976
5078116,NA,NA,1976
5078117,NA,NA,1976
5078118,NA,NA,1976
5078120,NA,NA,1976
5078121,NA,NA,1976
5078128,NA,NA,1976
5078131,NA,NA,1976
5078132,NA,NA,1976
5078135,NA,NA,1976
5078137,NA,NA,1976
5078141,NA,NA,1976
5078148,NA,NA,1976
5078150,NA,NA,1976
5078162,NA,NA,1976
5078165,NA,NA,1976
5078166,NA,NA,1976
5078167,NA,NA,1976
5078169,NA,NA,1976
5078170,NA,NA,1976
5078171,NA,NA,1976
5078174,NA,NA,1976
5078175,NA,NA,1976
5078181,NA,NA,1976
5078182,NA,NA,1976
5078186,NA,NA,1976
5078187,NA,NA,1976
5078190,NA,NA,1976
5078193,NA,NA,1976
5078194,NA,NA,1976
5078196,NA,NA,1976
5078204,NA,NA,1976
5078205,NA,NA,1976
5078206,NA,NA,1976
5078207,NA,NA,1976
5078209,NA,NA,1976
5078210,NA,NA,1976
5078213,NA,NA,1976
5078215,NA,NA,1976
5078216,NA,NA,1976
5078217,NA,NA,1976
5078219,NA,NA,1976
5078220,NA,NA,1976
5078230,NA,NA,1976
5078231,NA,NA,1976
5078233,NA,NA,1976
5078235,NA,NA,1976
5078237,NA,NA,1976
5078240,NA,NA,1976
5078244,NA,NA,1976
5078246,NA,NA,1976
5078248,NA,NA,1976
5078250,NA,NA,1976
5078251,NA,NA,1976
5078252,NA,NA,1976
5078253,NA,NA,1976
5078255,NA,NA,1976
5078256,NA,NA,1976
5078257,NA,NA,1976
5078263,NA,NA,1976
5078266,NA,NA,1976
5078268,NA,NA,1976
5078272,NA,NA,1976
5078273,NA,NA,1976
5078274,NA,NA,1976
5078279,NA,NA,1976
5078280,NA,NA,1976
5078285,NA,NA,1976
5078286,NA,NA,1976
5078288,NA,NA,1976
5078290,NA,NA,1976
5078291,NA,NA,1976
5078294,NA,NA,1976
5078295,NA,NA,1976
5078296,NA,NA,1976
5078298,NA,NA,1976
5078299,NA,NA,1976
5078300,NA,NA,1976
5078301,NA,NA,1976
5078305,NA,NA,1976
5078308,NA,NA,1976
5078314,NA,NA,1976
5078315,NA,NA,1976
5078316,NA,NA,1976
5078318,NA,NA,1976
5078321,NA,NA,1976
5078322,NA,NA,1976
5078324,NA,NA,1976
5078325,NA,NA,1976
5078327,NA,NA,1976
5078328,NA,NA,1976
5078330,NA,NA,1976
5078332,NA,NA,1976
5078338,NA,NA,1976
5078339,NA,NA,1976
5078340,NA,NA,1976
5078343,NA,NA,1976
5078344,NA,NA,1976
5078346,NA,NA,1976
5078348,NA,NA,1976
5078350,NA,NA,1976
5078351,NA,NA,1976
5078352,NA,NA,1976
5078355,NA,NA,1976
5078356,NA,NA,1976
5078361,NA,NA,1976
5078362,NA,NA,1963
5078363,NA,NA,1958
5078364,NA,NA,1958
5078365,NA,NA,1962
5078366,NA,NA,1963
5078367,NA,NA,1962
5078368,NA,NA,1963
5078369,NA,NA,1958
5078371,NA,NA,1963
5078372,NA,NA,1962
5078373,NA,NA,1963
5078374,NA,NA,1958
5078375,NA,NA,1958
5078376,NA,NA,1963
5078377,NA,NA,1963
5078378,NA,NA,1963
5078379,NA,NA,1963
5078380,NA,NA,1963
5078382,NA,NA,1963
5078383,NA,NA,1963
5078384,NA,NA,1963
5078385,NA,NA,1958
5078386,NA,NA,1963
5078387,NA,NA,1958
5078388,NA,NA,1962
5078389,NA,NA,1972
5078390,NA,NA,1962
5078391,NA,NA,1972
5078392,NA,NA,1972
5078394,NA,NA,1963
5078395,NA,NA,1972
5078396,NA,NA,1962
5078397,NA,NA,1963
5078398,NA,NA,1973
5078399,NA,NA,1963
5078400,NA,NA,1972
5078401,NA,NA,1963
5078402,NA,NA,1958
5078403,NA,NA,1963
5078404,NA,NA,1963
5078405,NA,NA,1963
5078406,NA,NA,1963
5078407,NA,NA,1958
5078408,NA,NA,1958
5078410,NA,NA,1962
5078411,NA,NA,1958
5078412,NA,NA,1963
5078413,NA,NA,1963
5078414,NA,NA,1963
5078415,NA,NA,1963
5078416,NA,NA,1958
5078417,NA,NA,1963
5078418,NA,NA,1963
5078419,NA,NA,1963
5078420,NA,NA,1963
5078421,NA,NA,1962
5078422,NA,NA,1963
5078423,NA,NA,1963
5078424,NA,NA,1962
5078426,NA,NA,1958
5078427,NA,NA,1958
5078428,NA,NA,1963
5078429,NA,NA,1958
5078430,NA,NA,1958
5078431,NA,NA,1963
5078432,NA,NA,1962
5078433,NA,NA,1958
5078436,NA,NA,1958
5078437,NA,NA,1962
5078438,NA,NA,1963
5078439,NA,NA,1958
5078440,NA,NA,1963
5078441,NA,NA,1962
5078442,NA,NA,1963
5078443,NA,NA,1963
5078444,NA,NA,1963
5078445,NA,NA,1962
5078446,NA,NA,1963
5078448,NA,NA,1963
5078449,NA,NA,1962
5078450,NA,NA,1962
5078451,NA,NA,1963
5078452,NA,NA,1972
5078453,NA,NA,1963
5078454,NA,NA,1962
5078455,NA,NA,1972
5078456,NA,NA,1963
5078458,NA,NA,1963
5078460,NA,NA,1963
5078461,NA,NA,1963
5078462,NA,NA,1963
5078463,NA,NA,1963
5078464,NA,NA,1963
5078465,NA,NA,1962
5078466,NA,NA,1963
5078467,NA,NA,1962
5078468,NA,NA,1963
5078469,NA,NA,1963
5078470,NA,NA,1958
5078471,NA,NA,1962
5078472,NA,NA,1958
5078473,NA,NA,1958
5078474,NA,NA,1963
5078475,NA,NA,1963
5078476,NA,NA,1963
5078477,NA,NA,1963
5078478,NA,NA,1963
5078479,NA,NA,1962
5078480,NA,NA,1958
5078481,NA,NA,1963
5078482,NA,NA,1963
5078483,NA,NA,1962
5078484,NA,NA,1962
5078485,NA,NA,1958
5078486,NA,NA,1962
5078487,NA,NA,1963
5078488,NA,NA,1962
5078489,NA,NA,1962
5078490,NA,NA,1958
5078491,NA,NA,1963
5078492,NA,NA,1963
5078493,NA,NA,1962
5078494,NA,NA,1958
5078495,NA,NA,1963
5078496,NA,NA,1963
5078497,NA,NA,1962
5078498,NA,NA,1962
5078499,NA,NA,1962
5078500,NA,NA,1962
5078566,NA,NA,1963
5078567,NA,NA,1963
5078568,NA,NA,1963
5078569,NA,NA,1963
5078570,NA,NA,1963
5078571,NA,NA,1972
5078572,NA,NA,1972
5078573,NA,NA,1972
5078574,NA,NA,1972
5078575,NA,NA,1972
5078576,NA,NA,1973
5078577,NA,NA,1972
5078578,NA,NA,1972
5078579,NA,NA,1963
5079012,NA,NA,1963
5079013,NA,NA,1972
5079015,NA,NA,1972
5079032,NA,NA,1972
5079033,NA,NA,1962
5079034,NA,NA,1972
5079035,NA,NA,1972
5079036,NA,NA,1972
5079038,NA,NA,1977
5079039,NA,NA,1977
5079040,NA,NA,1977
5079041,NA,NA,1977
5079045,NA,NA,1977
5079046,NA,NA,1977
5079047,NA,NA,1977
5079048,NA,NA,1977
5079049,NA,NA,1977
5079050,NA,NA,1977
5079053,NA,NA,1977
5079054,NA,NA,1977
5079057,NA,NA,1977
5079059,NA,NA,1977
5079060,NA,NA,1977
5079061,NA,NA,1977
5079066,NA,NA,1977
5079067,NA,NA,1977
5079069,NA,NA,1977
5079071,NA,NA,1977
5079073,NA,NA,1977
5079074,NA,NA,1977
5079076,NA,NA,1977
5079077,NA,NA,1977
5079079,NA,NA,1977
5079083,NA,NA,1977
5079086,NA,NA,1977
5079091,NA,NA,1977
5079092,NA,NA,1977
5079095,NA,NA,1977
5079096,NA,NA,1977
5079097,NA,NA,1977
5079098,NA,NA,1977
5079099,NA,NA,1977
5079102,NA,NA,1977
5079104,NA,NA,1977
5079109,NA,NA,1977
5079110,NA,NA,1977
5079111,NA,NA,1977
5079113,NA,NA,1977
5079114,NA,NA,1977
5079115,NA,NA,1977
5079118,NA,NA,1977
5079122,NA,NA,1977
5079123,NA,NA,1977
5079124,NA,NA,1977
5079127,NA,NA,1977
5079128,NA,NA,1977
5079130,NA,NA,1977
5079132,NA,NA,1977
5079134,NA,NA,1977
5079135,NA,NA,1977
5079144,NA,NA,1977
5079146,NA,NA,1977
5079147,NA,NA,1977
5079148,NA,NA,1977
5079151,NA,NA,1977
5079155,NA,NA,1977
5079156,NA,NA,1977
5079162,NA,NA,1977
5079164,NA,NA,1977
5079165,NA,NA,1977
5079166,NA,NA,1977
5079168,NA,NA,1977
5079175,NA,NA,1977
5079177,NA,NA,1977
5079180,NA,NA,1977
5079183,NA,NA,1977
5079184,NA,NA,1977
5079187,NA,NA,1977
5079189,NA,NA,1977
5079193,NA,NA,1977
5079194,NA,NA,1977
5079195,NA,NA,1977
5079197,NA,NA,1977
5079199,NA,NA,1977
5079200,NA,NA,1977
5079204,NA,NA,1977
5079206,NA,NA,1977
5079207,NA,NA,1977
5079208,NA,NA,1977
5079209,NA,NA,1977
5079210,NA,NA,1977
5079211,NA,NA,1977
5079213,NA,NA,1977
5079214,NA,NA,1977
5079215,NA,NA,1977
5079216,NA,NA,1977
5079217,NA,NA,1977
5079218,NA,NA,1977
5079219,NA,NA,1977
5079220,NA,NA,1977
5079221,NA,NA,1977
5079222,NA,NA,1977
5079223,NA,NA,1977
5079226,NA,NA,1977
5079227,NA,NA,1977
5079229,NA,NA,1977
5079230,NA,NA,1977
5079231,NA,NA,1977
5079233,NA,NA,1977
5079234,NA,NA,1977
5079235,NA,NA,1977
5079237,NA,NA,1977
5079239,NA,NA,1977
5079241,NA,NA,1977
5079242,NA,NA,1977
5079244,NA,NA,1977
5079246,NA,NA,1977
5079247,NA,NA,1977
5079248,NA,NA,1977
5079251,NA,NA,1977
5079252,NA,NA,1977
5079254,NA,NA,1977
5079255,NA,NA,1977
5079256,NA,NA,1977
5079259,NA,NA,1977
5079260,NA,NA,1977
5079261,NA,NA,1977
5079265,NA,NA,1977
5079267,NA,NA,1977
5079270,NA,NA,1977
5079271,NA,NA,1977
5079273,NA,NA,1977
5079274,NA,NA,1977
5079277,NA,NA,1977
5079283,NA,NA,1977
5079285,NA,NA,1977
5079287,NA,NA,1977
5079288,NA,NA,1977
5079289,NA,NA,1977
5079290,NA,NA,1977
5079291,NA,NA,1977
5079299,NA,NA,1977
5079300,NA,NA,1977
5079303,NA,NA,1977
5079305,NA,NA,1977
5079307,NA,NA,1977
5079308,NA,NA,1977
5079309,NA,NA,1977
5079310,NA,NA,1977
5079312,NA,NA,1977
5079315,NA,NA,1977
5079319,NA,NA,1977
5079320,NA,NA,1977
5079322,NA,NA,1977
5079324,NA,NA,1977
5079325,NA,NA,1977
5079327,NA,NA,1977
5079331,NA,NA,1977
5079332,NA,NA,1977
5079333,NA,NA,1977
5079338,NA,NA,1977
5079339,NA,NA,1977
5079340,NA,NA,1977
5079341,NA,NA,1977
5079344,NA,NA,1977
5079347,NA,NA,1977
5079350,NA,NA,1977
5079355,NA,NA,1977
5079361,NA,NA,1977
5079362,NA,NA,1977
5079367,NA,NA,1977
5079368,NA,NA,1977
5079369,NA,NA,1977
5079370,NA,NA,1977
5079372,NA,NA,1977
5079373,NA,NA,1977
5079378,NA,NA,1977
5079380,NA,NA,1977
5079382,NA,NA,1977
5079387,NA,NA,1977
5079388,NA,NA,1977
5079389,NA,NA,1977
5079391,NA,NA,1977
5079392,NA,NA,1977
5079393,NA,NA,1977
5079397,NA,NA,1977
5079398,NA,NA,1977
5079399,NA,NA,1977
5079400,NA,NA,1977
5079402,NA,NA,1977
5079404,NA,NA,1977
5079405,NA,NA,1977
5079406,NA,NA,1977
5079407,NA,NA,1977
5079408,NA,NA,1977
5079409,NA,NA,1977
5079411,NA,NA,1977
5079412,NA,NA,1977
5079413,NA,NA,1977
5079414,NA,NA,1977
5079415,NA,NA,1977
5079419,NA,NA,1977
5079423,NA,NA,1977
5079425,NA,NA,1977
5079427,NA,NA,1977
5079429,NA,NA,1977
5079430,NA,NA,1977
5079432,NA,NA,1977
5079433,NA,NA,1977
5079434,NA,NA,1977
5079436,NA,NA,1977
5079439,NA,NA,1977
5079442,NA,NA,1977
5079444,NA,NA,1977
5079447,NA,NA,1977
5079453,NA,NA,1977
5079454,NA,NA,1977
5079456,NA,NA,1977
5079460,NA,NA,1977
5079461,NA,NA,1977
5079466,NA,NA,1977
5079471,NA,NA,1977
5079473,NA,NA,1977
5079475,NA,NA,1977
5079482,NA,NA,1977
5079483,NA,NA,1977
5079484,NA,NA,1977
5079490,NA,NA,1977
5079497,NA,NA,1977
5079498,NA,NA,1977
5079499,NA,NA,1977
5080001,NA,NA,1977
5080005,NA,NA,1977
5080013,NA,NA,1977
5080015,NA,NA,1977
5080016,NA,NA,1977
5080021,NA,NA,1977
5080022,NA,NA,1977
5080025,NA,NA,1977
5080026,NA,NA,1977
5080027,NA,NA,1977
5080029,NA,NA,1977
5080030,NA,NA,1977
5080035,NA,NA,1977
5080037,NA,NA,1977
5080041,NA,NA,1977
5080042,NA,NA,1977
5080044,NA,NA,1977
5080046,NA,NA,1977
5080049,NA,NA,1977
5080051,NA,NA,1977
5080053,NA,NA,1977
5080054,NA,NA,1977
5080064,NA,NA,1977
5080069,NA,NA,1977
5080073,NA,NA,1977
5080075,NA,NA,1977
5080076,NA,NA,1977
5080078,NA,NA,1962
5080081,NA,NA,1977
5080082,NA,NA,1977
5080084,NA,NA,1977
5080086,NA,NA,1977
5080087,NA,NA,1977
5080088,NA,NA,1977
5080089,NA,NA,1977
5080092,NA,NA,1977
5080093,NA,NA,1977
5080094,NA,NA,1977
5080095,NA,NA,1977
5080100,NA,NA,1977
5080102,NA,NA,1977
5080104,NA,NA,1977
5080107,NA,NA,1977
5080112,NA,NA,1977
5080114,NA,NA,1977
5080116,NA,NA,1977
5080118,NA,NA,1977
5080120,NA,NA,1977
5080123,NA,NA,1977
5080124,NA,NA,1977
5080125,NA,NA,1977
5080128,NA,NA,1977
5080131,NA,NA,1977
5080134,NA,NA,1977
5080135,NA,NA,1977
5080138,NA,NA,1977
5080139,NA,NA,1977
5080141,NA,NA,1977
5080142,NA,NA,1977
5080143,NA,NA,1977
5080146,NA,NA,1977
5080148,NA,NA,1977
5080150,NA,NA,1977
5080154,NA,NA,1977
5080158,NA,NA,1977
5080159,NA,NA,1977
5080160,NA,NA,1977
5080162,NA,NA,1977
5080163,NA,NA,1977
5080165,NA,NA,1977
5080169,NA,NA,1977
5080171,NA,NA,1977
5080172,NA,NA,1977
5080173,NA,NA,1977
5080174,NA,NA,1977
5080178,NA,NA,1977
5080179,NA,NA,1977
5080180,NA,NA,1977
5080181,NA,NA,1977
5080184,NA,NA,1977
5080185,NA,NA,1977
5080186,NA,NA,1977
5080188,NA,NA,1977
5080190,NA,NA,1977
5080195,NA,NA,1977
5080200,NA,NA,1977
5080202,NA,NA,1977
5080203,NA,NA,1977
5080211,NA,NA,1977
5080212,NA,NA,1977
5080217,NA,NA,1977
5080219,NA,NA,1977
5080225,NA,NA,1977
5080228,NA,NA,1977
5080230,NA,NA,1977
5080232,NA,NA,1977
5080234,NA,NA,1977
5080235,NA,NA,1977
5080240,NA,NA,1977
5080241,NA,NA,1977
5080242,NA,NA,1977
5080243,NA,NA,1977
5080245,NA,NA,1977
5080246,NA,NA,1977
5080247,NA,NA,1977
5080248,NA,NA,1977
5080250,NA,NA,1977
5080251,NA,NA,1977
5080254,NA,NA,1977
5080259,NA,NA,1977
5080262,NA,NA,1977
5080266,NA,NA,1977
5080271,NA,NA,1977
5080273,NA,NA,1977
5080276,NA,NA,1977
5080277,NA,NA,1977
5080283,NA,NA,1977
5080284,NA,NA,1977
5080286,NA,NA,1977
5080288,NA,NA,1977
5080290,NA,NA,1977
5080291,NA,NA,1977
5080293,NA,NA,1977
5080296,NA,NA,1977
5080297,NA,NA,1977
5080300,NA,NA,1977
5080301,NA,NA,1977
5080302,NA,NA,1977
5080306,NA,NA,1977
5080310,NA,NA,1977
5080312,NA,NA,1977
5080316,NA,NA,1977
5080322,NA,NA,1977
5080324,NA,NA,1977
5080325,NA,NA,1977
5080327,NA,NA,1977
5080329,NA,NA,1977
5080330,NA,NA,1963
5080333,NA,NA,1977
5080334,NA,NA,1977
5080338,NA,NA,1977
5080342,NA,NA,1977
5080346,NA,NA,1963
5080348,NA,NA,1977
5080349,NA,NA,1977
5080355,NA,NA,1977
5080356,NA,NA,1977
5080361,NA,NA,1963
5080362,NA,NA,1958
5080363,NA,NA,1963
5080364,NA,NA,1963
5080365,NA,NA,1958
5080366,NA,NA,1963
5080367,NA,NA,1962
5080368,NA,NA,1963
5080369,NA,NA,1972
5080370,NA,NA,1972
5080371,NA,NA,1962
5080372,NA,NA,1977
5080373,NA,NA,1963
5080374,NA,NA,1963
5080375,NA,NA,1963
5080376,NA,NA,1963
5080377,NA,NA,1963
5080379,NA,NA,1972
5080381,NA,NA,1962
5080382,NA,NA,1963
5080383,NA,NA,1963
5080384,NA,NA,1963
5080385,NA,NA,1963
5080386,NA,NA,1958
5080387,NA,NA,1972
5080388,NA,NA,1972
5080390,NA,NA,1963
5080391,NA,NA,1958
5080393,NA,NA,1963
5080394,NA,NA,1963
5080396,NA,NA,1963
5080397,NA,NA,1972
5080398,NA,NA,1972
5080399,NA,NA,1973
5087801,NA,NA,1972
5087802,NA,NA,1963
5087803,NA,NA,1963
5087804,NA,NA,1972
5087805,NA,NA,1972
5087806,NA,NA,1972
5087807,NA,NA,1972
5087809,NA,NA,1972
5087810,NA,NA,1963
5087811,NA,NA,1963
5087812,NA,NA,1963
5087813,NA,NA,1972
5087814,NA,NA,1963
5087815,NA,NA,1962
5087816,NA,NA,1962
5087817,NA,NA,1972
5087818,NA,NA,1958
5087819,NA,NA,1963
5087820,NA,NA,1972
5087821,NA,NA,1963
5087822,NA,NA,1962
5087823,NA,NA,1963
5087824,NA,NA,1963
5087826,NA,NA,1978
5087827,NA,NA,1978
5087828,NA,NA,1978
5087830,NA,NA,1978
5087831,NA,NA,1962
5087832,NA,NA,1963
5087833,NA,NA,1962
5087835,NA,NA,1963
5087836,NA,NA,1972
5087837,NA,NA,1972
5087839,NA,NA,1972
5087841,NA,NA,1962
5087842,NA,NA,1973
5087843,NA,NA,1958
5087844,NA,NA,1963
5087845,NA,NA,1972
5087846,NA,NA,1972
5087847,NA,NA,1972
5087848,NA,NA,1972
5087849,NA,NA,1972
5087850,NA,NA,1973
5087851,NA,NA,1973
5087857,NA,NA,1972
5087861,NA,NA,1973
5087862,NA,NA,1972
5087863,NA,NA,1972
5087864,NA,NA,1972
5087865,NA,NA,1972
5087866,NA,NA,1972
5087868,NA,NA,1963
5087869,NA,NA,1973
5087870,NA,NA,1973
5090340,NA,NA,1977
5092066,NA,NA,1962
5092101,NA,NA,1963
5092103,NA,NA,1972
5092104,NA,NA,1972
5092106,NA,NA,1972
5092107,NA,NA,1973
5092108,NA,NA,1972
5092109,NA,NA,1972
5092110,NA,NA,1972
5092111,NA,NA,1972
5092112,NA,NA,1963
5092113,NA,NA,1972
5092114,NA,NA,1972
5092115,NA,NA,1958
5092116,NA,NA,1972
5092117,NA,NA,1972
5092118,NA,NA,1972
5092121,NA,NA,1972
5092122,NA,NA,1963
5092123,NA,NA,1963
5092124,NA,NA,1973
5092125,NA,NA,1972
5092126,NA,NA,1972
5092127,NA,NA,1972
5092128,NA,NA,1972
5092129,NA,NA,1972
5092131,NA,NA,1972
5092132,NA,NA,1972
5092133,NA,NA,1975
5092134,NA,NA,1972
5092135,NA,NA,1973
5092136,NA,NA,1972
5092137,NA,NA,1972
5092138,NA,NA,1972
5092139,NA,NA,1972
5092140,NA,NA,1972
5092141,NA,NA,1972
5092142,NA,NA,1972
5092144,NA,NA,1972
5092145,NA,NA,1972
5092146,NA,NA,1963
5092147,NA,NA,1972
5092148,NA,NA,1972
5092149,NA,NA,1972
5092150,NA,NA,1972
5092193,NA,NA,1972
5092249,NA,NA,1972
5092253,NA,NA,1978
5092254,NA,NA,1978
5092257,NA,NA,1978
5092258,NA,NA,1978
5092259,NA,NA,1978
5092261,NA,NA,1978
5092264,NA,NA,1978
5092267,NA,NA,1963
5092270,NA,NA,1978
5092272,NA,NA,1978
5092274,NA,NA,1978
5092275,NA,NA,1978
5092279,NA,NA,1972
5092280,NA,NA,1972
5092282,NA,NA,1972
5092286,NA,NA,1972
5092287,NA,NA,1972
5092288,NA,NA,1972
5092289,NA,NA,1972
5092290,NA,NA,1973
5092291,NA,NA,1963
5092293,NA,NA,1972
5092294,NA,NA,1963
5092295,NA,NA,1972
5092296,NA,NA,1973
5092297,NA,NA,1972
5092298,NA,NA,1972
5092299,NA,NA,1962
5092300,NA,NA,1972
5092301,NA,NA,1972
5092302,NA,NA,1962
5092303,NA,NA,1963
5092304,NA,NA,1972
5092311,NA,NA,1972
5092312,NA,NA,1973
5092313,NA,NA,1972
5092314,NA,NA,1972
5092316,NA,NA,1973
5092423,NA,NA,1972
5092503,NA,NA,1978
5092505,NA,NA,1978
5092506,NA,NA,1978
5092507,NA,NA,1978
5092508,NA,NA,1978
5092509,NA,NA,1978
5092515,NA,NA,1978
5092516,NA,NA,1978
5092523,NA,NA,1978
5092525,NA,NA,1978
5092526,NA,NA,1978
5092527,NA,NA,1978
5092531,NA,NA,1978
5092533,NA,NA,1978
5092535,NA,NA,1978
5092537,NA,NA,1978
5092538,NA,NA,1978
5092539,NA,NA,1978
5092543,NA,NA,1978
5092544,NA,NA,1978
5092545,NA,NA,1978
5092547,NA,NA,1978
5092548,NA,NA,1978
5092550,NA,NA,1978
5092552,NA,NA,1978
5092553,NA,NA,1978
5092555,NA,NA,1978
5092563,NA,NA,1978
5092565,NA,NA,1978
5092567,NA,NA,1978
5092569,NA,NA,1978
5092570,NA,NA,1972
5092572,NA,NA,1978
5092575,NA,NA,1978
5092583,NA,NA,1978
5092588,NA,NA,1978
5092589,NA,NA,1978
5092590,NA,NA,1978
5092595,NA,NA,1978
5092596,NA,NA,1978
5092597,NA,NA,1978
5092598,NA,NA,1978
5092599,NA,NA,1978
5092600,NA,NA,1978
5092601,NA,NA,1978
5092603,NA,NA,1978
5092605,NA,NA,1978
5092606,NA,NA,1978
5092609,NA,NA,1978
5092615,NA,NA,1978
5092617,NA,NA,1978
5092618,NA,NA,1978
5092622,NA,NA,1978
5092624,NA,NA,1978
5092625,NA,NA,1978
5092626,NA,NA,1978
5092628,NA,NA,1978
5092632,NA,NA,1978
5092633,NA,NA,1978
5092634,NA,NA,1978
5092638,NA,NA,1978
5092640,NA,NA,1978
5092642,NA,NA,1978
5092644,NA,NA,1978
5092647,NA,NA,1978
5092648,NA,NA,1978
5092651,NA,NA,1978
5092655,NA,NA,1978
5092656,NA,NA,1978
5092660,NA,NA,1978
5092662,NA,NA,1978
5092663,NA,NA,1978
5092664,NA,NA,1978
5092665,NA,NA,1978
5092667,NA,NA,1978
5092668,NA,NA,1978
5092669,NA,NA,1978
5092670,NA,NA,1978
5092672,NA,NA,1978
5092673,NA,NA,1978
5092675,NA,NA,1978
5092678,NA,NA,1978
5092679,NA,NA,1978
5092681,NA,NA,1978
5092682,NA,NA,1978
5092684,NA,NA,1978
5092685,NA,NA,1978
5092689,NA,NA,1978
5092690,NA,NA,1978
5092691,NA,NA,1978
5092699,NA,NA,1978
5092703,NA,NA,1978
5092704,NA,NA,1978
5092705,NA,NA,1978
5092710,NA,NA,1978
5092711,NA,NA,1978
5092714,NA,NA,1978
5092715,NA,NA,1978
5092716,NA,NA,1978
5092717,NA,NA,1978
5092720,NA,NA,1978
5092722,NA,NA,1978
5092723,NA,NA,1978
5092724,NA,NA,1978
5092727,NA,NA,1978
5092731,NA,NA,1978
5092732,NA,NA,1978
5092734,NA,NA,1978
5092736,NA,NA,1978
5092737,NA,NA,1978
5092739,NA,NA,1978
5092741,NA,NA,1978
5092743,NA,NA,1978
5092745,NA,NA,1978
5092749,NA,NA,1978
5092751,NA,NA,1978
5092752,NA,NA,1978
5092753,NA,NA,1978
5092756,NA,NA,1978
5092757,NA,NA,1978
5092763,NA,NA,1978
5092764,NA,NA,1978
5092765,NA,NA,1978
5092766,NA,NA,1978
5092768,NA,NA,1978
5092769,NA,NA,1978
5092770,NA,NA,1978
5092771,NA,NA,1978
5092773,NA,NA,1978
5092775,NA,NA,1978
5092777,NA,NA,1978
5092779,NA,NA,1978
5092780,NA,NA,1978
5092783,NA,NA,1978
5092784,NA,NA,1978
5092785,NA,NA,1978
5092786,NA,NA,1978
5092789,NA,NA,1978
5092790,NA,NA,1978
5092791,NA,NA,1978
5092792,NA,NA,1978
5092793,NA,NA,1978
5092796,NA,NA,1978
5092797,NA,NA,1978
5092798,NA,NA,1978
5092801,NA,NA,1978
5092802,NA,NA,1978
5092804,NA,NA,1978
5092808,NA,NA,1978
5092815,NA,NA,1978
5092817,NA,NA,1978
5092819,NA,NA,1978
5092820,NA,NA,1978
5092828,NA,NA,1978
5092834,NA,NA,1978
5092836,NA,NA,1978
5092837,NA,NA,1978
5092843,NA,NA,1978
5092844,NA,NA,1978
5092851,NA,NA,1978
5092856,NA,NA,1978
5092857,NA,NA,1978
5092860,NA,NA,1978
5092866,NA,NA,1978
5092867,NA,NA,1978
5092868,NA,NA,1978
5092869,NA,NA,1978
5092870,NA,NA,1978
5092871,NA,NA,1978
5092875,NA,NA,1978
5092876,NA,NA,1978
5092877,NA,NA,1978
5092878,NA,NA,1978
5092881,NA,NA,1978
5092882,NA,NA,1978
5092885,NA,NA,1978
5092889,NA,NA,1978
5092892,NA,NA,1978
5092894,NA,NA,1978
5092896,NA,NA,1978
5092897,NA,NA,1978
5092898,NA,NA,1978
5092899,NA,NA,1978
5092900,NA,NA,1978
5092901,NA,NA,1978
5092902,NA,NA,1978
5092906,NA,NA,1978
5092910,NA,NA,1978
5092912,NA,NA,1978
5092915,NA,NA,1978
5092917,NA,NA,1978
5092919,NA,NA,1978
5092924,NA,NA,1978
5092925,NA,NA,1978
5092927,NA,NA,1978
5092929,NA,NA,1978
5092930,NA,NA,1978
5092931,NA,NA,1978
5092932,NA,NA,1978
5092933,NA,NA,1978
5092934,NA,NA,1978
5092938,NA,NA,1978
5092939,NA,NA,1978
5092941,NA,NA,1978
5092947,NA,NA,1978
5092950,NA,NA,1978
5092955,NA,NA,1978
5092961,NA,NA,1978
5092964,NA,NA,1978
5092967,NA,NA,1978
5092969,NA,NA,1978
5092970,NA,NA,1978
5092972,NA,NA,1978
5092973,NA,NA,1978
5092976,NA,NA,1978
5092977,NA,NA,1978
5092979,NA,NA,1978
5092982,NA,NA,1978
5092987,NA,NA,1978
5092988,NA,NA,1978
5092991,NA,NA,1978
5092992,NA,NA,1978
5092998,NA,NA,1978
5092999,NA,NA,1978
5093002,NA,NA,1978
5093006,NA,NA,1978
5093015,NA,NA,1978
5093019,NA,NA,1978
5093020,NA,NA,1978
5093023,NA,NA,1978
5093025,NA,NA,1978
5093027,NA,NA,1978
5093028,NA,NA,1978
5093032,NA,NA,1978
5093033,NA,NA,1978
5093036,NA,NA,1978
5093037,NA,NA,1978
5093038,NA,NA,1978
5093039,NA,NA,1978
5093042,NA,NA,1978
5093043,NA,NA,1978
5093045,NA,NA,1978
5093046,NA,NA,1978
5093048,NA,NA,1978
5093050,NA,NA,1978
5093051,NA,NA,1978
5093054,NA,NA,1978
5093055,NA,NA,1978
5093056,NA,NA,1978
5093058,NA,NA,1978
5093059,NA,NA,1978
5093060,NA,NA,1978
5093061,NA,NA,1978
5093063,NA,NA,1978
5093069,NA,NA,1978
5093070,NA,NA,1978
5093071,NA,NA,1978
5093076,NA,NA,1978
5093077,NA,NA,1978
5093080,NA,NA,1978
5093087,NA,NA,1978
5093088,NA,NA,1978
5093089,NA,NA,1978
5093091,NA,NA,1978
5093092,NA,NA,1978
5093095,NA,NA,1978
5093100,NA,NA,1978
5093101,NA,NA,1978
5093105,NA,NA,1978
5093110,NA,NA,1978
5093111,NA,NA,1978
5093113,NA,NA,1978
5093116,NA,NA,1978
5093120,NA,NA,1978
5093121,NA,NA,1978
5093122,NA,NA,1978
5093124,NA,NA,1978
5093131,NA,NA,1978
5093132,NA,NA,1978
5093146,NA,NA,1978
5093150,NA,NA,1978
5093154,NA,NA,1978
5093155,NA,NA,1978
5093162,NA,NA,1978
5093163,NA,NA,1978
5093166,NA,NA,1978
5093167,NA,NA,1978
5093169,NA,NA,1978
5093170,NA,NA,1978
5093175,NA,NA,1978
5093176,NA,NA,1978
5093183,NA,NA,1978
5093187,NA,NA,1978
5093188,NA,NA,1978
5093194,NA,NA,1978
5093198,NA,NA,1978
5093199,NA,NA,1978
5093201,NA,NA,1978
5093203,NA,NA,1978
5093205,NA,NA,1978
5093207,NA,NA,1978
5093210,NA,NA,1978
5093214,NA,NA,1978
5093219,NA,NA,1978
5093220,NA,NA,1978
5093222,NA,NA,1978
5093223,NA,NA,1978
5093227,NA,NA,1978
5093228,NA,NA,1978
5093230,NA,NA,1978
5093236,NA,NA,1978
5093237,NA,NA,1978
5093238,NA,NA,1978
5093243,NA,NA,1978
5093246,NA,NA,1978
5093247,NA,NA,1978
5093248,NA,NA,1978
5093249,NA,NA,1978
5093251,NA,NA,1978
5093254,NA,NA,1978
5093264,NA,NA,1978
5093266,NA,NA,1978
5093267,NA,NA,1978
5093268,NA,NA,1978
5093269,NA,NA,1978
5093270,NA,NA,1978
5093272,NA,NA,1978
5093273,NA,NA,1978
5093274,NA,NA,1978
5093276,NA,NA,1978
5093277,NA,NA,1978
5093278,NA,NA,1978
5093280,NA,NA,1978
5093281,NA,NA,1978
5093282,NA,NA,1978
5093283,NA,NA,1978
5093286,NA,NA,1978
5093290,NA,NA,1978
5093292,NA,NA,1978
5093294,NA,NA,1978
5093296,NA,NA,1978
5093297,NA,NA,1978
5093298,NA,NA,1978
5093299,NA,NA,1978
5093301,NA,NA,1978
5093306,NA,NA,1978
5093307,NA,NA,1978
5093308,NA,NA,1978
5093317,NA,NA,1978
5093322,NA,NA,1978
5093326,NA,NA,1978
5093329,NA,NA,1978
5093331,NA,NA,1978
5093335,NA,NA,1978
5093337,NA,NA,1978
5093338,NA,NA,1978
5093342,NA,NA,1978
5093345,NA,NA,1978
5093346,NA,NA,1978
5093401,NA,NA,1972
5093419,NA,NA,1972
5093420,NA,NA,1973
5093421,NA,NA,1972
5093422,NA,NA,1972
5093423,NA,NA,1973
5093424,NA,NA,1973
5093425,NA,NA,1973
5093431,NA,NA,1972
5093432,NA,NA,1972
5093433,NA,NA,1972
5093435,NA,NA,1972
5093436,NA,NA,1972
5093437,NA,NA,1972
5093438,NA,NA,1973
5093439,NA,NA,1973
5093440,NA,NA,1972
5093499,NA,NA,1972
5097009,NA,NA,1972
5097018,NA,NA,1972
5097032,NA,NA,1972
5097034,NA,NA,1972
5097037,NA,NA,1972
5097040,NA,NA,1972
5097041,NA,NA,1972
5097046,NA,NA,1980
5097047,NA,NA,1980
5097048,NA,NA,1980
5097049,NA,NA,1980
5097050,NA,NA,1980
5097057,NA,NA,1980
5097058,NA,NA,1980
5097060,NA,NA,1980
5097062,NA,NA,1980
5097076,NA,NA,1980
5097078,NA,NA,1980
5097080,NA,NA,1980
5097083,NA,NA,1980
5097084,NA,NA,1980
5097087,NA,NA,1980
5097088,NA,NA,1980
5097091,NA,NA,1980
5097093,NA,NA,1980
5097095,NA,NA,1980
5097100,NA,NA,1980
5097103,NA,NA,1980
5097108,NA,NA,1980
5097111,NA,NA,1980
5097112,NA,NA,1980
5097116,NA,NA,1980
5097121,NA,NA,1980
5097125,NA,NA,1980
5097126,NA,NA,1980
5097129,NA,NA,1980
5097130,NA,NA,1980
5097132,NA,NA,1980
5097134,NA,NA,1980
5097138,NA,NA,1980
5097139,NA,NA,1980
5097143,NA,NA,1980
5097144,NA,NA,1980
5097145,NA,NA,1980
5097146,NA,NA,1980
5097148,NA,NA,1980
5097150,NA,NA,1980
5097155,NA,NA,1980
5097157,NA,NA,1980
5097161,NA,NA,1980
5097162,NA,NA,1980
5097164,NA,NA,1980
5097171,NA,NA,1980
5097172,NA,NA,1980
5097173,NA,NA,1980
5097176,NA,NA,1980
5097178,NA,NA,1980
5097180,NA,NA,1980
5097182,NA,NA,1980
5097185,NA,NA,1980
5097186,NA,NA,1980
5097189,NA,NA,1980
5097193,NA,NA,1980
5097194,NA,NA,1980
5097195,NA,NA,1980
5097196,NA,NA,1980
5097199,NA,NA,1980
5097200,NA,NA,1980
5097204,NA,NA,1980
5097205,NA,NA,1980
5097206,NA,NA,1980
5097211,NA,NA,1980
5097213,NA,NA,1980
5097214,NA,NA,1980
5097216,NA,NA,1980
5097217,NA,NA,1980
5097219,NA,NA,1980
5097220,NA,NA,1980
5097221,NA,NA,1980
5097222,NA,NA,1980
5097227,NA,NA,1980
5097229,NA,NA,1980
5097230,NA,NA,1980
5097232,NA,NA,1980
5097234,NA,NA,1980
5097238,NA,NA,1980
5097240,NA,NA,1980
5097245,NA,NA,1980
5097246,NA,NA,1980
5097248,NA,NA,1980
5097249,NA,NA,1980
5097254,NA,NA,1980
5097256,NA,NA,1980
5097257,NA,NA,1980
5097258,NA,NA,1980
5097259,NA,NA,1980
5097260,NA,NA,1980
5097261,NA,NA,1980
5097269,NA,NA,1980
5097270,NA,NA,1980
5097275,NA,NA,1980
5097277,NA,NA,1980
5097286,NA,NA,1980
5097289,NA,NA,1980
5097291,NA,NA,1980
5097292,NA,NA,1980
5097298,NA,NA,1980
5097300,NA,NA,1980
5097302,NA,NA,1980
5097303,NA,NA,1980
5097304,NA,NA,1980
5097306,NA,NA,1980
5097307,NA,NA,1980
5097309,NA,NA,1980
5097310,NA,NA,1980
5097314,NA,NA,1980
5097320,NA,NA,1980
5097321,NA,NA,1980
5097322,NA,NA,1980
5097323,NA,NA,1980
5097324,NA,NA,1980
5097326,NA,NA,1980
5097331,NA,NA,1980
5097332,NA,NA,1980
5097335,NA,NA,1980
5097337,NA,NA,1980
5097339,NA,NA,1980
5097341,NA,NA,1980
5097347,NA,NA,1980
5097348,NA,NA,1980
5097358,NA,NA,1980
5097359,NA,NA,1980
5097365,NA,NA,1980
5097367,NA,NA,1980
5097368,NA,NA,1980
5097370,NA,NA,1980
5097372,NA,NA,1980
5097373,NA,NA,1980
5097374,NA,NA,1980
5097377,NA,NA,1980
5097378,NA,NA,1980
5097383,NA,NA,1980
5097387,NA,NA,1980
5097390,NA,NA,1980
5097396,NA,NA,1980
5097399,NA,NA,1980
5097403,NA,NA,1980
5097404,NA,NA,1980
5097417,NA,NA,1980
5097418,NA,NA,1980
5097429,NA,NA,1980
5097431,NA,NA,1980
5097432,NA,NA,1980
5097433,NA,NA,1980
5097436,NA,NA,1980
5097439,NA,NA,1980
5097441,NA,NA,1980
5097442,NA,NA,1980
5097447,NA,NA,1980
5097450,NA,NA,1980
5097452,NA,NA,1980
5097460,NA,NA,1980
5097464,NA,NA,1980
5097465,NA,NA,1980
5097467,NA,NA,1980
5097468,NA,NA,1980
5097469,NA,NA,1980
5097473,NA,NA,1980
5097476,NA,NA,1980
5097479,NA,NA,1980
5097480,NA,NA,1980
5097481,NA,NA,1980
5097484,NA,NA,1980
5097486,NA,NA,1980
5097488,NA,NA,1980
5097491,NA,NA,1980
5097498,NA,NA,1980
5097503,NA,NA,1980
5097514,NA,NA,1980
5097516,NA,NA,1980
5097521,NA,NA,1980
5097522,NA,NA,1980
5097524,NA,NA,1980
5097533,NA,NA,1980
5097537,NA,NA,1980
5097539,NA,NA,1980
5097540,NA,NA,1980
5097541,NA,NA,1980
5097543,NA,NA,1980
5097546,NA,NA,1980
5097547,NA,NA,1980
5097549,NA,NA,1980
5097552,NA,NA,1980
5097555,NA,NA,1980
5097561,NA,NA,1980
5097562,NA,NA,1980
5097563,NA,NA,1980
5097565,NA,NA,1980
5097568,NA,NA,1980
5097572,NA,NA,1980
5097576,NA,NA,1980
5097577,NA,NA,1980
5097585,NA,NA,1980
5097586,NA,NA,1980
5097587,NA,NA,1980
5097588,NA,NA,1980
5097591,NA,NA,1980
5097592,NA,NA,1980
5097595,NA,NA,1980
5097596,NA,NA,1980
5097600,NA,NA,1980
5097602,NA,NA,1980
5097603,NA,NA,1980
5097606,NA,NA,1980
5097607,NA,NA,1980
5097608,NA,NA,1980
5097614,NA,NA,1980
5097615,NA,NA,1980
5097617,NA,NA,1980
5097618,NA,NA,1980
5097619,NA,NA,1980
5097622,NA,NA,1980
5097624,NA,NA,1980
5097626,NA,NA,1980
5097627,NA,NA,1980
5097630,NA,NA,1980
5097632,NA,NA,1980
5097634,NA,NA,1980
5097636,NA,NA,1980
5097637,NA,NA,1980
5097642,NA,NA,1980
5097648,NA,NA,1980
5097649,NA,NA,1980
5097654,NA,NA,1980
5097657,NA,NA,1980
5097659,NA,NA,1980
5097660,NA,NA,1980
5097661,NA,NA,1980
5097664,NA,NA,1980
5097665,NA,NA,1980
5097667,NA,NA,1980
5097676,NA,NA,1980
5097679,NA,NA,1980
5097681,NA,NA,1980
5097687,NA,NA,1980
5097688,NA,NA,1980
5097691,NA,NA,1980
5097702,NA,NA,1980
5097710,NA,NA,1980
5097713,NA,NA,1980
5097715,NA,NA,1980
5097717,NA,NA,1980
5097720,NA,NA,1980
5097725,NA,NA,1980
5097726,NA,NA,1980
5097727,NA,NA,1980
5097728,NA,NA,1980
5097730,NA,NA,1980
5097732,NA,NA,1980
5097738,NA,NA,1980
5097741,NA,NA,1980
5097745,NA,NA,1980
5097750,NA,NA,1980
5097751,NA,NA,1980
5097755,NA,NA,1980
5097757,NA,NA,1980
5097758,NA,NA,1980
5097763,NA,NA,1980
5097764,NA,NA,1980
5097771,NA,NA,1980
5097785,NA,NA,1980
5097791,NA,NA,1972
5097899,NA,NA,1972
5097900,NA,NA,1963
5097972,NA,NA,1972
5098040,NA,NA,1981
5098047,NA,NA,1981
5098054,NA,NA,1981
5098057,NA,NA,1981
5098058,NA,NA,1981
5098061,NA,NA,1981
5098063,NA,NA,1981
5098067,NA,NA,1981
5098068,NA,NA,1981
5098070,NA,NA,1981
5098077,NA,NA,1981
5098078,NA,NA,1981
5098083,NA,NA,1981
5098085,NA,NA,1981
5098092,NA,NA,1981
5098093,NA,NA,1981
5098094,NA,NA,1981
5098095,NA,NA,1981
5098097,NA,NA,1981
5098101,NA,NA,1981
5098102,NA,NA,1981
5098103,NA,NA,1981
5098107,NA,NA,1981
5098119,NA,NA,1981
5098122,NA,NA,1981
5098126,NA,NA,1981
5098127,NA,NA,1981
5098129,NA,NA,1981
5098139,NA,NA,1981
5098155,NA,NA,1981
5098166,NA,NA,1981
5098168,NA,NA,1981
5098175,NA,NA,1981
5098183,NA,NA,1981
5098189,NA,NA,1981
5098190,NA,NA,1981
5098204,NA,NA,1981
5098209,NA,NA,1981
5098214,NA,NA,1981
5098224,NA,NA,1981
5098231,NA,NA,1981
5098232,NA,NA,1981
5098233,NA,NA,1981
5098235,NA,NA,1981
5098238,NA,NA,1981
5098239,NA,NA,1981
5098243,NA,NA,1981
5098244,NA,NA,1981
5098248,NA,NA,1981
5098251,NA,NA,1981
5098255,NA,NA,1981
5098256,NA,NA,1981
5098257,NA,NA,1981
5098258,NA,NA,1981
5098259,NA,NA,1981
5098262,NA,NA,1981
5098263,NA,NA,1981
5098267,NA,NA,1981
5098277,NA,NA,1981
5098282,NA,NA,1981
5098286,NA,NA,1981
5098288,NA,NA,1981
5098294,NA,NA,1981
5098295,NA,NA,1981
5098297,NA,NA,1981
5098299,NA,NA,1981
5098301,NA,NA,1981
5098302,NA,NA,1981
5098303,NA,NA,1981
5098305,NA,NA,1981
5098306,NA,NA,1981
5098309,NA,NA,1981
5098311,NA,NA,1981
5098316,NA,NA,1981
5098329,NA,NA,1981
5098330,NA,NA,1981
5098331,NA,NA,1981
5098332,NA,NA,1981
5098335,NA,NA,1981
5098338,NA,NA,1981
5098339,NA,NA,1981
5098340,NA,NA,1981
5098341,NA,NA,1981
5098342,NA,NA,1981
5098343,NA,NA,1981
5098346,NA,NA,1981
5098356,NA,NA,1981
5098359,NA,NA,1981
5098360,NA,NA,1981
5098361,NA,NA,1981
5098364,NA,NA,1981
5098366,NA,NA,1981
5098372,NA,NA,1981
5098375,NA,NA,1981
5098378,NA,NA,1981
5098381,NA,NA,1981
5098386,NA,NA,1981
5098394,NA,NA,1981
5098401,NA,NA,1981
5098402,NA,NA,1981
5098403,NA,NA,1981
5098412,NA,NA,1981
5098415,NA,NA,1981
5098416,NA,NA,1981
5098417,NA,NA,1981
5098419,NA,NA,1981
5098425,NA,NA,1981
5098427,NA,NA,1981
5098430,NA,NA,1981
5098433,NA,NA,1981
5098435,NA,NA,1981
5098438,NA,NA,1981
5098439,NA,NA,1981
5098443,NA,NA,1981
5098445,NA,NA,1981
5098446,NA,NA,1981
5098447,NA,NA,1981
5098454,NA,NA,1981
5098455,NA,NA,1981
5098456,NA,NA,1981
5098457,NA,NA,1981
5098462,NA,NA,1981
5098466,NA,NA,1981
5098468,NA,NA,1981
5098469,NA,NA,1981
5098470,NA,NA,1981
5098474,NA,NA,1981
5098476,NA,NA,1981
5098481,NA,NA,1981
5098482,NA,NA,1981
5098484,NA,NA,1981
5098487,NA,NA,1981
5098488,NA,NA,1981
5098495,NA,NA,1981
5098497,NA,NA,1981
5098498,NA,NA,1981
5098500,NA,NA,1981
5098505,NA,NA,1982
5098507,NA,NA,1982
5098514,NA,NA,1982
5098519,NA,NA,1982
5098530,NA,NA,1981
5098533,NA,NA,1982
5098536,NA,NA,1982
5098539,NA,NA,1982
5098540,NA,NA,1982
5098541,NA,NA,1982
5098546,NA,NA,1982
5098548,NA,NA,1982
5098550,NA,NA,1982
5098551,NA,NA,1982
5098552,NA,NA,1982
5098564,NA,NA,1982
5098568,NA,NA,1982
5098570,NA,NA,1982
5098573,NA,NA,1982
5098580,NA,NA,1982
5098587,NA,NA,1982
5098591,NA,NA,1982
5098594,NA,NA,1982
5098597,NA,NA,1982
5098600,NA,NA,1982
5098608,NA,NA,1982
5098609,NA,NA,1982
5098612,NA,NA,1982
5098615,NA,NA,1982
5098618,NA,NA,1982
5098619,NA,NA,1982
5098620,NA,NA,1982
5098623,NA,NA,1982
5098628,NA,NA,1982
5098632,NA,NA,1982
5098633,NA,NA,1981
5098637,NA,NA,1982
5098638,NA,NA,1982
5098640,NA,NA,1982
5098644,NA,NA,1982
5098648,NA,NA,1982
5098651,NA,NA,1982
5098654,NA,NA,1982
5098655,NA,NA,1981
5098659,NA,NA,1982
5098661,NA,NA,1982
5098664,NA,NA,1982
5098667,NA,NA,1982
5098670,NA,NA,1982
5098672,NA,NA,1982
5098676,NA,NA,1982
5098679,NA,NA,1982
5098680,NA,NA,1982
5098682,NA,NA,1982
5098684,NA,NA,1982
5098688,NA,NA,1982
5098689,NA,NA,1982
5098694,NA,NA,1982
5098699,NA,NA,1982
5098700,NA,NA,1982
5098705,NA,NA,1982
5098706,NA,NA,1982
5098707,NA,NA,1982
5098709,NA,NA,1982
5098726,NA,NA,1982
5098729,NA,NA,1982
5098737,NA,NA,1982
5098738,NA,NA,1982
5098740,NA,NA,1982
5098744,NA,NA,1982
5098745,NA,NA,1982
5098749,NA,NA,1982
5098752,NA,NA,1982
5098757,NA,NA,1982
5098759,NA,NA,1982
5098763,NA,NA,1982
5098765,NA,NA,1982
5098767,NA,NA,1982
5098769,NA,NA,1982
5098778,NA,NA,1982
5098779,NA,NA,1982
5098784,NA,NA,1982
5098785,NA,NA,1982
5098786,NA,NA,1982
5098787,NA,NA,1982
5098788,NA,NA,1982
5098790,NA,NA,1982
5098798,NA,NA,1981
5098805,NA,NA,1981
5098810,NA,NA,1982
5098811,NA,NA,1983
5098819,NA,NA,1982
5098821,NA,NA,1981
5098823,NA,NA,1982
5098827,NA,NA,1982
5098831,NA,NA,1982
5098832,NA,NA,1981
5098836,NA,NA,1982
5098843,NA,NA,1982
5098846,NA,NA,1981
5098847,NA,NA,1982
5098850,NA,NA,1982
5098854,NA,NA,1982
5098856,NA,NA,1982
5098857,NA,NA,1982
5098860,NA,NA,1982
5098861,NA,NA,1982
5098862,NA,NA,1982
5098863,NA,NA,1982
5098864,NA,NA,1982
5098867,NA,NA,1982
5098868,NA,NA,1982
5098869,NA,NA,1982
5098871,NA,NA,1982
5098875,NA,NA,1982
5098884,NA,NA,1982
5098886,NA,NA,1982
5098892,NA,NA,1981
5098895,NA,NA,1982
5098896,NA,NA,1982
5098897,NA,NA,1982
5098898,NA,NA,1982
5098899,NA,NA,1981
5098900,NA,NA,1982
5098908,NA,NA,1982
5098909,NA,NA,1982
5098910,NA,NA,1982
5098914,NA,NA,1982
5098918,NA,NA,1982
5098919,NA,NA,1982
5098920,NA,NA,1982
5098921,NA,NA,1982
5098923,NA,NA,1982
5098925,NA,NA,1982
5098928,NA,NA,1982
5098938,NA,NA,1982
5098942,NA,NA,1982
5098945,NA,NA,1982
5098953,NA,NA,1982
5098960,NA,NA,1982
5098962,NA,NA,1982
5098964,NA,NA,1982
5098966,NA,NA,1982
5098967,NA,NA,1982
5098969,NA,NA,1982
5098971,NA,NA,1982
5098972,NA,NA,1982
5098973,NA,NA,1982
5098974,NA,NA,1982
5098975,NA,NA,1982
5098981,NA,NA,1982
5098982,NA,NA,1982
5098984,NA,NA,1982
5098986,NA,NA,1982
5098987,NA,NA,1982
5098993,NA,NA,1982
5098994,NA,NA,1982
5098995,NA,NA,1982
5098998,NA,NA,1982
5098999,NA,NA,1982
5099000,NA,NA,1982
5099238,NA,NA,1977
5108507,NA,NA,1981
5108514,NA,NA,1981
5108516,NA,NA,1981
5108517,NA,NA,1981
5108519,NA,NA,1981
5108521,NA,NA,1981
5108529,NA,NA,1981
5108531,NA,NA,1981
5108532,NA,NA,1982
5108543,NA,NA,1981
5108549,NA,NA,1981
5108550,NA,NA,1981
5108561,NA,NA,1981
5108562,NA,NA,1981
5108563,NA,NA,1981
5108564,NA,NA,1981
5108565,NA,NA,1981
5108566,NA,NA,1981
5108567,NA,NA,1982
5108569,NA,NA,1981
5108576,NA,NA,1981
5108579,NA,NA,1981
5108583,NA,NA,1981
5108585,NA,NA,1981
5108587,NA,NA,1981
5108588,NA,NA,1981
5108589,NA,NA,1981
5108593,NA,NA,1981
5108598,NA,NA,1981
5108600,NA,NA,1981
5108601,NA,NA,1981
5108610,NA,NA,1981
5108614,NA,NA,1981
5108621,NA,NA,1981
5108623,NA,NA,1981
5108630,NA,NA,1981
5108634,NA,NA,1981
5108635,NA,NA,1981
5108636,NA,NA,1981
5108644,NA,NA,1981
5108645,NA,NA,1981
5108646,NA,NA,1981
5108651,NA,NA,1981
5108654,NA,NA,1981
5108655,NA,NA,1981
5108658,NA,NA,1981
5108659,NA,NA,1981
5108660,NA,NA,1981
5108663,NA,NA,1981
5108665,NA,NA,1981
5108666,NA,NA,1981
5108668,NA,NA,1981
5108672,NA,NA,1981
5108673,NA,NA,1981
5108674,NA,NA,1981
5108675,NA,NA,1981
5108677,NA,NA,1981
5108684,NA,NA,1981
5108691,NA,NA,1981
5108692,NA,NA,1981
5108693,NA,NA,1981
5108695,NA,NA,1981
5108697,NA,NA,1981
5108698,NA,NA,1981
5108702,NA,NA,1981
5108703,NA,NA,1981
5108704,NA,NA,1981
5108705,NA,NA,1981
5108707,NA,NA,1981
5108709,NA,NA,1981
5108712,NA,NA,1981
5108719,NA,NA,1981
5108722,NA,NA,1981
5108726,NA,NA,1981
5108727,NA,NA,1981
5108731,NA,NA,1981
5108733,NA,NA,1981
5108736,NA,NA,1981
5108740,NA,NA,1981
5108742,NA,NA,1981
5108743,NA,NA,1981
5108746,NA,NA,1981
5108748,NA,NA,1981
5108751,NA,NA,1981
5108752,NA,NA,1981
5108754,NA,NA,1981
5108770,NA,NA,1981
5108774,NA,NA,1981
5108775,NA,NA,1981
5108776,NA,NA,1981
5108777,NA,NA,1981
5108787,NA,NA,1981
5108789,NA,NA,1981
5108790,NA,NA,1981
5108802,NA,NA,1981
5108806,NA,NA,1981
5108811,NA,NA,1981
5108818,NA,NA,1981
5108819,NA,NA,1981
5108821,NA,NA,1981
5108826,NA,NA,1981
5108830,NA,NA,1981
5108832,NA,NA,1981
5108834,NA,NA,1981
5108839,NA,NA,1981
5108842,NA,NA,1981
5108846,NA,NA,1981
5108847,NA,NA,1981
5108850,NA,NA,1981
5108851,NA,NA,1981
5108854,NA,NA,1981
5108856,NA,NA,1981
5108857,NA,NA,1981
5108858,NA,NA,1981
5108862,NA,NA,1981
5108868,NA,NA,1981
5108871,NA,NA,1981
5108876,NA,NA,1981
5108878,NA,NA,1981
5108882,NA,NA,1981
5108883,NA,NA,1981
5108885,NA,NA,1981
5108887,NA,NA,1981
5108889,NA,NA,1981
5108890,NA,NA,1981
5108892,NA,NA,1981
5108895,NA,NA,1981
5108899,NA,NA,1981
5108904,NA,NA,1981
5108907,NA,NA,1981
5108909,NA,NA,1981
5108910,NA,NA,1981
5108912,NA,NA,1981
5108916,NA,NA,1981
5108920,NA,NA,1981
5108921,NA,NA,1981
5108922,NA,NA,1982
5108923,NA,NA,1981
5108924,NA,NA,1981
5108926,NA,NA,1981
5108927,NA,NA,1981
5108935,NA,NA,1981
5108936,NA,NA,1981
5108938,NA,NA,1981
5108943,NA,NA,1983
5108946,NA,NA,1981
5109037,NA,NA,1982
5109057,NA,NA,1972
5109092,NA,NA,1973
5109101,NA,NA,1982
5109102,NA,NA,1982
5109108,NA,NA,1982
5109113,NA,NA,1982
5109114,NA,NA,1982
5109121,NA,NA,1982
5109122,NA,NA,1982
5109126,NA,NA,1982
5109135,NA,NA,1982
5109136,NA,NA,1982
5109137,NA,NA,1982
5109141,NA,NA,1982
5109144,NA,NA,1982
5109147,NA,NA,1982
5109149,NA,NA,1982
5109150,NA,NA,1982
5109153,NA,NA,1982
5109155,NA,NA,1982
5109162,NA,NA,1982
5109163,NA,NA,1982
5109175,NA,NA,1982
5109178,NA,NA,1982
5109179,NA,NA,1983
5109181,NA,NA,1982
5109191,NA,NA,1982
5109192,NA,NA,1982
5109193,NA,NA,1982
5109200,NA,NA,1982
5109209,NA,NA,1982
5109210,NA,NA,1982
5109232,NA,NA,1982
5109235,NA,NA,1982
5109236,NA,NA,1982
5109252,NA,NA,1982
5109253,NA,NA,1982
5109256,NA,NA,1982
5109257,NA,NA,1982
5109259,NA,NA,1982
5109260,NA,NA,1982
5109261,NA,NA,1982
5109262,NA,NA,1982
5109263,NA,NA,1982
5109264,NA,NA,1982
5109276,NA,NA,1982
5109278,NA,NA,1982
5109321,NA,NA,1982
5109325,NA,NA,1982
5109331,NA,NA,1982
5109335,NA,NA,1982
5109336,NA,NA,1982
5109339,NA,NA,1982
5109342,NA,NA,1982
5109346,NA,NA,1982
5109348,NA,NA,1982
5109351,NA,NA,1982
5109354,NA,NA,1982
5109355,NA,NA,1982
5109361,NA,NA,1982
5109363,NA,NA,1982
5109365,NA,NA,1982
5109366,NA,NA,1982
5109367,NA,NA,1982
5109369,NA,NA,1982
5109382,NA,NA,1982
5109383,NA,NA,1982
5109387,NA,NA,1982
5109390,NA,NA,1982
5109393,NA,NA,1982
5109396,NA,NA,1982
5109400,NA,NA,1982
5109408,NA,NA,1982
5109409,NA,NA,1982
5109418,NA,NA,1982
5109427,NA,NA,1982
5109428,NA,NA,1982
5109429,NA,NA,1982
5109430,NA,NA,1982
5109431,NA,NA,1982
5109432,NA,NA,1982
5109434,NA,NA,1982
5109439,NA,NA,1982
5109444,NA,NA,1982
5109450,NA,NA,1982
5109457,NA,NA,1982
5109460,NA,NA,1982
5109461,NA,NA,1982
5109462,NA,NA,1982
5109468,NA,NA,1982
5109470,NA,NA,1982
5109473,NA,NA,1982
5109475,NA,NA,1982
5109478,NA,NA,1982
5109490,NA,NA,1982
5109491,NA,NA,1982
5109534,NA,NA,1982
5109541,NA,NA,1982
5109550,NA,NA,1982
5109588,NA,NA,1982
5109595,NA,NA,1972
5109612,NA,NA,1977
5109614,NA,NA,1972
5109618,NA,NA,1963
5109635,NA,NA,1972
5109639,NA,NA,1983
5109647,NA,NA,1983
5109649,NA,NA,1983
5109655,NA,NA,1983
5109660,NA,NA,1983
5109662,NA,NA,1983
5109664,NA,NA,1983
5109665,NA,NA,1983
5109669,NA,NA,1983
5109670,NA,NA,1983
5109678,NA,NA,1983
5109680,NA,NA,1983
5109683,NA,NA,1983
5109690,NA,NA,1983
5109693,NA,NA,1983
5109697,NA,NA,1983
5109699,NA,NA,1983
5109701,NA,NA,1983
5109705,NA,NA,1983
5109706,NA,NA,1983
5109713,NA,NA,1983
5109716,NA,NA,1983
5109718,NA,NA,1983
5109719,NA,NA,1983
5109721,NA,NA,1983
5109723,NA,NA,1983
5109727,NA,NA,1983
5109728,NA,NA,1983
5109731,NA,NA,1983
5109733,NA,NA,1983
5109738,NA,NA,1983
5109740,NA,NA,1983
5109750,NA,NA,1983
5109759,NA,NA,1983
5109760,NA,NA,1983
5109763,NA,NA,1983
5109764,NA,NA,1983
5109766,NA,NA,1983
5109768,NA,NA,1983
5109775,NA,NA,1983
5109779,NA,NA,1983
5109780,NA,NA,1983
5109781,NA,NA,1983
5109794,NA,NA,1983
5109795,NA,NA,1983
5109796,NA,NA,1983
5109819,NA,NA,1983
5109820,NA,NA,1983
5109829,NA,NA,1983
5109832,NA,NA,1983
5109835,NA,NA,1983
5109846,NA,NA,1983
5109851,NA,NA,1983
5109854,NA,NA,1983
5109856,NA,NA,1983
5109859,NA,NA,1983
5109863,NA,NA,1983
5109865,NA,NA,1983
5109866,NA,NA,1983
5109872,NA,NA,1983
5109877,NA,NA,1983
5109879,NA,NA,1983
5109880,NA,NA,1983
5109886,NA,NA,1983
5109889,NA,NA,1983
5109896,NA,NA,1983
5109901,NA,NA,1983
5109902,NA,NA,1983
5109903,NA,NA,1983
5109910,NA,NA,1983
5109911,NA,NA,1983
5109913,NA,NA,1983
5109923,NA,NA,1983
5109925,NA,NA,1983
5109926,NA,NA,1983
5109927,NA,NA,1983
5109931,NA,NA,1983
5109933,NA,NA,1983
5109934,NA,NA,1983
5109938,NA,NA,1983
5109941,NA,NA,1983
5109950,NA,NA,1983
5109953,NA,NA,1983
5109955,NA,NA,1983
5109958,NA,NA,1983
5109963,NA,NA,1983
5109978,NA,NA,1983
5109982,NA,NA,1983
5109988,NA,NA,1983
5109990,NA,NA,1983
5109996,NA,NA,1983
5110002,NA,NA,1983
5110009,NA,NA,1983
5110013,NA,NA,1983
5110018,NA,NA,1983
5110024,NA,NA,1983
5110025,NA,NA,1983
5110026,NA,NA,1983
5110032,NA,NA,1983
5110033,NA,NA,1983
5110037,NA,NA,1983
5110039,NA,NA,1983
5110044,NA,NA,1983
5110055,NA,NA,1983
5110060,NA,NA,1983
5110064,NA,NA,1983
5110067,NA,NA,1983
5110070,NA,NA,1983
5110073,NA,NA,1983
5110075,NA,NA,1983
5110083,NA,NA,1983
5110092,NA,NA,1983
5110098,NA,NA,1983
5110100,NA,NA,1983
5110101,NA,NA,1983
5110102,NA,NA,1983
5110106,NA,NA,1983
5110109,NA,NA,1983
5110110,NA,NA,1983
5110111,NA,NA,1983
5110116,NA,NA,1983
5110118,NA,NA,1983
5110124,NA,NA,1983
5110129,NA,NA,1983
5110131,NA,NA,1983
5110135,NA,NA,1983
5110142,NA,NA,1983
5110145,NA,NA,1983
5110146,NA,NA,1983
5110150,NA,NA,1983
5110159,NA,NA,1983
5110163,NA,NA,1983
5110165,NA,NA,1983
5110166,NA,NA,1983
5110167,NA,NA,1983
5110168,NA,NA,1983
5110170,NA,NA,1983
5110171,NA,NA,1983
5110174,NA,NA,1983
5110178,NA,NA,1983
5110179,NA,NA,1983
5110186,NA,NA,1983
5110189,NA,NA,1983
5110192,NA,NA,1983
5110198,NA,NA,1983
5110201,NA,NA,1983
5110206,NA,NA,1983
5110210,NA,NA,1983
5110211,NA,NA,1983
5110215,NA,NA,1983
5110217,NA,NA,1983
5110218,NA,NA,1983
5110221,NA,NA,1983
5110223,NA,NA,1983
5110224,NA,NA,1983
5110227,NA,NA,1983
5110230,NA,NA,1983
5110231,NA,NA,1983
5110236,NA,NA,1983
5110242,NA,NA,1983
5110246,NA,NA,1983
5110252,NA,NA,1983
5110253,NA,NA,1983
5110255,NA,NA,1983
5110256,NA,NA,1983
5110258,NA,NA,1983
5110261,NA,NA,1983
5110262,NA,NA,1983
5110276,NA,NA,1983
5110279,NA,NA,1983
5110281,NA,NA,1983
5110282,NA,NA,1983
5110286,NA,NA,1983
5110290,NA,NA,1983
5110297,NA,NA,1983
5110299,NA,NA,1983
5110300,NA,NA,1983
5110305,NA,NA,1983
5110315,NA,NA,1983
5110319,NA,NA,1983
5110322,NA,NA,1983
5110323,NA,NA,1983
5110324,NA,NA,1983
5110325,NA,NA,1983
5110329,NA,NA,1983
5110334,NA,NA,1983
5110336,NA,NA,1983
5110338,NA,NA,1983
5110339,NA,NA,1983
5110341,NA,NA,1983
5110343,NA,NA,1983
5110346,NA,NA,1983
5110348,NA,NA,1983
5110356,NA,NA,1983
5110358,NA,NA,1983
5110361,NA,NA,1983
5110365,NA,NA,1983
5110366,NA,NA,1983
5110367,NA,NA,1983
5110368,NA,NA,1983
5110369,NA,NA,1983
5110372,NA,NA,1983
5110374,NA,NA,1983
5110375,NA,NA,1983
5110388,NA,NA,1983
5110401,NA,NA,1983
5110402,NA,NA,1983
5110404,NA,NA,1983
5110407,NA,NA,1983
5110408,NA,NA,1983
5110419,NA,NA,1983
5110420,NA,NA,1983
5110429,NA,NA,1983
5110432,NA,NA,1983
5110434,NA,NA,1983
5110437,NA,NA,1983
5110438,NA,NA,1983
5110442,NA,NA,1983
5110445,NA,NA,1983
5110446,NA,NA,1983
5116019,NA,NA,1983
5116020,NA,NA,1983
5116021,NA,NA,1983
5116092,NA,NA,1984
5116093,NA,NA,1984
5116095,NA,NA,1984
5116096,NA,NA,1984
5116135,NA,NA,1976
5116243,NA,NA,1984
5116247,NA,NA,1984
5116253,NA,NA,1984
5116258,NA,NA,1984
5116260,NA,NA,1984
5116268,NA,NA,1984
5116269,NA,NA,1984
5116270,NA,NA,1984
5116274,NA,NA,1984
5116281,NA,NA,1984
5116282,NA,NA,1984
5116284,NA,NA,1984
5116286,NA,NA,1984
5116288,NA,NA,1984
5116295,NA,NA,1984
5116296,NA,NA,1984
5116299,NA,NA,1984
5116302,NA,NA,1984
5116303,NA,NA,1984
5116308,NA,NA,1984
5116311,NA,NA,1984
5116313,NA,NA,1984
5116320,NA,NA,1984
5116321,NA,NA,1984
5116322,NA,NA,1984
5116329,NA,NA,1984
5116331,NA,NA,1984
5116336,NA,NA,1984
5116338,NA,NA,1984
5116343,NA,NA,1984
5116345,NA,NA,1984
5116346,NA,NA,1984
5116347,NA,NA,1984
5116349,NA,NA,1984
5116350,NA,NA,1984
5116351,NA,NA,1984
5116352,NA,NA,1984
5116353,NA,NA,1984
5116354,NA,NA,1984
5116356,NA,NA,1984
5116361,NA,NA,1984
5116365,NA,NA,1984
5116366,NA,NA,1984
5116368,NA,NA,1984
5116369,NA,NA,1984
5116370,NA,NA,1984
5116375,NA,NA,1984
5116376,NA,NA,1984
5116377,NA,NA,1984
5116381,NA,NA,1984
5116386,NA,NA,1984
5116390,NA,NA,1984
5116392,NA,NA,1984
5116394,NA,NA,1984
5116400,NA,NA,1984
5116401,NA,NA,1984
5116403,NA,NA,1984
5116408,NA,NA,1984
5116409,NA,NA,1984
5116410,NA,NA,1984
5116413,NA,NA,1984
5116418,NA,NA,1984
5116422,NA,NA,1984
5116428,NA,NA,1984
5116430,NA,NA,1984
5116434,NA,NA,1984
5116438,NA,NA,1984
5116441,NA,NA,1984
5116447,NA,NA,1984
5116449,NA,NA,1984
5116451,NA,NA,1984
5116453,NA,NA,1984
5116459,NA,NA,1984
5116469,NA,NA,1984
5116474,NA,NA,1984
5116477,NA,NA,1984
5116480,NA,NA,1984
5116499,NA,NA,1984
5116503,NA,NA,1984
5116506,NA,NA,1984
5116517,NA,NA,1984
5116525,NA,NA,1984
5116549,NA,NA,1984
5116550,NA,NA,1984
5116552,NA,NA,1984
5116555,NA,NA,1984
5116557,NA,NA,1984
5116561,NA,NA,1984
5116564,NA,NA,1984
5116569,NA,NA,1984
5116574,NA,NA,1984
5116578,NA,NA,1984
5116585,NA,NA,1984
5116597,NA,NA,1984
5116608,NA,NA,1984
5116610,NA,NA,1984
5116618,NA,NA,1984
5116623,NA,NA,1984
5116627,NA,NA,1984
5116632,NA,NA,1984
5116638,NA,NA,1984
5116643,NA,NA,1984
5116656,NA,NA,1984
5116658,NA,NA,1984
5116660,NA,NA,1984
5116673,NA,NA,1984
5116677,NA,NA,1984
5116683,NA,NA,1984
5116685,NA,NA,1984
5116686,NA,NA,1984
5116688,NA,NA,1984
5116691,NA,NA,1984
5116694,NA,NA,1984
5116701,NA,NA,1984
5116705,NA,NA,1984
5116707,NA,NA,1984
5116708,NA,NA,1984
5116712,NA,NA,1984
5116723,NA,NA,1984
5116732,NA,NA,1984
5116733,NA,NA,1984
5116734,NA,NA,1984
5116749,NA,NA,1984
5116750,NA,NA,1984
5116752,NA,NA,1984
5116760,NA,NA,1984
5116763,NA,NA,1984
5116765,NA,NA,1984
5116769,NA,NA,1984
5116771,NA,NA,1984
5116773,NA,NA,1984
5116779,NA,NA,1984
5116782,NA,NA,1984
5116786,NA,NA,1984
5116788,NA,NA,1984
5116812,NA,NA,1984
5116823,NA,NA,1984
5116824,NA,NA,1984
5116826,NA,NA,1984
5116829,NA,NA,1984
5116845,NA,NA,1984
5116846,NA,NA,1984
5116849,NA,NA,1984
5116850,NA,NA,1984
5116855,NA,NA,1984
5116858,NA,NA,1984
5116861,NA,NA,1984
5116862,NA,NA,1984
5116869,NA,NA,1984
5116873,NA,NA,1984
5116875,NA,NA,1984
5116877,NA,NA,1984
5116878,NA,NA,1984
5116880,NA,NA,1984
5116881,NA,NA,1984
5116885,NA,NA,1984
5116887,NA,NA,1984
5116896,NA,NA,1984
5116898,NA,NA,1984
5116899,NA,NA,1984
5116905,NA,NA,1984
5116906,NA,NA,1984
5116908,NA,NA,1984
5116911,NA,NA,1984
5116921,NA,NA,1984
5116922,NA,NA,1984
5116924,NA,NA,1984
5116926,NA,NA,1984
5116928,NA,NA,1984
5116929,NA,NA,1984
5116931,NA,NA,1984
5116934,NA,NA,1984
5116936,NA,NA,1984
5116937,NA,NA,1984
5116938,NA,NA,1984
5116942,NA,NA,1984
5116943,NA,NA,1984
5116944,NA,NA,1984
5116954,NA,NA,1984
5116956,NA,NA,1984
5116957,NA,NA,1984
5116959,NA,NA,1984
5116964,NA,NA,1984
5116965,NA,NA,1984
5116966,NA,NA,1984
5116968,NA,NA,1984
5116969,NA,NA,1984
5116970,NA,NA,1984
5116973,NA,NA,1984
5116979,NA,NA,1984
5116983,NA,NA,1984
5117003,NA,NA,1984
5117009,NA,NA,1984
5117010,NA,NA,1984
5117011,NA,NA,1984
5117013,NA,NA,1984
5117014,NA,NA,1984
5117016,NA,NA,1984
5117019,NA,NA,1984
5117020,NA,NA,1984
5117023,NA,NA,1984
5117026,NA,NA,1984
5117029,NA,NA,1984
5117030,NA,NA,1984
5117031,NA,NA,1984
5117036,NA,NA,1984
5117042,NA,NA,1984
5117050,NA,NA,1984
5117051,NA,NA,1984
5117053,NA,NA,1984
5117055,NA,NA,1984
5117056,NA,NA,1984
5117058,NA,NA,1984
5117061,NA,NA,1984
5117069,NA,NA,1984
5117070,NA,NA,1984
5117072,NA,NA,1984
5117078,NA,NA,1984
5117081,NA,NA,1984
5117083,NA,NA,1984
5117084,NA,NA,1984
5117094,NA,NA,1984
5117095,NA,NA,1984
5117096,NA,NA,1984
5117097,NA,NA,1984
5117102,NA,NA,1984
5117106,NA,NA,1984
5117108,NA,NA,1984
5117112,NA,NA,1984
5117114,NA,NA,1984
5117115,NA,NA,1984
5117123,NA,NA,1984
5117126,NA,NA,1984
5117129,NA,NA,1984
5117133,NA,NA,1984
5117136,NA,NA,1984
5117139,NA,NA,1984
5117140,NA,NA,1984
5117141,NA,NA,1984
5117146,NA,NA,1984
5117161,NA,NA,1979
5117194,NA,NA,1977
5117196,NA,NA,1979
5117251,NA,NA,1985
5117253,NA,NA,1985
5117261,NA,NA,1985
5117266,NA,NA,1985
5117267,NA,NA,1985
5117273,NA,NA,1985
5117281,NA,NA,1985
5117283,NA,NA,1985
5117285,NA,NA,1985
5117289,NA,NA,1985
5117291,NA,NA,1985
5117293,NA,NA,1985
5117296,NA,NA,1985
5117309,NA,NA,1985
5117311,NA,NA,1985
5117314,NA,NA,1985
5117327,NA,NA,1985
5117328,NA,NA,1985
5117329,NA,NA,1985
5117330,NA,NA,1985
5117334,NA,NA,1985
5117341,NA,NA,1985
5117343,NA,NA,1985
5117344,NA,NA,1985
5117350,NA,NA,1985
5117354,NA,NA,1985
5117355,NA,NA,1985
5117371,NA,NA,1985
5117393,NA,NA,1985
5117395,NA,NA,1985
5117401,NA,NA,1985
5117404,NA,NA,1985
5117405,NA,NA,1985
5117407,NA,NA,1985
5117408,NA,NA,1985
5117409,NA,NA,1985
5117414,NA,NA,1985
5117415,NA,NA,1985
5117417,NA,NA,1985
5117420,NA,NA,1985
5117422,NA,NA,1985
5117423,NA,NA,1985
5117426,NA,NA,1985
5117431,NA,NA,1985
5117435,NA,NA,1985
5117436,NA,NA,1985
5117437,NA,NA,1985
5117438,NA,NA,1985
5117444,NA,NA,1985
5117445,NA,NA,1985
5117446,NA,NA,1985
5117456,NA,NA,1985
5117468,NA,NA,1985
5117474,NA,NA,1985
5117476,NA,NA,1985
5117479,NA,NA,1985
5117491,NA,NA,1985
5117494,NA,NA,1985
5117496,NA,NA,1985
5117497,NA,NA,1985
5117499,NA,NA,1985
5117505,NA,NA,1985
5117506,NA,NA,1985
5117511,NA,NA,1985
5117514,NA,NA,1985
5117515,NA,NA,1985
5117524,NA,NA,1985
5117539,NA,NA,1985
5117541,NA,NA,1985
5117543,NA,NA,1985
5117551,NA,NA,1985
5117561,NA,NA,1985
5117584,NA,NA,1985
5117587,NA,NA,1985
5117593,NA,NA,1985
5117598,NA,NA,1985
5117599,NA,NA,1985
5117604,NA,NA,1985
5117606,NA,NA,1985
5117609,NA,NA,1985
5117616,NA,NA,1985
5117628,NA,NA,1985
5117629,NA,NA,1985
5117630,NA,NA,1985
5117636,NA,NA,1985
5117637,NA,NA,1985
5117638,NA,NA,1985
5117642,NA,NA,1985
5117651,NA,NA,1985
5117652,NA,NA,1985
5117657,NA,NA,1985
5117660,NA,NA,1985
5117661,NA,NA,1985
5117666,NA,NA,1985
5117668,NA,NA,1985
5117669,NA,NA,1985
5117672,NA,NA,1985
5117681,NA,NA,1985
5117685,NA,NA,1985
5117687,NA,NA,1985
5117688,NA,NA,1985
5117695,NA,NA,1985
5117704,NA,NA,1985
5117705,NA,NA,1985
5117708,NA,NA,1985
5117713,NA,NA,1985
5117714,NA,NA,1985
5117715,NA,NA,1985
5117725,NA,NA,1985
5117732,NA,NA,1985
5117733,NA,NA,1985
5117746,NA,NA,1985
5117751,NA,NA,1985
5117753,NA,NA,1985
5117760,NA,NA,1985
5117775,NA,NA,1985
5117783,NA,NA,1986
5117787,NA,NA,1985
5117794,NA,NA,1985
5117796,NA,NA,1985
5117801,NA,NA,1985
5117807,NA,NA,1985
5117808,NA,NA,1985
5117817,NA,NA,1985
5117827,NA,NA,1985
5117828,NA,NA,1985
5117830,NA,NA,1985
5117832,NA,NA,1985
5117837,NA,NA,1985
5117839,NA,NA,1985
5117847,NA,NA,1985
5117849,NA,NA,1985
5117850,NA,NA,1985
5117856,NA,NA,1985
5117857,NA,NA,1985
5117859,NA,NA,1985
5117866,NA,NA,1985
5117867,NA,NA,1985
5117869,NA,NA,1985
5117870,NA,NA,1985
5117871,NA,NA,1985
5117875,NA,NA,1985
5117877,NA,NA,1985
5117880,NA,NA,1985
5117894,NA,NA,1985
5117895,NA,NA,1985
5117908,NA,NA,1985
5117909,NA,NA,1985
5117916,NA,NA,1985
5117918,NA,NA,1985
5117920,NA,NA,1985
5117926,NA,NA,1985
5117930,NA,NA,1985
5118362,NA,NA,1977
5119690,NA,NA,1983
5121023,NA,NA,1985
5121027,NA,NA,1985
5121029,NA,NA,1985
5121032,NA,NA,1985
5121035,NA,NA,1985
5121040,NA,NA,1985
5121042,NA,NA,1985
5121052,NA,NA,1979
5121076,NA,NA,1979
5121108,NA,NA,1979
5121119,NA,NA,1979
5121120,NA,NA,1979
5121157,NA,NA,1979
5121160,NA,NA,1979
5121177,NA,NA,1979
5121178,NA,NA,1979
5121179,NA,NA,1979
5121180,NA,NA,1979
5121182,NA,NA,1979
5121185,NA,NA,1979
5121191,NA,NA,1979
5121192,NA,NA,1979
5121194,NA,NA,1979
5121195,NA,NA,1979
5121197,NA,NA,1976
5121198,NA,NA,1979
5121199,NA,NA,1978
5121204,NA,NA,1979
5121206,NA,NA,1977
5121207,NA,NA,1979
5121208,NA,NA,1979
5121209,NA,NA,1979
5121210,NA,NA,1979
5121211,NA,NA,1979
5121212,NA,NA,1979
5121213,NA,NA,1979
5121215,NA,NA,1979
5121216,NA,NA,1979
5121217,NA,NA,1979
5121221,NA,NA,1979
5121233,NA,NA,1963
5121254,NA,NA,1986
5121255,NA,NA,1986
5121256,NA,NA,1986
5121258,NA,NA,1986
5121259,NA,NA,1986
5121262,NA,NA,1986
5121267,NA,NA,1986
5121268,NA,NA,1986
5121269,NA,NA,1986
5121270,NA,NA,1986
5121273,NA,NA,1986
5121281,NA,NA,1986
5121284,NA,NA,1986
5121285,NA,NA,1986
5121290,NA,NA,1986
5121292,NA,NA,1986
5121294,NA,NA,1986
5121304,NA,NA,1986
5121306,NA,NA,1986
5121310,NA,NA,1986
5121312,NA,NA,1986
5121318,NA,NA,1986
5121321,NA,NA,1986
5121322,NA,NA,1986
5121323,NA,NA,1986
5121327,NA,NA,1986
5121329,NA,NA,1986
5121331,NA,NA,1986
5121333,NA,NA,1986
5121338,NA,NA,1986
5121339,NA,NA,1986
5121343,NA,NA,1986
5121348,NA,NA,1986
5121351,NA,NA,1986
5121352,NA,NA,1986
5121362,NA,NA,1986
5121364,NA,NA,1986
5121371,NA,NA,1986
5121372,NA,NA,1986
5121373,NA,NA,1986
5121383,NA,NA,1986
5121388,NA,NA,1986
5121392,NA,NA,1986
5121393,NA,NA,1986
5121398,NA,NA,1986
5121404,NA,NA,1986
5121405,NA,NA,1986
5121412,NA,NA,1986
5121421,NA,NA,1986
5121425,NA,NA,1986
5121429,NA,NA,1986
5121431,NA,NA,1986
5121433,NA,NA,1986
5121434,NA,NA,1986
5121436,NA,NA,1986
5121438,NA,NA,1986
5121439,NA,NA,1986
5121441,NA,NA,1986
5121445,NA,NA,1986
5121449,NA,NA,1986
5121452,NA,NA,1986
5121457,NA,NA,1986
5121461,NA,NA,1986
5121462,NA,NA,1986
5121465,NA,NA,1986
5121467,NA,NA,1986
5121472,NA,NA,1986
5121479,NA,NA,1986
5121483,NA,NA,1986
5121490,NA,NA,1986
5121493,NA,NA,1986
5121499,NA,NA,1986
5122009,NA,NA,1986
5122012,NA,NA,1986
5122015,NA,NA,1986
5122019,NA,NA,1986
5122021,NA,NA,1986
5122026,NA,NA,1986
5122028,NA,NA,1986
5122032,NA,NA,1986
5122034,NA,NA,1986
5122035,NA,NA,1986
5122041,NA,NA,1986
5122042,NA,NA,1986
5122045,NA,NA,1986
5122046,NA,NA,1986
5122057,NA,NA,1986
5122059,NA,NA,1986
5122060,NA,NA,1986
5122063,NA,NA,1986
5122067,NA,NA,1986
5122071,NA,NA,1986
5122074,NA,NA,1986
5122086,NA,NA,1986
5122089,NA,NA,1986
5122092,NA,NA,1986
5122095,NA,NA,1986
5122097,NA,NA,1986
5122099,NA,NA,1986
5122101,NA,NA,1986
5122108,NA,NA,1985
5122109,NA,NA,1986
5122111,NA,NA,1986
5122113,NA,NA,1986
5122114,NA,NA,1986
5122116,NA,NA,1986
5122119,NA,NA,1986
5122120,NA,NA,1986
5122121,NA,NA,1986
5122125,NA,NA,1986
5122128,NA,NA,1986
5122136,NA,NA,1986
5122137,NA,NA,1986
5122138,NA,NA,1986
5122155,NA,NA,1986
5122157,NA,NA,1986
5122172,NA,NA,1986
5122175,NA,NA,1986
5122177,NA,NA,1986
5122181,NA,NA,1986
5122185,NA,NA,1986
5122189,NA,NA,1986
5122196,NA,NA,1986
5122203,NA,NA,1986
5122206,NA,NA,1986
5122207,NA,NA,1986
5122211,NA,NA,1986
5122215,NA,NA,1986
5122228,NA,NA,1986
5122321,NA,NA,1986
5122322,NA,NA,1986
5122325,NA,NA,1986
5122326,NA,NA,1986
5122328,NA,NA,1986
5122331,NA,NA,1986
5122333,NA,NA,1986
5122334,NA,NA,1986
5122339,NA,NA,1986
5122344,NA,NA,1986
5122345,NA,NA,1986
5122346,NA,NA,1986
5122347,NA,NA,1986
5122348,NA,NA,1986
5122349,NA,NA,1986
5122350,NA,NA,1986
5122352,NA,NA,1986
5122353,NA,NA,1986
5122355,NA,NA,1986
5122356,NA,NA,1986
5122359,NA,NA,1986
5122363,NA,NA,1986
5122366,NA,NA,1986
5122367,NA,NA,1986
5122378,NA,NA,1978
5122379,NA,NA,1986
5122381,NA,NA,1986
5122382,NA,NA,1986
5122384,NA,NA,1986
5122390,NA,NA,1986
5122396,NA,NA,1986
5122405,NA,NA,1986
5122408,NA,NA,1986
5122409,NA,NA,1986
5122411,NA,NA,1986
5122423,NA,NA,1986
5122425,NA,NA,1986
5122443,NA,NA,1986
5122444,NA,NA,1986
5122445,NA,NA,1986
5122452,NA,NA,1986
5122454,NA,NA,1986
5122463,NA,NA,1986
5122465,NA,NA,1986
5122466,NA,NA,1986
5122472,NA,NA,1986
5122480,NA,NA,1986
5122483,NA,NA,1986
5122489,NA,NA,1986
5122492,NA,NA,1989
5123298,NA,NA,1989
5126267,NA,NA,1986
5127002,NA,NA,1986
5127006,NA,NA,1986
5127011,NA,NA,1986
5127018,NA,NA,1986
5127021,NA,NA,1986
5127023,NA,NA,1986
5127024,NA,NA,1986
5127028,NA,NA,1986
5127029,NA,NA,1986
5127033,NA,NA,1986
5127037,NA,NA,1986
5127040,NA,NA,1986
5127041,NA,NA,1986
5127042,NA,NA,1986
5127043,NA,NA,1986
5127049,NA,NA,1986
5127050,NA,NA,1986
5127052,NA,NA,1986
5127053,NA,NA,1986
5127059,NA,NA,1986
5127060,NA,NA,1986
5127066,NA,NA,1986
5127068,NA,NA,1986
5127070,NA,NA,1986
5127079,NA,NA,1986
5127088,NA,NA,1986
5127091,NA,NA,1986
5127093,NA,NA,1986
5127101,NA,NA,1986
5127102,NA,NA,1986
5127103,NA,NA,1986
5127110,NA,NA,1986
5127118,NA,NA,1986
5127123,NA,NA,1986
5127124,NA,NA,1986
5127131,NA,NA,1986
5127134,NA,NA,1986
5127137,NA,NA,1986
5127140,NA,NA,1986
5127141,NA,NA,1986
5127149,NA,NA,1986
5127150,NA,NA,1986
5127158,NA,NA,1986
5127160,NA,NA,1986
5127163,NA,NA,1986
5127167,NA,NA,1986
5127168,NA,NA,1986
5127172,NA,NA,1986
5127178,NA,NA,1986
5127180,NA,NA,1986
5127184,NA,NA,1986
5127186,NA,NA,1986
5127191,NA,NA,1986
5127193,NA,NA,1986
5127194,NA,NA,1986
5127195,NA,NA,1986
5127196,NA,NA,1986
5127197,NA,NA,1986
5127198,NA,NA,1986
5127205,NA,NA,1986
5127210,NA,NA,1986
5127211,NA,NA,1986
5127214,NA,NA,1986
5127216,NA,NA,1986
5127224,NA,NA,1986
5127226,NA,NA,1986
5127237,NA,NA,1986
5127239,NA,NA,1986
5127245,NA,NA,1986
5127247,NA,NA,1986
5127248,NA,NA,1986
5127255,NA,NA,1986
5127257,NA,NA,1986
5127258,NA,NA,1986
5127260,NA,NA,1987
5127262,NA,NA,1986
5127265,NA,NA,1986
5127266,NA,NA,1986
5127267,NA,NA,1986
5127268,NA,NA,1986
5127272,NA,NA,1986
5127285,NA,NA,1986
5127288,NA,NA,1986
5127292,NA,NA,1986
5127297,NA,NA,1986
5127298,NA,NA,1986
5127304,NA,NA,1986
5127307,NA,NA,1986
5127309,NA,NA,1986
5127310,NA,NA,1986
5127313,NA,NA,1986
5127314,NA,NA,1986
5127317,NA,NA,1986
5127319,NA,NA,1986
5127321,NA,NA,1986
5127324,NA,NA,1986
5127340,NA,NA,1977
5127356,NA,NA,1987
5127360,NA,NA,1987
5127365,NA,NA,1987
5127375,NA,NA,1987
5127376,NA,NA,1987
5127378,NA,NA,1987
5127380,NA,NA,1987
5127383,NA,NA,1987
5127384,NA,NA,1987
5127387,NA,NA,1987
5127394,NA,NA,1987
5127396,NA,NA,1987
5127398,NA,NA,1987
5127406,NA,NA,1987
5127409,NA,NA,1987
5127415,NA,NA,1987
5127420,NA,NA,1987
5127424,NA,NA,1987
5127426,NA,NA,1987
5127436,NA,NA,1989
5127440,NA,NA,1987
5127443,NA,NA,1987
5127444,NA,NA,1987
5127446,NA,NA,1987
5127448,NA,NA,1987
5127449,NA,NA,1987
5127459,NA,NA,1987
5127469,NA,NA,1987
5127473,NA,NA,1987
5127476,NA,NA,1987
5127481,NA,NA,1987
5127482,NA,NA,1987
5127495,NA,NA,1987
5127496,NA,NA,1987
5127500,NA,NA,1987
5127510,NA,NA,1987
5127520,NA,NA,1987
5127527,NA,NA,1987
5127528,NA,NA,1987
5127530,NA,NA,1987
5127544,NA,NA,1987
5127547,NA,NA,1987
5127548,NA,NA,1987
5127549,NA,NA,1987
5127552,NA,NA,1987
5127553,NA,NA,1987
5127554,NA,NA,1987
5127555,NA,NA,1987
5127556,NA,NA,1987
5127559,NA,NA,1987
5127560,NA,NA,1987
5127573,NA,NA,1987
5127582,NA,NA,1987
5127585,NA,NA,1987
5127586,NA,NA,1987
5127594,NA,NA,1987
5127647,NA,NA,1987
5127686,NA,NA,1987
5127687,NA,NA,1987
5127688,NA,NA,1987
5127693,NA,NA,1987
5127695,NA,NA,1987
5127697,NA,NA,1987
5127703,NA,NA,1987
5127708,NA,NA,1987
5127710,NA,NA,1987
5127725,NA,NA,1987
5127727,NA,NA,1987
5127749,NA,NA,1987
5127751,NA,NA,1987
5127756,NA,NA,1987
5127763,NA,NA,1987
5127768,NA,NA,1987
5127780,NA,NA,1987
5127787,NA,NA,1987
5127789,NA,NA,1987
5127792,NA,NA,1987
5127793,NA,NA,1987
5127799,NA,NA,1985
5127802,NA,NA,1987
5127806,NA,NA,1987
5127812,NA,NA,1987
5127814,NA,NA,1987
5127817,NA,NA,1987
5127818,NA,NA,1987
5127821,NA,NA,1987
5127822,NA,NA,1987
5127823,NA,NA,1987
5127829,NA,NA,1987
5127833,NA,NA,1987
5127841,NA,NA,1987
5127844,NA,NA,1987
5127847,NA,NA,1988
5127865,NA,NA,1987
5127866,NA,NA,1987
5127867,NA,NA,1987
5127870,NA,NA,1987
5127884,NA,NA,1987
5127888,NA,NA,1987
5127889,NA,NA,1987
5127893,NA,NA,1987
5127894,NA,NA,1987
5127897,NA,NA,1987
5127899,NA,NA,1987
5127902,NA,NA,1987
5127908,NA,NA,1987
5127909,NA,NA,1987
5127910,NA,NA,1987
5127912,NA,NA,1987
5127915,NA,NA,1987
5127916,NA,NA,1987
5127917,NA,NA,1987
5127919,NA,NA,1987
5127925,NA,NA,1987
5127928,NA,NA,1987
5127940,NA,NA,1987
5127941,NA,NA,1987
5127945,NA,NA,1987
5127950,NA,NA,1987
5127951,NA,NA,1987
5127954,NA,NA,1987
5127955,NA,NA,1987
5127956,NA,NA,1987
5127957,NA,NA,1987
5127962,NA,NA,1987
5127965,NA,NA,1985
5127967,NA,NA,1987
5127968,NA,NA,1987
5127970,NA,NA,1987
5127975,NA,NA,1987
5127985,NA,NA,1987
5127989,NA,NA,1987
5127993,NA,NA,1987
5127995,NA,NA,1987
5132002,NA,NA,1987
5132005,NA,NA,1987
5132009,NA,NA,1987
5132013,NA,NA,1987
5132018,NA,NA,1987
5132019,NA,NA,1987
5132026,NA,NA,1987
5132029,NA,NA,1987
5132034,NA,NA,1987
5132036,NA,NA,1987
5132043,NA,NA,1987
5132055,NA,NA,1987
5132062,NA,NA,1987
5132064,NA,NA,1987
5132065,NA,NA,1987
5132067,NA,NA,1987
5132069,NA,NA,1987
5132071,NA,NA,1987
5132077,NA,NA,1987
5132078,NA,NA,1987
5132079,NA,NA,1987
5132083,NA,NA,1987
5132086,NA,NA,1987
5132087,NA,NA,1987
5132088,NA,NA,1987
5132091,NA,NA,1987
5132103,NA,NA,1987
5132106,NA,NA,1987
5132112,NA,NA,1987
5132116,NA,NA,1987
5132118,NA,NA,1987
5132121,NA,NA,1987
5132124,NA,NA,1987
5132129,NA,NA,1987
5132132,NA,NA,1987
5132133,NA,NA,1987
5132136,NA,NA,1987
5132139,NA,NA,1987
5132141,NA,NA,1987
5132142,NA,NA,1987
5132143,NA,NA,1987
5132144,NA,NA,1987
5132147,NA,NA,1987
5132148,NA,NA,1987
5132160,NA,NA,1987
5132165,NA,NA,1987
5132171,NA,NA,1987
5132180,NA,NA,1987
5132190,NA,NA,1987
5132191,NA,NA,1987
5132192,NA,NA,1987
5132193,NA,NA,1989
5132194,NA,NA,1987
5132195,NA,NA,1987
5132200,NA,NA,1987
5132201,NA,NA,1987
5132202,NA,NA,1987
5132209,NA,NA,1987
5132212,NA,NA,1987
5132217,NA,NA,1987
5132223,NA,NA,1987
5132233,NA,NA,1987
5132236,NA,NA,1987
5132240,NA,NA,1987
5132248,NA,NA,1987
5132251,NA,NA,1980
5132273,NA,NA,1976
5132279,NA,NA,1975
5132282,NA,NA,1975
5132301,NA,NA,1979
5132302,NA,NA,1979
5132304,NA,NA,1979
5132313,NA,NA,1979
5132315,NA,NA,1979
5132333,NA,NA,1977
5132351,NA,NA,1989
5132356,NA,NA,1989
5132364,NA,NA,1989
5132366,NA,NA,1989
5132369,NA,NA,1989
5132371,NA,NA,1989
5132374,NA,NA,1989
5132375,NA,NA,1989
5132377,NA,NA,1989
5132383,NA,NA,1989
5132384,NA,NA,1989
5132385,NA,NA,1989
5132390,NA,NA,1989
5132393,NA,NA,1989
5132400,NA,NA,1989
5132403,NA,NA,1989
5132405,NA,NA,1989
5132408,NA,NA,1989
5132420,NA,NA,1989
5132421,NA,NA,1989
5132426,NA,NA,1989
5132427,NA,NA,1989
5132429,NA,NA,1989
5132439,NA,NA,1989
5132445,NA,NA,1989
5132447,NA,NA,1989
5132448,NA,NA,1989
5132449,NA,NA,1989
5132452,NA,NA,1989
5132453,NA,NA,1989
5132454,NA,NA,1989
5132459,NA,NA,1989
5132460,NA,NA,1989
5132461,NA,NA,1989
5132463,NA,NA,1989
5132475,NA,NA,1989
5132476,NA,NA,1989
5132477,NA,NA,1989
5132479,NA,NA,1989
5132480,NA,NA,1989
5132482,NA,NA,1989
5132485,NA,NA,1989
5132486,NA,NA,1989
5132489,NA,NA,1989
5132491,NA,NA,1989
5132492,NA,NA,1989
5132494,NA,NA,1989
5132496,NA,NA,1989
5132498,NA,NA,1989
5132500,NA,NA,1989
5132504,NA,NA,1989
5132509,NA,NA,1989
5132513,NA,NA,1989
5132524,NA,NA,1989
5132526,NA,NA,1989
5132532,NA,NA,1989
5132534,NA,NA,1989
5132535,NA,NA,1989
5132537,NA,NA,1989
5132538,NA,NA,1989
5132544,NA,NA,1989
5132546,NA,NA,1989
5132547,NA,NA,1989
5132554,NA,NA,1989
5132555,NA,NA,1989
5132558,NA,NA,1989
5132561,NA,NA,1989
5132568,NA,NA,1989
5132571,NA,NA,1989
5132573,NA,NA,1989
5132576,NA,NA,1989
5132577,NA,NA,1989
5132597,NA,NA,1989
5132601,NA,NA,1989
5132602,NA,NA,1989
5132611,NA,NA,1989
5132618,NA,NA,1989
5132621,NA,NA,1989
5132647,NA,NA,1989
5132649,NA,NA,1989
5132656,NA,NA,1989
5132657,NA,NA,1989
5132659,NA,NA,1989
5132663,NA,NA,1989
5132664,NA,NA,1989
5132666,NA,NA,1989
5132675,NA,NA,1989
5132677,NA,NA,1989
5132679,NA,NA,1989
5132693,NA,NA,1989
5132720,NA,NA,1989
5132723,NA,NA,1989
5132731,NA,NA,1989
5132738,NA,NA,1989
5132754,NA,NA,1989
5132756,NA,NA,1989
5132767,NA,NA,1989
5132768,NA,NA,1989
5132769,NA,NA,1989
5132770,NA,NA,1989
5132774,NA,NA,1989
5132777,NA,NA,1989
5132782,NA,NA,1989
5132787,NA,NA,1989
5132797,NA,NA,1989
5132799,NA,NA,1989
5132805,NA,NA,1989
5132811,NA,NA,1989
5132812,NA,NA,1989
5132816,NA,NA,1989
5132818,NA,NA,1989
5132820,NA,NA,1989
5132821,NA,NA,1989
5132822,NA,NA,1989
5132830,NA,NA,1989
5132834,NA,NA,1989
5132835,NA,NA,1989
5132842,NA,NA,1989
5132844,NA,NA,1989
5132847,NA,NA,1989
5132851,NA,NA,1989
5132853,NA,NA,1989
5132857,NA,NA,1989
5132862,NA,NA,1989
5132870,NA,NA,1989
5132876,NA,NA,1989
5132877,NA,NA,1989
5132878,NA,NA,1989
5132890,NA,NA,1989
5132895,NA,NA,1989
5132896,NA,NA,1989
5132904,NA,NA,1989
5132906,NA,NA,1989
5132907,NA,NA,1989
5132909,NA,NA,1989
5132912,NA,NA,1989
5132925,NA,NA,1989
5132935,NA,NA,1989
5132940,NA,NA,1989
5132943,NA,NA,1989
5132952,NA,NA,1989
5132953,NA,NA,1989
5132954,NA,NA,1989
5132957,NA,NA,1989
5132965,NA,NA,1989
5132968,NA,NA,1989
5132998,NA,NA,1989
5142508,NA,NA,1989
5142512,NA,NA,1989
5142526,NA,NA,1989
5142527,NA,NA,1989
5142528,NA,NA,1989
5142530,NA,NA,1989
5142536,NA,NA,1989
5142537,NA,NA,1989
5142545,NA,NA,1988
5142546,NA,NA,1989
5142556,NA,NA,1989
5142562,NA,NA,1989
5142569,NA,NA,1989
5142572,NA,NA,1989
5142573,NA,NA,1989
5142574,NA,NA,1989
5142585,NA,NA,1989
5142586,NA,NA,1989
5142587,NA,NA,1989
5142588,NA,NA,1989
5142597,NA,NA,1989
5142605,NA,NA,1989
5142607,NA,NA,1989
5142611,NA,NA,1989
5142613,NA,NA,1989
5142621,NA,NA,1989
5142626,NA,NA,1989
5142627,NA,NA,1989
5142629,NA,NA,1989
5142630,NA,NA,1989
5142640,NA,NA,1989
5142645,NA,NA,1989
5142648,NA,NA,1989
5142653,NA,NA,1989
5142654,NA,NA,1989
5142655,NA,NA,1989
5142671,NA,NA,1989
5142676,NA,NA,1989
5142679,NA,NA,1989
5142682,NA,NA,1989
5142684,NA,NA,1989
5142694,NA,NA,1989
5142695,NA,NA,1989
5142706,NA,NA,1989
5142708,NA,NA,1989
5142712,NA,NA,1989
5142713,NA,NA,1989
5142714,NA,NA,1989
5142729,NA,NA,1989
5142733,NA,NA,1989
5142735,NA,NA,1989
5142737,NA,NA,1989
5142740,NA,NA,1989
5142806,NA,NA,1979
5142830,NA,NA,1979
5142845,NA,NA,1979
5142904,NA,NA,1989
5142908,NA,NA,1989
5142913,NA,NA,1989
5142914,NA,NA,1989
5142920,NA,NA,1989
5142922,NA,NA,1989
5142941,NA,NA,1976
5142951,NA,NA,1990
5142960,NA,NA,1990
5142961,NA,NA,1990
5142965,NA,NA,1990
5142968,NA,NA,1990
5142975,NA,NA,1990
5142985,NA,NA,1990
5142986,NA,NA,1990
5142988,NA,NA,1990
5142991,NA,NA,1990
5143002,NA,NA,1979
5143034,NA,NA,1976
5143044,NA,NA,1979
5143071,NA,NA,1978
5143095,NA,NA,1977
5143103,NA,NA,1990
5143110,NA,NA,1990
5143141,NA,NA,1990
5143157,NA,NA,1990
5143158,NA,NA,1990
5143169,NA,NA,1990
5143172,NA,NA,1990
5143201,NA,NA,1990
5143202,NA,NA,1990
5143212,NA,NA,1990
5143213,NA,NA,1990
5143219,NA,NA,1990
5143226,NA,NA,1990
5143231,NA,NA,1990
5143235,NA,NA,1990
5143245,NA,NA,1990
5143251,NA,NA,1990
5143255,NA,NA,1990
5143256,NA,NA,1990
5143264,NA,NA,1990
5143268,NA,NA,1990
5143269,NA,NA,1990
5143270,NA,NA,1990
5143276,NA,NA,1990
5143284,NA,NA,1990
5143285,NA,NA,1990
5143287,NA,NA,1990
5143300,NA,NA,1990
5143310,NA,NA,1990
5143315,NA,NA,1990
5143331,NA,NA,1990
5143337,NA,NA,1990
5143341,NA,NA,1990
5143349,NA,NA,1990
5143352,NA,NA,1990
5143362,NA,NA,1990
5143366,NA,NA,1990
5143367,NA,NA,1990
5143371,NA,NA,1990
5143382,NA,NA,1990
5143383,NA,NA,1990
5143398,NA,NA,1990
5143402,NA,NA,1990
5143407,NA,NA,1990
5143409,NA,NA,1990
5143412,NA,NA,1990
5143417,NA,NA,1990
5143420,NA,NA,1990
5143437,NA,NA,1990
5143440,NA,NA,1990
5143446,NA,NA,1990
5143449,NA,NA,1990
5143450,NA,NA,1990
5143453,NA,NA,1990
5143454,NA,NA,1990
5143457,NA,NA,1991
5143471,NA,NA,1990
5143475,NA,NA,1990
5143481,NA,NA,1990
5143484,NA,NA,1990
5143490,NA,NA,1990
5143502,NA,NA,1990
5143505,NA,NA,1988
5143507,NA,NA,1988
5143509,NA,NA,1988
5143510,NA,NA,1988
5143525,NA,NA,1989
5143529,NA,NA,1988
5143532,NA,NA,1988
5143540,NA,NA,1988
5143542,NA,NA,1988
5143543,NA,NA,1990
5143544,NA,NA,1988
5143548,NA,NA,1988
5143549,NA,NA,1988
5143550,NA,NA,1988
5143552,NA,NA,1988
5143554,NA,NA,1988
5143557,NA,NA,1988
5143560,NA,NA,1988
5143561,NA,NA,1988
5143567,NA,NA,1988
5143569,NA,NA,1988
5143575,NA,NA,1988
5143581,NA,NA,1988
5143584,NA,NA,1988
5143586,NA,NA,1988
5143587,NA,NA,1988
5143597,NA,NA,1988
5143601,NA,NA,1988
5143602,NA,NA,1988
5143605,NA,NA,1988
5143606,NA,NA,1988
5143607,NA,NA,1988
5143608,NA,NA,1988
5143612,NA,NA,1988
5143617,NA,NA,1988
5143618,NA,NA,1988
5143623,NA,NA,1988
5143627,NA,NA,1988
5143630,NA,NA,1988
5143635,NA,NA,1988
5143636,NA,NA,1988
5143638,NA,NA,1988
5143643,NA,NA,1988
5143645,NA,NA,1988
5143646,NA,NA,1988
5143651,NA,NA,1988
5143664,NA,NA,1988
5143672,NA,NA,1988
5143673,NA,NA,1988
5143674,NA,NA,1989
5143676,NA,NA,1988
5143681,NA,NA,1988
5143682,NA,NA,1988
5143690,NA,NA,1988
5143698,NA,NA,1988
5143699,NA,NA,1988
5143702,NA,NA,1988
5143703,NA,NA,1988
5143707,NA,NA,1988
5143709,NA,NA,1988
5143710,NA,NA,1988
5143712,NA,NA,1988
5143714,NA,NA,1988
5143720,NA,NA,1988
5143722,NA,NA,1988
5143725,NA,NA,1988
5143729,NA,NA,1988
5143730,NA,NA,1988
5143742,NA,NA,1988
5143745,NA,NA,1988
5143747,NA,NA,1988
5143748,NA,NA,1988
5143751,NA,NA,1988
5143752,NA,NA,1988
5143753,NA,NA,1988
5143754,NA,NA,1988
5143764,NA,NA,1988
5143774,NA,NA,1988
5143778,NA,NA,1988
5143782,NA,NA,1988
5143787,NA,NA,1988
5143792,NA,NA,1988
5143797,NA,NA,1988
5143812,NA,NA,1988
5143816,NA,NA,1988
5143819,NA,NA,1988
5143821,NA,NA,1988
5143822,NA,NA,1988
5143835,NA,NA,1988
5143856,NA,NA,1988
5143858,NA,NA,1988
5143860,NA,NA,1988
5143861,NA,NA,1988
5143866,NA,NA,1988
5143873,NA,NA,1988
5143877,NA,NA,1988
5143879,NA,NA,1988
5143880,NA,NA,1988
5143881,NA,NA,1988
5143883,NA,NA,1988
5143888,NA,NA,1988
5143890,NA,NA,1988
5143892,NA,NA,1988
5143894,NA,NA,1988
5143897,NA,NA,1988
5143899,NA,NA,1988
5143900,NA,NA,1988
5143909,NA,NA,1988
5143912,NA,NA,1988
5143929,NA,NA,1988
5143932,NA,NA,1988
5143943,NA,NA,1988
5143945,NA,NA,1988
5143948,NA,NA,1988
5143951,NA,NA,1988
5143955,NA,NA,1988
5143956,NA,NA,1988
5143959,NA,NA,1988
5143967,NA,NA,1988
5143970,NA,NA,1988
5143977,NA,NA,1988
5143978,NA,NA,1988
5143991,NA,NA,1988
5143993,NA,NA,1988
5143997,NA,NA,1988
5144006,NA,NA,1988
5144008,NA,NA,1988
5144013,NA,NA,1988
5144014,NA,NA,1988
5144015,NA,NA,1988
5144025,NA,NA,1988
5144041,NA,NA,1988
5144043,NA,NA,1988
5144044,NA,NA,1988
5144046,NA,NA,1988
5144047,NA,NA,1988
5144049,NA,NA,1988
5144053,NA,NA,1988
5144063,NA,NA,1988
5144064,NA,NA,1988
5144065,NA,NA,1988
5144074,NA,NA,1988
5144081,NA,NA,1988
5144084,NA,NA,1988
5144091,NA,NA,1988
5144092,NA,NA,1988
5144095,NA,NA,1988
5144096,NA,NA,1988
5144098,NA,NA,1988
5144099,NA,NA,1988
5144105,NA,NA,1988
5144109,NA,NA,1988
5144117,NA,NA,1988
5144123,NA,NA,1988
5144131,NA,NA,1988
5144133,NA,NA,1988
5144139,NA,NA,1988
5144143,NA,NA,1988
5144144,NA,NA,1988
5144147,NA,NA,1988
5144151,NA,NA,1988
5144152,NA,NA,1988
5144153,NA,NA,1988
5144159,NA,NA,1988
5144168,NA,NA,1988
5144169,NA,NA,1988
5144172,NA,NA,1988
5144174,NA,NA,1988
5144181,NA,NA,1988
5144182,NA,NA,1988
5144184,NA,NA,1988
5144185,NA,NA,1988
5144213,NA,NA,1988
5144216,NA,NA,1988
5144218,NA,NA,1988
5144219,NA,NA,1988
5144220,NA,NA,1988
5144221,NA,NA,1988
5144224,NA,NA,1988
5144233,NA,NA,1988
5144237,NA,NA,1988
5144240,NA,NA,1988
5144242,NA,NA,1988
5144244,NA,NA,1988
5144245,NA,NA,1988
5144247,NA,NA,1988
5144251,NA,NA,1988
5144255,NA,NA,1988
5144257,NA,NA,1988
5144260,NA,NA,1988
5144261,NA,NA,1988
5144263,NA,NA,1988
5144272,NA,NA,1988
5144274,NA,NA,1988
5144275,NA,NA,1988
5144284,NA,NA,1988
5144285,NA,NA,1988
5144290,NA,NA,1988
5144294,NA,NA,1988
5144296,NA,NA,1988
5144300,NA,NA,1988
5144378,NA,NA,1988
5144380,NA,NA,1988
5144381,NA,NA,1988
5144387,NA,NA,1988
5144389,NA,NA,1988
5144393,NA,NA,1988
5144395,NA,NA,1988
5144397,NA,NA,1988
5144398,NA,NA,1988
5144399,NA,NA,1988
5144401,NA,NA,1988
5144404,NA,NA,1988
5144405,NA,NA,1988
5144408,NA,NA,1988
5144417,NA,NA,1988
5144430,NA,NA,1988
5144431,NA,NA,1988
5144434,NA,NA,1988
5144435,NA,NA,1988
5144438,NA,NA,1988
5144440,NA,NA,1988
5144441,NA,NA,1988
5144444,NA,NA,1988
5144446,NA,NA,1988
5144450,NA,NA,1988
5144454,NA,NA,1988
5144455,NA,NA,1988
5144457,NA,NA,1988
5144463,NA,NA,1988
5144493,NA,NA,1975
5144496,NA,NA,1963
5144497,NA,NA,1975
5144506,NA,NA,1990
5144508,NA,NA,1990
5144517,NA,NA,1990
5144525,NA,NA,1990
5144531,NA,NA,1990
5144534,NA,NA,1990
5144547,NA,NA,1990
5144564,NA,NA,1990
5144568,NA,NA,1990
5144571,NA,NA,1990
5144574,NA,NA,1990
5144580,NA,NA,1990
5144587,NA,NA,1990
5144590,NA,NA,1990
5144595,NA,NA,1990
5144598,NA,NA,1990
5144604,NA,NA,1990
5144637,NA,NA,1990
5144696,NA,NA,1990
5144697,NA,NA,1990
5144700,NA,NA,1990
5144710,NA,NA,1990
5144714,NA,NA,1990
5144719,NA,NA,1990
5144721,NA,NA,1990
5144723,NA,NA,1990
5144724,NA,NA,1990
5144727,NA,NA,1990
5144729,NA,NA,1990
5144731,NA,NA,1990
5144734,NA,NA,1990
5144740,NA,NA,1990
5144757,NA,NA,1990
5144761,NA,NA,1990
5144769,NA,NA,1990
5144771,NA,NA,1990
5144788,NA,NA,1990
5144792,NA,NA,1990
5144798,NA,NA,1990
5144799,NA,NA,1990
5144810,NA,NA,1990
5144817,NA,NA,1990
5144818,NA,NA,1990
5144823,NA,NA,1990
5144836,NA,NA,1990
5144842,NA,NA,1990
5144850,NA,NA,1990
5144851,NA,NA,1990
5144859,NA,NA,1990
5144894,NA,NA,1990
5144904,NA,NA,1990
5144907,NA,NA,1990
5144916,NA,NA,1990
5144921,NA,NA,1990
5144926,NA,NA,1990
5144939,NA,NA,1990
5144946,NA,NA,1990
5144947,NA,NA,1990
5144950,NA,NA,1990
5144958,NA,NA,1990
5144965,NA,NA,1990
5144973,NA,NA,1990
5144974,NA,NA,1990
5144979,NA,NA,1990
5144989,NA,NA,1990
5144993,NA,NA,1990
5144994,NA,NA,1990
5144998,NA,NA,1990
5145000,NA,NA,1990
5145001,NA,NA,1990
5145003,NA,NA,1990
5145007,NA,NA,1990
5145019,NA,NA,1990
5145021,NA,NA,1990
5145037,NA,NA,1990
5145042,NA,NA,1990
5145050,NA,NA,1990
5145060,NA,NA,1990
5145061,NA,NA,1990
5145064,NA,NA,1990
5145065,NA,NA,1990
5145067,NA,NA,1979
5145070,NA,NA,1979
5145109,NA,NA,1991
5145110,NA,NA,1991
5145115,NA,NA,1991
5145116,NA,NA,1991
5145118,NA,NA,1991
5145121,NA,NA,1991
5145137,NA,NA,1991
5145138,NA,NA,1991
5145142,NA,NA,1991
5145143,NA,NA,1991
5145145,NA,NA,1991
5145151,NA,NA,1991
5145161,NA,NA,1991
5145162,NA,NA,1991
5145171,NA,NA,1991
5145182,NA,NA,1991
5145192,NA,NA,1991
5145195,NA,NA,1991
5145203,NA,NA,1991
5145205,NA,NA,1991
5145224,NA,NA,1991
5145233,NA,NA,1991
5145234,NA,NA,1991
5145267,NA,NA,1991
5145268,NA,NA,1991
5145283,NA,NA,1991
5145292,NA,NA,1991
5145312,NA,NA,1991
5145314,NA,NA,1991
5145321,NA,NA,1991
5145333,NA,NA,1991
5145337,NA,NA,1991
5145343,NA,NA,1991
5145352,NA,NA,1991
5145374,NA,NA,1991
5145381,NA,NA,1991
5145386,NA,NA,1991
5145390,NA,NA,1991
5145395,NA,NA,1991
5145399,NA,NA,1991
5145404,NA,NA,1991
5145417,NA,NA,1991
5145425,NA,NA,1991
5145431,NA,NA,1991
5145455,NA,NA,1991
5145456,NA,NA,1991
5145464,NA,NA,1991
5145497,NA,NA,1991
5145500,NA,NA,1991
5145513,NA,NA,1991
5145520,NA,NA,1991
5145521,NA,NA,1991
5145525,NA,NA,1991
5145527,NA,NA,1991
5145528,NA,NA,1991
5145529,NA,NA,1991
5145532,NA,NA,1991
5145535,NA,NA,1991
5145554,NA,NA,1991
5145558,NA,NA,1990
5145561,NA,NA,1991
5145565,NA,NA,1991
5145567,NA,NA,1991
5145579,NA,NA,1991
5145584,NA,NA,1991
5145588,NA,NA,1991
5145590,NA,NA,1991
5145593,NA,NA,1991
5145597,NA,NA,1991
5145605,NA,NA,1991
5145610,NA,NA,1991
5145616,NA,NA,1991
5145622,NA,NA,1991
5145636,NA,NA,1991
5145638,NA,NA,1991
5145649,NA,NA,1991
5145653,NA,NA,1991
5145659,NA,NA,1991
5145665,NA,NA,1991
5145673,NA,NA,1991
5145677,NA,NA,1991
5145687,NA,NA,1991
5145689,NA,NA,1991
5145694,NA,NA,1991
5145752,NA,NA,1991
5145759,NA,NA,1991
5145765,NA,NA,1991
5145789,NA,NA,1991
5145796,NA,NA,1991
5145801,NA,NA,1991
5145812,NA,NA,1991
5145834,NA,NA,1991
5145839,NA,NA,1991
5145841,NA,NA,1991
5145848,NA,NA,1991
5145853,NA,NA,1991
5145856,NA,NA,1991
5145860,NA,NA,1991
5145870,NA,NA,1991
5145878,NA,NA,1991
5145880,NA,NA,1991
5145885,NA,NA,1991
5145886,NA,NA,1991
5145903,NA,NA,1991
5145907,NA,NA,1991
5145909,NA,NA,1991
5145910,NA,NA,1991
5145916,NA,NA,1991
5145928,NA,NA,1991
5145929,NA,NA,1991
5145930,NA,NA,1991
5145932,NA,NA,1991
5145938,NA,NA,1991
5145946,NA,NA,1991
5145955,NA,NA,1991
5145956,NA,NA,1991
5145958,NA,NA,1991
5145967,NA,NA,1991
5145987,NA,NA,1991
5146008,NA,NA,1991
5146012,NA,NA,1991
5146013,NA,NA,1991
5146023,NA,NA,1991
5146028,NA,NA,1991
5146031,NA,NA,1991
5146047,NA,NA,1991
5146048,NA,NA,1991
5146054,NA,NA,1979
5146057,NA,NA,1980
5146064,NA,NA,1975
5146083,NA,NA,1976
5146127,NA,NA,1979
5146142,NA,NA,1978
5146161,NA,NA,1987
5146177,NA,NA,1992
5146191,NA,NA,1992
5146203,NA,NA,1992
5146213,NA,NA,1992
5146216,NA,NA,1992
5146231,NA,NA,1992
5146237,NA,NA,1992
5146251,NA,NA,1992
5146262,NA,NA,1992
5146273,NA,NA,1992
5146274,NA,NA,1992
5146278,NA,NA,1992
5146279,NA,NA,1992
5146283,NA,NA,1992
5146318,NA,NA,1992
5146325,NA,NA,1992
5146326,NA,NA,1992
5146329,NA,NA,1992
5146331,NA,NA,1992
5146334,NA,NA,1992
5146340,NA,NA,1992
5146346,NA,NA,1992
5146381,NA,NA,1992
5146421,NA,NA,1992
5146456,NA,NA,1992
5146475,NA,NA,1992
5146479,NA,NA,1992
5146481,NA,NA,1992
5146491,NA,NA,1992
5146505,NA,NA,1992
5146509,NA,NA,1992
5146517,NA,NA,1992
5146519,NA,NA,1992
5146554,NA,NA,1992
5146557,NA,NA,1992
5146558,NA,NA,1992
5146559,NA,NA,1992
5146578,NA,NA,1992
5146581,NA,NA,1992
5146584,NA,NA,1992
5146592,NA,NA,1992
5146593,NA,NA,1992
5146618,NA,NA,1992
5146654,NA,NA,1992
5146656,NA,NA,1992
5146658,NA,NA,1992
5146670,NA,NA,1992
5146672,NA,NA,1992
5146673,NA,NA,1992
5146677,NA,NA,1992
5146678,NA,NA,1992
5146687,NA,NA,1992
5146697,NA,NA,1992
5146699,NA,NA,1992
5146702,NA,NA,1992
5146721,NA,NA,1992
5146729,NA,NA,1992
5146739,NA,NA,1992
5146833,NA,NA,1992
5146841,NA,NA,1992
5146843,NA,NA,1992
5146879,NA,NA,1992
5146887,NA,NA,1992
5146895,NA,NA,1992
5146906,NA,NA,1992
5146922,NA,NA,1992
5146943,NA,NA,1992
5146947,NA,NA,1992
5146955,NA,NA,1992
5146969,NA,NA,1992
5146977,NA,NA,1992
5146987,NA,NA,1992
5146993,NA,NA,1979
5147029,NA,NA,1977
5147090,NA,NA,1993
5147106,NA,NA,1993
5147113,NA,NA,1993
5147117,NA,NA,1993
5147125,NA,NA,1993
5147144,NA,NA,1993
5147151,NA,NA,1993
5147158,NA,NA,1993
5147164,NA,NA,1993
5147169,NA,NA,1993
5147180,NA,NA,1993
5147185,NA,NA,1993
5147189,NA,NA,1993
5147200,NA,NA,1993
5147202,NA,NA,1993
5147218,NA,NA,1993
5147222,NA,NA,1993
5147233,NA,NA,1993
5147245,NA,NA,1993
5147247,NA,NA,1993
5147257,NA,NA,1993
5147261,NA,NA,1993
5147281,NA,NA,1993
5147286,NA,NA,1993
5147289,NA,NA,1993
5147291,NA,NA,1993
5147293,NA,NA,1993
5147314,NA,NA,1993
5147316,NA,NA,1993
5147326,NA,NA,1993
5147346,NA,NA,1993
5147348,NA,NA,1993
5147358,NA,NA,1993
5147362,NA,NA,1993
5147370,NA,NA,1993
5147414,NA,NA,1993
5147430,NA,NA,1993
5147460,NA,NA,1993
5147469,NA,NA,1993
5147473,NA,NA,1993
5147489,NA,NA,1993
5147507,NA,NA,1993
5147519,NA,NA,1993
5147522,NA,NA,1993
5147525,NA,NA,1993
5147545,NA,NA,1993
5147546,NA,NA,1993
5147559,NA,NA,1993
5147573,NA,NA,1993
5147585,NA,NA,1993
5147587,NA,NA,1993
5147589,NA,NA,1993
5147630,NA,NA,1993
5147636,NA,NA,1993
5147641,NA,NA,1993
5147655,NA,NA,1993
5147669,NA,NA,1993
5147679,NA,NA,1993
5147690,NA,NA,1993
5147706,NA,NA,1993
5147731,NA,NA,1993
5147746,NA,NA,1993
5147769,NA,NA,1993
5147771,NA,NA,1993
5147781,NA,NA,1993
5147782,NA,NA,1993
5147784,NA,NA,1993
5147785,NA,NA,1993
5147802,NA,NA,1993
5147812,NA,NA,1993
5147813,NA,NA,1993
5147816,NA,NA,1993
5147830,NA,NA,1993
5147844,NA,NA,1993
5147865,NA,NA,1993
5147909,NA,NA,1993
5147925,NA,NA,1993
5147926,NA,NA,1993
5147929,NA,NA,1993
5148001,NA,NA,1982
5148007,NA,NA,1963
5148011,NA,NA,1980
5148033,NA,NA,1980
5148062,NA,NA,1978
5148085,NA,NA,1985
5148111,NA,NA,1994
5148132,NA,NA,1994
5148134,NA,NA,1994
5148162,NA,NA,1994
5148164,NA,NA,1994
5148166,NA,NA,1994
5148178,NA,NA,1994
5148192,NA,NA,1994
5148196,NA,NA,1994
5148202,NA,NA,1994
5148208,NA,NA,1994
5148220,NA,NA,1994
5148223,NA,NA,1994
5148225,NA,NA,1994
5148226,NA,NA,1994
5148232,NA,NA,1994
5148234,NA,NA,1994
5148241,NA,NA,1994
5148243,NA,NA,1994
5148250,NA,NA,1994
5148280,NA,NA,1994
5148293,NA,NA,1994
5148305,NA,NA,1994
5148306,NA,NA,1994
5148309,NA,NA,1994
5148334,NA,NA,1994
5148335,NA,NA,1994
5148340,NA,NA,1994
5148344,NA,NA,1994
5148351,NA,NA,1994
5148354,NA,NA,1994
5148358,NA,NA,1994
5148359,NA,NA,1994
5148363,NA,NA,1994
5148366,NA,NA,1994
5148367,NA,NA,1994
5148379,NA,NA,1994
5148387,NA,NA,1994
5148388,NA,NA,1994
5148403,NA,NA,1994
5148422,NA,NA,1994
5148454,NA,NA,1994
5148479,NA,NA,1994
5148480,NA,NA,1994
5148490,NA,NA,1994
5155507,NA,NA,1994
5155513,NA,NA,1994
5155530,NA,NA,1994
5155534,NA,NA,1994
5155551,NA,NA,1994
5155560,NA,NA,1994
5155574,NA,NA,1994
5155575,NA,NA,1994
5155588,NA,NA,1994
5155594,NA,NA,1994
5155600,NA,NA,1994
5155607,NA,NA,1994
5155608,NA,NA,1994
5155617,NA,NA,1994
5155622,NA,NA,1994
5155644,NA,NA,1994
5155646,NA,NA,1994
5155657,NA,NA,1994
5155672,NA,NA,1994
5155673,NA,NA,1994
5155674,NA,NA,1994
5155690,NA,NA,1994
5155714,NA,NA,1994
5155718,NA,NA,1994
5155726,NA,NA,1994
5155736,NA,NA,1994
5155744,NA,NA,1994
5155754,NA,NA,1994
5155760,NA,NA,1994
5155761,NA,NA,1994
5155765,NA,NA,1994
5155772,NA,NA,1994
5155775,NA,NA,1994
5155776,NA,NA,1994
5155786,NA,NA,1994
5155793,NA,NA,1994
5155795,NA,NA,1995
5155800,NA,NA,1994
5155802,NA,NA,1994
5155876,NA,NA,1994
5155882,NA,NA,1994
5155885,NA,NA,1994
5155891,NA,NA,1994
5155932,NA,NA,1994
5155938,NA,NA,1994
5155945,NA,NA,1994
5155954,NA,NA,1994
5155969,NA,NA,1994
5155970,NA,NA,1994
5155972,NA,NA,1994
5155974,NA,NA,1994
5155977,NA,NA,1994
5155980,NA,NA,1994
5155988,NA,NA,1976
5155995,NA,NA,1972
5155998,NA,NA,1976
5156008,NA,NA,1995
5156038,NA,NA,1995
5156066,NA,NA,1995
5156091,NA,NA,1995
5156100,NA,NA,1995
5156105,NA,NA,1995
5156109,NA,NA,1995
5156110,NA,NA,1995
5156120,NA,NA,1995
5156126,NA,NA,1995
5156148,NA,NA,1995
5156180,NA,NA,1995
5156222,NA,NA,1995
5156241,NA,NA,1995
5156250,NA,NA,1995
5156271,NA,NA,1963
5156311,NA,NA,1995
5156321,NA,NA,1995
5156323,NA,NA,1995
5156331,NA,NA,1995
5156332,NA,NA,1995
5156344,NA,NA,1995
5156348,NA,NA,1995
5156363,NA,NA,1995
5156369,NA,NA,1995
5156370,NA,NA,1995
5156377,NA,NA,1995
5156433,NA,NA,1995
5156460,NA,NA,1995
5156468,NA,NA,1995
5156498,NA,NA,1995
5164007,NA,NA,1995
5164017,NA,NA,1995
5164043,NA,NA,1995
5164046,NA,NA,1995
5164080,NA,NA,1995
5164081,NA,NA,1995
5164117,NA,NA,1995
5164121,NA,NA,1995
5164125,NA,NA,1995
5164153,NA,NA,1995
5164177,NA,NA,1995
5164194,NA,NA,1995
5164229,NA,NA,1995
5164237,NA,NA,1995
5164245,NA,NA,1995
5164273,NA,NA,1995
5164312,NA,NA,1995
5164325,NA,NA,1995
5164326,NA,NA,1995
5164344,NA,NA,1995
5164364,NA,NA,1995
5164366,NA,NA,1995
5164395,NA,NA,1995
5164402,NA,NA,1996
5164404,NA,NA,1995
5164431,NA,NA,1995
5164434,NA,NA,1995
5164468,NA,NA,1995
5164469,NA,NA,1995
5164470,NA,NA,1995
5177797,NA,NA,1998
5183044,NA,NA,1995
5183045,NA,NA,1995
5183075,NA,NA,1976
5183124,NA,NA,1980
5183127,NA,NA,1980
5183153,NA,NA,1996
5183154,NA,NA,1996
5183158,NA,NA,1996
5183174,NA,NA,1996
5183176,NA,NA,1996
5183179,NA,NA,1996
5183187,NA,NA,1996
5183189,NA,NA,1996
5183199,NA,NA,1996
5183221,NA,NA,1996
5183231,NA,NA,1996
5183241,NA,NA,1996
5183247,NA,NA,1996
5183264,NA,NA,1996
5183315,NA,NA,1996
5183319,NA,NA,1996
5183321,NA,NA,1996
5183322,NA,NA,1996
5183325,NA,NA,1996
5183327,NA,NA,1996
5183341,NA,NA,1996
5183362,NA,NA,1996
5183364,NA,NA,1996
5183372,NA,NA,1996
5183399,NA,NA,1996
5183402,NA,NA,1996
5183404,NA,NA,1996
5183411,NA,NA,1996
5183412,NA,NA,1996
5183430,NA,NA,1996
5183439,NA,NA,1996
5183454,NA,NA,1996
5183464,NA,NA,1996
5183469,NA,NA,1996
5183474,NA,NA,1996
5183515,NA,NA,1996
5183526,NA,NA,1996
5183536,NA,NA,1996
5183569,NA,NA,1996
5183573,NA,NA,1996
5183628,NA,NA,1996
5183629,NA,NA,1996
5183653,NA,NA,1996
5183656,NA,NA,1996
5183669,NA,NA,1996
5183685,NA,NA,1996
5183687,NA,NA,1996
5183701,NA,NA,1996
5183736,NA,NA,1996
5183776,NA,NA,1996
5183828,NA,NA,1996
5183854,NA,NA,1996
5183862,NA,NA,1996
5183871,NA,NA,1996
5183953,NA,NA,1996
5183996,NA,NA,1996
5184113,NA,NA,1997
5184134,NA,NA,1997
5184135,NA,NA,1997
5184157,NA,NA,1997
5184174,NA,NA,1997
5184189,NA,NA,1997
5184213,NA,NA,1997
5184230,NA,NA,1997
5184246,NA,NA,1997
5184251,NA,NA,1997
5184287,NA,NA,1997
5184319,NA,NA,1997
5184328,NA,NA,1997
5184426,NA,NA,1997
5184465,NA,NA,1997
5184466,NA,NA,1997
5184475,NA,NA,1997
5184482,NA,NA,1997
5184514,NA,NA,1997
5184527,NA,NA,1997
5184555,NA,NA,1997
5184573,NA,NA,1997
5184582,NA,NA,1997
5184593,NA,NA,1997
5184599,NA,NA,1998
5184610,NA,NA,1997
5184617,NA,NA,1997
5184629,NA,NA,1997
5184631,NA,NA,1997
5184640,NA,NA,1997
5184656,NA,NA,1997
5184663,NA,NA,1997
5184667,NA,NA,1997
5184679,NA,NA,1997
5184712,NA,NA,1997
5184761,NA,NA,1997
5184776,NA,NA,1997
5184790,NA,NA,1997
5184798,NA,NA,1997
5184890,NA,NA,1997
5184901,NA,NA,1978
5184907,NA,NA,1980
5184910,NA,NA,1975
5184912,NA,NA,1976
5184940,NA,NA,1998
5184941,NA,NA,1976
5184945,NA,NA,1979
5184947,NA,NA,1987
5184953,NA,NA,1997
5184961,NA,NA,1997
5184986,NA,NA,1978
5184989,NA,NA,1987
5184990,NA,NA,1963
5184993,NA,NA,1975
5185434,NA,NA,1998
5187009,NA,NA,1998
5187037,NA,NA,1998
5187089,NA,NA,1998
5187099,NA,NA,1998
5187122,NA,NA,1998
5187127,NA,NA,1998
5187157,NA,NA,1998
5187165,NA,NA,1998
5187169,NA,NA,1998
5187226,NA,NA,1998
5187229,NA,NA,1998
5187293,NA,NA,1998
5187308,NA,NA,1996
5187315,NA,NA,1998
5187327,NA,NA,1998
5187329,NA,NA,1998
5187332,NA,NA,1998
5187337,NA,NA,1998
5187352,NA,NA,1998
5187357,NA,NA,1998
5187381,NA,NA,1998
5187418,NA,NA,1998
5187420,NA,NA,1998
5187435,NA,NA,1998
5187462,NA,NA,1998
5187508,NA,NA,1998
5187523,NA,NA,1998
5187528,NA,NA,1998
5187542,NA,NA,1998
5187547,NA,NA,1998
5187560,NA,NA,1998
5187572,NA,NA,1998
5187602,NA,NA,1998
5187610,NA,NA,1998
5187614,NA,NA,1998
5187630,NA,NA,1998
5187638,NA,NA,1998
5187642,NA,NA,1998
5187652,NA,NA,1998
5187665,NA,NA,1998
5187694,NA,NA,1998
5187704,NA,NA,1998
5187745,NA,NA,1998
5187751,NA,NA,1998
5187752,NA,NA,1999
5187764,NA,NA,1998
5187770,NA,NA,1998
5187788,NA,NA,1998
5187796,NA,NA,1998
5187797,NA,NA,1997
5187812,NA,NA,1998
5187915,NA,NA,1998
5187917,NA,NA,1978
5187929,NA,NA,1976
5187978,NA,NA,1984
5187979,NA,NA,1976
5202086,NA,NA,1999
5202119,NA,NA,1999
5202132,NA,NA,1999
5202178,NA,NA,1999
5202240,NA,NA,1999
5202258,NA,NA,1999
5202259,NA,NA,1999
5202269,NA,NA,1999
5202282,NA,NA,1999
5202310,NA,NA,1999
5202314,NA,NA,1999
5202322,NA,NA,1999
5202381,NA,NA,1999
5202418,NA,NA,1999
5202426,NA,NA,1999
5202429,NA,NA,1999
5202434,NA,NA,1999
5202456,NA,NA,1999
5202497,NA,NA,1999
5202523,NA,NA,1999
5202529,NA,NA,1999
5202547,NA,NA,1999
5202590,NA,NA,1999
5202591,NA,NA,1999
5202642,NA,NA,1999
5202650,NA,NA,1999
5202656,NA,NA,1999
5202676,NA,NA,1999
5202688,NA,NA,1999
5202692,NA,NA,1999
5202720,NA,NA,1999
5202743,NA,NA,1999
5202745,NA,NA,1999
5202755,NA,NA,1999
5202770,NA,NA,1999
5202780,NA,NA,1999
5202785,NA,NA,1999
5202837,NA,NA,1999
5202858,NA,NA,1999
5202880,NA,NA,1999
5202902,NA,NA,1999
5202907,NA,NA,1977
5202927,NA,NA,1983
5202933,NA,NA,1980
5202945,NA,NA,1962
5202951,NA,NA,1972
5202954,NA,NA,1975
5202958,NA,NA,1978
5202970,NA,NA,1991
5202971,NA,NA,1975
5202973,NA,NA,1993
5202974,NA,NA,1980
5202980,NA,NA,1981
5216003,NA,NA,2000
5216017,NA,NA,2000
5216018,NA,NA,2000
5216046,NA,NA,2000
5216215,NA,NA,2000
5216269,NA,NA,2000
5216278,NA,NA,2000
5216285,NA,NA,2000
5216318,NA,NA,2000
5216345,NA,NA,2000
5216363,NA,NA,2000
5216376,NA,NA,2000
5216405,NA,NA,2000
5216456,NA,NA,2000
5216485,NA,NA,2000
5216487,NA,NA,2000
5216546,NA,NA,2000
5216593,NA,NA,2000
5216612,NA,NA,2000
5216629,NA,NA,2000
5216654,NA,NA,2000
5216663,NA,NA,2000
5216670,NA,NA,2000
5216686,NA,NA,2000
5216698,NA,NA,2000
5216706,NA,NA,2000
5216730,NA,NA,2000
5216744,NA,NA,2000
5216752,NA,NA,2000
5216805,NA,NA,2000
5216834,NA,NA,2000
5216843,NA,NA,2000
5216853,NA,NA,2000
5216899,NA,NA,1978
5216901,NA,NA,1987
5216902,NA,NA,1993
5216906,NA,NA,1975
5216908,NA,NA,1991
5216909,NA,NA,1983
5216910,NA,NA,1980
5216911,NA,NA,1975
5216912,NA,NA,1988
5216914,NA,NA,1962
5216917,NA,NA,1987
5216918,NA,NA,1991
5216919,NA,NA,1985
5216920,NA,NA,1979
5216921,NA,NA,1980
5216927,NA,NA,1989
5216929,NA,NA,1981
5216930,NA,NA,1990
5216933,NA,NA,1992
5216935,NA,NA,1980
5216936,NA,NA,1984
5216940,NA,NA,1976
5216941,NA,NA,1983
5216957,NA,NA,1978
5216958,NA,NA,1976
5216961,NA,NA,1986
5216975,NA,NA,1987
5216978,NA,NA,1988
5216990,NA,NA,1982
5216994,NA,NA,1978
5217015,NA,NA,2001
5217036,NA,NA,2001
5217109,NA,NA,2001
5217137,NA,NA,2001
5217194,NA,NA,2001
5217223,NA,NA,2001
5217255,NA,NA,2001
5217260,NA,NA,2001
5217293,NA,NA,2001
5217308,NA,NA,2001
5217335,NA,NA,2001
5217368,NA,NA,2001
5217398,NA,NA,2001
5217425,NA,NA,2001
5217472,NA,NA,2001
5217473,NA,NA,2001
5217481,NA,NA,2001
5217493,NA,NA,2003
5217518,NA,NA,2001
5217519,NA,NA,2001
5217561,NA,NA,2001
5217574,NA,NA,2001
5217722,NA,NA,1977
5217754,NA,NA,1985
5217755,NA,NA,1972
5217759,NA,NA,1976
5217763,NA,NA,1982
5217769,NA,NA,1998
5217773,NA,NA,1993
5217775,NA,NA,1989
5217834,NA,NA,2002
5217882,NA,NA,2002
5217899,NA,NA,2002
5217973,NA,NA,2002
5222007,NA,NA,2002
5222068,NA,NA,2002
5222293,NA,NA,2002
5222308,NA,NA,2002
5222380,NA,NA,2002
5222381,NA,NA,2002
5222382,NA,NA,2002
5222422,NA,NA,2002
5222475,NA,NA,2002
5222518,NA,NA,2002
5222542,NA,NA,1979
5222589,NA,NA,1993
5222648,NA,NA,1985
5222692,NA,NA,1982
5222708,NA,NA,1977
5222763,NA,NA,1990
5223100,NA,NA,1988
6825012,NA,NA,1962
6825017,NA,NA,1962
6825194,NA,NA,1962
6825203,NA,NA,1962
6825238,NA,NA,1962
6825260,NA,NA,1962
6825279,NA,NA,1962
6825330,NA,NA,1962
6825334,NA,NA,1962
6825372,NA,NA,1962
6825637,NA,NA,1958
6825645,NA,NA,1958
6834810,NA,NA,1972
6834962,NA,NA,1972
6834982,NA,NA,1972
6840182,NA,NA,1958
6840186,NA,NA,1962
6840355,NA,NA,1962
6840369,NA,NA,1963
6840374,NA,NA,1962
6840435,NA,NA,1972
6840520,NA,NA,1963
6840522,NA,NA,1962
6840527,NA,NA,1962
6840533,NA,NA,1963
6840544,NA,NA,1963
6840546,NA,NA,1958
6840557,NA,NA,1962
6840561,NA,NA,1963
6840565,NA,NA,1963
6840566,NA,NA,1963
6840569,NA,NA,1962
6840575,NA,NA,1962
6840576,NA,NA,1963
6840579,NA,NA,1963
6840586,NA,NA,1963
6840588,NA,NA,1963
6840594,NA,NA,1963
6840595,NA,NA,1958
6840598,NA,NA,1963
6840600,NA,NA,1963
6840904,NA,NA,1958
6840929,NA,NA,1963
6840945,NA,NA,1963
6841206,NA,NA,1958
6841211,NA,NA,1963
6841219,NA,NA,1963
6841220,NA,NA,1963
6841222,NA,NA,1963
6841225,NA,NA,1963
6841227,NA,NA,1963
6841228,NA,NA,1963
6841236,NA,NA,1963
6841249,NA,NA,1963
6841257,NA,NA,1963
6841290,NA,NA,1963
6841294,NA,NA,1963
6841295,NA,NA,1958
6841297,NA,NA,1962
6843786,NA,NA,1963
6845208,NA,NA,1973
6845284,NA,NA,1963
6845286,NA,NA,1963
6845289,NA,NA,1963
6845321,NA,NA,1962
6845674,NA,NA,1958
6845741,NA,NA,1963
9999901,NA,NA,1973
9999903,NA,NA,1976
9999914,NA,NA,1982
9999921,NA,NA,1989
9999924,NA,NA,1987
9999925,NA,NA,1977
9999927,NA,NA,1975
